DATE,T10Y2Y,HY_Spread,BBB_Spread,Financial_Condition,UNRATE,INDPRO,RSAFS,STLFSI,M2,WALCL,Real_Rate,Dollar_Idx
2000-01-01,,,,,4.0,91.538,261545.0,,4667.6,,,
2000-01-03,0.2,,,,4.0,91.538,261545.0,,4667.6,,,
2000-01-04,0.19,,,,4.0,91.538,261545.0,,4667.6,,,
2000-01-05,0.24,,,,4.0,91.538,261545.0,,4667.6,,,
2000-01-06,0.22,,,,4.0,91.538,261545.0,,4667.6,,,
2000-01-07,0.21,,,-0.182,4.0,91.538,261545.0,-0.0087,4667.6,,,
2000-01-10,0.19,,,-0.182,4.0,91.538,261545.0,-0.0087,4667.6,,,
2000-01-11,0.22,,,-0.182,4.0,91.538,261545.0,-0.0087,4667.6,,,
2000-01-12,0.23,,,-0.182,4.0,91.538,261545.0,-0.0087,4667.6,,,
2000-01-13,0.23,,,-0.182,4.0,91.538,261545.0,-0.0087,4667.6,,,
2000-01-14,0.25,,,-0.193,4.0,91.538,261545.0,-0.0426,4667.6,,,
2000-01-17,0.25,,,-0.193,4.0,91.538,261545.0,-0.0426,4667.6,,,
2000-01-18,0.28,,,-0.193,4.0,91.538,261545.0,-0.0426,4667.6,,,
2000-01-19,0.27,,,-0.193,4.0,91.538,261545.0,-0.0426,4667.6,,,
2000-01-20,0.3,,,-0.193,4.0,91.538,261545.0,-0.0426,4667.6,,,
2000-01-21,0.31,,,-0.203,4.0,91.538,261545.0,0.0089,4667.6,,,
2000-01-24,0.26,,,-0.203,4.0,91.538,261545.0,0.0089,4667.6,,,
2000-01-25,0.26,,,-0.203,4.0,91.538,261545.0,0.0089,4667.6,,,
2000-01-26,0.24,,,-0.203,4.0,91.538,261545.0,0.0089,4667.6,,,
2000-01-27,0.17,,,-0.203,4.0,91.538,261545.0,0.0089,4667.6,,,
2000-01-28,0.08,,,-0.21,4.0,91.538,261545.0,0.0666,4667.6,,,
2000-01-31,0.07,,,-0.21,4.0,91.538,261545.0,0.0666,4667.6,,,
2000-02-01,0.02,,,-0.21,4.1,91.8239,265686.0,0.0666,4680.9,,,
2000-02-02,-0.03,,,-0.21,4.1,91.8239,265686.0,0.0666,4680.9,,,
2000-02-03,-0.07,,,-0.21,4.1,91.8239,265686.0,0.0666,4680.9,,,
2000-02-04,-0.1,,,-0.212,4.1,91.8239,265686.0,-0.0609,4680.9,,,
2000-02-07,-0.04,,,-0.212,4.1,91.8239,265686.0,-0.0609,4680.9,,,
2000-02-08,-0.1,,,-0.212,4.1,91.8239,265686.0,-0.0609,4680.9,,,
2000-02-09,-0.13,,,-0.212,4.1,91.8239,265686.0,-0.0609,4680.9,,,
2000-02-10,0.0,,,-0.212,4.1,91.8239,265686.0,-0.0609,4680.9,,,
2000-02-11,-0.02,,,-0.21,4.1,91.8239,265686.0,0.096,4680.9,,,
2000-02-14,-0.06,,,-0.21,4.1,91.8239,265686.0,0.096,4680.9,,,
2000-02-15,-0.1,,,-0.21,4.1,91.8239,265686.0,0.096,4680.9,,,
2000-02-16,-0.07,,,-0.21,4.1,91.8239,265686.0,0.096,4680.9,,,
2000-02-17,-0.11,,,-0.21,4.1,91.8239,265686.0,0.096,4680.9,,,
2000-02-18,-0.17,,,-0.202,4.1,91.8239,265686.0,0.1578,4680.9,,,
2000-02-21,-0.17,,,-0.202,4.1,91.8239,265686.0,0.1578,4680.9,,,
2000-02-22,-0.21,,,-0.202,4.1,91.8239,265686.0,0.1578,4680.9,,,
2000-02-23,-0.17,,,-0.202,4.1,91.8239,265686.0,0.1578,4680.9,,,
2000-02-24,-0.16,,,-0.202,4.1,91.8239,265686.0,0.1578,4680.9,,,
2000-02-25,-0.09,,,-0.189,4.1,91.8239,265686.0,0.2591,4680.9,,,
2000-02-28,-0.1,,,-0.189,4.1,91.8239,265686.0,0.2591,4680.9,,,
2000-02-29,-0.11,,,-0.189,4.1,91.8239,265686.0,0.2591,4680.9,,,
2000-03-01,-0.13,,,-0.189,4.0,92.1504,269019.0,0.2591,4711.7,,,
2000-03-02,-0.12,,,-0.189,4.0,92.1504,269019.0,0.2591,4711.7,,,
2000-03-03,-0.11,,,-0.173,4.0,92.1504,269019.0,-0.0127,4711.7,,,
2000-03-06,-0.13,,,-0.173,4.0,92.1504,269019.0,-0.0127,4711.7,,,
2000-03-07,-0.09,,,-0.173,4.0,92.1504,269019.0,-0.0127,4711.7,,,
2000-03-08,-0.12,,,-0.173,4.0,92.1504,269019.0,-0.0127,4711.7,,,
2000-03-09,-0.13,,,-0.173,4.0,92.1504,269019.0,-0.0127,4711.7,,,
2000-03-10,-0.16,,,-0.153,4.0,92.1504,269019.0,0.0533,4711.7,,,
2000-03-13,-0.16,,,-0.153,4.0,92.1504,269019.0,0.0533,4711.7,,,
2000-03-14,-0.17,,,-0.153,4.0,92.1504,269019.0,0.0533,4711.7,,,
2000-03-15,-0.21,,,-0.153,4.0,92.1504,269019.0,0.0533,4711.7,,,
2000-03-16,-0.24,,,-0.153,4.0,92.1504,269019.0,0.0533,4711.7,,,
2000-03-17,-0.3,,,-0.131,4.0,92.1504,269019.0,0.0055,4711.7,,,
2000-03-20,-0.34,,,-0.131,4.0,92.1504,269019.0,0.0055,4711.7,,,
2000-03-21,-0.37,,,-0.131,4.0,92.1504,269019.0,0.0055,4711.7,,,
2000-03-22,-0.37,,,-0.131,4.0,92.1504,269019.0,0.0055,4711.7,,,
2000-03-23,-0.44,,,-0.131,4.0,92.1504,269019.0,0.0055,4711.7,,,
2000-03-24,-0.44,,,-0.109,4.0,92.1504,269019.0,-0.14,4711.7,,,
2000-03-27,-0.45,,,-0.109,4.0,92.1504,269019.0,-0.14,4711.7,,,
2000-03-28,-0.43,,,-0.109,4.0,92.1504,269019.0,-0.14,4711.7,,,
2000-03-29,-0.41,,,-0.109,4.0,92.1504,269019.0,-0.14,4711.7,,,
2000-03-30,-0.46,,,-0.109,4.0,92.1504,269019.0,-0.14,4711.7,,,
2000-03-31,-0.47,,,-0.088,4.0,92.1504,269019.0,0.2241,4711.7,,,
2000-04-01,-0.47,,,-0.088,3.8,92.6989,264067.0,0.2241,4767.8,,,
2000-04-03,-0.45,,,-0.088,3.8,92.6989,264067.0,0.2241,4767.8,,,
2000-04-04,-0.45,,,-0.088,3.8,92.6989,264067.0,0.2241,4767.8,,,
2000-04-05,-0.45,,,-0.088,3.8,92.6989,264067.0,0.2241,4767.8,,,
2000-04-06,-0.45,,,-0.088,3.8,92.6989,264067.0,0.2241,4767.8,,,
2000-04-07,-0.52,,,-0.073,3.8,92.6989,264067.0,0.4438,4767.8,,,
2000-04-10,-0.51,,,-0.073,3.8,92.6989,264067.0,0.4438,4767.8,,,
2000-04-11,-0.47,,,-0.073,3.8,92.6989,264067.0,0.4438,4767.8,,,
2000-04-12,-0.43,,,-0.073,3.8,92.6989,264067.0,0.4438,4767.8,,,
2000-04-13,-0.46,,,-0.073,3.8,92.6989,264067.0,0.4438,4767.8,,,
2000-04-14,-0.42,,,-0.059,3.8,92.6989,264067.0,0.4669,4767.8,,,
2000-04-17,-0.32,,,-0.059,3.8,92.6989,264067.0,0.4669,4767.8,,,
2000-04-18,-0.28,,,-0.059,3.8,92.6989,264067.0,0.4669,4767.8,,,
2000-04-19,-0.34,,,-0.059,3.8,92.6989,264067.0,0.4669,4767.8,,,
2000-04-20,-0.39,,,-0.059,3.8,92.6989,264067.0,0.4669,4767.8,,,
2000-04-21,-0.39,,,-0.046,3.8,92.6989,264067.0,0.4301,4767.8,,,
2000-04-24,-0.36,,,-0.046,3.8,92.6989,264067.0,0.4301,4767.8,,,
2000-04-25,-0.34,,,-0.046,3.8,92.6989,264067.0,0.4301,4767.8,,,
2000-04-26,-0.36,,,-0.046,3.8,92.6989,264067.0,0.4301,4767.8,,,
2000-04-27,-0.4,,,-0.046,3.8,92.6989,264067.0,0.4301,4767.8,,,
2000-04-28,-0.45,,,-0.032,3.8,92.6989,264067.0,0.3002,4767.8,,,
2000-05-01,-0.44,,,-0.032,4.0,92.9499,265992.0,0.3002,4755.7,,,
2000-05-02,-0.4,,,-0.032,4.0,92.9499,265992.0,0.3002,4755.7,,,
2000-05-03,-0.33,,,-0.032,4.0,92.9499,265992.0,0.3002,4755.7,,,
2000-05-04,-0.31,,,-0.032,4.0,92.9499,265992.0,0.3002,4755.7,,,
2000-05-05,-0.33,,,-0.016,4.0,92.9499,265992.0,0.4698,4755.7,,,
2000-05-08,-0.3,,,-0.016,4.0,92.9499,265992.0,0.4698,4755.7,,,
2000-05-09,-0.33,,,-0.016,4.0,92.9499,265992.0,0.4698,4755.7,,,
2000-05-10,-0.37,,,-0.016,4.0,92.9499,265992.0,0.4698,4755.7,,,
2000-05-11,-0.39,,,-0.016,4.0,92.9499,265992.0,0.4698,4755.7,,,
2000-05-12,-0.4,,,-0.001,4.0,92.9499,265992.0,0.4935,4755.7,,,
2000-05-15,-0.41,,,-0.001,4.0,92.9499,265992.0,0.4935,4755.7,,,
2000-05-16,-0.46,,,-0.001,4.0,92.9499,265992.0,0.4935,4755.7,,,
2000-05-17,-0.42,,,-0.001,4.0,92.9499,265992.0,0.4935,4755.7,,,
2000-05-18,-0.37,,,-0.001,4.0,92.9499,265992.0,0.4935,4755.7,,,
2000-05-19,-0.35,,,0.013,4.0,92.9499,265992.0,0.2462,4755.7,,,
2000-05-22,-0.37,,,0.013,4.0,92.9499,265992.0,0.2462,4755.7,,,
2000-05-23,-0.38,,,0.013,4.0,92.9499,265992.0,0.2462,4755.7,,,
2000-05-24,-0.32,,,0.013,4.0,92.9499,265992.0,0.2462,4755.7,,,
2000-05-25,-0.32,,,0.013,4.0,92.9499,265992.0,0.2462,4755.7,,,
2000-05-26,-0.36,,,0.025,4.0,92.9499,265992.0,0.5803,4755.7,,,
2000-05-29,-0.36,,,0.025,4.0,92.9499,265992.0,0.5803,4755.7,,,
2000-05-30,-0.36,,,0.025,4.0,92.9499,265992.0,0.5803,4755.7,,,
2000-05-31,-0.4,,,0.025,4.0,92.9499,265992.0,0.5803,4755.7,,,
2000-06-01,-0.41,,,0.025,4.0,92.9862,267750.0,0.5803,4773.6,,,
2000-06-02,-0.37,,,0.032,4.0,92.9862,267750.0,0.4585,4773.6,,,
2000-06-05,-0.37,,,0.032,4.0,92.9862,267750.0,0.4585,4773.6,,,
2000-06-06,-0.37,,,0.032,4.0,92.9862,267750.0,0.4585,4773.6,,,
2000-06-07,-0.39,,,0.032,4.0,92.9862,267750.0,0.4585,4773.6,,,
2000-06-08,-0.43,,,0.032,4.0,92.9862,267750.0,0.4585,4773.6,,,
2000-06-09,-0.43,,,0.033,4.0,92.9862,267750.0,0.4107,4773.6,,,
2000-06-12,-0.43,,,0.033,4.0,92.9862,267750.0,0.4107,4773.6,,,
2000-06-13,-0.38,,,0.033,4.0,92.9862,267750.0,0.4107,4773.6,,,
2000-06-14,-0.38,,,0.033,4.0,92.9862,267750.0,0.4107,4773.6,,,
2000-06-15,-0.39,,,0.033,4.0,92.9862,267750.0,0.4107,4773.6,,,
2000-06-16,-0.39,,,0.029,4.0,92.9862,267750.0,0.3889,4773.6,,,
2000-06-19,-0.4,,,0.029,4.0,92.9862,267750.0,0.3889,4773.6,,,
2000-06-20,-0.4,,,0.029,4.0,92.9862,267750.0,0.3889,4773.6,,,
2000-06-21,-0.39,,,0.029,4.0,92.9862,267750.0,0.3889,4773.6,,,
2000-06-22,-0.38,,,0.029,4.0,92.9862,267750.0,0.3889,4773.6,,,
2000-06-23,-0.36,,,0.017,4.0,92.9862,267750.0,0.4317,4773.6,,,
2000-06-26,-0.39,,,0.017,4.0,92.9862,267750.0,0.4317,4773.6,,,
2000-06-27,-0.4,,,0.017,4.0,92.9862,267750.0,0.4317,4773.6,,,
2000-06-28,-0.32,,,0.017,4.0,92.9862,267750.0,0.4317,4773.6,,,
2000-06-29,-0.33,,,0.017,4.0,92.9862,267750.0,0.4317,4773.6,,,
2000-06-30,-0.35,,,-0.001,4.0,92.9862,267750.0,0.3646,4773.6,,,
2000-07-01,-0.35,,,-0.001,4.0,92.8048,265683.0,0.3646,4791.3,,,
2000-07-03,-0.31,,,-0.001,4.0,92.8048,265683.0,0.3646,4791.3,,,
2000-07-04,-0.31,,,-0.001,4.0,92.8048,265683.0,0.3646,4791.3,,,
2000-07-05,-0.3,,,-0.001,4.0,92.8048,265683.0,0.3646,4791.3,,,
2000-07-06,-0.29,,,-0.001,4.0,92.8048,265683.0,0.3646,4791.3,,,
2000-07-07,-0.28,,,-0.026,4.0,92.8048,265683.0,0.2838,4791.3,,,
2000-07-10,-0.27,,,-0.026,4.0,92.8048,265683.0,0.2838,4791.3,,,
2000-07-11,-0.26,,,-0.026,4.0,92.8048,265683.0,0.2838,4791.3,,,
2000-07-12,-0.25,,,-0.026,4.0,92.8048,265683.0,0.2838,4791.3,,,
2000-07-13,-0.3,,,-0.026,4.0,92.8048,265683.0,0.2838,4791.3,,,
2000-07-14,-0.31,,,-0.055,4.0,92.8048,265683.0,0.1475,4791.3,,,
2000-07-17,-0.29,,,-0.055,4.0,92.8048,265683.0,0.1475,4791.3,,,
2000-07-18,-0.28,,,-0.055,4.0,92.8048,265683.0,0.1475,4791.3,,,
2000-07-19,-0.3,,,-0.055,4.0,92.8048,265683.0,0.1475,4791.3,,,
2000-07-20,-0.31,,,-0.055,4.0,92.8048,265683.0,0.1475,4791.3,,,
2000-07-21,-0.31,,,-0.085,4.0,92.8048,265683.0,0.0688,4791.3,,,
2000-07-24,-0.31,,,-0.085,4.0,92.8048,265683.0,0.0688,4791.3,,,
2000-07-25,-0.31,,,-0.085,4.0,92.8048,265683.0,0.0688,4791.3,,,
2000-07-26,-0.25,,,-0.085,4.0,92.8048,265683.0,0.0688,4791.3,,,
2000-07-27,-0.25,,,-0.085,4.0,92.8048,265683.0,0.0688,4791.3,,,
2000-07-28,-0.26,,,-0.116,4.0,92.8048,265683.0,0.1239,4791.3,,,
2000-07-31,-0.26,,,-0.116,4.0,92.8048,265683.0,0.1239,4791.3,,,
2000-08-01,-0.27,,,-0.116,4.1,92.5521,266885.0,0.1239,4819.5,,,
2000-08-02,-0.25,,,-0.116,4.1,92.5521,266885.0,0.1239,4819.5,,,
2000-08-03,-0.27,,,-0.116,4.1,92.5521,266885.0,0.1239,4819.5,,,
2000-08-04,-0.24,,,-0.144,4.1,92.5521,266885.0,0.132,4819.5,,,
2000-08-07,-0.23,,,-0.144,4.1,92.5521,266885.0,0.132,4819.5,,,
2000-08-08,-0.23,,,-0.144,4.1,92.5521,266885.0,0.132,4819.5,,,
2000-08-09,-0.37,,,-0.144,4.1,92.5521,266885.0,0.132,4819.5,,,
2000-08-10,-0.4,,,-0.144,4.1,92.5521,266885.0,0.132,4819.5,,,
2000-08-11,-0.46,,,-0.168,4.1,92.5521,266885.0,-0.0182,4819.5,,,
2000-08-14,-0.47,,,-0.168,4.1,92.5521,266885.0,-0.0182,4819.5,,,
2000-08-15,-0.47,,,-0.168,4.1,92.5521,266885.0,-0.0182,4819.5,,,
2000-08-16,-0.47,,,-0.168,4.1,92.5521,266885.0,-0.0182,4819.5,,,
2000-08-17,-0.49,,,-0.168,4.1,92.5521,266885.0,-0.0182,4819.5,,,
2000-08-18,-0.49,,,-0.186,4.1,92.5521,266885.0,-0.0007,4819.5,,,
2000-08-21,-0.49,,,-0.186,4.1,92.5521,266885.0,-0.0007,4819.5,,,
2000-08-22,-0.49,,,-0.186,4.1,92.5521,266885.0,-0.0007,4819.5,,,
2000-08-23,-0.47,,,-0.186,4.1,92.5521,266885.0,-0.0007,4819.5,,,
2000-08-24,-0.46,,,-0.186,4.1,92.5521,266885.0,-0.0007,4819.5,,,
2000-08-25,-0.46,,,-0.198,4.1,92.5521,266885.0,0.019,4819.5,,,
2000-08-28,-0.45,,,-0.198,4.1,92.5521,266885.0,0.019,4819.5,,,
2000-08-29,-0.45,,,-0.198,4.1,92.5521,266885.0,0.019,4819.5,,,
2000-08-30,-0.43,,,-0.198,4.1,92.5521,266885.0,0.019,4819.5,,,
2000-08-31,-0.45,,,-0.198,4.1,92.5521,266885.0,0.019,4819.5,,,
2000-09-01,-0.41,,,-0.206,3.9,92.9792,270523.0,-0.0657,4855.2,,,
2000-09-04,-0.41,,,-0.206,3.9,92.9792,270523.0,-0.0657,4855.2,,,
2000-09-05,-0.4,,,-0.206,3.9,92.9792,270523.0,-0.0657,4855.2,,,
2000-09-06,-0.39,,,-0.206,3.9,92.9792,270523.0,-0.0657,4855.2,,,
2000-09-07,-0.38,,,-0.206,3.9,92.9792,270523.0,-0.0657,4855.2,,,
2000-09-08,-0.38,,,-0.208,3.9,92.9792,270523.0,0.0659,4855.2,,,
2000-09-11,-0.35,,,-0.208,3.9,92.9792,270523.0,0.0659,4855.2,,,
2000-09-12,-0.34,,,-0.208,3.9,92.9792,270523.0,0.0659,4855.2,,,
2000-09-13,-0.35,,,-0.208,3.9,92.9792,270523.0,0.0659,4855.2,,,
2000-09-14,-0.32,,,-0.208,3.9,92.9792,270523.0,0.0659,4855.2,,,
2000-09-15,-0.23,,,-0.207,3.9,92.9792,270523.0,0.0905,4855.2,,,
2000-09-18,-0.16,,,-0.207,3.9,92.9792,270523.0,0.0905,4855.2,,,
2000-09-19,-0.19,,,-0.207,3.9,92.9792,270523.0,0.0905,4855.2,,,
2000-09-20,-0.2,,,-0.207,3.9,92.9792,270523.0,0.0905,4855.2,,,
2000-09-21,-0.23,,,-0.207,3.9,92.9792,270523.0,0.0905,4855.2,,,
2000-09-22,-0.24,,,-0.202,3.9,92.9792,270523.0,0.2589,4855.2,,,
2000-09-25,-0.27,,,-0.202,3.9,92.9792,270523.0,0.2589,4855.2,,,
2000-09-26,-0.26,,,-0.202,3.9,92.9792,270523.0,0.2589,4855.2,,,
2000-09-27,-0.17,,,-0.202,3.9,92.9792,270523.0,0.2589,4855.2,,,
2000-09-28,-0.2,,,-0.202,3.9,92.9792,270523.0,0.2589,4855.2,,,
2000-09-29,-0.18,,,-0.196,3.9,92.9792,270523.0,0.1283,4855.2,,,
2000-10-01,-0.18,,,-0.196,3.9,92.6179,270339.0,0.1283,4871.3,,,
2000-10-02,-0.15,,,-0.196,3.9,92.6179,270339.0,0.1283,4871.3,,,
2000-10-03,-0.13,,,-0.196,3.9,92.6179,270339.0,0.1283,4871.3,,,
2000-10-04,-0.13,,,-0.196,3.9,92.6179,270339.0,0.1283,4871.3,,,
2000-10-05,-0.15,,,-0.196,3.9,92.6179,270339.0,0.1283,4871.3,,,
2000-10-06,-0.16,,,-0.19,3.9,92.6179,270339.0,0.1854,4871.3,,,
2000-10-09,-0.16,,,-0.19,3.9,92.6179,270339.0,0.1854,4871.3,,,
2000-10-10,-0.18,,,-0.19,3.9,92.6179,270339.0,0.1854,4871.3,,,
2000-10-11,-0.16,,,-0.19,3.9,92.6179,270339.0,0.1854,4871.3,,,
2000-10-12,-0.13,,,-0.19,3.9,92.6179,270339.0,0.1854,4871.3,,,
2000-10-13,-0.11,,,-0.182,3.9,92.6179,270339.0,0.6739,4871.3,,,
2000-10-16,-0.15,,,-0.182,3.9,92.6179,270339.0,0.6739,4871.3,,,
2000-10-17,-0.15,,,-0.182,3.9,92.6179,270339.0,0.6739,4871.3,,,
2000-10-18,-0.16,,,-0.182,3.9,92.6179,270339.0,0.6739,4871.3,,,
2000-10-19,-0.2,,,-0.182,3.9,92.6179,270339.0,0.6739,4871.3,,,
2000-10-20,-0.2,,,-0.175,3.9,92.6179,270339.0,0.4822,4871.3,,,
2000-10-23,-0.23,,,-0.175,3.9,92.6179,270339.0,0.4822,4871.3,,,
2000-10-24,-0.23,,,-0.175,3.9,92.6179,270339.0,0.4822,4871.3,,,
2000-10-25,-0.2,,,-0.175,3.9,92.6179,270339.0,0.4822,4871.3,,,
2000-10-26,-0.21,,,-0.175,3.9,92.6179,270339.0,0.4822,4871.3,,,
2000-10-27,-0.22,,,-0.168,3.9,92.6179,270339.0,0.3152,4871.3,,,
2000-10-30,-0.23,,,-0.168,3.9,92.6179,270339.0,0.3152,4871.3,,,
2000-10-31,-0.17,,,-0.168,3.9,92.6179,270339.0,0.3152,4871.3,,,
2000-11-01,-0.14,,,-0.168,3.9,92.6438,268850.0,0.3152,4882.7,,,
2000-11-02,-0.13,,,-0.168,3.9,92.6438,268850.0,0.3152,4882.7,,,
2000-11-03,-0.11,,,-0.158,3.9,92.6438,268850.0,0.1238,4882.7,,,
2000-11-06,-0.12,,,-0.158,3.9,92.6438,268850.0,0.1238,4882.7,,,
2000-11-07,-0.12,,,-0.158,3.9,92.6438,268850.0,0.1238,4882.7,,,
2000-11-08,-0.12,,,-0.158,3.9,92.6438,268850.0,0.1238,4882.7,,,
2000-11-09,-0.12,,,-0.158,3.9,92.6438,268850.0,0.1238,4882.7,,,
2000-11-10,-0.1,,,-0.144,3.9,92.6438,268850.0,0.3099,4882.7,,,
2000-11-13,-0.13,,,-0.144,3.9,92.6438,268850.0,0.3099,4882.7,,,
2000-11-14,-0.16,,,-0.144,3.9,92.6438,268850.0,0.3099,4882.7,,,
2000-11-15,-0.18,,,-0.144,3.9,92.6438,268850.0,0.3099,4882.7,,,
2000-11-16,-0.19,,,-0.144,3.9,92.6438,268850.0,0.3099,4882.7,,,
2000-11-17,-0.17,,,-0.127,3.9,92.6438,268850.0,0.4014,4882.7,,,
2000-11-20,-0.19,,,-0.127,3.9,92.6438,268850.0,0.4014,4882.7,,,
2000-11-21,-0.19,,,-0.127,3.9,92.6438,268850.0,0.4014,4882.7,,,
2000-11-22,-0.23,,,-0.127,3.9,92.6438,268850.0,0.4014,4882.7,,,
2000-11-23,-0.23,,,-0.127,3.9,92.6438,268850.0,0.4014,4882.7,,,
2000-11-24,-0.23,,,-0.106,3.9,92.6438,268850.0,0.5459,4882.7,,,
2000-11-27,-0.22,,,-0.106,3.9,92.6438,268850.0,0.5459,4882.7,,,
2000-11-28,-0.2,,,-0.106,3.9,92.6438,268850.0,0.5459,4882.7,,,
2000-11-29,-0.14,,,-0.106,3.9,92.6438,268850.0,0.5459,4882.7,,,
2000-11-30,-0.13,,,-0.106,3.9,92.6438,268850.0,0.5459,4882.7,,,
2000-12-01,-0.1,,,-0.086,3.9,92.3415,268338.0,0.5886,4927.6,,,
2000-12-04,-0.06,,,-0.086,3.9,92.3415,268338.0,0.5886,4927.6,,,
2000-12-05,-0.06,,,-0.086,3.9,92.3415,268338.0,0.5886,4927.6,,,
2000-12-06,-0.1,,,-0.086,3.9,92.3415,268338.0,0.5886,4927.6,,,
2000-12-07,-0.13,,,-0.086,3.9,92.3415,268338.0,0.5886,4927.6,,,
2000-12-08,-0.15,,,-0.071,3.9,92.3415,268338.0,0.6292,4927.6,,,
2000-12-11,-0.15,,,-0.071,3.9,92.3415,268338.0,0.6292,4927.6,,,
2000-12-12,-0.18,,,-0.071,3.9,92.3415,268338.0,0.6292,4927.6,,,
2000-12-13,-0.16,,,-0.071,3.9,92.3415,268338.0,0.6292,4927.6,,,
2000-12-14,-0.2,,,-0.071,3.9,92.3415,268338.0,0.6292,4927.6,,,
2000-12-15,-0.18,,,-0.065,3.9,92.3415,268338.0,0.4563,4927.6,,,
2000-12-18,-0.16,,,-0.065,3.9,92.3415,268338.0,0.4563,4927.6,,,
2000-12-19,-0.16,,,-0.065,3.9,92.3415,268338.0,0.4563,4927.6,,,
2000-12-20,-0.16,,,-0.065,3.9,92.3415,268338.0,0.4563,4927.6,,,
2000-12-21,-0.11,,,-0.065,3.9,92.3415,268338.0,0.4563,4927.6,,,
2000-12-22,-0.08,,,-0.07,3.9,92.3415,268338.0,0.9073,4927.6,,,
2000-12-25,-0.08,,,-0.07,3.9,92.3415,268338.0,0.9073,4927.6,,,
2000-12-26,-0.06,,,-0.07,3.9,92.3415,268338.0,0.9073,4927.6,,,
2000-12-27,0.01,,,-0.07,3.9,92.3415,268338.0,0.9073,4927.6,,,
2000-12-28,-0.05,,,-0.07,3.9,92.3415,268338.0,0.9073,4927.6,,,
2000-12-29,0.01,,,-0.09,3.9,92.3415,268338.0,0.7027,4927.6,,,
2001-01-01,0.01,,,-0.09,4.2,91.902,272881.0,0.7027,4978.3,,,
2001-01-02,0.05,,,-0.09,4.2,91.902,272881.0,0.7027,4978.3,,,
2001-01-03,0.22,,,-0.09,4.2,91.902,272881.0,0.7027,4978.3,,,
2001-01-04,0.26,,,-0.09,4.2,91.902,272881.0,0.7027,4978.3,,,
2001-01-05,0.37,,,-0.12,4.2,91.902,272881.0,0.9194,4978.3,,,
2001-01-08,0.4,,,-0.12,4.2,91.902,272881.0,0.9194,4978.3,,,
2001-01-09,0.34,,,-0.12,4.2,91.902,272881.0,0.9194,4978.3,,,
2001-01-10,0.34,,,-0.12,4.2,91.902,272881.0,0.9194,4978.3,,,
2001-01-11,0.37,,,-0.12,4.2,91.902,272881.0,0.9194,4978.3,,,
2001-01-12,0.35,,,-0.155,4.2,91.902,272881.0,0.499,4978.3,,,
2001-01-15,0.35,,,-0.155,4.2,91.902,272881.0,0.499,4978.3,,,
2001-01-16,0.35,,,-0.155,4.2,91.902,272881.0,0.499,4978.3,,,
2001-01-17,0.35,,,-0.155,4.2,91.902,272881.0,0.499,4978.3,,,
2001-01-18,0.4,,,-0.155,4.2,91.902,272881.0,0.499,4978.3,,,
2001-01-19,0.44,,,-0.192,4.2,91.902,272881.0,0.2937,4978.3,,,
2001-01-22,0.5,,,-0.192,4.2,91.902,272881.0,0.2937,4978.3,,,
2001-01-23,0.48,,,-0.192,4.2,91.902,272881.0,0.2937,4978.3,,,
2001-01-24,0.52,,,-0.192,4.2,91.902,272881.0,0.2937,4978.3,,,
2001-01-25,0.51,,,-0.192,4.2,91.902,272881.0,0.2937,4978.3,,,
2001-01-26,0.51,,,-0.225,4.2,91.902,272881.0,0.2661,4978.3,,,
2001-01-29,0.55,,,-0.225,4.2,91.902,272881.0,0.2661,4978.3,,,
2001-01-30,0.54,,,-0.225,4.2,91.902,272881.0,0.2661,4978.3,,,
2001-01-31,0.57,,,-0.225,4.2,91.902,272881.0,0.2661,4978.3,,,
2001-02-01,0.55,,,-0.225,4.2,91.3034,272627.0,0.2661,5017.0,,,
2001-02-02,0.52,,,-0.251,4.2,91.3034,272627.0,0.4049,5017.0,,,
2001-02-05,0.5,,,-0.251,4.2,91.3034,272627.0,0.4049,5017.0,,,
2001-02-06,0.5,,,-0.251,4.2,91.3034,272627.0,0.4049,5017.0,,,
2001-02-07,0.4,,,-0.251,4.2,91.3034,272627.0,0.4049,5017.0,,,
2001-02-08,0.37,,,-0.251,4.2,91.3034,272627.0,0.4049,5017.0,,,
2001-02-09,0.36,,,-0.27,4.2,91.3034,272627.0,0.3786,5017.0,,,
2001-02-12,0.38,,,-0.27,4.2,91.3034,272627.0,0.3786,5017.0,,,
2001-02-13,0.32,,,-0.27,4.2,91.3034,272627.0,0.3786,5017.0,,,
2001-02-14,0.29,,,-0.27,4.2,91.3034,272627.0,0.3786,5017.0,,,
2001-02-15,0.3,,,-0.27,4.2,91.3034,272627.0,0.3786,5017.0,,,
2001-02-16,0.36,,,-0.279,4.2,91.3034,272627.0,0.2915,5017.0,,,
2001-02-19,0.36,,,-0.279,4.2,91.3034,272627.0,0.2915,5017.0,,,
2001-02-20,0.38,,,-0.279,4.2,91.3034,272627.0,0.2915,5017.0,,,
2001-02-21,0.46,,,-0.279,4.2,91.3034,272627.0,0.2915,5017.0,,,
2001-02-22,0.52,,,-0.279,4.2,91.3034,272627.0,0.2915,5017.0,,,
2001-02-23,0.57,,,-0.278,4.2,91.3034,272627.0,0.6606,5017.0,,,
2001-02-26,0.59,,,-0.278,4.2,91.3034,272627.0,0.6606,5017.0,,,
2001-02-27,0.52,,,-0.278,4.2,91.3034,272627.0,0.6606,5017.0,,,
2001-02-28,0.51,,,-0.278,4.2,91.3034,272627.0,0.6606,5017.0,,,
2001-03-01,0.46,,,-0.278,4.3,91.1162,269820.0,0.6606,5074.8,,,
2001-03-02,0.47,,,-0.272,4.3,91.1162,269820.0,0.5482,5074.8,,,
2001-03-05,0.49,,,-0.272,4.3,91.1162,269820.0,0.5482,5074.8,,,
2001-03-06,0.5,,,-0.272,4.3,91.1162,269820.0,0.5482,5074.8,,,
2001-03-07,0.49,,,-0.272,4.3,91.1162,269820.0,0.5482,5074.8,,,
2001-03-08,0.46,,,-0.272,4.3,91.1162,269820.0,0.5482,5074.8,,,
2001-03-09,0.48,,,-0.263,4.3,91.1162,269820.0,0.4132,5074.8,,,
2001-03-12,0.46,,,-0.263,4.3,91.1162,269820.0,0.4132,5074.8,,,
2001-03-13,0.49,,,-0.263,4.3,91.1162,269820.0,0.4132,5074.8,,,
2001-03-14,0.52,,,-0.263,4.3,91.1162,269820.0,0.4132,5074.8,,,
2001-03-15,0.59,,,-0.263,4.3,91.1162,269820.0,0.4132,5074.8,,,
2001-03-16,0.52,,,-0.254,4.3,91.1162,269820.0,0.7922,5074.8,,,
2001-03-19,0.5,,,-0.254,4.3,91.1162,269820.0,0.7922,5074.8,,,
2001-03-20,0.54,,,-0.254,4.3,91.1162,269820.0,0.7922,5074.8,,,
2001-03-21,0.56,,,-0.254,4.3,91.1162,269820.0,0.7922,5074.8,,,
2001-03-22,0.56,,,-0.254,4.3,91.1162,269820.0,0.7922,5074.8,,,
2001-03-23,0.56,,,-0.25,4.3,91.1162,269820.0,1.0633,5074.8,,,
2001-03-26,0.58,,,-0.25,4.3,91.1162,269820.0,1.0633,5074.8,,,
2001-03-27,0.59,,,-0.25,4.3,91.1162,269820.0,1.0633,5074.8,,,
2001-03-28,0.67,,,-0.25,4.3,91.1162,269820.0,1.0633,5074.8,,,
2001-03-29,0.71,,,-0.25,4.3,91.1162,269820.0,1.0633,5074.8,,,
2001-03-30,0.75,,,-0.254,4.3,91.1162,269820.0,0.5409,5074.8,,,
2001-04-01,0.75,,,-0.254,4.4,90.7891,274410.0,0.5409,5139.1,,,
2001-04-02,0.76,,,-0.254,4.4,90.7891,274410.0,0.5409,5139.1,,,
2001-04-03,0.79,,,-0.254,4.4,90.7891,274410.0,0.5409,5139.1,,,
2001-04-04,0.82,,,-0.254,4.4,90.7891,274410.0,0.5409,5139.1,,,
2001-04-05,0.79,,,-0.254,4.4,90.7891,274410.0,0.5409,5139.1,,,
2001-04-06,0.82,,,-0.263,4.4,90.7891,274410.0,1.0412,5139.1,,,
2001-04-09,0.83,,,-0.263,4.4,90.7891,274410.0,1.0412,5139.1,,,
2001-04-10,0.85,,,-0.263,4.4,90.7891,274410.0,1.0412,5139.1,,,
2001-04-11,0.83,,,-0.263,4.4,90.7891,274410.0,1.0412,5139.1,,,
2001-04-12,0.81,,,-0.263,4.4,90.7891,274410.0,1.0412,5139.1,,,
2001-04-13,0.81,,,-0.282,4.4,90.7891,274410.0,0.7389,5139.1,,,
2001-04-16,0.79,,,-0.282,4.4,90.7891,274410.0,0.7389,5139.1,,,
2001-04-17,0.8,,,-0.282,4.4,90.7891,274410.0,0.7389,5139.1,,,
2001-04-18,0.88,,,-0.282,4.4,90.7891,274410.0,0.7389,5139.1,,,
2001-04-19,0.98,,,-0.282,4.4,90.7891,274410.0,0.7389,5139.1,,,
2001-04-20,1.03,,,-0.307,4.4,90.7891,274410.0,0.6377,5139.1,,,
2001-04-23,1.05,,,-0.307,4.4,90.7891,274410.0,0.6377,5139.1,,,
2001-04-24,1.06,,,-0.307,4.4,90.7891,274410.0,0.6377,5139.1,,,
2001-04-25,1.08,,,-0.307,4.4,90.7891,274410.0,0.6377,5139.1,,,
2001-04-26,1.06,,,-0.307,4.4,90.7891,274410.0,0.6377,5139.1,,,
2001-04-27,1.06,,,-0.333,4.4,90.7891,274410.0,0.7704,5139.1,,,
2001-04-30,1.05,,,-0.333,4.4,90.7891,274410.0,0.7704,5139.1,,,
2001-05-01,1.07,,,-0.333,4.3,90.3555,275769.0,0.7704,5137.2,,,
2001-05-02,1.04,,,-0.333,4.3,90.3555,275769.0,0.7704,5137.2,,,
2001-05-03,1.0,,,-0.333,4.3,90.3555,275769.0,0.7704,5137.2,,,
2001-05-04,1.07,,,-0.361,4.3,90.3555,275769.0,0.3121,5137.2,,,
2001-05-07,1.09,,,-0.361,4.3,90.3555,275769.0,0.3121,5137.2,,,
2001-05-08,1.14,,,-0.361,4.3,90.3555,275769.0,0.3121,5137.2,,,
2001-05-09,1.13,,,-0.361,4.3,90.3555,275769.0,0.3121,5137.2,,,
2001-05-10,1.14,,,-0.361,4.3,90.3555,275769.0,0.3121,5137.2,,,
2001-05-11,1.15,,,-0.387,4.3,90.3555,275769.0,0.4186,5137.2,,,
2001-05-14,1.17,,,-0.387,4.3,90.3555,275769.0,0.4186,5137.2,,,
2001-05-15,1.22,,,-0.387,4.3,90.3555,275769.0,0.4186,5137.2,,,
2001-05-16,1.23,,,-0.387,4.3,90.3555,275769.0,0.4186,5137.2,,,
2001-05-17,1.13,,,-0.387,4.3,90.3555,275769.0,0.4186,5137.2,,,
2001-05-18,1.04,,,-0.407,4.3,90.3555,275769.0,0.4375,5137.2,,,
2001-05-21,1.04,,,-0.407,4.3,90.3555,275769.0,0.4375,5137.2,,,
2001-05-22,1.08,,,-0.407,4.3,90.3555,275769.0,0.4375,5137.2,,,
2001-05-23,1.12,,,-0.407,4.3,90.3555,275769.0,0.4375,5137.2,,,
2001-05-24,1.2,,,-0.407,4.3,90.3555,275769.0,0.4375,5137.2,,,
2001-05-25,1.21,,,-0.423,4.3,90.3555,275769.0,0.3683,5137.2,,,
2001-05-28,1.21,,,-0.423,4.3,90.3555,275769.0,0.3683,5137.2,,,
2001-05-29,1.21,,,-0.423,4.3,90.3555,275769.0,0.3683,5137.2,,,
2001-05-30,1.2,,,-0.423,4.3,90.3555,275769.0,0.3683,5137.2,,,
2001-05-31,1.21,,,-0.423,4.3,90.3555,275769.0,0.3683,5137.2,,,
2001-06-01,1.17,,,-0.434,4.5,89.8784,274474.0,0.4157,5180.1,,,
2001-06-04,1.16,,,-0.434,4.5,89.8784,274474.0,0.4157,5180.1,,,
2001-06-05,1.17,,,-0.434,4.5,89.8784,274474.0,0.4157,5180.1,,,
2001-06-06,1.15,,,-0.434,4.5,89.8784,274474.0,0.4157,5180.1,,,
2001-06-07,1.19,,,-0.434,4.5,89.8784,274474.0,0.4157,5180.1,,,
2001-06-08,1.21,,,-0.442,4.5,89.8784,274474.0,0.3821,5180.1,,,
2001-06-11,1.21,,,-0.442,4.5,89.8784,274474.0,0.3821,5180.1,,,
2001-06-12,1.18,,,-0.442,4.5,89.8784,274474.0,0.3821,5180.1,,,
2001-06-13,1.2,,,-0.442,4.5,89.8784,274474.0,0.3821,5180.1,,,
2001-06-14,1.22,,,-0.442,4.5,89.8784,274474.0,0.3821,5180.1,,,
2001-06-15,1.26,,,-0.448,4.5,89.8784,274474.0,0.4643,5180.1,,,
2001-06-18,1.29,,,-0.448,4.5,89.8784,274474.0,0.4643,5180.1,,,
2001-06-19,1.27,,,-0.448,4.5,89.8784,274474.0,0.4643,5180.1,,,
2001-06-20,1.26,,,-0.448,4.5,89.8784,274474.0,0.4643,5180.1,,,
2001-06-21,1.23,,,-0.448,4.5,89.8784,274474.0,0.4643,5180.1,,,
2001-06-22,1.21,,,-0.453,4.5,89.8784,274474.0,0.5064,5180.1,,,
2001-06-25,1.2,,,-0.453,4.5,89.8784,274474.0,0.5064,5180.1,,,
2001-06-26,1.21,,,-0.453,4.5,89.8784,274474.0,0.5064,5180.1,,,
2001-06-27,1.2,,,-0.453,4.5,89.8784,274474.0,0.5064,5180.1,,,
2001-06-28,1.13,,,-0.453,4.5,89.8784,274474.0,0.5064,5180.1,,,
2001-06-29,1.17,,,-0.46,4.5,89.8784,274474.0,0.3156,5180.1,,,
2001-07-01,1.17,,,-0.46,4.6,89.3028,273098.0,0.3156,5210.0,,,
2001-07-02,1.16,,,-0.46,4.6,89.3028,273098.0,0.3156,5210.0,,,
2001-07-03,1.17,,,-0.46,4.6,89.3028,273098.0,0.3156,5210.0,,,
2001-07-04,1.17,,,-0.46,4.6,89.3028,273098.0,0.3156,5210.0,,,
2001-07-05,1.2,,,-0.46,4.6,89.3028,273098.0,0.3156,5210.0,,,
2001-07-06,1.25,,,-0.469,4.6,89.3028,273098.0,0.286,5210.0,,,
2001-07-09,1.22,,,-0.469,4.6,89.3028,273098.0,0.286,5210.0,,,
2001-07-10,1.24,,,-0.469,4.6,89.3028,273098.0,0.286,5210.0,,,
2001-07-11,1.24,,,-0.469,4.6,89.3028,273098.0,0.286,5210.0,,,
2001-07-12,1.2,,,-0.469,4.6,89.3028,273098.0,0.286,5210.0,,,
2001-07-13,1.15,,,-0.479,4.6,89.3028,273098.0,0.5589,5210.0,,,
2001-07-16,1.14,,,-0.479,4.6,89.3028,273098.0,0.5589,5210.0,,,
2001-07-17,1.13,,,-0.479,4.6,89.3028,273098.0,0.5589,5210.0,,,
2001-07-18,1.16,,,-0.479,4.6,89.3028,273098.0,0.5589,5210.0,,,
2001-07-19,1.15,,,-0.479,4.6,89.3028,273098.0,0.5589,5210.0,,,
2001-07-20,1.17,,,-0.49,4.6,89.3028,273098.0,0.4477,5210.0,,,
2001-07-23,1.15,,,-0.49,4.6,89.3028,273098.0,0.4477,5210.0,,,
2001-07-24,1.16,,,-0.49,4.6,89.3028,273098.0,0.4477,5210.0,,,
2001-07-25,1.22,,,-0.49,4.6,89.3028,273098.0,0.4477,5210.0,,,
2001-07-26,1.25,,,-0.49,4.6,89.3028,273098.0,0.4477,5210.0,,,
2001-07-27,1.26,,,-0.499,4.6,89.3028,273098.0,0.3278,5210.0,,,
2001-07-30,1.25,,,-0.499,4.6,89.3028,273098.0,0.3278,5210.0,,,
2001-07-31,1.28,,,-0.499,4.6,89.3028,273098.0,0.3278,5210.0,,,
2001-08-01,1.28,,,-0.499,4.9,89.2003,275659.0,0.3278,5243.8,,,
2001-08-02,1.28,,,-0.499,4.9,89.2003,275659.0,0.3278,5243.8,,,
2001-08-03,1.29,,,-0.504,4.9,89.2003,275659.0,0.2543,5243.8,,,
2001-08-06,1.31,,,-0.504,4.9,89.2003,275659.0,0.2543,5243.8,,,
2001-08-07,1.3,,,-0.504,4.9,89.2003,275659.0,0.2543,5243.8,,,
2001-08-08,1.22,,,-0.504,4.9,89.2003,275659.0,0.2543,5243.8,,,
2001-08-09,1.27,,,-0.504,4.9,89.2003,275659.0,0.2543,5243.8,,,
2001-08-10,1.26,,,-0.499,4.9,89.2003,275659.0,0.2673,5243.8,,,
2001-08-13,1.27,,,-0.499,4.9,89.2003,275659.0,0.2673,5243.8,,,
2001-08-14,1.23,,,-0.499,4.9,89.2003,275659.0,0.2673,5243.8,,,
2001-08-15,1.2,,,-0.499,4.9,89.2003,275659.0,0.2673,5243.8,,,
2001-08-16,1.2,,,-0.499,4.9,89.2003,275659.0,0.2673,5243.8,,,
2001-08-17,1.17,,,-0.485,4.9,89.2003,275659.0,0.3791,5243.8,,,
2001-08-20,1.17,,,-0.485,4.9,89.2003,275659.0,0.3791,5243.8,,,
2001-08-21,1.18,,,-0.485,4.9,89.2003,275659.0,0.3791,5243.8,,,
2001-08-22,1.15,,,-0.485,4.9,89.2003,275659.0,0.3791,5243.8,,,
2001-08-23,1.17,,,-0.485,4.9,89.2003,275659.0,0.3791,5243.8,,,
2001-08-24,1.17,,,-0.462,4.9,89.2003,275659.0,0.4794,5243.8,,,
2001-08-27,1.16,,,-0.462,4.9,89.2003,275659.0,0.4794,5243.8,,,
2001-08-28,1.14,,,-0.462,4.9,89.2003,275659.0,0.4794,5243.8,,,
2001-08-29,1.11,,,-0.462,4.9,89.2003,275659.0,0.4794,5243.8,,,
2001-08-30,1.18,,,-0.462,4.9,89.2003,275659.0,0.4794,5243.8,,,
2001-08-31,1.21,,,-0.431,4.9,89.2003,275659.0,0.4003,5243.8,,,
2001-09-01,1.21,,,-0.431,5.0,88.7485,268652.0,0.4003,5355.1,,,
2001-09-03,1.21,,,-0.431,5.0,88.7485,268652.0,0.4003,5355.1,,,
2001-09-04,1.16,,,-0.431,5.0,88.7485,268652.0,0.4003,5355.1,,,
2001-09-05,1.18,,,-0.431,5.0,88.7485,268652.0,0.4003,5355.1,,,
2001-09-06,1.21,,,-0.431,5.0,88.7485,268652.0,0.4003,5355.1,,,
2001-09-07,1.27,,,-0.397,5.0,88.7485,268652.0,0.5128,5355.1,,,
2001-09-10,1.31,,,-0.397,5.0,88.7485,268652.0,0.5128,5355.1,,,
2001-09-11,1.31,,,-0.397,5.0,88.7485,268652.0,0.5128,5355.1,,,
2001-09-12,1.31,,,-0.397,5.0,88.7485,268652.0,0.5128,5355.1,,,
2001-09-13,1.65,,,-0.397,5.0,88.7485,268652.0,0.5128,5355.1,,,
2001-09-14,1.7,,,-0.365,5.0,88.7485,268652.0,1.4842,5355.1,,,
2001-09-17,1.67,,,-0.365,5.0,88.7485,268652.0,1.4842,5355.1,,,
2001-09-18,1.76,,,-0.365,5.0,88.7485,268652.0,1.4842,5355.1,,,
2001-09-19,1.88,,,-0.365,5.0,88.7485,268652.0,1.4842,5355.1,,,
2001-09-20,1.84,,,-0.365,5.0,88.7485,268652.0,1.4842,5355.1,,,
2001-09-21,1.79,,,-0.343,5.0,88.7485,268652.0,2.0126,5355.1,,,
2001-09-24,1.79,,,-0.343,5.0,88.7485,268652.0,2.0126,5355.1,,,
2001-09-25,1.84,,,-0.343,5.0,88.7485,268652.0,2.0126,5355.1,,,
2001-09-26,1.83,,,-0.343,5.0,88.7485,268652.0,2.0126,5355.1,,,
2001-09-27,1.8,,,-0.343,5.0,88.7485,268652.0,2.0126,5355.1,,,
2001-09-28,1.74,,,-0.337,5.0,88.7485,268652.0,0.7486,5355.1,,,
2001-10-01,1.73,,,-0.337,5.3,88.5052,288632.0,0.7486,5343.8,,,
2001-10-02,1.76,,,-0.337,5.3,88.5052,288632.0,0.7486,5343.8,,,
2001-10-03,1.73,,,-0.337,5.3,88.5052,288632.0,0.7486,5343.8,,,
2001-10-04,1.78,,,-0.337,5.3,88.5052,288632.0,0.7486,5343.8,,,
2001-10-05,1.81,,,-0.339,5.3,88.5052,288632.0,1.1351,5343.8,,,
2001-10-08,1.81,,,-0.339,5.3,88.5052,288632.0,1.1351,5343.8,,,
2001-10-09,1.88,,,-0.339,5.3,88.5052,288632.0,1.1351,5343.8,,,
2001-10-10,1.83,,,-0.339,5.3,88.5052,288632.0,1.1351,5343.8,,,
2001-10-11,1.81,,,-0.339,5.3,88.5052,288632.0,1.1351,5343.8,,,
2001-10-12,1.87,,,-0.35,5.3,88.5052,288632.0,0.8738,5343.8,,,
2001-10-15,1.84,,,-0.35,5.3,88.5052,288632.0,0.8738,5343.8,,,
2001-10-16,1.82,,,-0.35,5.3,88.5052,288632.0,0.8738,5343.8,,,
2001-10-17,1.79,,,-0.35,5.3,88.5052,288632.0,0.8738,5343.8,,,
2001-10-18,1.81,,,-0.35,5.3,88.5052,288632.0,0.8738,5343.8,,,
2001-10-19,1.86,,,-0.365,5.3,88.5052,288632.0,0.772,5343.8,,,
2001-10-22,1.84,,,-0.365,5.3,88.5052,288632.0,0.772,5343.8,,,
2001-10-23,1.85,,,-0.365,5.3,88.5052,288632.0,0.772,5343.8,,,
2001-10-24,1.89,,,-0.365,5.3,88.5052,288632.0,0.772,5343.8,,,
2001-10-25,1.93,,,-0.365,5.3,88.5052,288632.0,0.772,5343.8,,,
2001-10-26,1.9,,,-0.381,5.3,88.5052,288632.0,0.7509,5343.8,,,
2001-10-29,1.95,,,-0.381,5.3,88.5052,288632.0,0.7509,5343.8,,,
2001-10-30,1.96,,,-0.381,5.3,88.5052,288632.0,0.7509,5343.8,,,
2001-10-31,1.86,,,-0.381,5.3,88.5052,288632.0,0.7509,5343.8,,,
2001-11-01,1.75,,,-0.381,5.5,87.97,280033.0,0.7509,5387.5,,,
2001-11-02,1.89,,,-0.393,5.5,87.97,280033.0,1.0532,5387.5,,,
2001-11-05,1.85,,,-0.393,5.5,87.97,280033.0,1.0532,5387.5,,,
2001-11-06,1.93,,,-0.393,5.5,87.97,280033.0,1.0532,5387.5,,,
2001-11-07,1.9,,,-0.393,5.5,87.97,280033.0,1.0532,5387.5,,,
2001-11-08,1.9,,,-0.393,5.5,87.97,280033.0,1.0532,5387.5,,,
2001-11-09,1.89,,,-0.398,5.5,87.97,280033.0,0.8477,5387.5,,,
2001-11-12,1.89,,,-0.398,5.5,87.97,280033.0,0.8477,5387.5,,,
2001-11-13,1.87,,,-0.398,5.5,87.97,280033.0,0.8477,5387.5,,,
2001-11-14,1.84,,,-0.398,5.5,87.97,280033.0,0.8477,5387.5,,,
2001-11-15,1.81,,,-0.398,5.5,87.97,280033.0,0.8477,5387.5,,,
2001-11-16,1.82,,,-0.397,5.5,87.97,280033.0,0.4002,5387.5,,,
2001-11-19,1.88,,,-0.397,5.5,87.97,280033.0,0.4002,5387.5,,,
2001-11-20,1.92,,,-0.397,5.5,87.97,280033.0,0.4002,5387.5,,,
2001-11-21,1.87,,,-0.397,5.5,87.97,280033.0,0.4002,5387.5,,,
2001-11-22,1.87,,,-0.397,5.5,87.97,280033.0,0.4002,5387.5,,,
2001-11-23,1.84,,,-0.387,5.5,87.97,280033.0,0.5261,5387.5,,,
2001-11-26,1.83,,,-0.387,5.5,87.97,280033.0,0.5261,5387.5,,,
2001-11-27,1.87,,,-0.387,5.5,87.97,280033.0,0.5261,5387.5,,,
2001-11-28,1.86,,,-0.387,5.5,87.97,280033.0,0.5261,5387.5,,,
2001-11-29,1.92,,,-0.387,5.5,87.97,280033.0,0.5261,5387.5,,,
2001-11-30,1.94,,,-0.373,5.5,87.97,280033.0,0.6948,5387.5,,,
2001-12-01,1.94,,,-0.373,5.7,87.9324,276302.0,0.6948,5440.5,,,
2001-12-03,1.93,,,-0.373,5.7,87.9324,276302.0,0.6948,5440.5,,,
2001-12-04,1.89,,,-0.373,5.7,87.9324,276302.0,0.6948,5440.5,,,
2001-12-05,1.85,,,-0.373,5.7,87.9324,276302.0,0.6948,5440.5,,,
2001-12-06,1.85,,,-0.373,5.7,87.9324,276302.0,0.6948,5440.5,,,
2001-12-07,2.01,,,-0.361,5.7,87.9324,276302.0,0.7898,5440.5,,,
2001-12-10,2.07,,,-0.361,5.7,87.9324,276302.0,0.7898,5440.5,,,
2001-12-11,2.1,,,-0.361,5.7,87.9324,276302.0,0.7898,5440.5,,,
2001-12-12,2.05,,,-0.361,5.7,87.9324,276302.0,0.7898,5440.5,,,
2001-12-13,2.04,,,-0.361,5.7,87.9324,276302.0,0.7898,5440.5,,,
2001-12-14,2.04,,,-0.355,5.7,87.9324,276302.0,0.7881,5440.5,,,
2001-12-17,2.05,,,-0.355,5.7,87.9324,276302.0,0.7881,5440.5,,,
2001-12-18,2.03,,,-0.355,5.7,87.9324,276302.0,0.7881,5440.5,,,
2001-12-19,1.97,,,-0.355,5.7,87.9324,276302.0,0.7881,5440.5,,,
2001-12-20,1.93,,,-0.355,5.7,87.9324,276302.0,0.7881,5440.5,,,
2001-12-21,1.95,,,-0.357,5.7,87.9324,276302.0,0.7644,5440.5,,,
2001-12-24,1.96,,,-0.357,5.7,87.9324,276302.0,0.7644,5440.5,,,
2001-12-25,1.96,,,-0.357,5.7,87.9324,276302.0,0.7644,5440.5,,,
2001-12-26,1.96,,,-0.357,5.7,87.9324,276302.0,0.7644,5440.5,,,
2001-12-27,1.94,,,-0.357,5.7,87.9324,276302.0,0.7644,5440.5,,,
2001-12-28,1.99,,,-0.37,5.7,87.9324,276302.0,0.6011,5440.5,,,
2001-12-31,2.0,,,-0.37,5.7,87.9324,276302.0,0.6011,5440.5,,,
2002-01-01,2.0,,,-0.37,5.7,88.5176,277135.0,0.6011,5460.9,,,
2002-01-02,1.98,,,-0.37,5.7,88.5176,277135.0,0.6011,5460.9,,,
2002-01-03,1.97,,,-0.37,5.7,88.5176,277135.0,0.6011,5460.9,,,
2002-01-04,1.99,,,-0.39,5.7,88.5176,277135.0,0.5584,5460.9,,,
2002-01-07,2.01,,,-0.39,5.7,88.5176,277135.0,0.5584,5460.9,,,
2002-01-08,2.03,,,-0.39,5.7,88.5176,277135.0,0.5584,5460.9,,,
2002-01-09,2.07,,,-0.39,5.7,88.5176,277135.0,0.5584,5460.9,,,
2002-01-10,2.06,,,-0.39,5.7,88.5176,277135.0,0.5584,5460.9,,,
2002-01-11,2.16,,,-0.416,5.7,88.5176,277135.0,0.5415,5460.9,,,
2002-01-14,2.12,,,-0.416,5.7,88.5176,277135.0,0.5415,5460.9,,,
2002-01-15,2.09,,,-0.416,5.7,88.5176,277135.0,0.5415,5460.9,,,
2002-01-16,2.04,,,-0.416,5.7,88.5176,277135.0,0.5415,5460.9,,,
2002-01-17,2.02,,,-0.416,5.7,88.5176,277135.0,0.5415,5460.9,,,
2002-01-18,2.03,,,-0.441,5.7,88.5176,277135.0,0.5969,5460.9,,,
2002-01-21,2.03,,,-0.441,5.7,88.5176,277135.0,0.5969,5460.9,,,
2002-01-22,1.99,,,-0.441,5.7,88.5176,277135.0,0.5969,5460.9,,,
2002-01-23,1.98,,,-0.441,5.7,88.5176,277135.0,0.5969,5460.9,,,
2002-01-24,1.92,,,-0.441,5.7,88.5176,277135.0,0.5969,5460.9,,,
2002-01-25,1.93,,,-0.462,5.7,88.5176,277135.0,0.3675,5460.9,,,
2002-01-28,1.93,,,-0.462,5.7,88.5176,277135.0,0.3675,5460.9,,,
2002-01-29,1.97,,,-0.462,5.7,88.5176,277135.0,0.3675,5460.9,,,
2002-01-30,1.96,,,-0.462,5.7,88.5176,277135.0,0.3675,5460.9,,,
2002-01-31,1.91,,,-0.462,5.7,88.5176,277135.0,0.3675,5460.9,,,
2002-02-01,1.94,,,-0.477,5.7,88.5278,278869.0,0.5155,5490.2,,,
2002-02-04,1.95,,,-0.477,5.7,88.5278,278869.0,0.5155,5490.2,,,
2002-02-05,1.93,,,-0.477,5.7,88.5278,278869.0,0.5155,5490.2,,,
2002-02-06,1.94,,,-0.477,5.7,88.5278,278869.0,0.5155,5490.2,,,
2002-02-07,1.94,,,-0.477,5.7,88.5278,278869.0,0.5155,5490.2,,,
2002-02-08,1.95,,,-0.486,5.7,88.5278,278869.0,0.6746,5490.2,,,
2002-02-11,1.96,,,-0.486,5.7,88.5278,278869.0,0.6746,5490.2,,,
2002-02-12,1.93,,,-0.486,5.7,88.5278,278869.0,0.6746,5490.2,,,
2002-02-13,1.92,,,-0.486,5.7,88.5278,278869.0,0.6746,5490.2,,,
2002-02-14,1.88,,,-0.486,5.7,88.5278,278869.0,0.6746,5490.2,,,
2002-02-15,1.89,,,-0.491,5.7,88.5278,278869.0,0.3766,5490.2,,,
2002-02-18,1.89,,,-0.491,5.7,88.5278,278869.0,0.3766,5490.2,,,
2002-02-19,1.9,,,-0.491,5.7,88.5278,278869.0,0.3766,5490.2,,,
2002-02-20,1.88,,,-0.491,5.7,88.5278,278869.0,0.3766,5490.2,,,
2002-02-21,1.88,,,-0.491,5.7,88.5278,278869.0,0.3766,5490.2,,,
2002-02-22,1.87,,,-0.491,5.7,88.5278,278869.0,0.5541,5490.2,,,
2002-02-25,1.85,,,-0.491,5.7,88.5278,278869.0,0.5541,5490.2,,,
2002-02-26,1.85,,,-0.491,5.7,88.5278,278869.0,0.5541,5490.2,,,
2002-02-27,1.75,,,-0.491,5.7,88.5278,278869.0,0.5541,5490.2,,,
2002-02-28,1.82,,,-0.491,5.7,88.5278,278869.0,0.5541,5490.2,,,
2002-03-01,1.8,,,-0.491,5.7,89.1686,278079.0,0.3905,5502.0,,,
2002-03-04,1.78,,,-0.491,5.7,89.1686,278079.0,0.3905,5502.0,,,
2002-03-05,1.77,,,-0.491,5.7,89.1686,278079.0,0.3905,5502.0,,,
2002-03-06,1.8,,,-0.491,5.7,89.1686,278079.0,0.3905,5502.0,,,
2002-03-07,1.86,,,-0.491,5.7,89.1686,278079.0,0.3905,5502.0,,,
2002-03-08,1.73,,,-0.49,5.7,89.1686,278079.0,0.2029,5502.0,,,
2002-03-11,1.74,,,-0.49,5.7,89.1686,278079.0,0.2029,5502.0,,,
2002-03-12,1.76,,,-0.49,5.7,89.1686,278079.0,0.2029,5502.0,,,
2002-03-13,1.79,,,-0.49,5.7,89.1686,278079.0,0.2029,5502.0,,,
2002-03-14,1.77,,,-0.49,5.7,89.1686,278079.0,0.2029,5502.0,,,
2002-03-15,1.72,,,-0.49,5.7,89.1686,278079.0,0.1723,5502.0,,,
2002-03-18,1.65,,,-0.49,5.7,89.1686,278079.0,0.1723,5502.0,,,
2002-03-19,1.69,,,-0.49,5.7,89.1686,278079.0,0.1723,5502.0,,,
2002-03-20,1.69,,,-0.49,5.7,89.1686,278079.0,0.1723,5502.0,,,
2002-03-21,1.66,,,-0.49,5.7,89.1686,278079.0,0.1723,5502.0,,,
2002-03-22,1.63,,,-0.494,5.7,89.1686,278079.0,0.2931,5502.0,,,
2002-03-25,1.63,,,-0.494,5.7,89.1686,278079.0,0.2931,5502.0,,,
2002-03-26,1.67,,,-0.494,5.7,89.1686,278079.0,0.2931,5502.0,,,
2002-03-27,1.69,,,-0.494,5.7,89.1686,278079.0,0.2931,5502.0,,,
2002-03-28,1.7,,,-0.494,5.7,89.1686,278079.0,0.2931,5502.0,,,
2002-03-29,1.7,,,-0.503,5.7,89.1686,278079.0,0.3491,5502.0,,,
2002-04-01,1.7,,,-0.503,5.9,89.604,281147.0,0.3491,5502.1,,,
2002-04-02,1.73,,,-0.503,5.9,89.604,281147.0,0.3491,5502.1,,,
2002-04-03,1.75,,,-0.503,5.9,89.604,281147.0,0.3491,5502.1,,,
2002-04-04,1.71,,,-0.503,5.9,89.604,281147.0,0.3491,5502.1,,,
2002-04-05,1.73,,,-0.516,5.9,89.604,281147.0,0.4452,5502.1,,,
2002-04-08,1.74,,,-0.516,5.9,89.604,281147.0,0.4452,5502.1,,,
2002-04-09,1.74,,,-0.516,5.9,89.604,281147.0,0.4452,5502.1,,,
2002-04-10,1.76,,,-0.516,5.9,89.604,281147.0,0.4452,5502.1,,,
2002-04-11,1.75,,,-0.516,5.9,89.604,281147.0,0.4452,5502.1,,,
2002-04-12,1.77,,,-0.535,5.9,89.604,281147.0,0.407,5502.1,,,
2002-04-15,1.77,,,-0.535,5.9,89.604,281147.0,0.407,5502.1,,,
2002-04-16,1.77,,,-0.535,5.9,89.604,281147.0,0.407,5502.1,,,
2002-04-17,1.83,,,-0.535,5.9,89.604,281147.0,0.407,5502.1,,,
2002-04-18,1.85,,,-0.535,5.9,89.604,281147.0,0.407,5502.1,,,
2002-04-19,1.85,,,-0.557,5.9,89.604,281147.0,0.3009,5502.1,,,
2002-04-22,1.82,,,-0.557,5.9,89.604,281147.0,0.3009,5502.1,,,
2002-04-23,1.79,,,-0.557,5.9,89.604,281147.0,0.3009,5502.1,,,
2002-04-24,1.83,,,-0.557,5.9,89.604,281147.0,0.3009,5502.1,,,
2002-04-25,1.85,,,-0.557,5.9,89.604,281147.0,0.3009,5502.1,,,
2002-04-26,1.86,,,-0.579,5.9,89.604,281147.0,0.3837,5502.1,,,
2002-04-29,1.87,,,-0.579,5.9,89.604,281147.0,0.3837,5502.1,,,
2002-04-30,1.87,,,-0.579,5.9,89.604,281147.0,0.3837,5502.1,,,
2002-05-01,1.87,,,-0.579,5.8,89.964,278966.0,0.3837,5528.3,,,
2002-05-02,1.88,,,-0.579,5.8,89.964,278966.0,0.3837,5528.3,,,
2002-05-03,1.91,,,-0.601,5.8,89.964,278966.0,0.2702,5528.3,,,
2002-05-06,1.91,,,-0.601,5.8,89.964,278966.0,0.2702,5528.3,,,
2002-05-07,1.95,,,-0.601,5.8,89.964,278966.0,0.2702,5528.3,,,
2002-05-08,1.92,,,-0.601,5.8,89.964,278966.0,0.2702,5528.3,,,
2002-05-09,1.93,,,-0.601,5.8,89.964,278966.0,0.2702,5528.3,,,
2002-05-10,1.96,,,-0.618,5.8,89.964,278966.0,0.3638,5528.3,,,
2002-05-13,1.95,,,-0.618,5.8,89.964,278966.0,0.3638,5528.3,,,
2002-05-14,1.92,,,-0.618,5.8,89.964,278966.0,0.3638,5528.3,,,
2002-05-15,1.91,,,-0.618,5.8,89.964,278966.0,0.3638,5528.3,,,
2002-05-16,1.92,,,-0.618,5.8,89.964,278966.0,0.3638,5528.3,,,
2002-05-17,1.86,,,-0.628,5.8,89.964,278966.0,0.1662,5528.3,,,
2002-05-20,1.88,,,-0.628,5.8,89.964,278966.0,0.1662,5528.3,,,
2002-05-21,1.9,,,-0.628,5.8,89.964,278966.0,0.1662,5528.3,,,
2002-05-22,1.9,,,-0.628,5.8,89.964,278966.0,0.1662,5528.3,,,
2002-05-23,1.88,,,-0.628,5.8,89.964,278966.0,0.1662,5528.3,,,
2002-05-24,1.88,,,-0.63,5.8,89.964,278966.0,0.369,5528.3,,,
2002-05-27,1.88,,,-0.63,5.8,89.964,278966.0,0.369,5528.3,,,
2002-05-28,1.86,,,-0.63,5.8,89.964,278966.0,0.369,5528.3,,,
2002-05-29,1.87,,,-0.63,5.8,89.964,278966.0,0.369,5528.3,,,
2002-05-30,1.89,,,-0.63,5.8,89.964,278966.0,0.369,5528.3,,,
2002-05-31,1.86,,,-0.624,5.8,89.964,278966.0,0.3482,5528.3,,,
2002-06-01,1.86,,,-0.624,5.8,90.7061,280426.0,0.3482,5553.3,,,
2002-06-03,1.87,,,-0.624,5.8,90.7061,280426.0,0.3482,5553.3,,,
2002-06-04,1.91,,,-0.624,5.8,90.7061,280426.0,0.3482,5553.3,,,
2002-06-05,1.92,,,-0.624,5.8,90.7061,280426.0,0.3482,5553.3,,,
2002-06-06,1.91,,,-0.624,5.8,90.7061,280426.0,0.3482,5553.3,,,
2002-06-07,1.94,,,-0.61,5.8,90.7061,280426.0,0.5319,5553.3,,,
2002-06-10,1.92,,,-0.61,5.8,90.7061,280426.0,0.5319,5553.3,,,
2002-06-11,1.93,,,-0.61,5.8,90.7061,280426.0,0.5319,5553.3,,,
2002-06-12,1.93,,,-0.61,5.8,90.7061,280426.0,0.5319,5553.3,,,
2002-06-13,1.94,,,-0.61,5.8,90.7061,280426.0,0.5319,5553.3,,,
2002-06-14,1.91,,,-0.59,5.8,90.7061,280426.0,0.6289,5553.3,,,
2002-06-17,1.93,,,-0.59,5.8,90.7061,280426.0,0.6289,5553.3,,,
2002-06-18,1.95,,,-0.59,5.8,90.7061,280426.0,0.6289,5553.3,,,
2002-06-19,1.95,,,-0.59,5.8,90.7061,280426.0,0.6289,5553.3,,,
2002-06-20,1.92,,,-0.59,5.8,90.7061,280426.0,0.6289,5553.3,,,
2002-06-21,1.91,,,-0.565,5.8,90.7061,280426.0,0.6554,5553.3,,,
2002-06-24,1.94,,,-0.565,5.8,90.7061,280426.0,0.6554,5553.3,,,
2002-06-25,1.96,,,-0.565,5.8,90.7061,280426.0,0.6554,5553.3,,,
2002-06-26,1.98,,,-0.565,5.8,90.7061,280426.0,0.6554,5553.3,,,
2002-06-27,1.99,,,-0.565,5.8,90.7061,280426.0,0.6554,5553.3,,,
2002-06-28,1.96,,,-0.538,5.8,90.7061,280426.0,0.9941,5553.3,,,
2002-07-01,1.97,,,-0.538,5.8,90.6769,284161.0,0.9941,5596.0,,,
2002-07-02,1.99,,,-0.538,5.8,90.6769,284161.0,0.9941,5596.0,,,
2002-07-03,2.0,,,-0.538,5.8,90.6769,284161.0,0.9941,5596.0,,,
2002-07-04,2.0,,,-0.538,5.8,90.6769,284161.0,0.9941,5596.0,,,
2002-07-05,2.0,,,-0.51,5.8,90.6769,284161.0,0.7841,5596.0,,,
2002-07-08,2.0,,,-0.51,5.8,90.6769,284161.0,0.7841,5596.0,,,
2002-07-09,2.04,,,-0.51,5.8,90.6769,284161.0,0.7841,5596.0,,,
2002-07-10,2.05,,,-0.51,5.8,90.6769,284161.0,0.7841,5596.0,,,
2002-07-11,2.05,,,-0.51,5.8,90.6769,284161.0,0.7841,5596.0,,,
2002-07-12,2.07,,,-0.483,5.8,90.6769,284161.0,0.9183,5596.0,,,
2002-07-15,2.11,,,-0.483,5.8,90.6769,284161.0,0.9183,5596.0,,,
2002-07-16,2.09,,,-0.483,5.8,90.6769,284161.0,0.9183,5596.0,,,
2002-07-17,2.08,,,-0.483,5.8,90.6769,284161.0,0.9183,5596.0,,,
2002-07-18,2.11,,,-0.483,5.8,90.6769,284161.0,0.9183,5596.0,,,
2002-07-19,2.13,,,-0.459,5.8,90.6769,284161.0,1.0444,5596.0,,,
2002-07-22,2.11,,,-0.459,5.8,90.6769,284161.0,1.0444,5596.0,,,
2002-07-23,2.13,,,-0.459,5.8,90.6769,284161.0,1.0444,5596.0,,,
2002-07-24,2.11,,,-0.459,5.8,90.6769,284161.0,1.0444,5596.0,,,
2002-07-25,2.15,,,-0.459,5.8,90.6769,284161.0,1.0444,5596.0,,,
2002-07-26,2.23,,,-0.439,5.8,90.6769,284161.0,1.5179,5596.0,,,
2002-07-29,2.21,,,-0.439,5.8,90.6769,284161.0,1.5179,5596.0,,,
2002-07-30,2.21,,,-0.439,5.8,90.6769,284161.0,1.5179,5596.0,,,
2002-07-31,2.28,,,-0.439,5.8,90.6769,284161.0,1.5179,5596.0,,,
2002-08-01,2.32,,,-0.439,5.7,90.5762,285884.0,1.5179,5638.3,,,
2002-08-02,2.34,,,-0.424,5.7,90.5762,285884.0,0.9339,5638.3,,,
2002-08-05,2.36,,,-0.424,5.7,90.5762,285884.0,0.9339,5638.3,,,
2002-08-06,2.31,,,-0.424,5.7,90.5762,285884.0,0.9339,5638.3,,,
2002-08-07,2.37,,,-0.424,5.7,90.5762,285884.0,0.9339,5638.3,,,
2002-08-08,2.3,,,-0.424,5.7,90.5762,285884.0,0.9339,5638.3,,,
2002-08-09,2.17,,,-0.413,5.7,90.5762,285884.0,1.3091,5638.3,,,
2002-08-12,2.12,,,-0.413,5.7,90.5762,285884.0,1.3091,5638.3,,,
2002-08-13,2.12,,,-0.413,5.7,90.5762,285884.0,1.3091,5638.3,,,
2002-08-14,1.94,,,-0.413,5.7,90.5762,285884.0,1.3091,5638.3,,,
2002-08-15,1.95,,,-0.413,5.7,90.5762,285884.0,1.3091,5638.3,,,
2002-08-16,2.04,,,-0.405,5.7,90.5762,285884.0,1.0612,5638.3,,,
2002-08-19,2.04,,,-0.405,5.7,90.5762,285884.0,1.0612,5638.3,,,
2002-08-20,2.05,,,-0.405,5.7,90.5762,285884.0,1.0612,5638.3,,,
2002-08-21,2.08,,,-0.405,5.7,90.5762,285884.0,1.0612,5638.3,,,
2002-08-22,2.08,,,-0.405,5.7,90.5762,285884.0,1.0612,5638.3,,,
2002-08-23,2.06,,,-0.397,5.7,90.5762,285884.0,0.857,5638.3,,,
2002-08-26,2.03,,,-0.397,5.7,90.5762,285884.0,0.857,5638.3,,,
2002-08-27,2.03,,,-0.397,5.7,90.5762,285884.0,0.857,5638.3,,,
2002-08-28,1.99,,,-0.397,5.7,90.5762,285884.0,0.857,5638.3,,,
2002-08-29,2.02,,,-0.397,5.7,90.5762,285884.0,0.857,5638.3,,,
2002-08-30,2.0,,,-0.389,5.7,90.5762,285884.0,0.8467,5638.3,,,
2002-09-01,2.0,,,-0.389,5.7,90.6531,281064.0,0.8467,5662.3,,,
2002-09-02,2.0,,,-0.389,5.7,90.6531,281064.0,0.8467,5662.3,,,
2002-09-03,1.97,,,-0.389,5.7,90.6531,281064.0,0.8467,5662.3,,,
2002-09-04,1.94,,,-0.389,5.7,90.6531,281064.0,0.8467,5662.3,,,
2002-09-05,1.96,,,-0.389,5.7,90.6531,281064.0,0.8467,5662.3,,,
2002-09-06,1.97,,,-0.378,5.7,90.6531,281064.0,1.333,5662.3,,,
2002-09-09,1.92,,,-0.378,5.7,90.6531,281064.0,1.333,5662.3,,,
2002-09-10,1.88,,,-0.378,5.7,90.6531,281064.0,1.333,5662.3,,,
2002-09-11,1.89,,,-0.378,5.7,90.6531,281064.0,1.333,5662.3,,,
2002-09-12,1.86,,,-0.378,5.7,90.6531,281064.0,1.333,5662.3,,,
2002-09-13,1.85,,,-0.368,5.7,90.6531,281064.0,1.0086,5662.3,,,
2002-09-16,1.83,,,-0.368,5.7,90.6531,281064.0,1.0086,5662.3,,,
2002-09-17,1.81,,,-0.368,5.7,90.6531,281064.0,1.0086,5662.3,,,
2002-09-18,1.82,,,-0.368,5.7,90.6531,281064.0,1.0086,5662.3,,,
2002-09-19,1.86,,,-0.368,5.7,90.6531,281064.0,1.0086,5662.3,,,
2002-09-20,1.85,,,-0.358,5.7,90.6531,281064.0,1.3051,5662.3,,,
2002-09-23,1.77,,,-0.358,5.7,90.6531,281064.0,1.3051,5662.3,,,
2002-09-24,1.76,,,-0.358,5.7,90.6531,281064.0,1.3051,5662.3,,,
2002-09-25,1.77,,,-0.358,5.7,90.6531,281064.0,1.3051,5662.3,,,
2002-09-26,1.82,,,-0.358,5.7,90.6531,281064.0,1.3051,5662.3,,,
2002-09-27,1.87,,,-0.353,5.7,90.6531,281064.0,1.4432,5662.3,,,
2002-09-30,1.91,,,-0.353,5.7,90.6531,281064.0,1.4432,5662.3,,,
2002-10-01,1.92,,,-0.353,5.7,90.4643,282940.0,1.4432,5707.1,,,
2002-10-02,1.96,,,-0.353,5.7,90.4643,282940.0,1.4432,5707.1,,,
2002-10-03,1.95,,,-0.353,5.7,90.4643,282940.0,1.4432,5707.1,,,
2002-10-04,1.91,,,-0.352,5.7,90.4643,282940.0,1.2559,5707.1,,,
2002-10-07,1.87,,,-0.352,5.7,90.4643,282940.0,1.2559,5707.1,,,
2002-10-08,1.85,,,-0.352,5.7,90.4643,282940.0,1.2559,5707.1,,,
2002-10-09,1.89,,,-0.352,5.7,90.4643,282940.0,1.2559,5707.1,,,
2002-10-10,1.93,,,-0.352,5.7,90.4643,282940.0,1.2559,5707.1,,,
2002-10-11,1.98,,,-0.358,5.7,90.4643,282940.0,1.5551,5707.1,,,
2002-10-14,1.98,,,-0.358,5.7,90.4643,282940.0,1.5551,5707.1,,,
2002-10-15,1.99,,,-0.358,5.7,90.4643,282940.0,1.5551,5707.1,,,
2002-10-16,2.04,,,-0.358,5.7,90.4643,282940.0,1.5551,5707.1,,,
2002-10-17,2.06,,,-0.358,5.7,90.4643,282940.0,1.5551,5707.1,,,
2002-10-18,2.05,,,-0.37,5.7,90.4643,282940.0,0.7759,5707.1,,,
2002-10-21,2.01,,,-0.37,5.7,90.4643,282940.0,0.7759,5707.1,,,
2002-10-22,2.06,,,-0.37,5.7,90.4643,282940.0,0.7759,5707.1,,,
2002-10-23,2.06,,,-0.37,5.7,90.4643,282940.0,0.7759,5707.1,,,
2002-10-24,2.07,,,-0.37,5.7,90.4643,282940.0,0.7759,5707.1,,,
2002-10-25,2.14,,,-0.386,5.7,90.4643,282940.0,0.9993,5707.1,,,
2002-10-28,2.22,,,-0.386,5.7,90.4643,282940.0,0.9993,5707.1,,,
2002-10-29,2.18,,,-0.386,5.7,90.4643,282940.0,0.9993,5707.1,,,
2002-10-30,2.25,,,-0.386,5.7,90.4643,282940.0,0.9993,5707.1,,,
2002-10-31,2.25,,,-0.386,5.7,90.4643,282940.0,0.9993,5707.1,,,
2002-11-01,2.25,,,-0.404,5.9,90.9711,283408.0,1.2119,5758.1,,,
2002-11-04,2.28,,,-0.404,5.9,90.9711,283408.0,1.2119,5758.1,,,
2002-11-05,2.28,,,-0.404,5.9,90.9711,283408.0,1.2119,5758.1,,,
2002-11-06,2.22,,,-0.404,5.9,90.9711,283408.0,1.2119,5758.1,,,
2002-11-07,2.02,,,-0.404,5.9,90.9711,283408.0,1.2119,5758.1,,,
2002-11-08,1.98,,,-0.421,5.9,90.9711,283408.0,1.0677,5758.1,,,
2002-11-11,1.98,,,-0.421,5.9,90.9711,283408.0,1.0677,5758.1,,,
2002-11-12,2.05,,,-0.421,5.9,90.9711,283408.0,1.0677,5758.1,,,
2002-11-13,2.08,,,-0.421,5.9,90.9711,283408.0,1.0677,5758.1,,,
2002-11-14,2.14,,,-0.421,5.9,90.9711,283408.0,1.0677,5758.1,,,
2002-11-15,2.14,,,-0.437,5.9,90.9711,283408.0,1.0052,5758.1,,,
2002-11-18,2.11,,,-0.437,5.9,90.9711,283408.0,1.0052,5758.1,,,
2002-11-19,2.08,,,-0.437,5.9,90.9711,283408.0,1.0052,5758.1,,,
2002-11-20,2.1,,,-0.437,5.9,90.9711,283408.0,1.0052,5758.1,,,
2002-11-21,2.09,,,-0.437,5.9,90.9711,283408.0,1.0052,5758.1,,,
2002-11-22,2.08,,,-0.448,5.9,90.9711,283408.0,0.5268,5758.1,,,
2002-11-25,2.1,,,-0.448,5.9,90.9711,283408.0,0.5268,5758.1,,,
2002-11-26,2.11,,,-0.448,5.9,90.9711,283408.0,0.5268,5758.1,,,
2002-11-27,2.13,,,-0.448,5.9,90.9711,283408.0,0.5268,5758.1,,,
2002-11-28,2.13,,,-0.448,5.9,90.9711,283408.0,0.5268,5758.1,,,
2002-11-29,2.14,,,-0.454,5.9,90.9711,283408.0,0.6854,5758.1,,,
2002-12-01,2.14,,,-0.454,6.0,90.4652,286646.0,0.6854,5779.4,,,
2002-12-02,2.15,,,-0.454,6.0,90.4652,286646.0,0.6854,5779.4,,,
2002-12-03,2.16,,,-0.454,6.0,90.4652,286646.0,0.6854,5779.4,,,
2002-12-04,2.16,,,-0.454,6.0,90.4652,286646.0,0.6854,5779.4,,,
2002-12-05,2.16,,,-0.454,6.0,90.4652,286646.0,0.6854,5779.4,,,
2002-12-06,2.2,,,-0.457,6.0,90.4652,286646.0,0.8655,5779.4,,,
2002-12-09,2.18,,,-0.457,6.0,90.4652,286646.0,0.8655,5779.4,,,
2002-12-10,2.16,,,-0.457,6.0,90.4652,286646.0,0.8655,5779.4,,,
2002-12-11,2.16,,,-0.457,6.0,90.4652,286646.0,0.8655,5779.4,,,
2002-12-12,2.16,,,-0.457,6.0,90.4652,286646.0,0.8655,5779.4,,,
2002-12-13,2.2,,,-0.46,6.0,90.4652,286646.0,0.8795,5779.4,,,
2002-12-16,2.21,,,-0.46,6.0,90.4652,286646.0,0.8795,5779.4,,,
2002-12-17,2.24,,,-0.46,6.0,90.4652,286646.0,0.8795,5779.4,,,
2002-12-18,2.25,,,-0.46,6.0,90.4652,286646.0,0.8795,5779.4,719542.0,,
2002-12-19,2.22,,,-0.46,6.0,90.4652,286646.0,0.8795,5779.4,719542.0,,
2002-12-20,2.21,,,-0.464,6.0,90.4652,286646.0,0.6706,5779.4,719542.0,,
2002-12-23,2.19,,,-0.464,6.0,90.4652,286646.0,0.6706,5779.4,719542.0,,
2002-12-24,2.22,,,-0.464,6.0,90.4652,286646.0,0.6706,5779.4,719542.0,,
2002-12-25,2.22,,,-0.464,6.0,90.4652,286646.0,0.6706,5779.4,732059.0,,
2002-12-26,2.23,,,-0.464,6.0,90.4652,286646.0,0.6706,5779.4,732059.0,,
2002-12-27,2.23,,,-0.471,6.0,90.4652,286646.0,0.9058,5779.4,732059.0,,
2002-12-30,2.21,,,-0.471,6.0,90.4652,286646.0,0.9058,5779.4,732059.0,,
2002-12-31,2.22,,,-0.471,6.0,90.4652,286646.0,0.9058,5779.4,732059.0,,
2003-01-01,2.22,,,-0.471,5.8,91.2361,288657.0,0.9058,5812.1,730994.0,,
2003-01-02,2.27,,,-0.471,5.8,91.2361,288657.0,0.9058,5812.1,730994.0,2.43,
2003-01-03,2.26,,,-0.482,5.8,91.2361,288657.0,0.9264,5812.1,730994.0,2.43,
2003-01-06,2.25,,,-0.482,5.8,91.2361,288657.0,0.9264,5812.1,730994.0,2.46,
2003-01-07,2.27,,,-0.482,5.8,91.2361,288657.0,0.9264,5812.1,730994.0,2.42,
2003-01-08,2.29,,,-0.482,5.8,91.2361,288657.0,0.9264,5812.1,723762.0,2.29,
2003-01-09,2.32,,,-0.482,5.8,91.2361,288657.0,0.9264,5812.1,723762.0,2.41,
2003-01-10,2.37,,,-0.495,5.8,91.2361,288657.0,0.4743,5812.1,723762.0,2.41,
2003-01-13,2.34,,,-0.495,5.8,91.2361,288657.0,0.4743,5812.1,723762.0,2.38,
2003-01-14,2.34,,,-0.495,5.8,91.2361,288657.0,0.4743,5812.1,723762.0,2.34,
2003-01-15,2.35,,,-0.495,5.8,91.2361,288657.0,0.4743,5812.1,720074.0,2.3,
2003-01-16,2.35,,,-0.495,5.8,91.2361,288657.0,0.4743,5812.1,720074.0,2.31,
2003-01-17,2.35,,,-0.507,5.8,91.2361,288657.0,0.6585,5812.1,720074.0,2.25,
2003-01-20,2.35,,,-0.507,5.8,91.2361,288657.0,0.6585,5812.1,720074.0,2.25,
2003-01-21,2.34,,,-0.507,5.8,91.2361,288657.0,0.6585,5812.1,720074.0,2.23,
2003-01-22,2.29,,,-0.507,5.8,91.2361,288657.0,0.6585,5812.1,735953.0,2.23,
2003-01-23,2.29,,,-0.507,5.8,91.2361,288657.0,0.6585,5812.1,735953.0,2.2,
2003-01-24,2.28,,,-0.517,5.8,91.2361,288657.0,0.9416,5812.1,735953.0,2.14,
2003-01-27,2.28,,,-0.517,5.8,91.2361,288657.0,0.9416,5812.1,735953.0,2.16,
2003-01-28,2.3,,,-0.517,5.8,91.2361,288657.0,0.9416,5812.1,735953.0,2.19,
2003-01-29,2.29,,,-0.517,5.8,91.2361,288657.0,0.9416,5812.1,712809.0,2.21,
2003-01-30,2.3,,,-0.517,5.8,91.2361,288657.0,0.9416,5812.1,712809.0,2.2,
2003-01-31,2.28,,,-0.524,5.8,91.2361,288657.0,0.924,5812.1,712809.0,2.19,
2003-02-01,2.28,,,-0.524,5.9,91.3445,284696.0,0.924,5848.2,712809.0,2.19,
2003-02-03,2.29,,,-0.524,5.9,91.3445,284696.0,0.924,5848.2,712809.0,2.2,
2003-02-04,2.28,,,-0.524,5.9,91.3445,284696.0,0.924,5848.2,712809.0,2.12,
2003-02-05,2.29,,,-0.524,5.9,91.3445,284696.0,0.924,5848.2,719643.0,2.12,
2003-02-06,2.29,,,-0.524,5.9,91.3445,284696.0,0.924,5848.2,719643.0,2.09,
2003-02-07,2.33,,,-0.527,5.9,91.3445,284696.0,0.951,5848.2,719643.0,2.07,
2003-02-10,2.31,,,-0.527,5.9,91.3445,284696.0,0.951,5848.2,719643.0,2.06,
2003-02-11,2.33,,,-0.527,5.9,91.3445,284696.0,0.951,5848.2,719643.0,2.05,
2003-02-12,2.31,,,-0.527,5.9,91.3445,284696.0,0.951,5848.2,713281.0,2.04,
2003-02-13,2.32,,,-0.527,5.9,91.3445,284696.0,0.951,5848.2,713281.0,2.01,
2003-02-14,2.33,,,-0.53,5.9,91.3445,284696.0,0.9052,5848.2,713281.0,2.03,
2003-02-17,2.33,,,-0.53,5.9,91.3445,284696.0,0.9052,5848.2,713281.0,2.03,
2003-02-18,2.28,,,-0.53,5.9,91.3445,284696.0,0.9052,5848.2,713281.0,2.05,
2003-02-19,2.27,,,-0.53,5.9,91.3445,284696.0,0.9052,5848.2,730400.0,1.99,
2003-02-20,2.26,,,-0.53,5.9,91.3445,284696.0,0.9052,5848.2,730400.0,1.91,
2003-02-21,2.27,,,-0.533,5.9,91.3445,284696.0,0.6787,5848.2,730400.0,1.93,
2003-02-24,2.26,,,-0.533,5.9,91.3445,284696.0,0.6787,5848.2,730400.0,1.87,
2003-02-25,2.23,,,-0.533,5.9,91.3445,284696.0,0.6787,5848.2,730400.0,1.84,
2003-02-26,2.21,,,-0.533,5.9,91.3445,284696.0,0.6787,5848.2,721980.0,1.84,
2003-02-27,2.18,,,-0.533,5.9,91.3445,284696.0,0.6787,5848.2,721980.0,1.82,
2003-02-28,2.18,,,-0.537,5.9,91.3445,284696.0,0.6694,5848.2,721980.0,1.77,
2003-03-01,2.18,,,-0.537,5.9,91.1044,288177.0,0.6694,5868.4,721980.0,1.77,
2003-03-03,2.16,,,-0.537,5.9,91.1044,288177.0,0.6694,5868.4,721980.0,1.77,
2003-03-04,2.16,,,-0.537,5.9,91.1044,288177.0,0.6694,5868.4,721980.0,1.77,
2003-03-05,2.17,,,-0.537,5.9,91.1044,288177.0,0.6694,5868.4,722649.0,1.75,
2003-03-06,2.2,,,-0.537,5.9,91.1044,288177.0,0.6694,5868.4,722649.0,1.74,
2003-03-07,2.24,,,-0.543,5.9,91.1044,288177.0,0.7317,5868.4,722649.0,1.72,
2003-03-10,2.24,,,-0.543,5.9,91.1044,288177.0,0.7317,5868.4,722649.0,1.69,
2003-03-11,2.22,,,-0.543,5.9,91.1044,288177.0,0.7317,5868.4,722649.0,1.68,
2003-03-12,2.15,,,-0.543,5.9,91.1044,288177.0,0.7317,5868.4,717014.0,1.68,
2003-03-13,2.15,,,-0.543,5.9,91.1044,288177.0,0.7317,5868.4,717014.0,1.73,
2003-03-14,2.16,,,-0.553,5.9,91.1044,288177.0,0.7948,5868.4,717014.0,1.89,
2003-03-17,2.19,,,-0.553,5.9,91.1044,288177.0,0.7948,5868.4,717014.0,1.97,
2003-03-18,2.19,,,-0.553,5.9,91.1044,288177.0,0.7948,5868.4,717014.0,2.08,
2003-03-19,2.26,,,-0.553,5.9,91.1044,288177.0,0.7948,5868.4,729923.0,2.15,
2003-03-20,2.26,,,-0.553,5.9,91.1044,288177.0,0.7948,5868.4,729923.0,2.2,
2003-03-21,2.31,,,-0.568,5.9,91.1044,288177.0,0.4676,5868.4,729923.0,2.29,
2003-03-24,2.27,,,-0.568,5.9,91.1044,288177.0,0.4676,5868.4,729923.0,2.18,
2003-03-25,2.28,,,-0.568,5.9,91.1044,288177.0,0.4676,5868.4,729923.0,2.17,
2003-03-26,2.28,,,-0.568,5.9,91.1044,288177.0,0.4676,5868.4,725019.0,2.15,
2003-03-27,2.33,,,-0.568,5.9,91.1044,288177.0,0.4676,5868.4,725019.0,2.1,
2003-03-28,2.36,,,-0.588,5.9,91.1044,288177.0,0.6538,5868.4,725019.0,2.09,
2003-03-31,2.32,,,-0.588,5.9,91.1044,288177.0,0.6538,5868.4,725019.0,2.03,
2003-04-01,2.34,,,-0.588,6.0,90.5617,289053.0,0.6538,5905.5,725019.0,2.02,
2003-04-02,2.34,,,-0.588,6.0,90.5617,289053.0,0.6538,5905.5,732452.0,2.11,
2003-04-03,2.38,,,-0.588,6.0,90.5617,289053.0,0.6538,5905.5,732452.0,2.12,
2003-04-04,2.41,,,-0.611,6.0,90.5617,289053.0,0.5537,5905.5,732452.0,2.16,
2003-04-07,2.38,,,-0.611,6.0,90.5617,289053.0,0.5537,5905.5,732452.0,2.21,
2003-04-08,2.36,,,-0.611,6.0,90.5617,289053.0,0.5537,5905.5,732452.0,2.18,
2003-04-09,2.38,,,-0.611,6.0,90.5617,289053.0,0.5537,5905.5,727826.0,2.13,
2003-04-10,2.35,,,-0.611,6.0,90.5617,289053.0,0.5537,5905.5,727826.0,2.16,
2003-04-11,2.35,,,-0.636,6.0,90.5617,289053.0,0.4413,5905.5,727826.0,2.23,
2003-04-14,2.3,,,-0.636,6.0,90.5617,289053.0,0.4413,5905.5,727826.0,2.22,
2003-04-15,2.29,,,-0.636,6.0,90.5617,289053.0,0.4413,5905.5,727826.0,2.18,
2003-04-16,2.29,,,-0.636,6.0,90.5617,289053.0,0.4413,5905.5,745838.0,2.2,
2003-04-17,2.27,,,-0.636,6.0,90.5617,289053.0,0.4413,5905.5,745838.0,2.22,
2003-04-18,2.27,,,-0.661,6.0,90.5617,289053.0,0.2618,5905.5,745838.0,2.22,
2003-04-21,2.29,,,-0.661,6.0,90.5617,289053.0,0.2618,5905.5,745838.0,2.25,
2003-04-22,2.31,,,-0.661,6.0,90.5617,289053.0,0.2618,5905.5,745838.0,2.27,
2003-04-23,2.32,,,-0.661,6.0,90.5617,289053.0,0.2618,5905.5,732222.0,2.26,
2003-04-24,2.31,,,-0.661,6.0,90.5617,289053.0,0.2618,5905.5,732222.0,2.22,
2003-04-25,2.34,,,-0.682,6.0,90.5617,289053.0,0.2495,5905.5,732222.0,2.18,
2003-04-28,2.33,,,-0.682,6.0,90.5617,289053.0,0.2495,5905.5,732222.0,2.16,
2003-04-29,2.34,,,-0.682,6.0,90.5617,289053.0,0.2495,5905.5,732222.0,2.22,
2003-04-30,2.38,,,-0.682,6.0,90.5617,289053.0,0.2495,5905.5,746294.0,2.16,
2003-05-01,2.38,,,-0.682,6.1,90.537,289619.0,0.2495,5965.3,746294.0,2.13,
2003-05-02,2.38,,,-0.699,6.1,90.537,289619.0,0.2058,5965.3,746294.0,2.19,
2003-05-05,2.37,,,-0.699,6.1,90.537,289619.0,0.2058,5965.3,746294.0,2.19,
2003-05-06,2.39,,,-0.699,6.1,90.537,289619.0,0.2058,5965.3,746294.0,2.17,
2003-05-07,2.27,,,-0.699,6.1,90.537,289619.0,0.2058,5965.3,733466.0,2.02,
2003-05-08,2.21,,,-0.699,6.1,90.537,289619.0,0.2058,5965.3,733466.0,2.0,
2003-05-09,2.24,,,-0.708,6.1,90.537,289619.0,0.2445,5965.3,733466.0,2.0,
2003-05-12,2.18,,,-0.708,6.1,90.537,289619.0,0.2445,5965.3,733466.0,1.96,
2003-05-13,2.16,,,-0.708,6.1,90.537,289619.0,0.2445,5965.3,733466.0,1.94,
2003-05-14,2.12,,,-0.708,6.1,90.537,289619.0,0.2445,5965.3,740371.0,1.87,
2003-05-15,2.07,,,-0.708,6.1,90.537,289619.0,0.2445,5965.3,740371.0,1.86,
2003-05-16,2.08,,,-0.713,6.1,90.537,289619.0,0.3471,5965.3,740371.0,1.84,
2003-05-19,2.11,,,-0.713,6.1,90.537,289619.0,0.3471,5965.3,740371.0,1.85,
2003-05-20,2.07,,,-0.713,6.1,90.537,289619.0,0.3471,5965.3,740371.0,1.73,
2003-05-21,2.01,,,-0.713,6.1,90.537,289619.0,0.3471,5965.3,734699.0,1.73,
2003-05-22,1.98,,,-0.713,6.1,90.537,289619.0,0.3471,5965.3,734699.0,1.71,
2003-05-23,1.96,,,-0.713,6.1,90.537,289619.0,0.5842,5965.3,734699.0,1.72,
2003-05-26,1.96,,,-0.713,6.1,90.537,289619.0,0.5842,5965.3,734699.0,1.72,
2003-05-27,2.08,,,-0.713,6.1,90.537,289619.0,0.5842,5965.3,734699.0,1.8,
2003-05-28,2.09,,,-0.713,6.1,90.537,289619.0,0.5842,5965.3,744896.0,1.83,
2003-05-29,2.04,,,-0.713,6.1,90.537,289619.0,0.5842,5965.3,744896.0,1.76,
2003-05-30,2.04,,,-0.712,6.1,90.537,289619.0,0.4034,5965.3,744896.0,1.77,
2003-06-01,2.04,,,-0.712,6.3,90.6527,293671.0,0.4034,6002.2,744896.0,1.77,
2003-06-02,2.1,,,-0.712,6.3,90.6527,293671.0,0.4034,6002.2,744896.0,1.83,
2003-06-03,2.14,,,-0.712,6.3,90.6527,293671.0,0.4034,6002.2,744896.0,1.76,
2003-06-04,2.1,,,-0.712,6.3,90.6527,293671.0,0.4034,6002.2,731667.0,1.73,
2003-06-05,2.09,,,-0.712,6.3,90.6527,293671.0,0.4034,6002.2,731667.0,1.75,
2003-06-06,2.1,,,-0.71,6.3,90.6527,293671.0,0.3295,6002.2,731667.0,1.76,
2003-06-09,2.1,,,-0.71,6.3,90.6527,293671.0,0.3295,6002.2,731667.0,1.68,
2003-06-10,2.07,,,-0.71,6.3,90.6527,293671.0,0.3295,6002.2,731667.0,1.61,
2003-06-11,2.05,,,-0.71,6.3,90.6527,293671.0,0.3295,6002.2,743236.0,1.62,
2003-06-12,2.05,,,-0.71,6.3,90.6527,293671.0,0.3295,6002.2,743236.0,1.57,
2003-06-13,2.03,,,-0.709,6.3,90.6527,293671.0,0.3781,6002.2,743236.0,1.51,
2003-06-16,2.0,,,-0.709,6.3,90.6527,293671.0,0.3781,6002.2,743236.0,1.59,
2003-06-17,2.02,,,-0.709,6.3,90.6527,293671.0,0.3781,6002.2,743236.0,1.7,
2003-06-18,2.1,,,-0.709,6.3,90.6527,293671.0,0.3781,6002.2,735926.0,1.79,
2003-06-19,2.18,,,-0.709,6.3,90.6527,293671.0,0.3781,6002.2,735926.0,1.74,
2003-06-20,2.18,,,-0.71,6.3,90.6527,293671.0,0.2336,6002.2,735926.0,1.77,
2003-06-23,2.15,,,-0.71,6.3,90.6527,293671.0,0.2336,6002.2,735926.0,1.71,
2003-06-24,2.15,,,-0.71,6.3,90.6527,293671.0,0.2336,6002.2,735926.0,1.68,
2003-06-25,2.08,,,-0.71,6.3,90.6527,293671.0,0.2336,6002.2,744018.0,1.71,
2003-06-26,2.14,,,-0.71,6.3,90.6527,293671.0,0.2336,6002.2,744018.0,1.85,
2003-06-27,2.2,,,-0.713,6.3,90.6527,293671.0,0.4471,6002.2,744018.0,1.9,
2003-06-30,2.22,,,-0.713,6.3,90.6527,293671.0,0.4471,6002.2,744018.0,1.9,
2003-07-01,2.26,,,-0.713,6.2,91.1185,296207.0,0.4471,6049.1,744018.0,1.92,
2003-07-02,2.26,,,-0.713,6.2,91.1185,296207.0,0.4471,6049.1,740126.0,1.96,
2003-07-03,2.35,,,-0.713,6.2,91.1185,296207.0,0.4471,6049.1,740126.0,2.09,
2003-07-04,2.35,,,-0.716,6.2,91.1185,296207.0,0.3752,6049.1,740126.0,2.09,
2003-07-07,2.38,,,-0.716,6.2,91.1185,296207.0,0.3752,6049.1,740126.0,2.14,
2003-07-08,2.36,,,-0.716,6.2,91.1185,296207.0,0.3752,6049.1,740126.0,2.12,
2003-07-09,2.36,,,-0.716,6.2,91.1185,296207.0,0.3752,6049.1,744430.0,2.0,
2003-07-10,2.37,,,-0.716,6.2,91.1185,296207.0,0.3752,6049.1,744430.0,1.94,
2003-07-11,2.37,,,-0.717,6.2,91.1185,296207.0,0.2494,6049.1,744430.0,1.88,
2003-07-14,2.39,,,-0.717,6.2,91.1185,296207.0,0.2494,6049.1,744430.0,1.92,
2003-07-15,2.49,,,-0.717,6.2,91.1185,296207.0,0.2494,6049.1,744430.0,2.06,
2003-07-16,2.48,,,-0.717,6.2,91.1185,296207.0,0.2494,6049.1,737765.0,2.08,
2003-07-17,2.51,,,-0.717,6.2,91.1185,296207.0,0.2494,6049.1,737765.0,2.05,
2003-07-18,2.49,,,-0.716,6.2,91.1185,296207.0,0.1107,6049.1,737765.0,2.04,
2003-07-21,2.58,,,-0.716,6.2,91.1185,296207.0,0.1107,6049.1,737765.0,2.21,
2003-07-22,2.6,,,-0.716,6.2,91.1185,296207.0,0.1107,6049.1,737765.0,2.19,
2003-07-23,2.58,,,-0.716,6.2,91.1185,296207.0,0.1107,6049.1,745665.0,2.11,
2003-07-24,2.66,,,-0.716,6.2,91.1185,296207.0,0.1107,6049.1,745665.0,2.18,
2003-07-25,2.7,,,-0.711,6.2,91.1185,296207.0,0.1352,6049.1,745665.0,2.14,
2003-07-28,2.7,,,-0.711,6.2,91.1185,296207.0,0.1352,6049.1,745665.0,2.27,
2003-07-29,2.75,,,-0.711,6.2,91.1185,296207.0,0.1352,6049.1,745665.0,2.38,
2003-07-30,2.7,,,-0.711,6.2,91.1185,296207.0,0.1352,6049.1,740295.0,2.32,
2003-07-31,2.69,,,-0.711,6.2,91.1185,296207.0,0.1352,6049.1,740295.0,2.41,
2003-08-01,2.59,,,-0.701,6.1,90.9197,299592.0,0.2926,6107.1,740295.0,2.4,
2003-08-04,2.64,,,-0.701,6.1,90.9197,299592.0,0.2926,6107.1,740295.0,2.34,
2003-08-05,2.59,,,-0.701,6.1,90.9197,299592.0,0.2926,6107.1,740295.0,2.43,
2003-08-06,2.54,,,-0.701,6.1,90.9197,299592.0,0.2926,6107.1,734018.0,2.34,
2003-08-07,2.56,,,-0.701,6.1,90.9197,299592.0,0.2926,6107.1,734018.0,2.29,
2003-08-08,2.55,,,-0.691,6.1,90.9197,299592.0,0.551,6107.1,734018.0,2.27,
2003-08-11,2.57,,,-0.691,6.1,90.9197,299592.0,0.551,6107.1,734018.0,2.31,
2003-08-12,2.66,,,-0.691,6.1,90.9197,299592.0,0.551,6107.1,734018.0,2.29,
2003-08-13,2.72,,,-0.691,6.1,90.9197,299592.0,0.551,6107.1,735386.0,2.41,
2003-08-14,2.69,,,-0.691,6.1,90.9197,299592.0,0.551,6107.1,735386.0,2.38,
2003-08-15,2.7,,,-0.682,6.1,90.9197,299592.0,0.159,6107.1,735386.0,2.36,
2003-08-18,2.62,,,-0.682,6.1,90.9197,299592.0,0.159,6107.1,735386.0,2.33,
2003-08-19,2.57,,,-0.682,6.1,90.9197,299592.0,0.159,6107.1,735386.0,2.24,
2003-08-20,2.61,,,-0.682,6.1,90.9197,299592.0,0.159,6107.1,750825.0,2.26,
2003-08-21,2.55,,,-0.682,6.1,90.9197,299592.0,0.159,6107.1,750825.0,2.29,
2003-08-22,2.51,,,-0.674,6.1,90.9197,299592.0,0.1667,6107.1,750825.0,2.26,
2003-08-25,2.51,,,-0.674,6.1,90.9197,299592.0,0.1667,6107.1,750825.0,2.31,
2003-08-26,2.54,,,-0.674,6.1,90.9197,299592.0,0.1667,6107.1,750825.0,2.28,
2003-08-27,2.49,,,-0.674,6.1,90.9197,299592.0,0.1667,6107.1,740637.0,2.36,
2003-08-28,2.49,,,-0.674,6.1,90.9197,299592.0,0.1667,6107.1,740637.0,2.29,
2003-08-29,2.5,,,-0.669,6.1,90.9197,299592.0,0.0711,6107.1,740637.0,2.29,
2003-09-01,2.5,,,-0.669,6.1,91.5059,298921.0,0.0711,6079.7,740637.0,2.29,
2003-09-02,2.57,,,-0.669,6.1,91.5059,298921.0,0.0711,6079.7,740637.0,2.43,
2003-09-03,2.58,,,-0.669,6.1,91.5059,298921.0,0.0711,6079.7,750461.0,2.4,
2003-09-04,2.61,,,-0.669,6.1,91.5059,298921.0,0.0711,6079.7,750461.0,2.32,
2003-09-05,2.63,,,-0.667,6.1,91.5059,298921.0,0.1035,6079.7,750461.0,2.17,
2003-09-08,2.66,,,-0.667,6.1,91.5059,298921.0,0.1035,6079.7,750461.0,2.24,
2003-09-09,2.66,,,-0.667,6.1,91.5059,298921.0,0.1035,6079.7,750461.0,2.21,
2003-09-10,2.64,,,-0.667,6.1,91.5059,298921.0,0.1035,6079.7,737234.0,2.18,
2003-09-11,2.64,,,-0.667,6.1,91.5059,298921.0,0.1035,6079.7,737234.0,2.22,
2003-09-12,2.61,,,-0.669,6.1,91.5059,298921.0,0.1949,6079.7,737234.0,2.18,
2003-09-15,2.65,,,-0.669,6.1,91.5059,298921.0,0.1949,6079.7,737234.0,2.18,
2003-09-16,2.66,,,-0.669,6.1,91.5059,298921.0,0.1949,6079.7,737234.0,2.26,
2003-09-17,2.57,,,-0.669,6.1,91.5059,298921.0,0.1949,6079.7,743939.0,2.2,
2003-09-18,2.51,,,-0.669,6.1,91.5059,298921.0,0.1949,6079.7,743939.0,2.18,
2003-09-19,2.47,,,-0.674,6.1,91.5059,298921.0,-0.0884,6079.7,743939.0,2.17,
2003-09-22,2.56,,,-0.674,6.1,91.5059,298921.0,-0.0884,6079.7,743939.0,2.21,
2003-09-23,2.56,,,-0.674,6.1,91.5059,298921.0,-0.0884,6079.7,743939.0,2.19,
2003-09-24,2.5,,,-0.674,6.1,91.5059,298921.0,-0.0884,6079.7,741193.0,2.13,
2003-09-25,2.47,,,-0.674,6.1,91.5059,298921.0,-0.0884,6079.7,741193.0,2.07,
2003-09-26,2.44,,,-0.681,6.1,91.5059,298921.0,0.0238,6079.7,741193.0,1.99,
2003-09-29,2.48,,,-0.681,6.1,91.5059,298921.0,0.0238,6079.7,741193.0,2.03,
2003-09-30,2.46,,,-0.681,6.1,91.5059,298921.0,0.0238,6079.7,741193.0,1.95,
2003-10-01,2.49,,,-0.681,6.0,91.6186,298205.0,0.0238,6070.0,753155.0,1.96,
2003-10-02,2.55,,,-0.681,6.0,91.6186,298205.0,0.0238,6070.0,753155.0,2.01,
2003-10-03,2.56,,,-0.689,6.0,91.6186,298205.0,0.1183,6070.0,753155.0,2.16,
2003-10-06,2.57,,,-0.689,6.0,91.6186,298205.0,0.1183,6070.0,753155.0,2.11,
2003-10-07,2.6,,,-0.689,6.0,91.6186,298205.0,0.1183,6070.0,753155.0,2.17,
2003-10-08,2.62,,,-0.689,6.0,91.6186,298205.0,0.1183,6070.0,737108.0,2.18,
2003-10-09,2.63,,,-0.689,6.0,91.6186,298205.0,0.1183,6070.0,737108.0,2.2,
2003-10-10,2.64,,,-0.697,6.0,91.6186,298205.0,-0.17,6070.0,737108.0,2.14,
2003-10-13,2.64,,,-0.697,6.0,91.6186,298205.0,-0.17,6070.0,737108.0,2.14,
2003-10-14,2.64,,,-0.697,6.0,91.6186,298205.0,-0.17,6070.0,737108.0,2.18,
2003-10-15,2.64,,,-0.697,6.0,91.6186,298205.0,-0.17,6070.0,754229.0,2.2,
2003-10-16,2.51,,,-0.697,6.0,91.6186,298205.0,-0.17,6070.0,754229.0,2.21,
2003-10-17,2.51,,,-0.705,6.0,91.6186,298205.0,-0.3446,6070.0,754229.0,2.14,
2003-10-20,2.53,,,-0.705,6.0,91.6186,298205.0,-0.3446,6070.0,754229.0,2.13,
2003-10-21,2.49,,,-0.705,6.0,91.6186,298205.0,-0.3446,6070.0,754229.0,2.12,
2003-10-22,2.49,,,-0.705,6.0,91.6186,298205.0,-0.3446,6070.0,743578.0,2.07,
2003-10-23,2.5,,,-0.705,6.0,91.6186,298205.0,-0.3446,6070.0,743578.0,2.03,
2003-10-24,2.48,,,-0.711,6.0,91.6186,298205.0,-0.0986,6070.0,743578.0,1.92,
2003-10-27,2.47,,,-0.711,6.0,91.6186,298205.0,-0.0986,6070.0,743578.0,1.96,
2003-10-28,2.52,,,-0.711,6.0,91.6186,298205.0,-0.0986,6070.0,743578.0,1.91,
2003-10-29,2.52,,,-0.711,6.0,91.6186,298205.0,-0.0986,6070.0,747272.0,1.98,
2003-10-30,2.5,,,-0.711,6.0,91.6186,298205.0,-0.0986,6070.0,747272.0,1.97,
2003-10-31,2.48,,,-0.715,6.0,91.6186,298205.0,-0.2377,6070.0,747272.0,1.93,
2003-11-01,2.48,,,-0.715,5.8,92.2329,299433.0,-0.2377,6075.5,747272.0,1.93,
2003-11-03,2.5,,,-0.715,5.8,92.2329,299433.0,-0.2377,6075.5,747272.0,1.97,
2003-11-04,2.47,,,-0.715,5.8,92.2329,299433.0,-0.2377,6075.5,747272.0,1.93,
2003-11-05,2.44,,,-0.715,5.8,92.2329,299433.0,-0.2377,6075.5,744116.0,2.02,
2003-11-06,2.44,,,-0.715,5.8,92.2329,299433.0,-0.2377,6075.5,744116.0,2.08,
2003-11-07,2.44,,,-0.717,5.8,92.2329,299433.0,-0.3054,6075.5,744116.0,2.1,
2003-11-10,2.43,,,-0.717,5.8,92.2329,299433.0,-0.3054,6075.5,744116.0,2.09,
2003-11-11,2.43,,,-0.717,5.8,92.2329,299433.0,-0.3054,6075.5,744116.0,2.09,
2003-11-12,2.39,,,-0.717,5.8,92.2329,299433.0,-0.3054,6075.5,745604.0,2.04,
2003-11-13,2.38,,,-0.717,5.8,92.2329,299433.0,-0.3054,6075.5,745604.0,1.94,
2003-11-14,2.38,,,-0.718,5.8,92.2329,299433.0,-0.2048,6075.5,745604.0,1.87,
2003-11-17,2.38,,,-0.718,5.8,92.2329,299433.0,-0.2048,6075.5,745604.0,1.82,
2003-11-18,2.34,,,-0.718,5.8,92.2329,299433.0,-0.2048,6075.5,745604.0,1.83,
2003-11-19,2.34,,,-0.718,5.8,92.2329,299433.0,-0.2048,6075.5,744521.0,1.91,
2003-11-20,2.33,,,-0.718,5.8,92.2329,299433.0,-0.2048,6075.5,744521.0,1.92,
2003-11-21,2.31,,,-0.716,5.8,92.2329,299433.0,-0.0764,6075.5,744521.0,1.93,
2003-11-24,2.29,,,-0.716,5.8,92.2329,299433.0,-0.0764,6075.5,744521.0,1.99,
2003-11-25,2.3,,,-0.716,5.8,92.2329,299433.0,-0.0764,6075.5,744521.0,1.92,
2003-11-26,2.28,,,-0.716,5.8,92.2329,299433.0,-0.0764,6075.5,756964.0,1.96,
2003-11-27,2.28,,,-0.716,5.8,92.2329,299433.0,-0.0764,6075.5,756964.0,1.96,
2003-11-28,2.28,,,-0.715,5.8,92.2329,299433.0,-0.3556,6075.5,756964.0,2.03,
2003-12-01,2.28,,,-0.715,5.7,92.2602,300702.0,-0.3556,6073.8,756964.0,2.08,
2003-12-02,2.31,,,-0.715,5.7,92.2602,300702.0,-0.3556,6073.8,756964.0,2.05,
2003-12-03,2.32,,,-0.715,5.7,92.2602,300702.0,-0.3556,6073.8,749981.0,2.08,
2003-12-04,2.32,,,-0.715,5.7,92.2602,300702.0,-0.3556,6073.8,749981.0,2.04,
2003-12-05,2.35,,,-0.713,5.7,92.2602,300702.0,-0.2707,6073.8,749981.0,1.92,
2003-12-08,2.35,,,-0.713,5.7,92.2602,300702.0,-0.2707,6073.8,749981.0,1.96,
2003-12-09,2.35,,,-0.713,5.7,92.2602,300702.0,-0.2707,6073.8,749981.0,2.0,
2003-12-10,2.36,,,-0.713,5.7,92.2602,300702.0,-0.2707,6073.8,756585.0,1.97,
2003-12-11,2.44,,,-0.713,5.7,92.2602,300702.0,-0.2707,6073.8,756585.0,1.9,
2003-12-12,2.42,,,-0.714,5.7,92.2602,300702.0,-0.2436,6073.8,756585.0,1.91,
2003-12-15,2.4,,,-0.714,5.7,92.2602,300702.0,-0.2436,6073.8,756585.0,1.98,
2003-12-16,2.41,,,-0.714,5.7,92.2602,300702.0,-0.2436,6073.8,756585.0,1.99,
2003-12-17,2.36,,,-0.714,5.7,92.2602,300702.0,-0.2436,6073.8,753919.0,1.96,
2003-12-18,2.31,,,-0.714,5.7,92.2602,300702.0,-0.2436,6073.8,753919.0,1.94,
2003-12-19,2.33,,,-0.717,5.7,92.2602,300702.0,-0.2488,6073.8,753919.0,1.95,
2003-12-22,2.34,,,-0.717,5.7,92.2602,300702.0,-0.2488,6073.8,753919.0,1.98,
2003-12-23,2.32,,,-0.717,5.7,92.2602,300702.0,-0.2488,6073.8,753919.0,2.03,
2003-12-24,2.37,,,-0.717,5.7,92.2602,300702.0,-0.2488,6073.8,767012.0,1.96,
2003-12-25,2.37,,,-0.717,5.7,92.2602,300702.0,-0.2488,6073.8,767012.0,1.96,
2003-12-26,2.35,,,-0.723,5.7,92.2602,300702.0,-0.2324,6073.8,767012.0,1.94,
2003-12-29,2.38,,,-0.723,5.7,92.2602,300702.0,-0.2324,6073.8,767012.0,1.99,
2003-12-30,2.43,,,-0.723,5.7,92.2602,300702.0,-0.2324,6073.8,767012.0,2.01,
2003-12-31,2.43,,,-0.723,5.7,92.2602,300702.0,-0.2324,6073.8,771551.0,2.0,
2004-01-01,2.43,,,-0.723,5.7,92.4006,301993.0,-0.2324,6082.1,771551.0,2.0,
2004-01-02,2.44,,,-0.733,5.7,92.4006,301993.0,-0.2763,6082.1,771551.0,2.06,
2004-01-05,2.46,,,-0.733,5.7,92.4006,301993.0,-0.2763,6082.1,771551.0,2.06,
2004-01-06,2.45,,,-0.733,5.7,92.4006,301993.0,-0.2763,6082.1,771551.0,1.97,
2004-01-07,2.43,,,-0.733,5.7,92.4006,301993.0,-0.2763,6082.1,755829.0,1.94,
2004-01-08,2.42,,,-0.733,5.7,92.4006,301993.0,-0.2763,6082.1,755829.0,1.99,
2004-01-09,2.43,,,-0.747,5.7,92.4006,301993.0,-0.367,6082.1,755829.0,1.89,
2004-01-12,2.43,,,-0.747,5.7,92.4006,301993.0,-0.367,6082.1,755829.0,1.89,
2004-01-13,2.42,,,-0.747,5.7,92.4006,301993.0,-0.367,6082.1,755829.0,1.83,
2004-01-14,2.36,,,-0.747,5.7,92.4006,301993.0,-0.367,6082.1,752812.0,1.85,
2004-01-15,2.32,,,-0.747,5.7,92.4006,301993.0,-0.367,6082.1,752812.0,1.82,
2004-01-16,2.34,,,-0.761,5.7,92.4006,301993.0,-0.3547,6082.1,752812.0,1.83,
2004-01-19,2.34,,,-0.761,5.7,92.4006,301993.0,-0.3547,6082.1,752812.0,1.83,
2004-01-20,2.39,,,-0.761,5.7,92.4006,301993.0,-0.3547,6082.1,752812.0,1.84,
2004-01-21,2.36,,,-0.761,5.7,92.4006,301993.0,-0.3547,6082.1,775833.0,1.79,
2004-01-22,2.33,,,-0.761,5.7,92.4006,301993.0,-0.3547,6082.1,775833.0,1.76,
2004-01-23,2.38,,,-0.774,5.7,92.4006,301993.0,-0.4562,6082.1,775833.0,1.82,
2004-01-26,2.41,,,-0.774,5.7,92.4006,301993.0,-0.4562,6082.1,775833.0,1.89,
2004-01-27,2.41,,,-0.774,5.7,92.4006,301993.0,-0.4562,6082.1,775833.0,1.84,
2004-01-28,2.35,,,-0.774,5.7,92.4006,301993.0,-0.4562,6082.1,755279.0,1.92,
2004-01-29,2.34,,,-0.774,5.7,92.4006,301993.0,-0.4562,6082.1,755279.0,1.91,
2004-01-30,2.32,,,-0.787,5.7,92.4006,301993.0,-0.3833,6082.1,755279.0,1.85,
2004-02-01,2.32,,,-0.787,5.6,92.958,303915.0,-0.3833,6121.8,755279.0,1.85,
2004-02-02,2.35,,,-0.787,5.6,92.958,303915.0,-0.3833,6121.8,755279.0,1.84,
2004-02-03,2.35,,,-0.787,5.6,92.958,303915.0,-0.3833,6121.8,755279.0,1.81,
2004-02-04,2.35,,,-0.787,5.6,92.958,303915.0,-0.3833,6121.8,754153.0,1.82,
2004-02-05,2.35,,,-0.787,5.6,92.958,303915.0,-0.3833,6121.8,754153.0,1.85,
2004-02-06,2.35,,,-0.797,5.6,92.958,303915.0,-0.3707,6121.8,754153.0,1.79,
2004-02-09,2.33,,,-0.797,5.6,92.958,303915.0,-0.3707,6121.8,754153.0,1.76,
2004-02-10,2.31,,,-0.797,5.6,92.958,303915.0,-0.3707,6121.8,754153.0,1.79,
2004-02-11,2.32,,,-0.797,5.6,92.958,303915.0,-0.3707,6121.8,750999.0,1.75,
2004-02-12,2.35,,,-0.797,5.6,92.958,303915.0,-0.3707,6121.8,750999.0,1.77,
2004-02-13,2.35,,,-0.805,5.6,92.958,303915.0,-0.4494,6121.8,750999.0,1.74,
2004-02-16,2.35,,,-0.805,5.6,92.958,303915.0,-0.4494,6121.8,750999.0,1.74,
2004-02-17,2.35,,,-0.805,5.6,92.958,303915.0,-0.4494,6121.8,750999.0,1.75,
2004-02-18,2.33,,,-0.805,5.6,92.958,303915.0,-0.4494,6121.8,758759.0,1.75,
2004-02-19,2.35,,,-0.805,5.6,92.958,303915.0,-0.4494,6121.8,758759.0,1.76,
2004-02-20,2.35,,,-0.811,5.6,92.958,303915.0,-0.4812,6121.8,758759.0,1.79,
2004-02-23,2.36,,,-0.811,5.6,92.958,303915.0,-0.4812,6121.8,758759.0,1.76,
2004-02-24,2.35,,,-0.811,5.6,92.958,303915.0,-0.4812,6121.8,758759.0,1.74,
2004-02-25,2.35,,,-0.811,5.6,92.958,303915.0,-0.4812,6121.8,750666.0,1.71,
2004-02-26,2.36,,,-0.811,5.6,92.958,303915.0,-0.4812,6121.8,750666.0,1.69,
2004-02-27,2.33,,,-0.815,5.6,92.958,303915.0,-0.5059,6121.8,750666.0,1.61,
2004-03-01,2.33,,,-0.815,5.8,92.5861,309471.0,-0.5059,6157.9,750666.0,1.55,
2004-03-02,2.31,,,-0.815,5.8,92.5861,309471.0,-0.5059,6157.9,750666.0,1.58,
2004-03-03,2.33,,,-0.815,5.8,92.5861,309471.0,-0.5059,6157.9,754867.0,1.59,
2004-03-04,2.31,,,-0.815,5.8,92.5861,309471.0,-0.5059,6157.9,754867.0,1.6,
2004-03-05,2.28,,,-0.815,5.8,92.5861,309471.0,-0.6629,6157.9,754867.0,1.46,
2004-03-08,2.26,,,-0.815,5.8,92.5861,309471.0,-0.6629,6157.9,754867.0,1.43,
2004-03-09,2.22,,,-0.815,5.8,92.5861,309471.0,-0.6629,6157.9,754867.0,1.4,
2004-03-10,2.2,,,-0.815,5.8,92.5861,309471.0,-0.6629,6157.9,749950.0,1.45,
2004-03-11,2.22,,,-0.815,5.8,92.5861,309471.0,-0.6629,6157.9,749950.0,1.5,
2004-03-12,2.24,,,-0.813,5.8,92.5861,309471.0,-0.3122,6157.9,749950.0,1.52,
2004-03-15,2.22,,,-0.813,5.8,92.5861,309471.0,-0.3122,6157.9,749950.0,1.47,
2004-03-16,2.19,,,-0.813,5.8,92.5861,309471.0,-0.3122,6157.9,749950.0,1.4,
2004-03-17,2.18,,,-0.813,5.8,92.5861,309471.0,-0.3122,6157.9,760638.0,1.36,
2004-03-18,2.21,,,-0.813,5.8,92.5861,309471.0,-0.3122,6157.9,760638.0,1.37,
2004-03-19,2.24,,,-0.809,5.8,92.5861,309471.0,-0.3494,6157.9,760638.0,1.44,
2004-03-22,2.22,,,-0.809,5.8,92.5861,309471.0,-0.3494,6157.9,760638.0,1.42,
2004-03-23,2.21,,,-0.809,5.8,92.5861,309471.0,-0.3494,6157.9,760638.0,1.41,
2004-03-24,2.23,,,-0.809,5.8,92.5861,309471.0,-0.3494,6157.9,751510.0,1.38,
2004-03-25,2.24,,,-0.809,5.8,92.5861,309471.0,-0.3494,6157.9,751510.0,1.4,
2004-03-26,2.26,,,-0.802,5.8,92.5861,309471.0,-0.3085,6157.9,751510.0,1.47,
2004-03-29,2.28,,,-0.802,5.8,92.5861,309471.0,-0.3085,6157.9,751510.0,1.5,
2004-03-30,2.28,,,-0.802,5.8,92.5861,309471.0,-0.3085,6157.9,751510.0,1.52,
2004-03-31,2.26,,,-0.802,5.8,92.5861,309471.0,-0.3085,6157.9,760725.0,1.48,
2004-04-01,2.26,,,-0.802,5.6,92.93,307358.0,-0.3085,6198.9,760725.0,1.48,
2004-04-02,2.29,,,-0.794,5.6,92.93,307358.0,-0.656,6198.9,760725.0,1.69,
2004-04-05,2.33,,,-0.794,5.6,92.93,307358.0,-0.656,6198.9,760725.0,1.75,
2004-04-06,2.33,,,-0.794,5.6,92.93,307358.0,-0.656,6198.9,760725.0,1.73,
2004-04-07,2.32,,,-0.794,5.6,92.93,307358.0,-0.656,6198.9,754083.0,1.82,
2004-04-08,2.33,,,-0.794,5.6,92.93,307358.0,-0.656,6198.9,754083.0,1.8,
2004-04-09,2.33,,,-0.783,5.6,92.93,307358.0,-0.5805,6198.9,754083.0,1.8,
2004-04-12,2.34,,,-0.783,5.6,92.93,307358.0,-0.5805,6198.9,754083.0,1.81,
2004-04-13,2.34,,,-0.783,5.6,92.93,307358.0,-0.5805,6198.9,754083.0,1.88,
2004-04-14,2.27,,,-0.783,5.6,92.93,307358.0,-0.5805,6198.9,763734.0,1.91,
2004-04-15,2.32,,,-0.783,5.6,92.93,307358.0,-0.5805,6198.9,763734.0,1.93,
2004-04-16,2.34,,,-0.77,5.6,92.93,307358.0,-0.4648,6198.9,763734.0,1.87,
2004-04-19,2.32,,,-0.77,5.6,92.93,307358.0,-0.4648,6198.9,763734.0,1.87,
2004-04-20,2.32,,,-0.77,5.6,92.93,307358.0,-0.4648,6198.9,763734.0,1.97,
2004-04-21,2.23,,,-0.77,5.6,92.93,307358.0,-0.4648,6198.9,757984.0,1.96,
2004-04-22,2.25,,,-0.77,5.6,92.93,307358.0,-0.4648,6198.9,757984.0,1.98,
2004-04-23,2.19,,,-0.755,5.6,92.93,307358.0,-0.4426,6198.9,757984.0,2.12,
2004-04-26,2.18,,,-0.755,5.6,92.93,307358.0,-0.4426,6198.9,757984.0,2.03,
2004-04-27,2.22,,,-0.755,5.6,92.93,307358.0,-0.4426,6198.9,757984.0,2.0,
2004-04-28,2.2,,,-0.755,5.6,92.93,307358.0,-0.4426,6198.9,772927.0,2.1,
2004-04-29,2.21,,,-0.755,5.6,92.93,307358.0,-0.4426,6198.9,772927.0,2.15,
2004-04-30,2.22,,,-0.74,5.6,92.93,307358.0,-0.3986,6198.9,772927.0,2.11,
2004-05-01,2.22,,,-0.74,5.6,93.6013,311088.0,-0.3986,6275.7,772927.0,2.11,
2004-05-03,2.19,,,-0.74,5.6,93.6013,311088.0,-0.3986,6275.7,772927.0,2.09,
2004-05-04,2.24,,,-0.74,5.6,93.6013,311088.0,-0.3986,6275.7,772927.0,2.1,
2004-05-05,2.27,,,-0.74,5.6,93.6013,311088.0,-0.3986,6275.7,758838.0,2.1,
2004-05-06,2.24,,,-0.74,5.6,93.6013,311088.0,-0.3986,6275.7,758838.0,2.15,
2004-05-07,2.15,,,-0.726,5.6,93.6013,311088.0,-0.3993,6275.7,758838.0,2.24,
2004-05-10,2.2,,,-0.726,5.6,93.6013,311088.0,-0.3993,6275.7,758838.0,2.25,
2004-05-11,2.18,,,-0.726,5.6,93.6013,311088.0,-0.3993,6275.7,758838.0,2.21,
2004-05-12,2.21,,,-0.726,5.6,93.6013,311088.0,-0.3993,6275.7,764835.0,2.17,
2004-05-13,2.18,,,-0.726,5.6,93.6013,311088.0,-0.3993,6275.7,764835.0,2.18,
2004-05-14,2.2,,,-0.713,5.6,93.6013,311088.0,-0.2998,6275.7,764835.0,2.16,
2004-05-17,2.19,,,-0.713,5.6,93.6013,311088.0,-0.2998,6275.7,764835.0,2.07,
2004-05-18,2.16,,,-0.713,5.6,93.6013,311088.0,-0.2998,6275.7,764835.0,2.05,
2004-05-19,2.18,,,-0.713,5.6,93.6013,311088.0,-0.2998,6275.7,756874.0,2.03,
2004-05-20,2.17,,,-0.713,5.6,93.6013,311088.0,-0.2998,6275.7,756874.0,1.96,
2004-05-21,2.16,,,-0.703,5.6,93.6013,311088.0,-0.4573,6275.7,756874.0,2.04,
2004-05-24,2.16,,,-0.703,5.6,93.6013,311088.0,-0.4573,6275.7,756874.0,2.01,
2004-05-25,2.15,,,-0.703,5.6,93.6013,311088.0,-0.4573,6275.7,756874.0,2.03,
2004-05-26,2.15,,,-0.703,5.6,93.6013,311088.0,-0.4573,6275.7,771108.0,1.99,
2004-05-27,2.14,,,-0.703,5.6,93.6013,311088.0,-0.4573,6275.7,771108.0,1.97,
2004-05-28,2.12,,,-0.696,5.6,93.6013,311088.0,-0.5831,6275.7,771108.0,2.0,
2004-05-31,2.12,,,-0.696,5.6,93.6013,311088.0,-0.5831,6275.7,771108.0,2.0,
2004-06-01,2.11,,,-0.696,5.6,92.871,309127.0,-0.5831,6277.9,771108.0,1.97,
2004-06-02,2.09,,,-0.696,5.6,92.871,309127.0,-0.5831,6277.9,764090.0,2.04,
2004-06-03,2.08,,,-0.696,5.6,92.871,309127.0,-0.5831,6277.9,764090.0,2.05,
2004-06-04,2.08,,,-0.691,5.6,92.871,309127.0,-0.5533,6277.9,764090.0,2.11,
2004-06-07,2.11,,,-0.691,5.6,92.871,309127.0,-0.5533,6277.9,764090.0,2.11,
2004-06-08,2.05,,,-0.691,5.6,92.871,309127.0,-0.5533,6277.9,764090.0,2.15,
2004-06-09,2.03,,,-0.691,5.6,92.871,309127.0,-0.5533,6277.9,772187.0,2.2,
2004-06-10,2.0,,,-0.691,5.6,92.871,309127.0,-0.5533,6277.9,772187.0,2.18,
2004-06-11,2.0,,,-0.688,5.6,92.871,309127.0,-0.7409,6277.9,772187.0,2.18,
2004-06-14,1.92,,,-0.688,5.6,92.871,309127.0,-0.7409,6277.9,772187.0,2.26,
2004-06-15,1.92,,,-0.688,5.6,92.871,309127.0,-0.7409,6277.9,772187.0,2.16,
2004-06-16,1.9,,,-0.688,5.6,92.871,309127.0,-0.7409,6277.9,761834.0,2.18,
2004-06-17,1.9,,,-0.688,5.6,92.871,309127.0,-0.7409,6277.9,761834.0,2.16,
2004-06-18,1.91,,,-0.686,5.6,92.871,309127.0,-0.5161,6277.9,761834.0,2.15,
2004-06-21,1.9,,,-0.686,5.6,92.871,309127.0,-0.5161,6277.9,761834.0,2.16,
2004-06-22,1.92,,,-0.686,5.6,92.871,309127.0,-0.5161,6277.9,761834.0,2.17,
2004-06-23,1.93,,,-0.686,5.6,92.871,309127.0,-0.5161,6277.9,775261.0,2.18,
2004-06-24,1.92,,,-0.686,5.6,92.871,309127.0,-0.5161,6277.9,775261.0,2.15,
2004-06-25,1.92,,,-0.686,5.6,92.871,309127.0,-0.5405,6277.9,775261.0,2.16,
2004-06-28,1.9,,,-0.686,5.6,92.871,309127.0,-0.5405,6277.9,775261.0,2.23,
2004-06-29,1.87,,,-0.686,5.6,92.871,309127.0,-0.5405,6277.9,775261.0,2.2,
2004-06-30,1.92,,,-0.686,5.6,92.871,309127.0,-0.5405,6277.9,779578.0,2.1,
2004-07-01,1.93,,,-0.686,5.5,93.5649,311681.0,-0.5405,6291.1,779578.0,2.04,
2004-07-02,1.94,,,-0.688,5.5,93.5649,311681.0,-0.5085,6291.1,779578.0,1.96,
2004-07-05,1.94,,,-0.688,5.5,93.5649,311681.0,-0.5085,6291.1,779578.0,1.96,
2004-07-06,1.93,,,-0.688,5.5,93.5649,311681.0,-0.5085,6291.1,779578.0,1.97,
2004-07-07,1.94,,,-0.688,5.5,93.5649,311681.0,-0.5085,6291.1,778163.0,2.0,
2004-07-08,1.94,,,-0.688,5.5,93.5649,311681.0,-0.5085,6291.1,778163.0,2.02,
2004-07-09,1.94,,,-0.69,5.5,93.5649,311681.0,-0.4022,6291.1,778163.0,2.02,
2004-07-12,1.93,,,-0.69,5.5,93.5649,311681.0,-0.4022,6291.1,778163.0,2.02,
2004-07-13,1.92,,,-0.69,5.5,93.5649,311681.0,-0.4022,6291.1,778163.0,2.03,
2004-07-14,1.88,,,-0.69,5.5,93.5649,311681.0,-0.4022,6291.1,775536.0,2.02,
2004-07-15,1.86,,,-0.69,5.5,93.5649,311681.0,-0.4022,6291.1,775536.0,2.01,
2004-07-16,1.84,,,-0.692,5.5,93.5649,311681.0,-0.5564,6291.1,775536.0,1.94,
2004-07-19,1.82,,,-0.692,5.5,93.5649,311681.0,-0.5564,6291.1,775536.0,1.96,
2004-07-20,1.8,,,-0.692,5.5,93.5649,311681.0,-0.5564,6291.1,775536.0,2.05,
2004-07-21,1.79,,,-0.692,5.5,93.5649,311681.0,-0.5564,6291.1,776764.0,2.05,
2004-07-22,1.79,,,-0.692,5.5,93.5649,311681.0,-0.5564,6291.1,776764.0,2.03,
2004-07-23,1.76,,,-0.694,5.5,93.5649,311681.0,-0.5449,6291.1,776764.0,2.0,
2004-07-26,1.74,,,-0.694,5.5,93.5649,311681.0,-0.5449,6291.1,776764.0,2.05,
2004-07-27,1.8,,,-0.694,5.5,93.5649,311681.0,-0.5449,6291.1,776764.0,2.15,
2004-07-28,1.83,,,-0.694,5.5,93.5649,311681.0,-0.5449,6291.1,773916.0,2.11,
2004-07-29,1.85,,,-0.694,5.5,93.5649,311681.0,-0.5449,6291.1,773916.0,2.07,
2004-07-30,1.82,,,-0.696,5.5,93.5649,311681.0,-0.5322,6291.1,773916.0,2.01,
2004-08-01,1.82,,,-0.696,5.4,93.6277,311192.0,-0.5322,6317.8,773916.0,2.01,
2004-08-02,1.82,,,-0.696,5.4,93.6277,311192.0,-0.5322,6317.8,773916.0,2.0,
2004-08-03,1.79,,,-0.696,5.4,93.6277,311192.0,-0.5322,6317.8,773916.0,1.98,
2004-08-04,1.79,,,-0.696,5.4,93.6277,311192.0,-0.5322,6317.8,772085.0,2.0,
2004-08-05,1.79,,,-0.696,5.4,93.6277,311192.0,-0.5322,6317.8,772085.0,1.96,
2004-08-06,1.84,,,-0.697,5.4,93.6277,311192.0,-0.3247,6317.8,772085.0,1.82,
2004-08-09,1.83,,,-0.697,5.4,93.6277,311192.0,-0.3247,6317.8,772085.0,1.85,
2004-08-10,1.77,,,-0.697,5.4,93.6277,311192.0,-0.3247,6317.8,772085.0,1.9,
2004-08-11,1.76,,,-0.697,5.4,93.6277,311192.0,-0.3247,6317.8,769265.0,1.86,
2004-08-12,1.75,,,-0.697,5.4,93.6277,311192.0,-0.3247,6317.8,769265.0,1.81,
2004-08-13,1.75,,,-0.699,5.4,93.6277,311192.0,-0.488,6317.8,769265.0,1.77,
2004-08-16,1.75,,,-0.699,5.4,93.6277,311192.0,-0.488,6317.8,769265.0,1.82,
2004-08-17,1.77,,,-0.699,5.4,93.6277,311192.0,-0.488,6317.8,769265.0,1.82,
2004-08-18,1.79,,,-0.699,5.4,93.6277,311192.0,-0.488,6317.8,767595.0,1.83,
2004-08-19,1.79,,,-0.699,5.4,93.6277,311192.0,-0.488,6317.8,767595.0,1.76,
2004-08-20,1.78,,,-0.701,5.4,93.6277,311192.0,-0.5067,6317.8,767595.0,1.79,
2004-08-23,1.78,,,-0.701,5.4,93.6277,311192.0,-0.5067,6317.8,767595.0,1.86,
2004-08-24,1.78,,,-0.701,5.4,93.6277,311192.0,-0.5067,6317.8,767595.0,1.87,
2004-08-25,1.75,,,-0.701,5.4,93.6277,311192.0,-0.5067,6317.8,775437.0,1.88,
2004-08-26,1.74,,,-0.701,5.4,93.6277,311192.0,-0.5067,6317.8,775437.0,1.86,
2004-08-27,1.75,,,-0.702,5.4,93.6277,311192.0,-0.6306,6317.8,775437.0,1.86,
2004-08-30,1.72,,,-0.702,5.4,93.6277,311192.0,-0.6306,6317.8,775437.0,1.83,
2004-08-31,1.72,,,-0.702,5.4,93.6277,311192.0,-0.6306,6317.8,775437.0,1.78,
2004-09-01,1.72,,,-0.702,5.4,93.7467,317446.0,-0.6306,6352.2,785273.0,1.77,
2004-09-02,1.74,,,-0.702,5.4,93.7467,317446.0,-0.6306,6352.2,785273.0,1.83,
2004-09-03,1.69,,,-0.701,5.4,93.7467,317446.0,-0.55,6352.2,785273.0,1.88,
2004-09-06,1.69,,,-0.701,5.4,93.7467,317446.0,-0.55,6352.2,785273.0,1.88,
2004-09-07,1.68,,,-0.701,5.4,93.7467,317446.0,-0.55,6352.2,785273.0,1.86,
2004-09-08,1.68,,,-0.701,5.4,93.7467,317446.0,-0.55,6352.2,788602.0,1.82,
2004-09-09,1.72,,,-0.701,5.4,93.7467,317446.0,-0.55,6352.2,788602.0,1.83,
2004-09-10,1.69,,,-0.701,5.4,93.7467,317446.0,-0.6583,6352.2,788602.0,1.83,
2004-09-13,1.66,,,-0.701,5.4,93.7467,317446.0,-0.6583,6352.2,788602.0,1.81,
2004-09-14,1.68,,,-0.701,5.4,93.7467,317446.0,-0.6583,6352.2,788602.0,1.81,
2004-09-15,1.67,,,-0.701,5.4,93.7467,317446.0,-0.6583,6352.2,789128.0,1.86,
2004-09-16,1.64,,,-0.701,5.4,93.7467,317446.0,-0.6583,6352.2,789128.0,1.81,
2004-09-17,1.61,,,-0.701,5.4,93.7467,317446.0,-0.6136,6352.2,789128.0,1.85,
2004-09-20,1.61,,,-0.701,5.4,93.7467,317446.0,-0.6136,6352.2,789128.0,1.8,
2004-09-21,1.56,,,-0.701,5.4,93.7467,317446.0,-0.6136,6352.2,789128.0,1.8,
2004-09-22,1.5,,,-0.701,5.4,93.7467,317446.0,-0.6136,6352.2,782124.0,1.73,
2004-09-23,1.45,,,-0.701,5.4,93.7467,317446.0,-0.6136,6352.2,782124.0,1.76,
2004-09-24,1.42,,,-0.7,5.4,93.7467,317446.0,-0.6389,6352.2,782124.0,1.78,
2004-09-27,1.42,,,-0.7,5.4,93.7467,317446.0,-0.6389,6352.2,782124.0,1.72,
2004-09-28,1.47,,,-0.7,5.4,93.7467,317446.0,-0.6389,6352.2,782124.0,1.7,
2004-09-29,1.49,,,-0.7,5.4,93.7467,317446.0,-0.6389,6352.2,786330.0,1.76,
2004-09-30,1.51,,,-0.7,5.4,93.7467,317446.0,-0.6389,6352.2,786330.0,1.77,
2004-10-01,1.58,,,-0.7,5.5,94.5465,318476.0,-0.6167,6379.8,786330.0,1.83,
2004-10-04,1.54,,,-0.7,5.5,94.5465,318476.0,-0.6167,6379.8,786330.0,1.86,
2004-10-05,1.53,,,-0.7,5.5,94.5465,318476.0,-0.6167,6379.8,786330.0,1.84,
2004-10-06,1.53,,,-0.7,5.5,94.5465,318476.0,-0.6167,6379.8,781777.0,1.9,
2004-10-07,1.54,,,-0.7,5.5,94.5465,318476.0,-0.6167,6379.8,781777.0,1.89,
2004-10-08,1.54,,,-0.7,5.5,94.5465,318476.0,-0.6019,6379.8,781777.0,1.78,
2004-10-11,1.54,,,-0.7,5.5,94.5465,318476.0,-0.6019,6379.8,781777.0,1.78,
2004-10-12,1.56,,,-0.7,5.5,94.5465,318476.0,-0.6019,6379.8,781777.0,1.75,
2004-10-13,1.56,,,-0.7,5.5,94.5465,318476.0,-0.6019,6379.8,795483.0,1.72,
2004-10-14,1.55,,,-0.7,5.5,94.5465,318476.0,-0.6019,6379.8,795483.0,1.68,
2004-10-15,1.54,,,-0.7,5.5,94.5465,318476.0,-0.4475,6379.8,795483.0,1.7,
2004-10-18,1.52,,,-0.7,5.5,94.5465,318476.0,-0.4475,6379.8,795483.0,1.71,
2004-10-19,1.5,,,-0.7,5.5,94.5465,318476.0,-0.4475,6379.8,795483.0,1.7,
2004-10-20,1.48,,,-0.7,5.5,94.5465,318476.0,-0.4475,6379.8,784954.0,1.66,
2004-10-21,1.44,,,-0.7,5.5,94.5465,318476.0,-0.4475,6379.8,784954.0,1.62,
2004-10-22,1.45,,,-0.703,5.5,94.5465,318476.0,-0.4968,6379.8,784954.0,1.64,
2004-10-25,1.45,,,-0.703,5.5,94.5465,318476.0,-0.4968,6379.8,784954.0,1.63,
2004-10-26,1.47,,,-0.703,5.5,94.5465,318476.0,-0.4968,6379.8,784954.0,1.63,
2004-10-27,1.48,,,-0.703,5.5,94.5465,318476.0,-0.4968,6379.8,791336.0,1.73,
2004-10-28,1.5,,,-0.703,5.5,94.5465,318476.0,-0.4968,6379.8,791336.0,1.68,
2004-10-29,1.49,,,-0.706,5.5,94.5465,318476.0,-0.6683,6379.8,791336.0,1.63,
2004-11-01,1.5,,,-0.706,5.4,94.7813,320520.0,-0.6683,6406.3,791336.0,1.67,
2004-11-02,1.5,,,-0.706,5.4,94.7813,320520.0,-0.6683,6406.3,791336.0,1.61,
2004-11-03,1.49,,,-0.706,5.4,94.7813,320520.0,-0.6683,6406.3,790552.0,1.61,
2004-11-04,1.47,,,-0.706,5.4,94.7813,320520.0,-0.6683,6406.3,790552.0,1.65,
2004-11-05,1.41,,,-0.709,5.4,94.7813,320520.0,-0.8044,6406.3,790552.0,1.71,
2004-11-08,1.42,,,-0.709,5.4,94.7813,320520.0,-0.8044,6406.3,790552.0,1.72,
2004-11-09,1.42,,,-0.709,5.4,94.7813,320520.0,-0.8044,6406.3,790552.0,1.74,
2004-11-10,1.43,,,-0.709,5.4,94.7813,320520.0,-0.8044,6406.3,800473.0,1.75,
2004-11-11,1.43,,,-0.709,5.4,94.7813,320520.0,-0.8044,6406.3,800473.0,1.75,
2004-11-12,1.34,,,-0.713,5.4,94.7813,320520.0,-0.8376,6406.3,800473.0,1.71,
2004-11-15,1.31,,,-0.713,5.4,94.7813,320520.0,-0.8376,6406.3,800473.0,1.67,
2004-11-16,1.3,,,-0.713,5.4,94.7813,320520.0,-0.8376,6406.3,800473.0,1.68,
2004-11-17,1.29,,,-0.713,5.4,94.7813,320520.0,-0.8376,6406.3,794090.0,1.63,
2004-11-18,1.26,,,-0.713,5.4,94.7813,320520.0,-0.8376,6406.3,794090.0,1.64,
2004-11-19,1.25,,,-0.715,5.4,94.7813,320520.0,-0.7693,6406.3,794090.0,1.67,
2004-11-22,1.23,,,-0.715,5.4,94.7813,320520.0,-0.7693,6406.3,794090.0,1.62,
2004-11-23,1.21,,,-0.715,5.4,94.7813,320520.0,-0.7693,6406.3,794090.0,1.65,
2004-11-24,1.19,,,-0.715,5.4,94.7813,320520.0,-0.7693,6406.3,809956.0,1.64,
2004-11-25,1.19,,,-0.715,5.4,94.7813,320520.0,-0.7693,6406.3,809956.0,1.64,
2004-11-26,1.21,,,-0.716,5.4,94.7813,320520.0,-0.8317,6406.3,809956.0,1.66,
2004-11-29,1.27,,,-0.716,5.4,94.7813,320520.0,-0.8317,6406.3,809956.0,1.74,
2004-11-30,1.34,,,-0.716,5.4,94.7813,320520.0,-0.8317,6406.3,809956.0,1.75,
2004-12-01,1.37,,,-0.716,5.4,95.5365,324672.0,-0.8317,6424.5,807063.0,1.79,
2004-12-02,1.36,,,-0.716,5.4,95.5365,324672.0,-0.8317,6424.5,807063.0,1.83,
2004-12-03,1.33,,,-0.714,5.4,95.5365,324672.0,-0.7128,6424.5,807063.0,1.73,
2004-12-06,1.31,,,-0.714,5.4,95.5365,324672.0,-0.7128,6424.5,807063.0,1.7,
2004-12-07,1.28,,,-0.714,5.4,95.5365,324672.0,-0.7128,6424.5,807063.0,1.69,
2004-12-08,1.23,,,-0.714,5.4,95.5365,324672.0,-0.7128,6424.5,808495.0,1.62,
2004-12-09,1.26,,,-0.714,5.4,95.5365,324672.0,-0.7128,6424.5,808495.0,1.64,
2004-12-10,1.21,,,-0.711,5.4,95.5365,324672.0,-0.7133,6424.5,808495.0,1.66,
2004-12-13,1.18,,,-0.711,5.4,95.5365,324672.0,-0.7133,6424.5,808495.0,1.65,
2004-12-14,1.15,,,-0.711,5.4,95.5365,324672.0,-0.7133,6424.5,808495.0,1.62,
2004-12-15,1.12,,,-0.711,5.4,95.5365,324672.0,-0.7133,6424.5,807028.0,1.57,
2004-12-16,1.18,,,-0.711,5.4,95.5365,324672.0,-0.7133,6424.5,807028.0,1.64,
2004-12-17,1.18,,,-0.706,5.4,95.5365,324672.0,-0.906,6424.5,807028.0,1.64,
2004-12-20,1.15,,,-0.706,5.4,95.5365,324672.0,-0.906,6424.5,807028.0,1.62,
2004-12-21,1.13,,,-0.706,5.4,95.5365,324672.0,-0.906,6424.5,807028.0,1.59,
2004-12-22,1.17,,,-0.706,5.4,95.5365,324672.0,-0.906,6424.5,811333.0,1.63,
2004-12-23,1.21,,,-0.706,5.4,95.5365,324672.0,-0.906,6424.5,811333.0,1.62,
2004-12-24,1.21,,,-0.701,5.4,95.5365,324672.0,-0.8391,6424.5,811333.0,1.62,
2004-12-27,1.23,,,-0.701,5.4,95.5365,324672.0,-0.8391,6424.5,811333.0,1.67,
2004-12-28,1.23,,,-0.701,5.4,95.5365,324672.0,-0.8391,6424.5,811333.0,1.69,
2004-12-29,1.21,,,-0.701,5.4,95.5365,324672.0,-0.8391,6424.5,810944.0,1.73,
2004-12-30,1.17,,,-0.701,5.4,95.5365,324672.0,-0.8391,6424.5,810944.0,1.7,
2004-12-31,1.16,,,-0.697,5.4,95.5365,324672.0,-0.8361,6424.5,810944.0,1.68,
2005-01-01,1.16,,,-0.697,5.3,95.8801,321272.0,-0.8361,6430.8,810944.0,1.68,
2005-01-03,1.13,,,-0.697,5.3,95.8801,321272.0,-0.8361,6430.8,810944.0,1.7,
2005-01-04,1.09,,,-0.697,5.3,95.8801,321272.0,-0.8361,6430.8,810944.0,1.78,
2005-01-05,1.07,,,-0.697,5.3,95.8801,321272.0,-0.8361,6430.8,815702.0,1.79,
2005-01-06,1.11,,,-0.697,5.3,95.8801,321272.0,-0.8361,6430.8,815702.0,1.76,
2005-01-07,1.09,,,-0.695,5.3,95.8801,321272.0,-0.7307,6430.8,815702.0,1.8,
2005-01-10,1.06,,,-0.695,5.3,95.8801,321272.0,-0.7307,6430.8,815702.0,1.77,
2005-01-11,1.02,,,-0.695,5.3,95.8801,321272.0,-0.7307,6430.8,815702.0,1.76,
2005-01-12,1.03,,,-0.695,5.3,95.8801,321272.0,-0.7307,6430.8,798455.0,1.73,
2005-01-13,0.99,,,-0.695,5.3,95.8801,321272.0,-0.7307,6430.8,798455.0,1.7,
2005-01-14,0.99,,,-0.696,5.3,95.8801,321272.0,-0.704,6430.8,798455.0,1.72,
2005-01-17,0.99,,,-0.696,5.3,95.8801,321272.0,-0.704,6430.8,798455.0,1.72,
2005-01-18,0.95,,,-0.696,5.3,95.8801,321272.0,-0.704,6430.8,798455.0,1.71,
2005-01-19,0.94,,,-0.696,5.3,95.8801,321272.0,-0.704,6430.8,806960.0,1.7,
2005-01-20,0.96,,,-0.696,5.3,95.8801,321272.0,-0.704,6430.8,806960.0,1.7,
2005-01-21,1.0,,,-0.699,5.3,95.8801,321272.0,-0.7161,6430.8,806960.0,1.69,
2005-01-24,0.94,,,-0.699,5.3,95.8801,321272.0,-0.7161,6430.8,806960.0,1.68,
2005-01-25,0.97,,,-0.699,5.3,95.8801,321272.0,-0.7161,6430.8,806960.0,1.74,
2005-01-26,0.94,,,-0.699,5.3,95.8801,321272.0,-0.7161,6430.8,807262.0,1.72,
2005-01-27,0.94,,,-0.699,5.3,95.8801,321272.0,-0.7161,6430.8,807262.0,1.72,
2005-01-28,0.91,,,-0.704,5.3,95.8801,321272.0,-0.7867,6430.8,807262.0,1.65,
2005-01-31,0.85,,,-0.704,5.3,95.8801,321272.0,-0.7867,6430.8,807262.0,1.65,
2005-02-01,0.86,,,-0.704,5.4,96.5761,325308.0,-0.7867,6438.9,807262.0,1.67,
2005-02-02,0.83,,,-0.704,5.4,96.5761,325308.0,-0.7867,6438.9,804746.0,1.7,
2005-02-03,0.84,,,-0.704,5.4,96.5761,325308.0,-0.7867,6438.9,804746.0,1.73,
2005-02-04,0.8,,,-0.709,5.4,96.5761,325308.0,-0.8853,6438.9,804746.0,1.65,
2005-02-07,0.76,,,-0.709,5.4,96.5761,325308.0,-0.8853,6438.9,804746.0,1.62,
2005-02-08,0.72,,,-0.709,5.4,96.5761,325308.0,-0.8853,6438.9,804746.0,1.57,
2005-02-09,0.76,,,-0.709,5.4,96.5761,325308.0,-0.8853,6438.9,797299.0,1.49,
2005-02-10,0.78,,,-0.709,5.4,96.5761,325308.0,-0.8853,6438.9,797299.0,1.57,
2005-02-11,0.76,,,-0.713,5.4,96.5761,325308.0,-0.8495,6438.9,797299.0,1.57,
2005-02-14,0.7,,,-0.713,5.4,96.5761,325308.0,-0.8495,6438.9,797299.0,1.54,
2005-02-15,0.73,,,-0.713,5.4,96.5761,325308.0,-0.8495,6438.9,797299.0,1.61,
2005-02-16,0.75,,,-0.713,5.4,96.5761,325308.0,-0.8495,6438.9,795606.0,1.65,
2005-02-17,0.81,,,-0.713,5.4,96.5761,325308.0,-0.8495,6438.9,795606.0,1.65,
2005-02-18,0.82,,,-0.713,5.4,96.5761,325308.0,-0.9484,6438.9,795606.0,1.67,
2005-02-21,0.82,,,-0.713,5.4,96.5761,325308.0,-0.9484,6438.9,795606.0,1.67,
2005-02-22,0.83,,,-0.713,5.4,96.5761,325308.0,-0.9484,6438.9,795606.0,1.67,
2005-02-23,0.81,,,-0.713,5.4,96.5761,325308.0,-0.9484,6438.9,804576.0,1.64,
2005-02-24,0.77,,,-0.713,5.4,96.5761,325308.0,-0.9484,6438.9,804576.0,1.65,
2005-02-25,0.73,,,-0.71,5.4,96.5761,325308.0,-0.9597,6438.9,804576.0,1.64,
2005-02-28,0.77,,,-0.71,5.4,96.5761,325308.0,-0.9597,6438.9,804576.0,1.7,
2005-03-01,0.79,,,-0.71,5.2,96.4456,326179.0,-0.9597,6448.3,804576.0,1.69,
2005-03-02,0.81,,,-0.71,5.2,96.4456,326179.0,-0.9597,6448.3,801252.0,1.69,
2005-03-03,0.8,,,-0.71,5.2,96.4456,326179.0,-0.9597,6448.3,801252.0,1.69,
2005-03-04,0.75,,,-0.703,5.2,96.4456,326179.0,-0.9331,6448.3,801252.0,1.65,
2005-03-07,0.7,,,-0.703,5.2,96.4456,326179.0,-0.9331,6448.3,801252.0,1.63,
2005-03-08,0.76,,,-0.703,5.2,96.4456,326179.0,-0.9331,6448.3,801252.0,1.67,
2005-03-09,0.86,,,-0.703,5.2,96.4456,326179.0,-0.9331,6448.3,799250.0,1.77,
2005-03-10,0.8,,,-0.703,5.2,96.4456,326179.0,-0.9331,6448.3,799250.0,1.76,
2005-03-11,0.83,,,-0.693,5.2,96.4456,326179.0,-0.9497,6448.3,799250.0,1.82,
2005-03-14,0.77,,,-0.693,5.2,96.4456,326179.0,-0.9497,6448.3,799250.0,1.82,
2005-03-15,0.79,,,-0.693,5.2,96.4456,326179.0,-0.9497,6448.3,799250.0,1.82,
2005-03-16,0.8,,,-0.693,5.2,96.4456,326179.0,-0.9497,6448.3,807211.0,1.79,
2005-03-17,0.77,,,-0.693,5.2,96.4456,326179.0,-0.9497,6448.3,807211.0,1.73,
2005-03-18,0.79,,,-0.68,5.2,96.4456,326179.0,-0.7851,6448.3,807211.0,1.77,
2005-03-21,0.81,,,-0.68,5.2,96.4456,326179.0,-0.7851,6448.3,807211.0,1.8,
2005-03-22,0.77,,,-0.68,5.2,96.4456,326179.0,-0.7851,6448.3,807211.0,1.87,
2005-03-23,0.77,,,-0.68,5.2,96.4456,326179.0,-0.7851,6448.3,797094.0,1.92,
2005-03-24,0.72,,,-0.68,5.2,96.4456,326179.0,-0.7851,6448.3,797094.0,1.9,
2005-03-25,0.72,,,-0.665,5.2,96.4456,326179.0,-0.7316,6448.3,797094.0,1.9,
2005-03-28,0.74,,,-0.665,5.2,96.4456,326179.0,-0.7316,6448.3,797094.0,1.94,
2005-03-29,0.73,,,-0.665,5.2,96.4456,326179.0,-0.7316,6448.3,797094.0,1.91,
2005-03-30,0.7,,,-0.665,5.2,96.4456,326179.0,-0.7316,6448.3,807551.0,1.89,
2005-03-31,0.7,,,-0.665,5.2,96.4456,326179.0,-0.7316,6448.3,807551.0,1.79,
2005-04-01,0.71,,,-0.651,5.2,96.6532,329124.0,-0.71,6461.8,807551.0,1.77,
2005-04-04,0.73,,,-0.651,5.2,96.6532,329124.0,-0.71,6461.8,807551.0,1.79,
2005-04-05,0.73,,,-0.651,5.2,96.6532,329124.0,-0.71,6461.8,807551.0,1.81,
2005-04-06,0.74,,,-0.651,5.2,96.6532,329124.0,-0.71,6461.8,797327.0,1.8,
2005-04-07,0.77,,,-0.651,5.2,96.6532,329124.0,-0.71,6461.8,797327.0,1.85,
2005-04-08,0.73,,,-0.638,5.2,96.6532,329124.0,-0.7294,6461.8,797327.0,1.84,
2005-04-11,0.7,,,-0.638,5.2,96.6532,329124.0,-0.7294,6461.8,797327.0,1.82,
2005-04-12,0.67,,,-0.638,5.2,96.6532,329124.0,-0.7294,6461.8,797327.0,1.73,
2005-04-13,0.72,,,-0.638,5.2,96.6532,329124.0,-0.7294,6461.8,805707.0,1.74,
2005-04-14,0.77,,,-0.638,5.2,96.6532,329124.0,-0.7294,6461.8,805707.0,1.72,
2005-04-15,0.73,,,-0.627,5.2,96.6532,329124.0,-0.6813,6461.8,805707.0,1.67,
2005-04-18,0.72,,,-0.627,5.2,96.6532,329124.0,-0.6813,6461.8,805707.0,1.66,
2005-04-19,0.71,,,-0.627,5.2,96.6532,329124.0,-0.6813,6461.8,805707.0,1.62,
2005-04-20,0.7,,,-0.627,5.2,96.6532,329124.0,-0.6813,6461.8,801793.0,1.6,
2005-04-21,0.67,,,-0.627,5.2,96.6532,329124.0,-0.6813,6461.8,801793.0,1.66,
2005-04-22,0.64,,,-0.617,5.2,96.6532,329124.0,-0.6112,6461.8,801793.0,1.61,
2005-04-25,0.62,,,-0.617,5.2,96.6532,329124.0,-0.6112,6461.8,801793.0,1.63,
2005-04-26,0.61,,,-0.617,5.2,96.6532,329124.0,-0.6112,6461.8,801793.0,1.66,
2005-04-27,0.61,,,-0.617,5.2,96.6532,329124.0,-0.6112,6461.8,809797.0,1.65,
2005-04-28,0.6,,,-0.617,5.2,96.6532,329124.0,-0.6112,6461.8,809797.0,1.58,
2005-04-29,0.55,,,-0.61,5.2,96.6532,329124.0,-0.7536,6461.8,809797.0,1.61,
2005-05-01,0.55,,,-0.61,5.1,96.7402,327233.0,-0.7536,6479.0,809797.0,1.61,
2005-05-02,0.57,,,-0.61,5.1,96.7402,327233.0,-0.7536,6479.0,809797.0,1.61,
2005-05-03,0.53,,,-0.61,5.1,96.7402,327233.0,-0.7536,6479.0,809797.0,1.64,
2005-05-04,0.57,,,-0.61,5.1,96.7402,327233.0,-0.7536,6479.0,802412.0,1.63,
2005-05-05,0.61,,,-0.61,5.1,96.7402,327233.0,-0.7536,6479.0,802412.0,1.62,
2005-05-06,0.55,,,-0.605,5.1,96.7402,327233.0,-0.7636,6479.0,802412.0,1.69,
2005-05-09,0.53,,,-0.605,5.1,96.7402,327233.0,-0.7636,6479.0,802412.0,1.69,
2005-05-10,0.54,,,-0.605,5.1,96.7402,327233.0,-0.7636,6479.0,802412.0,1.65,
2005-05-11,0.53,,,-0.605,5.1,96.7402,327233.0,-0.7636,6479.0,808378.0,1.64,
2005-05-12,0.52,,,-0.605,5.1,96.7402,327233.0,-0.7636,6479.0,808378.0,1.66,
2005-05-13,0.51,,,-0.602,5.1,96.7402,327233.0,-0.6059,6479.0,808378.0,1.66,
2005-05-16,0.52,,,-0.602,5.1,96.7402,327233.0,-0.6059,6479.0,808378.0,1.66,
2005-05-17,0.51,,,-0.602,5.1,96.7402,327233.0,-0.6059,6479.0,808378.0,1.64,
2005-05-18,0.51,,,-0.602,5.1,96.7402,327233.0,-0.6059,6479.0,801546.0,1.65,
2005-05-19,0.47,,,-0.602,5.1,96.7402,327233.0,-0.6059,6479.0,801546.0,1.69,
2005-05-20,0.44,,,-0.6,5.1,96.7402,327233.0,-0.5139,6479.0,801546.0,1.67,
2005-05-23,0.42,,,-0.6,5.1,96.7402,327233.0,-0.5139,6479.0,801546.0,1.65,
2005-05-24,0.43,,,-0.6,5.1,96.7402,327233.0,-0.5139,6479.0,801546.0,1.62,
2005-05-25,0.47,,,-0.6,5.1,96.7402,327233.0,-0.5139,6479.0,810160.0,1.66,
2005-05-26,0.44,,,-0.6,5.1,96.7402,327233.0,-0.5139,6479.0,810160.0,1.69,
2005-05-27,0.44,,,-0.6,5.1,96.7402,327233.0,-0.799,6479.0,810160.0,1.67,
2005-05-30,0.44,,,-0.6,5.1,96.7402,327233.0,-0.799,6479.0,810160.0,1.67,
2005-05-31,0.4,,,-0.6,5.1,96.7402,327233.0,-0.799,6479.0,810160.0,1.63,
2005-06-01,0.41,,,-0.6,5.0,97.1753,337219.0,-0.799,6511.7,817335.0,1.54,
2005-06-02,0.37,,,-0.6,5.0,97.1753,337219.0,-0.799,6511.7,817335.0,1.55,
2005-06-03,0.41,,,-0.6,5.0,97.1753,337219.0,-0.7043,6511.7,817335.0,1.61,
2005-06-06,0.37,,,-0.6,5.0,97.1753,337219.0,-0.7043,6511.7,817335.0,1.6,
2005-06-07,0.35,,,-0.6,5.0,97.1753,337219.0,-0.7043,6511.7,817335.0,1.6,
2005-06-08,0.35,,,-0.6,5.0,97.1753,337219.0,-0.7043,6511.7,814172.0,1.63,
2005-06-09,0.34,,,-0.6,5.0,97.1753,337219.0,-0.7043,6511.7,814172.0,1.64,
2005-06-10,0.34,,,-0.601,5.0,97.1753,337219.0,-0.693,6511.7,814172.0,1.74,
2005-06-13,0.38,,,-0.601,5.0,97.1753,337219.0,-0.693,6511.7,814172.0,1.76,
2005-06-14,0.42,,,-0.601,5.0,97.1753,337219.0,-0.693,6511.7,814172.0,1.79,
2005-06-15,0.4,,,-0.601,5.0,97.1753,337219.0,-0.693,6511.7,811198.0,1.79,
2005-06-16,0.39,,,-0.601,5.0,97.1753,337219.0,-0.693,6511.7,811198.0,1.75,
2005-06-17,0.37,,,-0.602,5.0,97.1753,337219.0,-0.7857,6511.7,811198.0,1.72,
2005-06-20,0.39,,,-0.602,5.0,97.1753,337219.0,-0.7857,6511.7,811198.0,1.74,
2005-06-21,0.35,,,-0.602,5.0,97.1753,337219.0,-0.7857,6511.7,811198.0,1.72,
2005-06-22,0.33,,,-0.602,5.0,97.1753,337219.0,-0.7857,6511.7,810429.0,1.68,
2005-06-23,0.33,,,-0.602,5.0,97.1753,337219.0,-0.7857,6511.7,810429.0,1.68,
2005-06-24,0.33,,,-0.604,5.0,97.1753,337219.0,-0.6787,6511.7,810429.0,1.65,
2005-06-27,0.3,,,-0.604,5.0,97.1753,337219.0,-0.6787,6511.7,810429.0,1.62,
2005-06-28,0.32,,,-0.604,5.0,97.1753,337219.0,-0.6787,6511.7,810429.0,1.67,
2005-06-29,0.34,,,-0.604,5.0,97.1753,337219.0,-0.6787,6511.7,810082.0,1.69,
2005-06-30,0.28,,,-0.604,5.0,97.1753,337219.0,-0.6787,6511.7,810082.0,1.67,
2005-07-01,0.3,,,-0.606,5.0,96.8676,339529.0,-0.7925,6543.5,810082.0,1.75,
2005-07-04,0.3,,,-0.606,5.0,96.8676,339529.0,-0.7925,6543.5,810082.0,1.75,
2005-07-05,0.32,,,-0.606,5.0,96.8676,339529.0,-0.7925,6543.5,810082.0,1.8,
2005-07-06,0.31,,,-0.606,5.0,96.8676,339529.0,-0.7925,6543.5,821556.0,1.78,
2005-07-07,0.34,,,-0.606,5.0,96.8676,339529.0,-0.7925,6543.5,821556.0,1.77,
2005-07-08,0.33,,,-0.608,5.0,96.8676,339529.0,-0.7282,6543.5,821556.0,1.83,
2005-07-11,0.3,,,-0.608,5.0,96.8676,339529.0,-0.7282,6543.5,821556.0,1.81,
2005-07-12,0.33,,,-0.608,5.0,96.8676,339529.0,-0.7282,6543.5,821556.0,1.83,
2005-07-13,0.33,,,-0.608,5.0,96.8676,339529.0,-0.7282,6543.5,808861.0,1.87,
2005-07-14,0.33,,,-0.608,5.0,96.8676,339529.0,-0.7282,6543.5,808861.0,1.94,
2005-07-15,0.32,,,-0.611,5.0,96.8676,339529.0,-0.8955,6543.5,808861.0,1.95,
2005-07-18,0.33,,,-0.611,5.0,96.8676,339529.0,-0.8955,6543.5,808861.0,1.98,
2005-07-19,0.32,,,-0.611,5.0,96.8676,339529.0,-0.8955,6543.5,808861.0,1.92,
2005-07-20,0.27,,,-0.611,5.0,96.8676,339529.0,-0.8955,6543.5,816804.0,1.9,
2005-07-21,0.32,,,-0.611,5.0,96.8676,339529.0,-0.8955,6543.5,816804.0,1.95,
2005-07-22,0.31,,,-0.613,5.0,96.8676,339529.0,-0.8423,6543.5,816804.0,1.89,
2005-07-25,0.3,,,-0.613,5.0,96.8676,339529.0,-0.8423,6543.5,816804.0,1.94,
2005-07-26,0.29,,,-0.613,5.0,96.8676,339529.0,-0.8423,6543.5,816804.0,1.92,
2005-07-27,0.28,,,-0.613,5.0,96.8676,339529.0,-0.8423,6543.5,814259.0,1.92,
2005-07-28,0.24,,,-0.613,5.0,96.8676,339529.0,-0.8423,6543.5,814259.0,1.86,
2005-07-29,0.26,,,-0.614,5.0,96.8676,339529.0,-0.9322,6543.5,814259.0,1.92,
2005-08-01,0.28,,,-0.614,4.9,97.1833,335605.0,-0.9322,6576.3,814259.0,1.95,
2005-08-02,0.28,,,-0.614,4.9,97.1833,335605.0,-0.9322,6576.3,814259.0,1.99,
2005-08-03,0.28,,,-0.614,4.9,97.1833,335605.0,-0.9322,6576.3,818841.0,1.93,
2005-08-04,0.28,,,-0.614,4.9,97.1833,335605.0,-0.9322,6576.3,818841.0,1.94,
2005-08-05,0.29,,,-0.613,4.9,97.1833,335605.0,-0.9151,6576.3,818841.0,2.0,
2005-08-08,0.26,,,-0.613,4.9,97.1833,335605.0,-0.9151,6576.3,818841.0,2.02,
2005-08-09,0.28,,,-0.613,4.9,97.1833,335605.0,-0.9151,6576.3,818841.0,2.02,
2005-08-10,0.27,,,-0.613,4.9,97.1833,335605.0,-0.9151,6576.3,808544.0,2.01,
2005-08-11,0.22,,,-0.613,4.9,97.1833,335605.0,-0.9151,6576.3,808544.0,1.97,
2005-08-12,0.19,,,-0.611,4.9,97.1833,335605.0,-0.884,6576.3,808544.0,1.91,
2005-08-15,0.19,,,-0.611,4.9,97.1833,335605.0,-0.884,6576.3,808544.0,1.92,
2005-08-16,0.2,,,-0.611,4.9,97.1833,335605.0,-0.884,6576.3,808544.0,1.87,
2005-08-17,0.21,,,-0.611,4.9,97.1833,335605.0,-0.884,6576.3,813774.0,1.91,
2005-08-18,0.2,,,-0.611,4.9,97.1833,335605.0,-0.884,6576.3,813774.0,1.86,
2005-08-19,0.18,,,-0.606,4.9,97.1833,335605.0,-0.8123,6576.3,813774.0,1.85,
2005-08-22,0.19,,,-0.606,4.9,97.1833,335605.0,-0.8123,6576.3,813774.0,1.86,
2005-08-23,0.19,,,-0.606,4.9,97.1833,335605.0,-0.8123,6576.3,813774.0,1.85,
2005-08-24,0.2,,,-0.606,4.9,97.1833,335605.0,-0.8123,6576.3,811313.0,1.83,
2005-08-25,0.18,,,-0.606,4.9,97.1833,335605.0,-0.8123,6576.3,811313.0,1.8,
2005-08-26,0.14,,,-0.599,4.9,97.1833,335605.0,-0.8179,6576.3,811313.0,1.81,
2005-08-29,0.14,,,-0.599,4.9,97.1833,335605.0,-0.8179,6576.3,811313.0,1.79,
2005-08-30,0.19,,,-0.599,4.9,97.1833,335605.0,-0.8179,6576.3,811313.0,1.71,
2005-08-31,0.18,,,-0.599,4.9,97.1833,335605.0,-0.8179,6576.3,823237.0,1.65,
2005-09-01,0.3,,,-0.599,5.0,95.3005,336600.0,-0.8179,6610.1,823237.0,1.61,
2005-09-02,0.28,,,-0.591,5.0,95.3005,336600.0,-0.6475,6610.1,823237.0,1.59,
2005-09-05,0.28,,,-0.591,5.0,95.3005,336600.0,-0.6475,6610.1,823237.0,1.59,
2005-09-06,0.29,,,-0.591,5.0,95.3005,336600.0,-0.6475,6610.1,823237.0,1.65,
2005-09-07,0.28,,,-0.591,5.0,95.3005,336600.0,-0.6475,6610.1,822500.0,1.69,
2005-09-08,0.28,,,-0.591,5.0,95.3005,336600.0,-0.6475,6610.1,822500.0,1.68,
2005-09-09,0.26,,,-0.583,5.0,95.3005,336600.0,-0.8335,6610.1,822500.0,1.64,
2005-09-12,0.26,,,-0.583,5.0,95.3005,336600.0,-0.8335,6610.1,822500.0,1.69,
2005-09-13,0.26,,,-0.583,5.0,95.3005,336600.0,-0.8335,6610.1,822500.0,1.67,
2005-09-14,0.27,,,-0.583,5.0,95.3005,336600.0,-0.8335,6610.1,823590.0,1.68,
2005-09-15,0.32,,,-0.583,5.0,95.3005,336600.0,-0.8335,6610.1,823590.0,1.71,
2005-09-16,0.29,,,-0.576,5.0,95.3005,336600.0,-0.8405,6610.1,823590.0,1.73,
2005-09-19,0.32,,,-0.576,5.0,95.3005,336600.0,-0.8405,6610.1,823590.0,1.7,
2005-09-20,0.26,,,-0.576,5.0,95.3005,336600.0,-0.8405,6610.1,823590.0,1.74,
2005-09-21,0.23,,,-0.576,5.0,95.3005,336600.0,-0.8405,6610.1,812926.0,1.68,
2005-09-22,0.24,,,-0.576,5.0,95.3005,336600.0,-0.8405,6610.1,812926.0,1.67,
2005-09-23,0.23,,,-0.57,5.0,95.3005,336600.0,-0.7843,6610.1,812926.0,1.74,
2005-09-26,0.23,,,-0.57,5.0,95.3005,336600.0,-0.7843,6610.1,812926.0,1.78,
2005-09-27,0.22,,,-0.57,5.0,95.3005,336600.0,-0.7843,6610.1,812926.0,1.77,
2005-09-28,0.17,,,-0.57,5.0,95.3005,336600.0,-0.7843,6610.1,823771.0,1.73,
2005-09-29,0.16,,,-0.57,5.0,95.3005,336600.0,-0.7843,6610.1,823771.0,1.75,
2005-09-30,0.16,,,-0.567,5.0,95.3005,336600.0,-0.8442,6610.1,823771.0,1.78,
2005-10-01,0.16,,,-0.567,5.0,96.4572,336753.0,-0.8442,6643.9,823771.0,1.78,
2005-10-03,0.18,,,-0.567,5.0,96.4572,336753.0,-0.8442,6643.9,823771.0,1.84,
2005-10-04,0.16,,,-0.567,5.0,96.4572,336753.0,-0.8442,6643.9,823771.0,1.87,
2005-10-05,0.15,,,-0.567,5.0,96.4572,336753.0,-0.8442,6643.9,817137.0,1.86,
2005-10-06,0.17,,,-0.567,5.0,96.4572,336753.0,-0.8442,6643.9,817137.0,1.91,
2005-10-07,0.17,,,-0.568,5.0,96.4572,336753.0,-0.7067,6643.9,817137.0,1.9,
2005-10-10,0.17,,,-0.568,5.0,96.4572,336753.0,-0.7067,6643.9,817137.0,1.9,
2005-10-11,0.17,,,-0.568,5.0,96.4572,336753.0,-0.7067,6643.9,817137.0,1.92,
2005-10-12,0.21,,,-0.568,5.0,96.4572,336753.0,-0.7067,6643.9,826306.0,1.96,
2005-10-13,0.24,,,-0.568,5.0,96.4572,336753.0,-0.7067,6643.9,826306.0,1.96,
2005-10-14,0.21,,,-0.572,5.0,96.4572,336753.0,-0.5717,6643.9,826306.0,1.98,
2005-10-17,0.21,,,-0.572,5.0,96.4572,336753.0,-0.5717,6643.9,826306.0,1.94,
2005-10-18,0.22,,,-0.572,5.0,96.4572,336753.0,-0.5717,6643.9,826306.0,1.92,
2005-10-19,0.22,,,-0.572,5.0,96.4572,336753.0,-0.5717,6643.9,814281.0,1.92,
2005-10-20,0.19,,,-0.572,5.0,96.4572,336753.0,-0.5717,6643.9,814281.0,1.92,
2005-10-21,0.17,,,-0.578,5.0,96.4572,336753.0,-0.8317,6643.9,814281.0,1.89,
2005-10-24,0.2,,,-0.578,5.0,96.4572,336753.0,-0.8317,6643.9,814281.0,1.93,
2005-10-25,0.2,,,-0.578,5.0,96.4572,336753.0,-0.8317,6643.9,814281.0,2.05,
2005-10-26,0.22,,,-0.578,5.0,96.4572,336753.0,-0.8317,6643.9,819105.0,2.06,
2005-10-27,0.21,,,-0.578,5.0,96.4572,336753.0,-0.8317,6643.9,819105.0,2.01,
2005-10-28,0.18,,,-0.584,5.0,96.4572,336753.0,-0.8672,6643.9,819105.0,2.01,
2005-10-31,0.17,,,-0.584,5.0,96.4572,336753.0,-0.8672,6643.9,819105.0,2.0,
2005-11-01,0.16,,,-0.584,5.0,97.5414,339719.0,-0.8672,6660.7,819105.0,2.0,
2005-11-02,0.18,,,-0.584,5.0,97.5414,339719.0,-0.8672,6660.7,814571.0,2.02,
2005-11-03,0.18,,,-0.584,5.0,97.5414,339719.0,-0.8672,6660.7,814571.0,2.03,
2005-11-04,0.19,,,-0.588,5.0,97.5414,339719.0,-0.9031,6660.7,814571.0,2.06,
2005-11-07,0.18,,,-0.588,5.0,97.5414,339719.0,-0.9031,6660.7,814571.0,2.03,
2005-11-08,0.14,,,-0.588,5.0,97.5414,339719.0,-0.9031,6660.7,814571.0,2.01,
2005-11-09,0.15,,,-0.588,5.0,97.5414,339719.0,-0.9031,6660.7,824991.0,2.08,
2005-11-10,0.11,,,-0.588,5.0,97.5414,339719.0,-0.9031,6660.7,824991.0,2.07,
2005-11-11,0.11,,,-0.589,5.0,97.5414,339719.0,-0.8359,6660.7,824991.0,2.07,
2005-11-14,0.11,,,-0.589,5.0,97.5414,339719.0,-0.8359,6660.7,824991.0,2.14,
2005-11-15,0.09,,,-0.589,5.0,97.5414,339719.0,-0.8359,6660.7,824991.0,2.12,
2005-11-16,0.07,,,-0.589,5.0,97.5414,339719.0,-0.8359,6660.7,823263.0,2.07,
2005-11-17,0.09,,,-0.589,5.0,97.5414,339719.0,-0.8359,6660.7,823263.0,2.04,
2005-11-18,0.1,,,-0.587,5.0,97.5414,339719.0,-0.728,6660.7,823263.0,2.09,
2005-11-21,0.07,,,-0.587,5.0,97.5414,339719.0,-0.728,6660.7,823263.0,2.08,
2005-11-22,0.11,,,-0.587,5.0,97.5414,339719.0,-0.728,6660.7,823263.0,2.03,
2005-11-23,0.11,,,-0.587,5.0,97.5414,339719.0,-0.728,6660.7,833124.0,2.08,
2005-11-24,0.11,,,-0.587,5.0,97.5414,339719.0,-0.728,6660.7,833124.0,2.08,
2005-11-25,0.1,,,-0.581,5.0,97.5414,339719.0,-0.7777,6660.7,833124.0,2.05,
2005-11-28,0.08,,,-0.581,5.0,97.5414,339719.0,-0.7777,6660.7,833124.0,2.04,
2005-11-29,0.08,,,-0.581,5.0,97.5414,339719.0,-0.7777,6660.7,833124.0,2.11,
2005-11-30,0.07,,,-0.581,5.0,97.5414,339719.0,-0.7777,6660.7,835059.0,2.12,
2005-12-01,0.07,,,-0.581,4.9,98.0452,339895.0,-0.7777,6687.8,835059.0,2.15,
2005-12-02,0.09,,,-0.575,4.9,98.0452,339895.0,-0.7155,6687.8,835059.0,2.16,
2005-12-05,0.1,,,-0.575,4.9,98.0452,339895.0,-0.7155,6687.8,835059.0,2.17,
2005-12-06,0.07,,,-0.575,4.9,98.0452,339895.0,-0.7155,6687.8,835059.0,2.12,
2005-12-07,0.1,,,-0.575,4.9,98.0452,339895.0,-0.7155,6687.8,833250.0,2.18,
2005-12-08,0.1,,,-0.575,4.9,98.0452,339895.0,-0.7155,6687.8,833250.0,2.14,
2005-12-09,0.11,,,-0.568,4.9,98.0452,339895.0,-0.7082,6687.8,833250.0,2.18,
2005-12-12,0.11,,,-0.568,4.9,98.0452,339895.0,-0.7082,6687.8,833250.0,2.17,
2005-12-13,0.11,,,-0.568,4.9,98.0452,339895.0,-0.7082,6687.8,833250.0,2.16,
2005-12-14,0.08,,,-0.568,4.9,98.0452,339895.0,-0.7082,6687.8,830950.0,2.1,
2005-12-15,0.1,,,-0.568,4.9,98.0452,339895.0,-0.7082,6687.8,830950.0,2.12,
2005-12-16,0.08,,,-0.563,4.9,98.0452,339895.0,-0.7286,6687.8,830950.0,2.11,
2005-12-19,0.07,,,-0.563,4.9,98.0452,339895.0,-0.7286,6687.8,830950.0,2.11,
2005-12-20,0.05,,,-0.563,4.9,98.0452,339895.0,-0.7286,6687.8,830950.0,2.12,
2005-12-21,0.06,,,-0.563,4.9,98.0452,339895.0,-0.7286,6687.8,848317.0,2.14,
2005-12-22,0.04,,,-0.563,4.9,98.0452,339895.0,-0.7286,6687.8,848317.0,2.11,
2005-12-23,0.01,,,-0.562,4.9,98.0452,339895.0,-0.6931,6687.8,848317.0,2.07,
2005-12-26,0.01,,,-0.562,4.9,98.0452,339895.0,-0.6931,6687.8,848317.0,2.07,
2005-12-27,-0.01,,,-0.562,4.9,98.0452,339895.0,-0.6931,6687.8,848317.0,2.05,
2005-12-28,0.01,,,-0.562,4.9,98.0452,339895.0,-0.6931,6687.8,847700.0,2.1,
2005-12-29,-0.01,,,-0.562,4.9,98.0452,339895.0,-0.6931,6687.8,847700.0,2.07,
2005-12-30,-0.02,,,-0.564,4.9,98.0452,339895.0,-0.6528,6687.8,847700.0,2.06,
2006-01-01,-0.02,,,-0.564,4.7,98.1999,349664.0,-0.6528,6730.1,847700.0,2.06,
2006-01-02,-0.02,,,-0.564,4.7,98.1999,349664.0,-0.6528,6730.1,847700.0,2.06,101.4155
2006-01-03,0.03,,,-0.564,4.7,98.1999,349664.0,-0.6528,6730.1,847700.0,2.03,100.7558
2006-01-04,0.05,,,-0.564,4.7,98.1999,349664.0,-0.6528,6730.1,851856.0,2.01,100.2288
2006-01-05,0.04,,,-0.564,4.7,98.1999,349664.0,-0.6528,6730.1,851856.0,2.04,100.2992
2006-01-06,0.02,,,-0.57,4.7,98.1999,349664.0,-0.8467,6730.1,851856.0,2.05,100.0241
2006-01-09,0.02,,,-0.57,4.7,98.1999,349664.0,-0.8467,6730.1,851856.0,2.05,100.1794
2006-01-10,0.02,,,-0.57,4.7,98.1999,349664.0,-0.8467,6730.1,851856.0,2.06,100.1436
2006-01-11,0.02,,,-0.57,4.7,98.1999,349664.0,-0.8467,6730.1,829357.0,2.07,99.871
2006-01-12,0.03,,,-0.57,4.7,98.1999,349664.0,-0.8467,6730.1,829357.0,2.01,100.0643
2006-01-13,0.02,,,-0.58,4.7,98.1999,349664.0,-0.9938,6730.1,829357.0,1.97,99.9675
2006-01-16,0.02,,,-0.58,4.7,98.1999,349664.0,-0.9938,6730.1,829357.0,1.97,99.9715
2006-01-17,0.01,,,-0.58,4.7,98.1999,349664.0,-0.9938,6730.1,829357.0,1.95,100.2447
2006-01-18,0.01,,,-0.58,4.7,98.1999,349664.0,-0.9938,6730.1,836042.0,1.97,100.4085
2006-01-19,0.01,,,-0.58,4.7,98.1999,349664.0,-0.9938,6730.1,836042.0,1.97,100.1862
2006-01-20,0.0,,,-0.591,4.7,98.1999,349664.0,-0.8299,6730.1,836042.0,1.94,99.9017
2006-01-23,0.01,,,-0.591,4.7,98.1999,349664.0,-0.8299,6730.1,836042.0,1.94,99.3783
2006-01-24,0.03,,,-0.591,4.7,98.1999,349664.0,-0.8299,6730.1,836042.0,1.97,99.3434
2006-01-25,0.03,,,-0.591,4.7,98.1999,349664.0,-0.8299,6730.1,828901.0,2.03,99.348
2006-01-26,0.04,,,-0.591,4.7,98.1999,349664.0,-0.8299,6730.1,828901.0,2.01,99.4798
2006-01-27,0.01,,,-0.603,4.7,98.1999,349664.0,-0.9964,6730.1,828901.0,2.02,99.6433
2006-01-30,0.02,,,-0.603,4.7,98.1999,349664.0,-0.9964,6730.1,828901.0,2.03,99.7144
2006-01-31,-0.01,,,-0.603,4.7,98.1999,349664.0,-0.9964,6730.1,828901.0,2.0,99.4311
2006-02-01,-0.02,,,-0.603,4.8,98.2413,347021.0,-0.9964,6754.7,831808.0,2.02,99.6132
2006-02-02,-0.02,,,-0.603,4.8,98.2413,347021.0,-0.9964,6754.7,831808.0,2.04,99.7916
2006-02-03,-0.05,,,-0.614,4.8,98.2413,347021.0,-1.0559,6754.7,831808.0,2.0,100.118
2006-02-06,-0.07,,,-0.614,4.8,98.2413,347021.0,-1.0559,6754.7,831808.0,2.0,100.1372
2006-02-07,-0.04,,,-0.614,4.8,98.2413,347021.0,-1.0559,6754.7,831808.0,2.02,100.1759
2006-02-08,-0.08,,,-0.614,4.8,98.2413,347021.0,-1.0559,6754.7,827613.0,2.07,100.4879
2006-02-09,-0.12,,,-0.614,4.8,98.2413,347021.0,-1.0559,6754.7,827613.0,2.05,100.2117
2006-02-10,-0.1,,,-0.623,4.8,98.2413,347021.0,-0.9306,6754.7,827613.0,2.09,100.322
2006-02-13,-0.1,,,-0.623,4.8,98.2413,347021.0,-0.9306,6754.7,827613.0,2.08,100.3955
2006-02-14,-0.07,,,-0.623,4.8,98.2413,347021.0,-0.9306,6754.7,827613.0,2.14,100.3987
2006-02-15,-0.1,,,-0.623,4.8,98.2413,347021.0,-0.9306,6754.7,835240.0,2.13,100.4489
2006-02-16,-0.1,,,-0.623,4.8,98.2413,347021.0,-0.9306,6754.7,835240.0,2.1,100.5183
2006-02-17,-0.12,,,-0.629,4.8,98.2413,347021.0,-1.0299,6754.7,835240.0,2.03,100.3404
2006-02-20,-0.12,,,-0.629,4.8,98.2413,347021.0,-1.0299,6754.7,835240.0,2.03,100.3447
2006-02-21,-0.14,,,-0.629,4.8,98.2413,347021.0,-1.0299,6754.7,835240.0,2.04,100.2346
2006-02-22,-0.15,,,-0.629,4.8,98.2413,347021.0,-1.0299,6754.7,840555.0,2.01,100.3879
2006-02-23,-0.16,,,-0.629,4.8,98.2413,347021.0,-1.0299,6754.7,840555.0,2.03,100.1956
2006-02-24,-0.16,,,-0.633,4.8,98.2413,347021.0,-1.1152,6754.7,840555.0,2.02,100.2594
2006-02-27,-0.15,,,-0.633,4.8,98.2413,347021.0,-1.1152,6754.7,840555.0,2.04,100.0724
2006-02-28,-0.14,,,-0.633,4.8,98.2413,347021.0,-1.1152,6754.7,840555.0,2.02,99.7695
2006-03-01,-0.12,,,-0.633,4.7,98.4628,348357.0,-1.1152,6769.3,839356.0,2.02,99.8355
2006-03-02,-0.08,,,-0.633,4.7,98.4628,348357.0,-1.1152,6769.3,839356.0,2.05,99.5969
2006-03-03,-0.08,,,-0.635,4.7,98.4628,348357.0,-1.0757,6769.3,839356.0,2.07,99.7024
2006-03-06,-0.03,,,-0.635,4.7,98.4628,348357.0,-1.0757,6769.3,839356.0,2.14,99.9834
2006-03-07,-0.03,,,-0.635,4.7,98.4628,348357.0,-1.0757,6769.3,839356.0,2.16,100.564
2006-03-08,0.01,,,-0.635,4.7,98.4628,348357.0,-1.0757,6769.3,839234.0,2.2,100.8565
2006-03-09,0.02,,,-0.635,4.7,98.4628,348357.0,-1.0757,6769.3,839234.0,2.2,100.7718
2006-03-10,0.02,,,-0.634,4.7,98.4628,348357.0,-0.9624,6769.3,839234.0,2.23,100.9566
2006-03-13,0.03,,,-0.634,4.7,98.4628,348357.0,-0.9624,6769.3,839234.0,2.24,100.8563
2006-03-14,0.05,,,-0.634,4.7,98.4628,348357.0,-0.9624,6769.3,839234.0,2.17,100.312
2006-03-15,0.04,,,-0.634,4.7,98.4628,348357.0,-0.9624,6769.3,843010.0,2.18,100.2121
2006-03-16,0.03,,,-0.634,4.7,98.4628,348357.0,-0.9624,6769.3,843010.0,2.12,99.9049
2006-03-17,0.03,,,-0.633,4.7,98.4628,348357.0,-1.0188,6769.3,843010.0,2.16,99.8614
2006-03-20,0.01,,,-0.633,4.7,98.4628,348357.0,-1.0188,6769.3,843010.0,2.15,100.0491
2006-03-21,-0.01,,,-0.633,4.7,98.4628,348357.0,-1.0188,6769.3,843010.0,2.23,100.4716
2006-03-22,-0.04,,,-0.633,4.7,98.4628,348357.0,-1.0188,6769.3,838003.0,2.23,100.496
2006-03-23,-0.04,,,-0.633,4.7,98.4628,348357.0,-1.0188,6769.3,838003.0,2.24,100.8256
2006-03-24,-0.05,,,-0.631,4.7,98.4628,348357.0,-1.0559,6769.3,838003.0,2.2,100.7773
2006-03-27,-0.02,,,-0.631,4.7,98.4628,348357.0,-1.0559,6769.3,838003.0,2.23,100.8359
2006-03-28,-0.02,,,-0.631,4.7,98.4628,348357.0,-1.0559,6769.3,838003.0,2.3,100.7995
2006-03-29,-0.01,,,-0.631,4.7,98.4628,348357.0,-1.0559,6769.3,833675.0,2.32,101.0474
2006-03-30,0.02,,,-0.631,4.7,98.4628,348357.0,-1.0559,6769.3,833675.0,2.35,100.5698
2006-03-31,0.04,,,-0.629,4.7,98.4628,348357.0,-1.0442,6769.3,833675.0,2.35,100.56
2006-04-01,0.04,,,-0.629,4.7,98.7618,350072.0,-1.0442,6806.9,833675.0,2.35,100.56
2006-04-03,0.02,,,-0.629,4.7,98.7618,350072.0,-1.0442,6806.9,833675.0,2.36,100.6204
2006-04-04,0.03,,,-0.629,4.7,98.7618,350072.0,-1.0442,6806.9,833675.0,2.38,100.1319
2006-04-05,0.03,,,-0.629,4.7,98.7618,350072.0,-1.0442,6806.9,834589.0,2.34,100.0792
2006-04-06,0.06,,,-0.629,4.7,98.7618,350072.0,-1.0442,6806.9,834589.0,2.38,100.1578
2006-04-07,0.08,,,-0.626,4.7,98.7618,350072.0,-1.0199,6806.9,834589.0,2.43,100.4187
2006-04-10,0.08,,,-0.626,4.7,98.7618,350072.0,-1.0199,6806.9,834589.0,2.41,100.4091
2006-04-11,0.05,,,-0.626,4.7,98.7618,350072.0,-1.0199,6806.9,834589.0,2.37,100.2903
2006-04-12,0.07,,,-0.626,4.7,98.7618,350072.0,-1.0199,6806.9,836862.0,2.41,100.3589
2006-04-13,0.09,,,-0.626,4.7,98.7618,350072.0,-1.0199,6806.9,836862.0,2.48,100.4759
2006-04-14,0.09,,,-0.624,4.7,98.7618,350072.0,-0.9508,6806.9,836862.0,2.48,100.4697
2006-04-17,0.1,,,-0.624,4.7,98.7618,350072.0,-0.9508,6806.9,836862.0,2.43,99.8719
2006-04-18,0.15,,,-0.624,4.7,98.7618,350072.0,-0.9508,6806.9,836862.0,2.38,99.6747
2006-04-19,0.18,,,-0.624,4.7,98.7618,350072.0,-0.9508,6806.9,836352.0,2.38,99.3467
2006-04-20,0.15,,,-0.624,4.7,98.7618,350072.0,-0.9508,6806.9,836352.0,2.42,99.4974
2006-04-21,0.11,,,-0.622,4.7,98.7618,350072.0,-1.039,6806.9,836352.0,2.39,99.4345
2006-04-24,0.1,,,-0.622,4.7,98.7618,350072.0,-1.039,6806.9,836352.0,2.39,99.117
2006-04-25,0.12,,,-0.622,4.7,98.7618,350072.0,-1.039,6806.9,836352.0,2.47,98.9687
2006-04-26,0.13,,,-0.622,4.7,98.7618,350072.0,-1.039,6806.9,844572.0,2.51,98.8907
2006-04-27,0.18,,,-0.622,4.7,98.7618,350072.0,-1.039,6806.9,844572.0,2.45,98.5149
2006-04-28,0.2,,,-0.62,4.7,98.7618,350072.0,-1.0971,6806.9,844572.0,2.39,98.1412
2006-05-01,0.2,,,-0.62,4.6,98.7869,348889.0,-1.0971,6813.7,844572.0,2.42,97.9085
2006-05-02,0.2,,,-0.62,4.6,98.7869,348889.0,-1.0971,6813.7,844572.0,2.43,97.6571
2006-05-03,0.21,,,-0.62,4.6,98.7869,348889.0,-1.0971,6813.7,843867.0,2.47,97.5572
2006-05-04,0.19,,,-0.62,4.6,98.7869,348889.0,-1.0971,6813.7,843867.0,2.49,97.4878
2006-05-05,0.18,,,-0.614,4.6,98.7869,348889.0,-1.104,6813.7,843867.0,2.45,97.2585
2006-05-08,0.15,,,-0.614,4.6,98.7869,348889.0,-1.104,6813.7,843867.0,2.45,97.1945
2006-05-09,0.16,,,-0.614,4.6,98.7869,348889.0,-1.104,6813.7,843867.0,2.43,96.9578
2006-05-10,0.12,,,-0.614,4.6,98.7869,348889.0,-1.104,6813.7,838405.0,2.43,96.6391
2006-05-11,0.15,,,-0.614,4.6,98.7869,348889.0,-1.104,6813.7,838405.0,2.43,96.5383
2006-05-12,0.18,,,-0.607,4.6,98.7869,348889.0,-1.1126,6813.7,838405.0,2.47,96.8788
2006-05-15,0.16,,,-0.607,4.6,98.7869,348889.0,-1.1126,6813.7,838405.0,2.47,97.3588
2006-05-16,0.14,,,-0.607,4.6,98.7869,348889.0,-1.1126,6813.7,838405.0,2.44,97.1959
2006-05-17,0.19,,,-0.607,4.6,98.7869,348889.0,-1.1126,6813.7,838153.0,2.47,97.4725
2006-05-18,0.14,,,-0.607,4.6,98.7869,348889.0,-1.1126,6813.7,838153.0,2.41,97.7033
2006-05-19,0.09,,,-0.596,4.6,98.7869,348889.0,-0.8834,6813.7,838153.0,2.43,97.933
2006-05-22,0.1,,,-0.596,4.6,98.7869,348889.0,-0.8834,6813.7,838153.0,2.43,97.9377
2006-05-23,0.1,,,-0.596,4.6,98.7869,348889.0,-0.8834,6813.7,838153.0,2.44,97.7045
2006-05-24,0.09,,,-0.596,4.6,98.7869,348889.0,-0.8834,6813.7,840251.0,2.42,98.3936
2006-05-25,0.09,,,-0.596,4.6,98.7869,348889.0,-0.8834,6813.7,840251.0,2.46,97.8423
2006-05-26,0.1,,,-0.582,4.6,98.7869,348889.0,-0.79,6813.7,840251.0,2.44,97.8995
2006-05-29,0.1,,,-0.582,4.6,98.7869,348889.0,-0.79,6813.7,840251.0,2.44,97.8936
2006-05-30,0.1,,,-0.582,4.6,98.7869,348889.0,-0.79,6813.7,840251.0,2.45,97.588
2006-05-31,0.08,,,-0.582,4.6,98.7869,348889.0,-0.79,6813.7,851580.0,2.48,97.7705
2006-06-01,0.07,,,-0.582,4.6,99.0997,350795.0,-0.79,6851.8,851580.0,2.46,97.7726
2006-06-02,0.08,,,-0.568,4.6,99.0997,350795.0,-0.9205,6851.8,851580.0,2.37,97.5544
2006-06-05,0.03,,,-0.568,4.6,99.0997,350795.0,-0.9205,6851.8,851580.0,2.4,97.3681
2006-06-06,0.02,,,-0.568,4.6,99.0997,350795.0,-0.9205,6851.8,851580.0,2.44,98.1449
2006-06-07,0.0,,,-0.568,4.6,99.0997,350795.0,-0.9205,6851.8,849074.0,2.48,98.1641
2006-06-08,-0.01,,,-0.568,4.6,99.0997,350795.0,-0.9205,6851.8,849074.0,2.47,98.9313
2006-06-09,-0.03,,,-0.554,4.6,99.0997,350795.0,-0.7996,6851.8,849074.0,2.45,98.5471
2006-06-12,-0.03,,,-0.554,4.6,99.0997,350795.0,-0.7996,6851.8,849074.0,2.45,98.5494
2006-06-13,-0.05,,,-0.554,4.6,99.0997,350795.0,-0.7996,6851.8,849074.0,2.44,98.9201
2006-06-14,-0.06,,,-0.554,4.6,99.0997,350795.0,-0.7996,6851.8,845869.0,2.5,98.8338
2006-06-15,-0.04,,,-0.554,4.6,99.0997,350795.0,-0.7996,6851.8,845869.0,2.52,98.8846
2006-06-16,-0.03,,,-0.542,4.6,99.0997,350795.0,-0.7294,6851.8,845869.0,2.54,98.9127
2006-06-19,-0.05,,,-0.542,4.6,99.0997,350795.0,-0.7294,6851.8,845869.0,2.58,99.145
2006-06-20,-0.04,,,-0.542,4.6,99.0997,350795.0,-0.7294,6851.8,845869.0,2.58,99.0117
2006-06-21,-0.04,,,-0.542,4.6,99.0997,350795.0,-0.7294,6851.8,844773.0,2.59,98.5544
2006-06-22,-0.03,,,-0.542,4.6,99.0997,350795.0,-0.7294,6851.8,844773.0,2.61,99.0856
2006-06-23,-0.04,,,-0.533,4.6,99.0997,350795.0,-0.8011,6851.8,844773.0,2.64,99.4216
2006-06-26,-0.02,,,-0.533,4.6,99.0997,350795.0,-0.8011,6851.8,844773.0,2.67,99.3634
2006-06-27,-0.03,,,-0.533,4.6,99.0997,350795.0,-0.8011,6851.8,844773.0,2.63,99.219
2006-06-28,-0.04,,,-0.533,4.6,99.0997,350795.0,-0.8011,6851.8,844436.0,2.68,99.392
2006-06-29,0.01,,,-0.533,4.6,99.0997,350795.0,-0.8011,6851.8,844436.0,2.61,99.2158
2006-06-30,-0.01,,,-0.529,4.6,99.0997,350795.0,-0.8557,6851.8,844436.0,2.54,98.2483
2006-07-01,-0.01,,,-0.529,4.7,99.0489,351916.0,-0.8557,6893.6,844436.0,2.54,98.2483
2006-07-03,-0.02,,,-0.529,4.7,99.0489,351916.0,-0.8557,6893.6,844436.0,2.56,98.0371
2006-07-04,-0.02,,,-0.529,4.7,99.0489,351916.0,-0.8557,6893.6,844436.0,2.56,98.0221
2006-07-05,-0.01,,,-0.529,4.7,99.0489,351916.0,-0.8557,6893.6,851659.0,2.63,98.308
2006-07-06,-0.03,,,-0.529,4.7,99.0489,351916.0,-0.8557,6893.6,851659.0,2.59,98.138
2006-07-07,-0.03,,,-0.53,4.7,99.0489,351916.0,-0.9861,6893.6,851659.0,2.55,97.7508
2006-07-10,-0.04,,,-0.53,4.7,99.0489,351916.0,-0.9861,6893.6,851659.0,2.56,97.9813
2006-07-11,-0.07,,,-0.53,4.7,99.0489,351916.0,-0.9861,6893.6,851659.0,2.53,98.2132
2006-07-12,-0.07,,,-0.53,4.7,99.0489,351916.0,-0.9861,6893.6,844391.0,2.54,98.5202
2006-07-13,-0.04,,,-0.53,4.7,99.0489,351916.0,-0.9861,6893.6,844391.0,2.51,98.5583
2006-07-14,-0.01,,,-0.535,4.7,99.0489,351916.0,-0.7868,6893.6,844391.0,2.5,98.6814
2006-07-17,-0.05,,,-0.535,4.7,99.0489,351916.0,-0.7868,6893.6,844391.0,2.49,99.0767
2006-07-18,-0.06,,,-0.535,4.7,99.0489,351916.0,-0.7868,6893.6,844391.0,2.55,99.1341
2006-07-19,-0.06,,,-0.535,4.7,99.0489,351916.0,-0.7868,6893.6,849894.0,2.49,98.9262
2006-07-20,-0.03,,,-0.535,4.7,99.0489,351916.0,-0.7868,6893.6,849894.0,2.45,98.6014
2006-07-21,-0.03,,,-0.545,4.7,99.0489,351916.0,-0.7817,6893.6,849894.0,2.49,98.5221
2006-07-24,-0.05,,,-0.545,4.7,99.0489,351916.0,-0.7817,6893.6,849894.0,2.49,98.7795
2006-07-25,-0.04,,,-0.545,4.7,99.0489,351916.0,-0.7817,6893.6,849894.0,2.48,98.9388
2006-07-26,-0.02,,,-0.545,4.7,99.0489,351916.0,-0.7817,6893.6,841552.0,2.44,98.742
2006-07-27,0.0,,,-0.545,4.7,99.0489,351916.0,-0.7817,6893.6,841552.0,2.47,98.2283
2006-07-28,0.02,,,-0.559,4.7,99.0489,351916.0,-0.9336,6893.6,841552.0,2.41,98.0539
2006-07-31,0.02,,,-0.559,4.7,99.0489,351916.0,-0.9336,6893.6,841552.0,2.41,97.9996
2006-08-01,0.02,,,-0.559,4.7,99.4836,353285.0,-0.9336,6925.1,841552.0,2.4,98.1715
2006-08-02,-0.01,,,-0.559,4.7,99.4836,353285.0,-0.9336,6925.1,850263.0,2.36,97.9432
2006-08-03,-0.02,,,-0.559,4.7,99.4836,353285.0,-0.9336,6925.1,850263.0,2.35,98.0694
2006-08-04,0.0,,,-0.573,4.7,99.4836,353285.0,-0.8949,6925.1,850263.0,2.3,97.6005
2006-08-07,-0.03,,,-0.573,4.7,99.4836,353285.0,-0.8949,6925.1,850263.0,2.29,97.5088
2006-08-08,0.02,,,-0.573,4.7,99.4836,353285.0,-0.8949,6925.1,850263.0,2.27,97.6524
2006-08-09,0.01,,,-0.573,4.7,99.4836,353285.0,-0.8949,6925.1,840006.0,2.28,97.4402
2006-08-10,0.0,,,-0.573,4.7,99.4836,353285.0,-0.8949,6925.1,840006.0,2.3,97.8887
2006-08-11,0.01,,,-0.586,4.7,99.4836,353285.0,-0.9225,6925.1,840006.0,2.33,97.7863
2006-08-14,-0.01,,,-0.586,4.7,99.4836,353285.0,-0.9225,6925.1,840006.0,2.36,97.9677
2006-08-15,-0.01,,,-0.586,4.7,99.4836,353285.0,-0.9225,6925.1,840006.0,2.32,97.8043
2006-08-16,0.0,,,-0.586,4.7,99.4836,353285.0,-0.9225,6925.1,842876.0,2.28,97.3894
2006-08-17,-0.02,,,-0.586,4.7,99.4836,353285.0,-0.9225,6925.1,842876.0,2.28,97.3486
2006-08-18,-0.03,,,-0.596,4.7,99.4836,353285.0,-1.0273,6925.1,842876.0,2.26,97.7577
2006-08-21,-0.03,,,-0.596,4.7,99.4836,353285.0,-1.0273,6925.1,842876.0,2.23,97.3856
2006-08-22,-0.05,,,-0.596,4.7,99.4836,353285.0,-1.0273,6925.1,842876.0,2.22,97.6079
2006-08-23,-0.05,,,-0.596,4.7,99.4836,353285.0,-1.0273,6925.1,837987.0,2.25,97.5731
2006-08-24,-0.07,,,-0.596,4.7,99.4836,353285.0,-1.0273,6925.1,837987.0,2.28,97.7939
2006-08-25,-0.07,,,-0.603,4.7,99.4836,353285.0,-0.9817,6925.1,837987.0,2.24,97.8827
2006-08-28,-0.08,,,-0.603,4.7,99.4836,353285.0,-0.9817,6925.1,837987.0,2.28,97.8467
2006-08-29,-0.08,,,-0.603,4.7,99.4836,353285.0,-0.9817,6925.1,837987.0,2.29,97.7748
2006-08-30,-0.07,,,-0.603,4.7,99.4836,353285.0,-0.9817,6925.1,850925.0,2.28,97.5792
2006-08-31,-0.05,,,-0.603,4.7,99.4836,353285.0,-0.9817,6925.1,850925.0,2.24,97.644
2006-09-01,-0.04,,,-0.606,4.5,99.3183,351240.0,-0.9476,6952.4,850925.0,2.25,97.5084
2006-09-04,-0.04,,,-0.606,4.5,99.3183,351240.0,-0.9476,6952.4,850925.0,2.25,97.4981
2006-09-05,-0.02,,,-0.606,4.5,99.3183,351240.0,-0.9476,6952.4,850925.0,2.31,97.4392
2006-09-06,-0.02,,,-0.606,4.5,99.3183,351240.0,-0.9476,6952.4,848594.0,2.32,97.6087
2006-09-07,-0.02,,,-0.606,4.5,99.3183,351240.0,-0.9476,6952.4,848594.0,2.34,97.8108
2006-09-08,-0.02,,,-0.607,4.5,99.3183,351240.0,-0.9093,6952.4,848594.0,2.35,98.2119
2006-09-11,-0.03,,,-0.607,4.5,99.3183,351240.0,-0.9093,6952.4,848594.0,2.38,98.3845
2006-09-12,-0.04,,,-0.607,4.5,99.3183,351240.0,-0.9093,6952.4,848594.0,2.36,98.2781
2006-09-13,-0.03,,,-0.607,4.5,99.3183,351240.0,-0.9093,6952.4,840886.0,2.35,98.1775
2006-09-14,-0.04,,,-0.607,4.5,99.3183,351240.0,-0.9093,6952.4,840886.0,2.35,98.0088
2006-09-15,-0.07,,,-0.606,4.5,99.3183,351240.0,-0.9415,6952.4,840886.0,2.38,98.2104
2006-09-18,-0.07,,,-0.606,4.5,99.3183,351240.0,-0.9415,6952.4,840886.0,2.39,98.1332
2006-09-19,-0.05,,,-0.606,4.5,99.3183,351240.0,-0.9415,6952.4,840886.0,2.35,98.1703
2006-09-20,-0.08,,,-0.606,4.5,99.3183,351240.0,-0.9415,6952.4,838192.0,2.39,98.1556
2006-09-21,-0.06,,,-0.606,4.5,99.3183,351240.0,-0.9415,6952.4,838192.0,2.31,97.9458
2006-09-22,-0.07,,,-0.605,4.5,99.3183,351240.0,-0.8287,6952.4,838192.0,2.27,97.8667
2006-09-25,-0.07,,,-0.605,4.5,99.3183,351240.0,-0.8287,6952.4,838192.0,2.24,97.9909
2006-09-26,-0.09,,,-0.605,4.5,99.3183,351240.0,-0.8287,6952.4,838192.0,2.25,98.0555
2006-09-27,-0.06,,,-0.605,4.5,99.3183,351240.0,-0.8287,6952.4,849971.0,2.26,98.0107
2006-09-28,-0.05,,,-0.605,4.5,99.3183,351240.0,-0.8287,6952.4,849971.0,2.27,98.0381
2006-09-29,-0.07,,,-0.606,4.5,99.3183,351240.0,-0.8023,6952.4,849971.0,2.27,98.1054
2006-10-01,-0.07,,,-0.606,4.4,99.2044,351035.0,-0.8023,7001.7,849971.0,2.27,98.1054
2006-10-02,-0.04,,,-0.606,4.4,99.2044,351035.0,-0.8023,7001.7,849971.0,2.27,97.9247
2006-10-03,-0.05,,,-0.606,4.4,99.2044,351035.0,-0.8023,7001.7,849971.0,2.29,98.1267
2006-10-04,-0.03,,,-0.606,4.4,99.2044,351035.0,-0.8023,7001.7,842296.0,2.27,98.3682
2006-10-05,-0.04,,,-0.606,4.4,99.2044,351035.0,-0.8023,7001.7,842296.0,2.31,98.2776
2006-10-06,-0.04,,,-0.61,4.4,99.2044,351035.0,-0.8446,7001.7,842296.0,2.37,98.5619
2006-10-09,-0.04,,,-0.61,4.4,99.2044,351035.0,-0.8446,7001.7,842296.0,2.37,98.5702
2006-10-10,-0.07,,,-0.61,4.4,99.2044,351035.0,-0.8446,7001.7,842296.0,2.42,98.9125
2006-10-11,-0.07,,,-0.61,4.4,99.2044,351035.0,-0.8446,7001.7,859339.0,2.45,98.9146
2006-10-12,-0.06,,,-0.61,4.4,99.2044,351035.0,-0.8446,7001.7,859339.0,2.44,98.831
2006-10-13,-0.06,,,-0.616,4.4,99.2044,351035.0,-1.0212,7001.7,859339.0,2.47,98.8002
2006-10-16,-0.06,,,-0.616,4.4,99.2044,351035.0,-1.0212,7001.7,859339.0,2.45,98.71
2006-10-17,-0.05,,,-0.616,4.4,99.2044,351035.0,-1.0212,7001.7,859339.0,2.46,98.5354
2006-10-18,-0.08,,,-0.616,4.4,99.2044,351035.0,-1.0212,7001.7,844200.0,2.46,98.6164
2006-10-19,-0.06,,,-0.616,4.4,99.2044,351035.0,-1.0212,7001.7,844200.0,2.49,98.2897
2006-10-20,-0.08,,,-0.622,4.4,99.2044,351035.0,-0.9679,7001.7,844200.0,2.49,98.1629
2006-10-23,-0.07,,,-0.622,4.4,99.2044,351035.0,-0.9679,7001.7,844200.0,2.53,98.4483
2006-10-24,-0.08,,,-0.622,4.4,99.2044,351035.0,-0.9679,7001.7,844200.0,2.52,98.349
2006-10-25,-0.1,,,-0.622,4.4,99.2044,351035.0,-0.9679,7001.7,852648.0,2.44,98.2057
2006-10-26,-0.08,,,-0.622,4.4,99.2044,351035.0,-0.9679,7001.7,852648.0,2.41,97.8907
2006-10-27,-0.08,,,-0.628,4.4,99.2044,351035.0,-1.0055,7001.7,852648.0,2.37,97.4914
2006-10-30,-0.1,,,-0.628,4.4,99.2044,351035.0,-1.0055,7001.7,852648.0,2.39,97.5672
2006-10-31,-0.1,,,-0.628,4.4,99.2044,351035.0,-1.0055,7001.7,852648.0,2.34,97.3901
2006-11-01,-0.09,,,-0.628,4.5,99.1627,352116.0,-1.0055,7037.2,855536.0,2.29,97.4949
2006-11-02,-0.07,,,-0.628,4.5,99.1627,352116.0,-1.0055,7037.2,855536.0,2.32,97.6556
2006-11-03,-0.1,,,-0.632,4.5,99.1627,352116.0,-0.8914,7037.2,855536.0,2.4,97.7209
2006-11-06,-0.11,,,-0.632,4.5,99.1627,352116.0,-0.8914,7037.2,855536.0,2.36,97.806
2006-11-07,-0.11,,,-0.632,4.5,99.1627,352116.0,-0.8914,7037.2,855536.0,2.32,97.4453
2006-11-08,-0.11,,,-0.632,4.5,99.1627,352116.0,-0.8914,7037.2,858630.0,2.29,97.58
2006-11-09,-0.13,,,-0.632,4.5,99.1627,352116.0,-0.8914,7037.2,858630.0,2.28,97.5041
2006-11-10,-0.14,,,-0.633,4.5,99.1627,352116.0,-1.0059,7037.2,858630.0,2.25,97.4638
2006-11-13,-0.15,,,-0.633,4.5,99.1627,352116.0,-1.0059,7037.2,858630.0,2.29,97.7904
2006-11-14,-0.17,,,-0.633,4.5,99.1627,352116.0,-1.0059,7037.2,858630.0,2.28,97.7475
2006-11-15,-0.19,,,-0.633,4.5,99.1627,352116.0,-1.0059,7037.2,855551.0,2.3,97.8359
2006-11-16,-0.19,,,-0.633,4.5,99.1627,352116.0,-1.0059,7037.2,855551.0,2.38,97.8098
2006-11-17,-0.15,,,-0.631,4.5,99.1627,352116.0,-0.9988,7037.2,855551.0,2.33,97.9855
2006-11-20,-0.16,,,-0.631,4.5,99.1627,352116.0,-0.9988,7037.2,855551.0,2.33,98.0254
2006-11-21,-0.17,,,-0.631,4.5,99.1627,352116.0,-0.9988,7037.2,855551.0,2.31,98.0215
2006-11-22,-0.17,,,-0.631,4.5,99.1627,352116.0,-0.9988,7037.2,865126.0,2.3,97.5315
2006-11-23,-0.17,,,-0.631,4.5,99.1627,352116.0,-0.9988,7037.2,865126.0,2.3,97.5314
2006-11-24,-0.18,,,-0.628,4.5,99.1627,352116.0,-0.9267,7037.2,865126.0,2.27,97.0657
2006-11-27,-0.17,,,-0.628,4.5,99.1627,352116.0,-0.9267,7037.2,865126.0,2.24,96.9986
2006-11-28,-0.16,,,-0.628,4.5,99.1627,352116.0,-0.9267,7037.2,865126.0,2.21,96.8428
2006-11-29,-0.17,,,-0.628,4.5,99.1627,352116.0,-0.9267,7037.2,856671.0,2.22,96.8577
2006-11-30,-0.16,,,-0.628,4.5,99.1627,352116.0,-0.9267,7037.2,856671.0,2.16,96.5779
2006-12-01,-0.09,,,-0.623,4.4,100.1735,356367.0,-0.7992,7080.1,856671.0,2.1,96.4585
2006-12-04,-0.09,,,-0.623,4.4,100.1735,356367.0,-0.7992,7080.1,856671.0,2.11,96.4319
2006-12-05,-0.07,,,-0.623,4.4,100.1735,356367.0,-0.7992,7080.1,856671.0,2.11,96.2082
2006-12-06,-0.11,,,-0.623,4.4,100.1735,356367.0,-0.7992,7080.1,862178.0,2.14,96.2839
2006-12-07,-0.09,,,-0.623,4.4,100.1735,356367.0,-0.7992,7080.1,862178.0,2.15,96.3207
2006-12-08,-0.12,,,-0.62,4.4,100.1735,356367.0,-0.9151,7080.1,862178.0,2.21,96.6123
2006-12-11,-0.15,,,-0.62,4.4,100.1735,356367.0,-0.9151,7080.1,862178.0,2.17,96.6646
2006-12-12,-0.12,,,-0.62,4.4,100.1735,356367.0,-0.9151,7080.1,862178.0,2.15,96.7119
2006-12-13,-0.12,,,-0.62,4.4,100.1735,356367.0,-0.9151,7080.1,853851.0,2.22,96.7296
2006-12-14,-0.13,,,-0.62,4.4,100.1735,356367.0,-0.9151,7080.1,853851.0,2.23,96.7946
2006-12-15,-0.13,,,-0.621,4.4,100.1735,356367.0,-0.9872,7080.1,853851.0,2.29,96.9857
2006-12-18,-0.11,,,-0.621,4.4,100.1735,356367.0,-0.9872,7080.1,853851.0,2.31,97.1559
2006-12-19,-0.11,,,-0.621,4.4,100.1735,356367.0,-0.9872,7080.1,853851.0,2.31,96.9313
2006-12-20,-0.11,,,-0.621,4.4,100.1735,356367.0,-0.9872,7080.1,865010.0,2.32,96.7762
2006-12-21,-0.11,,,-0.621,4.4,100.1735,356367.0,-0.9872,7080.1,865010.0,2.29,96.9148
2006-12-22,-0.08,,,-0.625,4.4,100.1735,356367.0,-0.9311,7080.1,865010.0,2.35,97.1113
2006-12-25,-0.08,,,-0.625,4.4,100.1735,356367.0,-0.9311,7080.1,865010.0,2.35,97.1221
2006-12-26,-0.1,,,-0.625,4.4,100.1735,356367.0,-0.9311,7080.1,865010.0,2.34,97.1786
2006-12-27,-0.11,,,-0.625,4.4,100.1735,356367.0,-0.9311,7080.1,869988.0,2.39,97.2076
2006-12-28,-0.12,,,-0.625,4.4,100.1735,356367.0,-0.9311,7080.1,869988.0,2.41,97.0656
2006-12-29,-0.11,,,-0.634,4.4,100.1735,356367.0,-0.9646,7080.1,869988.0,2.41,97.0312
2007-01-01,-0.11,,,-0.634,4.6,99.8346,355792.0,-0.9646,7118.3,869988.0,2.41,97.0323
2007-01-02,-0.12,,,-0.634,4.6,99.8346,355792.0,-0.9646,7118.3,869988.0,2.38,97.0323
2007-01-03,-0.09,,,-0.634,4.6,99.8346,355792.0,-0.9646,7118.3,874626.0,2.36,97.1281
2007-01-04,-0.09,,,-0.634,4.6,99.8346,355792.0,-0.9646,7118.3,874626.0,2.36,97.5251
2007-01-05,-0.11,,,-0.645,4.6,99.8346,355792.0,-0.8817,7118.3,874626.0,2.38,97.7801
2007-01-08,-0.12,,,-0.645,4.6,99.8346,355792.0,-0.8817,7118.3,874626.0,2.38,97.788
2007-01-09,-0.13,,,-0.645,4.6,99.8346,355792.0,-0.8817,7118.3,874626.0,2.39,97.9642
2007-01-10,-0.12,,,-0.645,4.6,99.8346,355792.0,-0.8817,7118.3,854819.0,2.42,98.0943
2007-01-11,-0.12,,,-0.645,4.6,99.8346,355792.0,-0.8817,7118.3,854819.0,2.43,98.0845
2007-01-12,-0.11,,,-0.658,4.6,99.8346,355792.0,-0.9887,7118.3,854819.0,2.49,97.921
2007-01-15,-0.11,,,-0.658,4.6,99.8346,355792.0,-0.9887,7118.3,854819.0,2.49,97.9201
2007-01-16,-0.11,,,-0.658,4.6,99.8346,355792.0,-0.9887,7118.3,854819.0,2.48,97.9816
2007-01-17,-0.12,,,-0.658,4.6,99.8346,355792.0,-0.9887,7118.3,859363.0,2.5,97.7509
2007-01-18,-0.14,,,-0.658,4.6,99.8346,355792.0,-0.9887,7118.3,859363.0,2.47,97.8286
2007-01-19,-0.15,,,-0.671,4.6,99.8346,355792.0,-1.094,7118.3,859363.0,2.47,97.6868
2007-01-22,-0.15,,,-0.671,4.6,99.8346,355792.0,-1.094,7118.3,859363.0,2.44,97.827
2007-01-23,-0.13,,,-0.671,4.6,99.8346,355792.0,-1.094,7118.3,859363.0,2.46,97.8117
2007-01-24,-0.12,,,-0.671,4.6,99.8346,355792.0,-1.094,7118.3,851755.0,2.44,97.908
2007-01-25,-0.11,,,-0.671,4.6,99.8346,355792.0,-1.094,7118.3,851755.0,2.48,97.8396
2007-01-26,-0.11,,,-0.68,4.6,99.8346,355792.0,-1.1295,7118.3,851755.0,2.48,98.1491
2007-01-29,-0.09,,,-0.68,4.6,99.8346,355792.0,-1.1295,7118.3,851755.0,2.5,98.2066
2007-01-30,-0.1,,,-0.68,4.6,99.8346,355792.0,-1.1295,7118.3,851755.0,2.46,98.1515
2007-01-31,-0.11,,,-0.68,4.6,99.8346,355792.0,-1.1295,7118.3,865730.0,2.4,97.964
2007-02-01,-0.12,,,-0.68,4.5,100.7753,356545.0,-1.1295,7134.3,865730.0,2.42,97.7101
2007-02-02,-0.11,,,-0.684,4.5,100.7753,356545.0,-1.0897,7134.3,865730.0,2.42,97.9743
2007-02-05,-0.11,,,-0.684,4.5,100.7753,356545.0,-1.0897,7134.3,865730.0,2.41,97.87
2007-02-06,-0.13,,,-0.684,4.5,100.7753,356545.0,-1.0897,7134.3,865730.0,2.4,97.7357
2007-02-07,-0.13,,,-0.684,4.5,100.7753,356545.0,-1.0897,7134.3,855057.0,2.4,97.7239
2007-02-08,-0.14,,,-0.684,4.5,100.7753,356545.0,-1.0897,7134.3,855057.0,2.39,97.8169
2007-02-09,-0.13,,,-0.683,4.5,100.7753,356545.0,-1.0936,7134.3,855057.0,2.43,97.7076
2007-02-12,-0.14,,,-0.683,4.5,100.7753,356545.0,-1.0936,7134.3,855057.0,2.46,97.9409
2007-02-13,-0.13,,,-0.683,4.5,100.7753,356545.0,-1.0936,7134.3,855057.0,2.46,97.7063
2007-02-14,-0.13,,,-0.683,4.5,100.7753,356545.0,-1.0936,7134.3,867199.0,2.38,97.2779
2007-02-15,-0.13,,,-0.683,4.5,100.7753,356545.0,-1.0936,7134.3,867199.0,2.38,97.1588
2007-02-16,-0.14,,,-0.675,4.5,100.7753,356545.0,-1.1077,7134.3,867199.0,2.36,97.164
2007-02-19,-0.14,,,-0.675,4.5,100.7753,356545.0,-1.1077,7134.3,867199.0,2.36,97.1545
2007-02-20,-0.13,,,-0.675,4.5,100.7753,356545.0,-1.1077,7134.3,867199.0,2.36,97.321
2007-02-21,-0.13,,,-0.675,4.5,100.7753,356545.0,-1.1077,7134.3,869235.0,2.33,97.27
2007-02-22,-0.14,,,-0.675,4.5,100.7753,356545.0,-1.1077,7134.3,869235.0,2.35,97.266
2007-02-23,-0.14,,,-0.663,4.5,100.7753,356545.0,-1.1317,7134.3,869235.0,2.3,97.1756
2007-02-26,-0.14,,,-0.663,4.5,100.7753,356545.0,-1.1317,7134.3,869235.0,2.26,97.2281
2007-02-27,-0.09,,,-0.663,4.5,100.7753,356545.0,-1.1317,7134.3,869235.0,2.14,97.0883
2007-02-28,-0.09,,,-0.663,4.5,100.7753,356545.0,-1.1317,7134.3,877409.0,2.2,97.2386
2007-03-01,-0.07,,,-0.663,4.4,100.9547,359415.0,-1.1317,7168.2,877409.0,2.19,97.3358
2007-03-02,-0.04,,,-0.647,4.4,100.9547,359415.0,-0.6927,7168.2,877409.0,2.15,97.3691
2007-03-05,-0.02,,,-0.647,4.4,100.9547,359415.0,-0.6927,7168.2,877409.0,2.17,97.6716
2007-03-06,-0.05,,,-0.647,4.4,100.9547,359415.0,-0.6927,7168.2,877409.0,2.19,97.5123
2007-03-07,-0.04,,,-0.647,4.4,100.9547,359415.0,-0.6927,7168.2,864505.0,2.16,97.4558
2007-03-08,-0.05,,,-0.647,4.4,100.9547,359415.0,-0.6927,7168.2,864505.0,2.17,97.5731
2007-03-09,-0.07,,,-0.633,4.4,100.9547,359415.0,-0.7876,7168.2,864505.0,2.25,97.4559
2007-03-12,-0.06,,,-0.633,4.4,100.9547,359415.0,-0.7876,7168.2,864505.0,2.22,97.3013
2007-03-13,-0.02,,,-0.633,4.4,100.9547,359415.0,-0.7876,7168.2,864505.0,2.15,97.2203
2007-03-14,-0.01,,,-0.633,4.4,100.9547,359415.0,-0.7876,7168.2,876108.0,2.18,97.2759
2007-03-15,-0.03,,,-0.633,4.4,100.9547,359415.0,-0.7876,7168.2,876108.0,2.17,97.2476
2007-03-16,-0.03,,,-0.62,4.4,100.9547,359415.0,-0.8452,7168.2,876108.0,2.16,97.0407
2007-03-19,-0.03,,,-0.62,4.4,100.9547,359415.0,-0.8452,7168.2,876108.0,2.18,97.1062
2007-03-20,-0.04,,,-0.62,4.4,100.9547,359415.0,-0.8452,7168.2,876108.0,2.17,96.7985
2007-03-21,0.02,,,-0.62,4.4,100.9547,359415.0,-0.8452,7168.2,863067.0,2.14,96.6195
2007-03-22,0.02,,,-0.62,4.4,100.9547,359415.0,-0.8452,7168.2,863067.0,2.17,96.3893
2007-03-23,0.02,,,-0.612,4.4,100.9547,359415.0,-1.0143,7168.2,863067.0,2.19,96.5662
2007-03-26,0.04,,,-0.612,4.4,100.9547,359415.0,-1.0143,7168.2,863067.0,2.16,96.5493
2007-03-27,0.04,,,-0.612,4.4,100.9547,359415.0,-1.0143,7168.2,863067.0,2.16,96.4558
2007-03-28,0.09,,,-0.612,4.4,100.9547,359415.0,-1.0143,7168.2,869803.0,2.17,96.4894
2007-03-29,0.06,,,-0.612,4.4,100.9547,359415.0,-1.0143,7168.2,869803.0,2.18,96.5067
2007-03-30,0.07,,,-0.606,4.4,100.9547,359415.0,-0.9509,7168.2,869803.0,2.21,96.3183
2007-04-01,0.07,,,-0.606,4.5,101.6334,358562.0,-0.9509,7240.7,869803.0,2.21,96.3183
2007-04-02,0.05,,,-0.606,4.5,101.6334,358562.0,-0.9509,7240.7,869803.0,2.21,96.3175
2007-04-03,0.04,,,-0.606,4.5,101.6334,358562.0,-0.9509,7240.7,869803.0,2.25,96.3774
2007-04-04,0.05,,,-0.606,4.5,101.6334,358562.0,-0.9509,7240.7,862319.0,2.23,96.3646
2007-04-05,0.05,,,-0.606,4.5,101.6334,358562.0,-0.9509,7240.7,862319.0,2.22,96.1188
2007-04-06,0.01,,,-0.603,4.5,101.6334,358562.0,-0.9524,7240.7,862319.0,2.27,96.2526
2007-04-09,0.02,,,-0.603,4.5,101.6334,358562.0,-0.9524,7240.7,862319.0,2.27,96.293
2007-04-10,0.02,,,-0.603,4.5,101.6334,358562.0,-0.9524,7240.7,862319.0,2.27,96.1179
2007-04-11,0.01,,,-0.603,4.5,101.6334,358562.0,-0.9524,7240.7,865441.0,2.28,96.0293
2007-04-12,0.01,,,-0.603,4.5,101.6334,358562.0,-0.9524,7240.7,865441.0,2.28,95.7999
2007-04-13,0.0,,,-0.599,4.5,101.6334,358562.0,-1.0237,7240.7,865441.0,2.31,95.711
2007-04-16,0.0,,,-0.599,4.5,101.6334,358562.0,-1.0237,7240.7,865441.0,2.3,95.5538
2007-04-17,0.01,,,-0.599,4.5,101.6334,358562.0,-1.0237,7240.7,865441.0,2.29,95.3832
2007-04-18,0.02,,,-0.599,4.5,101.6334,358562.0,-1.0237,7240.7,861335.0,2.26,95.3109
2007-04-19,0.04,,,-0.599,4.5,101.6334,358562.0,-1.0237,7240.7,861335.0,2.27,95.2712
2007-04-20,0.04,,,-0.594,4.5,101.6334,358562.0,-1.0355,7240.7,861335.0,2.27,95.1692
2007-04-23,0.04,,,-0.594,4.5,101.6334,358562.0,-1.0355,7240.7,861335.0,2.25,95.1833
2007-04-24,0.05,,,-0.594,4.5,101.6334,358562.0,-1.0355,7240.7,861335.0,2.21,95.1608
2007-04-25,0.03,,,-0.594,4.5,101.6334,358562.0,-1.0355,7240.7,879686.0,2.22,94.8497
2007-04-26,0.02,,,-0.594,4.5,101.6334,358562.0,-1.0355,7240.7,879686.0,2.26,95.1653
2007-04-27,0.04,,,-0.588,4.5,101.6334,358562.0,-1.0088,7240.7,879686.0,2.25,95.0103
2007-04-30,0.03,,,-0.588,4.5,101.6334,358562.0,-1.0088,7240.7,879686.0,2.2,94.8365
2007-05-01,0.01,,,-0.588,4.4,101.7306,363085.0,-1.0088,7254.6,879686.0,2.19,95.0037
2007-05-02,0.0,,,-0.588,4.4,101.7306,363085.0,-1.0088,7254.6,890857.0,2.22,95.0352
2007-05-03,-0.03,,,-0.588,4.4,101.7306,363085.0,-1.0088,7254.6,890857.0,2.25,95.0167
2007-05-04,-0.03,,,-0.579,4.4,101.7306,363085.0,-0.9133,7254.6,890857.0,2.24,94.9118
2007-05-07,-0.04,,,-0.579,4.4,101.7306,363085.0,-0.9133,7254.6,890857.0,2.27,94.6914
2007-05-08,-0.05,,,-0.579,4.4,101.7306,363085.0,-0.9133,7254.6,890857.0,2.27,94.8648
2007-05-09,-0.06,,,-0.579,4.4,101.7306,363085.0,-0.9133,7254.6,875270.0,2.29,94.7933
2007-05-10,-0.05,,,-0.579,4.4,101.7306,363085.0,-0.9133,7254.6,875270.0,2.27,94.9506
2007-05-11,-0.04,,,-0.571,4.4,101.7306,363085.0,-0.9644,7254.6,875270.0,2.3,95.0035
2007-05-14,-0.04,,,-0.571,4.4,101.7306,363085.0,-0.9644,7254.6,875270.0,2.32,94.8267
2007-05-15,-0.04,,,-0.571,4.4,101.7306,363085.0,-0.9644,7254.6,875270.0,2.37,94.5574
2007-05-16,-0.02,,,-0.571,4.4,101.7306,363085.0,-0.9644,7254.6,859559.0,2.38,94.8143
2007-05-17,-0.02,,,-0.571,4.4,101.7306,363085.0,-0.9644,7254.6,859559.0,2.41,94.8339
2007-05-18,-0.01,,,-0.562,4.4,101.7306,363085.0,-0.9288,7254.6,859559.0,2.46,94.6573
2007-05-21,-0.02,,,-0.562,4.4,101.7306,363085.0,-0.9288,7254.6,859559.0,2.43,94.7026
2007-05-22,0.0,,,-0.562,4.4,101.7306,363085.0,-0.9288,7254.6,859559.0,2.48,94.5753
2007-05-23,0.01,,,-0.562,4.4,101.7306,363085.0,-0.9288,7254.6,873935.0,2.5,94.4557
2007-05-24,0.01,,,-0.562,4.4,101.7306,363085.0,-0.9288,7254.6,873935.0,2.48,94.7025
2007-05-25,0.01,,,-0.553,4.4,101.7306,363085.0,-0.9718,7254.6,873935.0,2.49,94.5022
2007-05-28,0.01,,,-0.553,4.4,101.7306,363085.0,-0.9718,7254.6,873935.0,2.49,94.4959
2007-05-29,0.0,,,-0.553,4.4,101.7306,363085.0,-0.9718,7254.6,873935.0,2.54,94.3533
2007-05-30,-0.01,,,-0.553,4.4,101.7306,363085.0,-0.9718,7254.6,876986.0,2.52,94.549
2007-05-31,-0.02,,,-0.553,4.4,101.7306,363085.0,-0.9718,7254.6,876986.0,2.54,94.3215
2007-06-01,-0.02,,,-0.546,4.6,101.7893,360234.0,-0.9208,7287.8,876986.0,2.57,94.132
2007-06-04,-0.04,,,-0.546,4.6,101.7893,360234.0,-0.9208,7287.8,876986.0,2.55,93.9969
2007-06-05,-0.01,,,-0.546,4.6,101.7893,360234.0,-0.9208,7287.8,876986.0,2.6,93.9986
2007-06-06,0.0,,,-0.546,4.6,101.7893,360234.0,-0.9208,7287.8,872706.0,2.58,94.1217
2007-06-07,0.08,,,-0.546,4.6,101.7893,360234.0,-0.9208,7287.8,872706.0,2.7,94.3537
2007-06-08,0.11,,,-0.543,4.6,101.7893,360234.0,-0.7977,7287.8,872706.0,2.69,94.7599
2007-06-11,0.13,,,-0.543,4.6,101.7893,360234.0,-0.7977,7287.8,872706.0,2.72,94.6576
2007-06-12,0.18,,,-0.543,4.6,101.7893,360234.0,-0.7977,7287.8,872706.0,2.83,94.6991
2007-06-13,0.12,,,-0.543,4.6,101.7893,360234.0,-0.7977,7287.8,864989.0,2.75,94.9011
2007-06-14,0.13,,,-0.543,4.6,101.7893,360234.0,-0.7977,7287.8,864989.0,2.77,94.9029
2007-06-15,0.11,,,-0.539,4.6,101.7893,360234.0,-0.7181,7287.8,864989.0,2.73,94.6228
2007-06-18,0.14,,,-0.539,4.6,101.7893,360234.0,-0.7181,7287.8,864989.0,2.73,94.5475
2007-06-19,0.15,,,-0.539,4.6,101.7893,360234.0,-0.7181,7287.8,864989.0,2.67,94.3227
2007-06-20,0.17,,,-0.539,4.6,101.7893,360234.0,-0.7181,7287.8,866089.0,2.73,94.3618
2007-06-21,0.18,,,-0.539,4.6,101.7893,360234.0,-0.7181,7287.8,866089.0,2.74,94.6073
2007-06-22,0.22,,,-0.534,4.6,101.7893,360234.0,-0.6849,7287.8,866089.0,2.7,94.4371
2007-06-25,0.22,,,-0.534,4.6,101.7893,360234.0,-0.6849,7287.8,866089.0,2.67,94.5105
2007-06-26,0.2,,,-0.534,4.6,101.7893,360234.0,-0.6849,7287.8,866089.0,2.7,94.4678
2007-06-27,0.18,,,-0.534,4.6,101.7893,360234.0,-0.6849,7287.8,865105.0,2.7,94.5633
2007-06-28,0.16,,,-0.534,4.6,101.7893,360234.0,-0.6849,7287.8,865105.0,2.73,94.2395
2007-06-29,0.16,,,-0.522,4.6,101.7893,360234.0,-0.5574,7287.8,865105.0,2.65,94.1393
2007-07-01,0.16,,,-0.522,4.7,101.6672,361770.0,-0.5574,7318.7,865105.0,2.65,94.1393
2007-07-02,0.14,,,-0.522,4.7,101.6672,361770.0,-0.5574,7318.7,865105.0,2.61,93.634
2007-07-03,0.16,,,-0.522,4.7,101.6672,361770.0,-0.5574,7318.7,865105.0,2.68,93.697
2007-07-04,0.16,,,-0.522,4.7,101.6672,361770.0,-0.5574,7318.7,876611.0,2.68,93.6965
2007-07-05,0.17,,,-0.522,4.7,101.6672,361770.0,-0.5574,7318.7,876611.0,2.76,93.7653
2007-07-06,0.2,,,-0.497,4.7,101.6672,361770.0,-0.7768,7318.7,876611.0,2.79,93.5759
2007-07-09,0.19,,,-0.497,4.7,101.6672,361770.0,-0.7768,7318.7,876611.0,2.75,93.5519
2007-07-10,0.18,,,-0.497,4.7,101.6672,361770.0,-0.7768,7318.7,876611.0,2.64,93.3339
2007-07-11,0.2,,,-0.497,4.7,101.6672,361770.0,-0.7768,7318.7,869407.0,2.71,93.3089
2007-07-12,0.19,,,-0.497,4.7,101.6672,361770.0,-0.7768,7318.7,869407.0,2.74,93.1198
2007-07-13,0.17,,,-0.452,4.7,101.6672,361770.0,-0.6893,7318.7,869407.0,2.73,93.0133
2007-07-16,0.16,,,-0.452,4.7,101.6672,361770.0,-0.6893,7318.7,869407.0,2.69,92.9094
2007-07-17,0.17,,,-0.452,4.7,101.6672,361770.0,-0.6893,7318.7,869407.0,2.73,92.9095
2007-07-18,0.18,,,-0.452,4.7,101.6672,361770.0,-0.6893,7318.7,872916.0,2.64,92.7959
2007-07-19,0.17,,,-0.452,4.7,101.6672,361770.0,-0.6893,7318.7,872916.0,2.65,92.7332
2007-07-20,0.17,,,-0.384,4.7,101.6672,361770.0,-0.6819,7318.7,872916.0,2.6,92.7179
2007-07-23,0.17,,,-0.384,4.7,101.6672,361770.0,-0.6819,7318.7,872916.0,2.63,92.6585
2007-07-24,0.17,,,-0.384,4.7,101.6672,361770.0,-0.6819,7318.7,872916.0,2.58,92.505
2007-07-25,0.18,,,-0.384,4.7,101.6672,361770.0,-0.6819,7318.7,863890.0,2.56,92.9189
2007-07-26,0.23,,,-0.384,4.7,101.6672,361770.0,-0.6819,7318.7,863890.0,2.47,93.1186
2007-07-27,0.24,,,-0.29,4.7,101.6672,361770.0,-0.1433,7318.7,863890.0,2.48,93.5485
2007-07-30,0.23,,,-0.29,4.7,101.6672,361770.0,-0.1433,7318.7,863890.0,2.49,93.5918
2007-07-31,0.22,,,-0.29,4.7,101.6672,361770.0,-0.1433,7318.7,863890.0,2.44,93.4264
2007-08-01,0.2,,,-0.29,4.6,101.863,363676.0,-0.1433,7394.8,870261.0,2.44,93.4011
2007-08-02,0.18,,,-0.29,4.6,101.863,363676.0,-0.1433,7394.8,870261.0,2.46,93.3038
2007-08-03,0.25,,,-0.178,4.6,101.863,363676.0,-0.0071,7394.8,870261.0,2.44,93.1039
2007-08-06,0.26,,,-0.178,4.6,101.863,363676.0,-0.0071,7394.8,870261.0,2.46,93.1112
2007-08-07,0.21,,,-0.178,4.6,101.863,363676.0,-0.0071,7394.8,870261.0,2.51,93.3171
2007-08-08,0.2,,,-0.178,4.6,101.863,363676.0,-0.0071,7394.8,865453.0,2.58,93.0989
2007-08-09,0.3,,,-0.178,4.6,101.863,363676.0,-0.0071,7394.8,865453.0,2.54,93.441
2007-08-10,0.34,,,-0.058,4.6,101.863,363676.0,0.1436,7394.8,865453.0,2.56,93.5214
2007-08-13,0.32,,,-0.058,4.6,101.863,363676.0,0.1436,7394.8,865453.0,2.52,93.6032
2007-08-14,0.34,,,-0.058,4.6,101.863,363676.0,0.1436,7394.8,865453.0,2.49,94.0416
2007-08-15,0.42,,,-0.058,4.6,101.863,363676.0,0.1436,7394.8,864931.0,2.46,94.5014
2007-08-16,0.52,,,-0.058,4.6,101.863,363676.0,0.1436,7394.8,864931.0,2.39,94.9055
2007-08-17,0.5,,,0.059,4.6,101.863,363676.0,1.2276,7394.8,864931.0,2.45,94.319
2007-08-20,0.53,,,0.059,4.6,101.863,363676.0,1.2276,7394.8,864931.0,2.44,94.2138
2007-08-21,0.55,,,0.059,4.6,101.863,363676.0,1.2276,7394.8,864931.0,2.38,94.2676
2007-08-22,0.48,,,0.059,4.6,101.863,363676.0,1.2276,7394.8,862775.0,2.42,94.0998
2007-08-23,0.42,,,0.059,4.6,101.863,363676.0,1.2276,7394.8,862775.0,2.39,93.9827
2007-08-24,0.33,,,0.154,4.6,101.863,363676.0,1.296,7394.8,862775.0,2.4,93.6863
2007-08-27,0.32,,,0.154,4.6,101.863,363676.0,1.296,7394.8,862775.0,2.38,93.6109
2007-08-28,0.4,,,0.154,4.6,101.863,363676.0,1.296,7394.8,862775.0,2.33,93.8394
2007-08-29,0.43,,,0.154,4.6,101.863,363676.0,1.296,7394.8,872873.0,2.38,93.7174
2007-08-30,0.43,,,0.154,4.6,101.863,363676.0,1.296,7394.8,872873.0,2.32,93.7324
2007-08-31,0.39,,,0.206,4.6,101.863,363676.0,1.0082,7394.8,872873.0,2.34,93.6674
2007-09-01,0.39,,,0.206,4.7,102.0894,365178.0,1.0082,7413.0,872873.0,2.34,93.6674
2007-09-03,0.39,,,0.206,4.7,102.0894,365178.0,1.0082,7413.0,872873.0,2.34,93.6691
2007-09-04,0.43,,,0.206,4.7,102.0894,365178.0,1.0082,7413.0,872873.0,2.36,93.6433
2007-09-05,0.45,,,0.206,4.7,102.0894,365178.0,1.0082,7413.0,871156.0,2.29,93.5453
2007-09-06,0.43,,,0.206,4.7,102.0894,365178.0,1.0082,7413.0,871156.0,2.32,93.4468
2007-09-07,0.48,,,0.222,4.7,102.0894,365178.0,1.4841,7413.0,871156.0,2.19,93.2939
2007-09-10,0.47,,,0.222,4.7,102.0894,365178.0,1.4841,7413.0,871156.0,2.14,93.2349
2007-09-11,0.42,,,0.222,4.7,102.0894,365178.0,1.4841,7413.0,871156.0,2.16,92.9244
2007-09-12,0.46,,,0.222,4.7,102.0894,365178.0,1.4841,7413.0,886314.0,2.18,92.6386
2007-09-13,0.41,,,0.222,4.7,102.0894,365178.0,1.4841,7413.0,886314.0,2.24,92.6172
2007-09-14,0.42,,,0.198,4.7,102.0894,365178.0,1.5826,7413.0,886314.0,2.2,92.7083
2007-09-17,0.4,,,0.198,4.7,102.0894,365178.0,1.5826,7413.0,886314.0,2.21,92.823
2007-09-18,0.5,,,0.198,4.7,102.0894,365178.0,1.5826,7413.0,886314.0,2.19,92.6584
2007-09-19,0.53,,,0.198,4.7,102.0894,365178.0,1.5826,7413.0,867732.0,2.21,92.1534
2007-09-20,0.59,,,0.198,4.7,102.0894,365178.0,1.5826,7413.0,867732.0,2.34,91.4212
2007-09-21,0.58,,,0.142,4.7,102.0894,365178.0,0.719,7413.0,867732.0,2.31,91.4854
2007-09-24,0.58,,,0.142,4.7,102.0894,365178.0,0.719,7413.0,867732.0,2.33,91.4017
2007-09-25,0.63,,,0.142,4.7,102.0894,365178.0,0.719,7413.0,867732.0,2.34,91.3392
2007-09-26,0.66,,,0.142,4.7,102.0894,365178.0,0.719,7413.0,889900.0,2.34,91.4335
2007-09-27,0.63,,,0.142,4.7,102.0894,365178.0,0.719,7413.0,889900.0,2.27,91.3497
2007-09-28,0.62,,,0.077,4.7,102.0894,365178.0,0.7081,7413.0,889900.0,2.27,90.9446
2007-10-01,0.54,,,0.077,4.7,101.8015,367322.0,0.7081,7428.1,889900.0,2.26,90.8801
2007-10-02,0.56,,,0.077,4.7,101.8015,367322.0,0.7081,7428.1,889900.0,2.23,91.12
2007-10-03,0.53,,,0.077,4.7,101.8015,367322.0,0.7081,7428.1,869051.0,2.25,91.1038
2007-10-04,0.54,,,0.077,4.7,101.8015,367322.0,0.7081,7428.1,869051.0,2.24,91.1632
2007-10-05,0.57,,,0.017,4.7,101.8015,367322.0,0.6343,7428.1,869051.0,2.34,90.7393
2007-10-08,0.57,,,0.017,4.7,101.8015,367322.0,0.6343,7428.1,869051.0,2.34,90.748
2007-10-09,0.52,,,0.017,4.7,101.8015,367322.0,0.6343,7428.1,869051.0,2.34,90.8609
2007-10-10,0.5,,,0.017,4.7,101.8015,367322.0,0.6343,7428.1,886363.0,2.33,90.7154
2007-10-11,0.53,,,0.017,4.7,101.8015,367322.0,0.6343,7428.1,886363.0,2.32,90.4901
2007-10-12,0.47,,,-0.024,4.7,101.8015,367322.0,0.3633,7428.1,886363.0,2.36,90.5945
2007-10-15,0.47,,,-0.024,4.7,101.8015,367322.0,0.3633,7428.1,886363.0,2.34,90.5387
2007-10-16,0.54,,,-0.024,4.7,101.8015,367322.0,0.3633,7428.1,886363.0,2.31,90.7123
2007-10-17,0.57,,,-0.024,4.7,101.8015,367322.0,0.3633,7428.1,869509.0,2.22,90.515
2007-10-18,0.59,,,-0.024,4.7,101.8015,367322.0,0.3633,7428.1,869509.0,2.2,90.3084
2007-10-19,0.61,,,-0.03,4.7,101.8015,367322.0,0.7327,7428.1,869509.0,2.09,90.1014
2007-10-22,0.57,,,-0.03,4.7,101.8015,367322.0,0.7327,7428.1,869509.0,2.11,90.6777
2007-10-23,0.6,,,-0.03,4.7,101.8015,367322.0,0.7327,7428.1,869509.0,2.11,90.1899
2007-10-24,0.62,,,-0.03,4.7,101.8015,367322.0,0.7327,7428.1,881395.0,2.07,90.2262
2007-10-25,0.63,,,-0.03,4.7,101.8015,367322.0,0.7327,7428.1,881395.0,2.04,89.9925
2007-10-26,0.64,,,0.0,4.7,101.8015,367322.0,0.7982,7428.1,881395.0,2.05,89.6508
2007-10-29,0.6,,,0.0,4.7,101.8015,367322.0,0.7982,7428.1,881395.0,2.04,89.4118
2007-10-30,0.58,,,0.0,4.7,101.8015,367322.0,0.7982,7428.1,881395.0,2.06,89.3252
2007-10-31,0.54,,,0.0,4.7,101.8015,367322.0,0.7982,7428.1,883385.0,2.14,89.1389
2007-11-01,0.59,,,0.0,4.7,102.3446,370776.0,0.7982,7453.6,883385.0,2.0,89.1628
2007-11-02,0.65,,,0.067,4.7,102.3446,370776.0,0.4762,7453.6,883385.0,1.92,88.8924
2007-11-05,0.66,,,0.067,4.7,102.3446,370776.0,0.4762,7453.6,883385.0,1.94,88.8851
2007-11-06,0.68,,,0.067,4.7,102.3446,370776.0,0.4762,7453.6,883385.0,1.93,88.4938
2007-11-07,0.73,,,0.067,4.7,102.3446,370776.0,0.4762,7453.6,885724.0,1.91,88.0631
2007-11-08,0.81,,,0.067,4.7,102.3446,370776.0,0.4762,7453.6,885724.0,1.88,88.2631
2007-11-09,0.81,,,0.165,4.7,102.3446,370776.0,1.1522,7453.6,885724.0,1.82,88.4615
2007-11-12,0.81,,,0.165,4.7,102.3446,370776.0,1.1522,7453.6,885724.0,1.82,88.465
2007-11-13,0.72,,,0.165,4.7,102.3446,370776.0,1.1522,7453.6,885724.0,1.86,89.1016
2007-11-14,0.71,,,0.165,4.7,102.3446,370776.0,1.1522,7453.6,889537.0,1.88,88.9671
2007-11-15,0.82,,,0.165,4.7,102.3446,370776.0,1.1522,7453.6,889537.0,1.81,89.4413
2007-11-16,0.82,,,0.275,4.7,102.3446,370776.0,1.1738,7453.6,889537.0,1.8,89.3182
2007-11-19,0.89,,,0.275,4.7,102.3446,370776.0,1.1738,7453.6,889537.0,1.7,89.5262
2007-11-20,0.92,,,0.275,4.7,102.3446,370776.0,1.1738,7453.6,889537.0,1.68,89.2622
2007-11-21,1.01,,,0.275,4.7,102.3446,370776.0,1.1738,7453.6,891028.0,1.62,89.3352
2007-11-22,1.01,,,0.275,4.7,102.3446,370776.0,1.1738,7453.6,891028.0,1.62,89.3269
2007-11-23,0.94,,,0.387,4.7,102.3446,370776.0,1.9292,7453.6,891028.0,1.63,89.2384
2007-11-26,0.91,,,0.387,4.7,102.3446,370776.0,1.9292,7453.6,891028.0,1.45,89.145
2007-11-27,0.9,,,0.387,4.7,102.3446,370776.0,1.9292,7453.6,891028.0,1.58,89.4082
2007-11-28,0.86,,,0.387,4.7,102.3446,370776.0,1.9292,7453.6,879417.0,1.71,89.4195
2007-11-29,0.88,,,0.387,4.7,102.3446,370776.0,1.9292,7453.6,879417.0,1.61,89.3681
2007-11-30,0.93,,,0.481,4.7,102.3446,370776.0,2.0802,7453.6,879417.0,1.63,89.6212
2007-12-01,0.93,,,0.481,5.0,102.3803,366569.0,2.0802,7483.9,879417.0,1.63,89.6212
2007-12-03,0.99,,,0.481,5.0,102.3803,366569.0,2.0802,7483.9,879417.0,1.57,89.6403
2007-12-04,0.99,,,0.481,5.0,102.3803,366569.0,2.0802,7483.9,879417.0,1.59,89.6672
2007-12-05,1.02,,,0.481,5.0,102.3803,366569.0,2.0802,7483.9,882764.0,1.66,89.8751
2007-12-06,0.99,,,0.481,5.0,102.3803,366569.0,2.0802,7483.9,882764.0,1.77,89.9268
2007-12-07,1.0,,,0.544,5.0,102.3803,366569.0,1.9643,7483.9,882764.0,1.86,89.74
2007-12-10,0.98,,,0.544,5.0,102.3803,366569.0,1.9643,7483.9,882764.0,1.89,89.6811
2007-12-11,1.04,,,0.544,5.0,102.3803,366569.0,1.9643,7483.9,882764.0,1.73,89.7176
2007-12-12,0.98,,,0.544,5.0,102.3803,366569.0,1.9643,7483.9,881750.0,1.78,89.7349
2007-12-13,0.97,,,0.544,5.0,102.3803,366569.0,1.9643,7483.9,881750.0,1.87,90.1374
2007-12-14,0.93,,,0.571,5.0,102.3803,366569.0,1.9359,7483.9,881750.0,1.9,90.4345
2007-12-17,0.96,,,0.571,5.0,102.3803,366569.0,1.9359,7483.9,881750.0,1.86,90.5363
2007-12-18,0.95,,,0.571,5.0,102.3803,366569.0,1.9359,7483.9,881750.0,1.8,90.5602
2007-12-19,0.94,,,0.571,5.0,102.3803,366569.0,1.9359,7483.9,887983.0,1.73,90.6147
2007-12-20,0.95,,,0.571,5.0,102.3803,366569.0,1.9359,7483.9,887983.0,1.74,90.4695
2007-12-21,0.99,,,0.561,5.0,102.3803,366569.0,1.7902,7483.9,887983.0,1.84,90.3672
2007-12-24,0.99,,,0.561,5.0,102.3803,366569.0,1.7902,7483.9,887983.0,1.88,90.1788
2007-12-25,0.99,,,0.561,5.0,102.3803,366569.0,1.7902,7483.9,887983.0,1.88,90.1786
2007-12-26,0.99,,,0.561,5.0,102.3803,366569.0,1.7902,7483.9,890662.0,1.95,89.9226
2007-12-27,0.97,,,0.561,5.0,102.3803,366569.0,1.7902,7483.9,890662.0,1.85,89.684
2007-12-28,0.99,,,0.522,5.0,102.3803,366569.0,1.3305,7483.9,890662.0,1.78,89.4069
2007-12-31,0.99,,,0.522,5.0,102.3803,366569.0,1.3305,7483.9,890662.0,1.73,89.6304
2008-01-01,0.99,,,0.522,5.0,102.2448,367368.0,1.3305,7517.5,890662.0,1.73,89.6297
2008-01-02,1.03,,,0.522,5.0,102.2448,367368.0,1.3305,7517.5,922187.0,1.59,89.3514
2008-01-03,1.08,,,0.522,5.0,102.2448,367368.0,1.3305,7517.5,922187.0,1.58,89.231
2008-01-04,1.14,,,0.475,5.0,102.2448,367368.0,1.6205,7517.5,922187.0,1.56,89.2467
2008-01-07,1.1,,,0.475,5.0,102.2448,367368.0,1.6205,7517.5,922187.0,1.57,89.5718
2008-01-08,1.1,,,0.475,5.0,102.2448,367368.0,1.6205,7517.5,922187.0,1.57,89.3398
2008-01-09,1.13,,,0.475,5.0,102.2448,367368.0,1.6205,7517.5,880754.0,1.56,89.6807
2008-01-10,1.2,,,0.475,5.0,102.2448,367368.0,1.6205,7517.5,880754.0,1.68,89.6226
2008-01-11,1.23,,,0.431,5.0,102.2448,367368.0,1.3012,7517.5,880754.0,1.56,89.5215
2008-01-14,1.23,,,0.431,5.0,102.2448,367368.0,1.3012,7517.5,880754.0,1.53,89.2749
2008-01-15,1.19,,,0.431,5.0,102.2448,367368.0,1.3012,7517.5,880754.0,1.45,89.1555
2008-01-16,1.23,,,0.431,5.0,102.2448,367368.0,1.3012,7517.5,893581.0,1.5,89.6701
2008-01-17,1.22,,,0.431,5.0,102.2448,367368.0,1.3012,7517.5,893581.0,1.43,89.6484
2008-01-18,1.3,,,0.408,5.0,102.2448,367368.0,0.9775,7517.5,893581.0,1.42,89.8993
2008-01-21,1.3,,,0.408,5.0,102.2448,367368.0,0.9775,7517.5,893581.0,1.42,89.9265
2008-01-22,1.44,,,0.408,5.0,102.2448,367368.0,0.9775,7517.5,893581.0,1.28,89.84
2008-01-23,1.42,,,0.408,5.0,102.2448,367368.0,0.9775,7517.5,877253.0,1.31,89.9138
2008-01-24,1.43,,,0.408,5.0,102.2448,367368.0,0.9775,7517.5,877253.0,1.44,89.203
2008-01-25,1.38,,,0.416,5.0,102.2448,367368.0,1.6312,7517.5,877253.0,1.34,89.2184
2008-01-28,1.41,,,0.416,5.0,102.2448,367368.0,1.6312,7517.5,877253.0,1.33,88.9555
2008-01-29,1.4,,,0.416,5.0,102.2448,367368.0,1.6312,7517.5,877253.0,1.37,88.8342
2008-01-30,1.48,,,0.416,5.0,102.2448,367368.0,1.6312,7517.5,900264.0,1.45,88.7442
2008-01-31,1.5,,,0.416,5.0,102.2448,367368.0,1.6312,7517.5,900264.0,1.33,88.6547
2008-02-01,1.53,,,0.447,4.9,101.8438,364126.0,0.9782,7604.0,900264.0,1.31,88.4824
2008-02-04,1.6,,,0.447,4.9,101.8438,364126.0,0.9782,7604.0,900264.0,1.38,88.4788
2008-02-05,1.68,,,0.447,4.9,101.8438,364126.0,0.9782,7604.0,900264.0,1.34,89.076
2008-02-06,1.65,,,0.447,4.9,101.8438,364126.0,0.9782,7604.0,871022.0,1.36,88.9987
2008-02-07,1.75,,,0.447,4.9,101.8438,364126.0,0.9782,7604.0,871022.0,1.47,89.4221
2008-02-08,1.71,,,0.508,4.9,101.8438,364126.0,1.5145,7604.0,871022.0,1.36,89.2226
2008-02-11,1.69,,,0.508,4.9,101.8438,364126.0,1.5145,7604.0,871022.0,1.32,89.2149
2008-02-12,1.72,,,0.508,4.9,101.8438,364126.0,1.5145,7604.0,871022.0,1.36,88.9539
2008-02-13,1.79,,,0.508,4.9,101.8438,364126.0,1.5145,7604.0,883005.0,1.42,89.1382
2008-02-14,1.92,,,0.508,4.9,101.8438,364126.0,1.5145,7604.0,883005.0,1.57,88.9055
2008-02-15,1.85,,,0.593,4.9,101.8438,364126.0,1.302,7604.0,883005.0,1.48,88.9006
2008-02-18,1.85,,,0.593,4.9,101.8438,364126.0,1.302,7604.0,883005.0,1.48,88.9004
2008-02-19,1.83,,,0.593,4.9,101.8438,364126.0,1.302,7604.0,883005.0,1.56,88.9626
2008-02-20,1.79,,,0.593,4.9,101.8438,364126.0,1.302,7604.0,878949.0,1.55,89.2572
2008-02-21,1.79,,,0.593,4.9,101.8438,364126.0,1.302,7604.0,878949.0,1.43,88.716
2008-02-22,1.81,,,0.692,4.9,101.8438,364126.0,1.1552,7604.0,878949.0,1.44,88.7082
2008-02-25,1.78,,,0.692,4.9,101.8438,364126.0,1.1552,7604.0,878949.0,1.53,88.5373
2008-02-26,1.84,,,0.692,4.9,101.8438,364126.0,1.1552,7604.0,878949.0,1.44,88.0998
2008-02-27,1.84,,,0.692,4.9,101.8438,364126.0,1.1552,7604.0,893825.0,1.42,87.3353
2008-02-28,1.84,,,0.692,4.9,101.8438,364126.0,1.1552,7604.0,893825.0,1.26,87.0363
2008-02-29,1.88,,,0.792,4.9,101.8438,364126.0,1.4401,7604.0,893825.0,1.1,87.1654
2008-03-01,1.88,,,0.792,5.1,101.5336,365164.0,1.4401,7670.0,893825.0,1.1,87.1654
2008-03-03,1.93,,,0.792,5.1,101.5336,365164.0,1.4401,7670.0,893825.0,1.08,87.2381
2008-03-04,1.98,,,0.792,5.1,101.5336,365164.0,1.4401,7670.0,893825.0,1.15,87.3039
2008-03-05,2.04,,,0.792,5.1,101.5336,365164.0,1.4401,7670.0,881208.0,1.16,87.1347
2008-03-06,2.09,,,0.792,5.1,101.5336,365164.0,1.4401,7670.0,881208.0,1.07,86.9105
2008-03-07,2.03,,,0.884,5.1,101.5336,365164.0,2.4648,7670.0,881208.0,1.01,87.1258
2008-03-10,1.99,,,0.884,5.1,101.5336,365164.0,2.4648,7670.0,881208.0,0.9,87.1452
2008-03-11,1.86,,,0.884,5.1,101.5336,365164.0,2.4648,7670.0,881208.0,1.05,87.1763
2008-03-12,1.86,,,0.884,5.1,101.5336,365164.0,2.4648,7670.0,896565.0,0.95,86.728
2008-03-13,1.93,,,0.884,5.1,101.5336,365164.0,2.4648,7670.0,896565.0,1.05,86.3891
2008-03-14,1.97,,,0.944,5.1,101.5336,365164.0,2.0444,7670.0,896565.0,1.01,86.4301
2008-03-17,1.99,,,0.944,5.1,101.5336,365164.0,2.0444,7670.0,896565.0,1.05,86.3417
2008-03-18,1.9,,,0.944,5.1,101.5336,365164.0,2.0444,7670.0,896565.0,1.08,86.1191
2008-03-19,1.84,,,0.944,5.1,101.5336,365164.0,2.0444,7670.0,888646.0,1.04,86.5755
2008-03-20,1.75,,,0.944,5.1,101.5336,365164.0,2.0444,7670.0,888646.0,1.02,87.3293
2008-03-21,1.75,,,0.968,5.1,101.5336,365164.0,2.3822,7670.0,888646.0,1.02,87.2111
2008-03-24,1.72,,,0.968,5.1,101.5336,365164.0,2.3822,7670.0,888646.0,1.24,87.3103
2008-03-25,1.72,,,0.968,5.1,101.5336,365164.0,2.3822,7670.0,888646.0,1.25,86.8339
2008-03-26,1.8,,,0.968,5.1,101.5336,365164.0,2.3822,7670.0,893965.0,1.24,86.5513
2008-03-27,1.83,,,0.968,5.1,101.5336,365164.0,2.3822,7670.0,893965.0,1.23,86.4583
2008-03-28,1.8,,,0.947,5.1,101.5336,365164.0,1.689,7670.0,893965.0,1.13,86.6369
2008-03-31,1.83,,,0.947,5.1,101.5336,365164.0,1.689,7670.0,893965.0,1.11,86.6881
2008-04-01,1.77,,,0.947,5.0,100.8785,364816.0,1.689,7712.5,893965.0,1.22,87.0276
2008-04-02,1.72,,,0.947,5.0,100.8785,364816.0,1.689,7712.5,883708.0,1.26,86.8886
2008-04-03,1.7,,,0.947,5.0,100.8785,364816.0,1.689,7712.5,883708.0,1.28,86.6424
2008-04-04,1.67,,,0.893,5.0,100.8785,364816.0,1.739,7712.5,883708.0,1.18,86.5108
2008-04-07,1.62,,,0.893,5.0,100.8785,364816.0,1.739,7712.5,883708.0,1.23,86.603
2008-04-08,1.71,,,0.893,5.0,100.8785,364816.0,1.739,7712.5,883708.0,1.26,86.7369
2008-04-09,1.72,,,0.893,5.0,100.8785,364816.0,1.739,7712.5,893029.0,1.19,86.5764
2008-04-10,1.71,,,0.893,5.0,100.8785,364816.0,1.739,7712.5,893029.0,1.26,86.5131
2008-04-11,1.73,,,0.819,5.0,100.8785,364816.0,1.8927,7712.5,893029.0,1.19,86.5029
2008-04-14,1.75,,,0.819,5.0,100.8785,364816.0,1.8927,7712.5,893029.0,1.23,86.3492
2008-04-15,1.76,,,0.819,5.0,100.8785,364816.0,1.8927,7712.5,893029.0,1.28,86.4705
2008-04-16,1.74,,,0.819,5.0,100.8785,364816.0,1.8927,7712.5,881904.0,1.41,85.9037
2008-04-17,1.62,,,0.819,5.0,100.8785,364816.0,1.8927,7712.5,881904.0,1.44,86.1077
2008-04-18,1.58,,,0.736,5.0,100.8785,364816.0,1.9214,7712.5,881904.0,1.45,86.5277
2008-04-21,1.55,,,0.736,5.0,100.8785,364816.0,1.9214,7712.5,881904.0,1.44,86.2979
2008-04-22,1.5,,,0.736,5.0,100.8785,364816.0,1.9214,7712.5,881904.0,1.43,85.927
2008-04-23,1.55,,,0.736,5.0,100.8785,364816.0,1.9214,7712.5,885781.0,1.44,86.3841
2008-04-24,1.46,,,0.736,5.0,100.8785,364816.0,1.9214,7712.5,885781.0,1.56,86.7154
2008-04-25,1.47,,,0.65,5.0,100.8785,364816.0,1.7083,7712.5,885781.0,1.6,86.8337
2008-04-28,1.5,,,0.65,5.0,100.8785,364816.0,1.7083,7712.5,885781.0,1.56,86.7635
2008-04-29,1.5,,,0.65,5.0,100.8785,364816.0,1.7083,7712.5,885781.0,1.56,86.873
2008-04-30,1.48,,,0.65,5.0,100.8785,364816.0,1.7083,7712.5,888131.0,1.5,86.8907
2008-05-01,1.41,,,0.65,5.4,100.2674,368255.0,1.7083,7725.2,888131.0,1.52,87.1347
2008-05-02,1.42,,,0.575,5.4,100.2674,368255.0,1.3807,7725.2,888131.0,1.53,87.2311
2008-05-05,1.46,,,0.575,5.4,100.2674,368255.0,1.3807,7725.2,888131.0,1.53,87.0636
2008-05-06,1.55,,,0.575,5.4,100.2674,368255.0,1.3807,7725.2,888131.0,1.55,86.847
2008-05-07,1.56,,,0.575,5.4,100.2674,368255.0,1.3807,7725.2,889228.0,1.51,87.3421
2008-05-08,1.54,,,0.575,5.4,100.2674,368255.0,1.3807,7725.2,889228.0,1.43,87.4575
2008-05-09,1.52,,,0.52,5.4,100.2674,368255.0,1.262,7725.2,889228.0,1.39,87.2528
2008-05-12,1.48,,,0.52,5.4,100.2674,368255.0,1.262,7725.2,889228.0,1.41,87.0403
2008-05-13,1.43,,,0.52,5.4,100.2674,368255.0,1.262,7725.2,889228.0,1.51,87.1332
2008-05-14,1.39,,,0.52,5.4,100.2674,368255.0,1.262,7725.2,880175.0,1.49,87.3659
2008-05-15,1.38,,,0.52,5.4,100.2674,368255.0,1.262,7725.2,880175.0,1.4,87.1823
2008-05-16,1.38,,,0.488,5.4,100.2674,368255.0,1.0322,7725.2,880175.0,1.41,86.7855
2008-05-19,1.41,,,0.488,5.4,100.2674,368255.0,1.0322,7725.2,880175.0,1.36,86.8225
2008-05-20,1.44,,,0.488,5.4,100.2674,368255.0,1.0322,7725.2,880175.0,1.31,86.5627
2008-05-21,1.4,,,0.488,5.4,100.2674,368255.0,1.0322,7725.2,898487.0,1.3,86.1595
2008-05-22,1.36,,,0.488,5.4,100.2674,368255.0,1.0322,7725.2,898487.0,1.41,86.3223
2008-05-23,1.39,,,0.484,5.4,100.2674,368255.0,0.9452,7725.2,898487.0,1.36,86.1922
2008-05-26,1.39,,,0.484,5.4,100.2674,368255.0,0.9452,7725.2,898487.0,1.36,86.19
2008-05-27,1.38,,,0.484,5.4,100.2674,368255.0,0.9452,7725.2,898487.0,1.46,86.4459
2008-05-28,1.41,,,0.484,5.4,100.2674,368255.0,0.9452,7725.2,904054.0,1.58,86.4951
2008-05-29,1.41,,,0.484,5.4,100.2674,368255.0,0.9452,7725.2,904054.0,1.62,86.5616
2008-05-30,1.4,,,0.505,5.4,100.2674,368255.0,0.9775,7725.2,904054.0,1.58,86.5504
2008-06-01,1.4,,,0.505,5.6,100.0335,368926.0,0.9775,7743.9,904054.0,1.58,86.5504
2008-06-02,1.47,,,0.505,5.6,100.0335,368926.0,0.9775,7743.9,904054.0,1.51,86.6321
2008-06-03,1.47,,,0.505,5.6,100.0335,368926.0,0.9775,7743.9,904054.0,1.51,86.8359
2008-06-04,1.51,,,0.505,5.6,100.0335,368926.0,0.9775,7743.9,895939.0,1.59,87.0999
2008-06-05,1.54,,,0.505,5.6,100.0335,368926.0,0.9775,7743.9,895939.0,1.63,87.0968
2008-06-06,1.54,,,0.551,5.6,100.0335,368926.0,1.3229,7743.9,895939.0,1.47,86.8028
2008-06-09,1.29,,,0.551,5.6,100.0335,368926.0,1.3229,7743.9,895939.0,1.54,86.9096
2008-06-10,1.2,,,0.551,5.6,100.0335,368926.0,1.3229,7743.9,895939.0,1.62,87.4705
2008-06-11,1.27,,,0.551,5.6,100.0335,368926.0,1.3229,7743.9,890610.0,1.62,87.2059
2008-06-12,1.2,,,0.551,5.6,100.0335,368926.0,1.3229,7743.9,890610.0,1.73,87.6187
2008-06-13,1.22,,,0.605,5.6,100.0335,368926.0,1.2448,7743.9,890610.0,1.77,87.7622
2008-06-16,1.23,,,0.605,5.6,100.0335,368926.0,1.2448,7743.9,890610.0,1.76,87.3911
2008-06-17,1.29,,,0.605,5.6,100.0335,368926.0,1.2448,7743.9,890610.0,1.75,87.2103
2008-06-18,1.27,,,0.605,5.6,100.0335,368926.0,1.2448,7743.9,902304.0,1.68,87.1872
2008-06-19,1.23,,,0.605,5.6,100.0335,368926.0,1.2448,7743.9,902304.0,1.75,87.0815
2008-06-20,1.28,,,0.661,5.6,100.0335,368926.0,1.2858,7743.9,902304.0,1.72,86.9036
2008-06-23,1.21,,,0.661,5.6,100.0335,368926.0,1.2858,7743.9,902304.0,1.75,87.2163
2008-06-24,1.23,,,0.661,5.6,100.0335,368926.0,1.2858,7743.9,902304.0,1.64,86.9666
2008-06-25,1.3,,,0.661,5.6,100.0335,368926.0,1.2858,7743.9,892713.0,1.65,87.0535
2008-06-26,1.39,,,0.661,5.6,100.0335,368926.0,1.2858,7743.9,892713.0,1.55,86.6793
2008-06-27,1.34,,,0.713,5.6,100.0335,368926.0,1.7514,7743.9,892713.0,1.48,86.643
2008-06-30,1.36,,,0.713,5.6,100.0335,368926.0,1.7514,7743.9,892713.0,1.48,86.7621
2008-07-01,1.38,,,0.713,5.8,99.676,367594.0,1.7514,7791.2,892713.0,1.49,86.8447
2008-07-02,1.39,,,0.713,5.8,99.676,367594.0,1.7514,7791.2,902962.0,1.43,86.4782
2008-07-03,1.45,,,0.713,5.8,99.676,367594.0,1.7514,7791.2,902962.0,1.42,86.8843
2008-07-04,1.45,,,0.746,5.8,99.676,367594.0,1.8465,7791.2,902962.0,1.42,86.8781
2008-07-07,1.48,,,0.746,5.8,99.676,367594.0,1.8465,7791.2,902962.0,1.43,86.9617
2008-07-08,1.44,,,0.746,5.8,99.676,367594.0,1.8465,7791.2,902962.0,1.45,86.9778
2008-07-09,1.44,,,0.746,5.8,99.676,367594.0,1.8465,7791.2,898034.0,1.39,86.5335
2008-07-10,1.39,,,0.746,5.8,99.676,367594.0,1.8465,7791.2,898034.0,1.4,86.5122
2008-07-11,1.37,,,0.755,5.8,99.676,367594.0,1.8001,7791.2,898034.0,1.48,86.221
2008-07-14,1.43,,,0.755,5.8,99.676,367594.0,1.8001,7791.2,898034.0,1.43,86.1079
2008-07-15,1.48,,,0.755,5.8,99.676,367594.0,1.8001,7791.2,898034.0,1.4,85.8731
2008-07-16,1.53,,,0.755,5.8,99.676,367594.0,1.8001,7791.2,910681.0,1.48,85.9285
2008-07-17,1.49,,,0.755,5.8,99.676,367594.0,1.8001,7791.2,910681.0,1.6,85.9387
2008-07-18,1.45,,,0.745,5.8,99.676,367594.0,1.7708,7791.2,910681.0,1.65,86.0735
2008-07-21,1.43,,,0.745,5.8,99.676,367594.0,1.7708,7791.2,910681.0,1.66,86.0151
2008-07-22,1.4,,,0.745,5.8,99.676,367594.0,1.7708,7791.2,910681.0,1.71,86.1909
2008-07-23,1.35,,,0.745,5.8,99.676,367594.0,1.7708,7791.2,899665.0,1.8,86.2664
2008-07-24,1.42,,,0.745,5.8,99.676,367594.0,1.7708,7791.2,899665.0,1.69,86.4017
2008-07-25,1.43,,,0.717,5.8,99.676,367594.0,1.2059,7791.2,899665.0,1.79,86.3916
2008-07-28,1.47,,,0.717,5.8,99.676,367594.0,1.2059,7791.2,899665.0,1.7,86.4666
2008-07-29,1.44,,,0.717,5.8,99.676,367594.0,1.2059,7791.2,899665.0,1.76,86.8175
2008-07-30,1.43,,,0.717,5.8,99.676,367594.0,1.2059,7791.2,918625.0,1.71,86.8167
2008-07-31,1.47,,,0.717,5.8,99.676,367594.0,1.2059,7791.2,918625.0,1.65,86.8567
2008-08-01,1.46,,,0.686,6.1,98.1111,364611.0,1.6682,7805.8,918625.0,1.63,86.8257
2008-08-04,1.45,,,0.686,6.1,98.1111,364611.0,1.6682,7805.8,918625.0,1.64,87.0611
2008-08-05,1.5,,,0.686,6.1,98.1111,364611.0,1.6682,7805.8,918625.0,1.74,87.3281
2008-08-06,1.5,,,0.686,6.1,98.1111,364611.0,1.6682,7805.8,901710.0,1.79,87.6004
2008-08-07,1.49,,,0.686,6.1,98.1111,364611.0,1.6682,7805.8,901710.0,1.68,87.8732
2008-08-08,1.43,,,0.67,6.1,98.1111,364611.0,1.5556,7805.8,901710.0,1.72,88.8939
2008-08-11,1.43,,,0.67,6.1,98.1111,364611.0,1.5556,7805.8,901710.0,1.8,89.035
2008-08-12,1.46,,,0.67,6.1,98.1111,364611.0,1.5556,7805.8,901710.0,1.72,89.1916
2008-08-13,1.44,,,0.67,6.1,98.1111,364611.0,1.5556,7805.8,914632.0,1.75,89.3211
2008-08-14,1.44,,,0.67,6.1,98.1111,364611.0,1.5556,7805.8,914632.0,1.67,89.3675
2008-08-15,1.44,,,0.678,6.1,98.1111,364611.0,1.5375,7805.8,914632.0,1.66,89.7244
2008-08-18,1.47,,,0.678,6.1,98.1111,364611.0,1.5375,7805.8,914632.0,1.67,89.5966
2008-08-19,1.51,,,0.678,6.1,98.1111,364611.0,1.5375,7805.8,914632.0,1.68,89.6465
2008-08-20,1.54,,,0.678,6.1,98.1111,364611.0,1.5375,7805.8,898611.0,1.6,89.6977
2008-08-21,1.51,,,0.678,6.1,98.1111,364611.0,1.5375,7805.8,898611.0,1.61,88.9128
2008-08-22,1.45,,,0.733,6.1,98.1111,364611.0,1.7867,7805.8,898611.0,1.69,89.2381
2008-08-25,1.46,,,0.733,6.1,98.1111,364611.0,1.7867,7805.8,898611.0,1.64,89.3094
2008-08-26,1.44,,,0.733,6.1,98.1111,364611.0,1.7867,7805.8,898611.0,1.63,89.7007
2008-08-27,1.46,,,0.733,6.1,98.1111,364611.0,1.7867,7805.8,909982.0,1.58,89.6419
2008-08-28,1.42,,,0.733,6.1,98.1111,364611.0,1.7867,7805.8,909982.0,1.62,89.8225
2008-08-29,1.47,,,0.841,6.1,98.1111,364611.0,1.5613,7805.8,909982.0,1.68,90.0567
2008-09-01,1.47,,,0.841,6.1,93.7895,358991.0,1.5613,7872.4,909982.0,1.68,90.08
2008-09-02,1.48,,,0.841,6.1,93.7895,358991.0,1.5613,7872.4,909982.0,1.69,90.8438
2008-09-03,1.45,,,0.841,6.1,93.7895,358991.0,1.5613,7872.4,905253.0,1.71,90.8286
2008-09-04,1.44,,,0.841,6.1,93.7895,358991.0,1.5613,7872.4,905253.0,1.7,91.1621
2008-09-05,1.43,,,1.008,6.1,93.7895,358991.0,1.8317,7872.4,905253.0,1.71,91.341
2008-09-08,1.36,,,1.008,6.1,93.7895,358991.0,1.8317,7872.4,905253.0,1.68,91.663
2008-09-09,1.39,,,1.008,6.1,93.7895,358991.0,1.8317,7872.4,905253.0,1.69,91.5779
2008-09-10,1.43,,,1.008,6.1,93.7895,358991.0,1.8317,7872.4,925725.0,1.7,92.1283
2008-09-11,1.46,,,1.008,6.1,93.7895,358991.0,1.8317,7872.4,925725.0,1.67,92.4901
2008-09-12,1.51,,,1.228,6.1,93.7895,358991.0,1.9891,7872.4,925725.0,1.79,91.4706
2008-09-15,1.69,,,1.228,6.1,93.7895,358991.0,1.9891,7872.4,925725.0,1.7,91.757
2008-09-16,1.59,,,1.228,6.1,93.7895,358991.0,1.9891,7872.4,925725.0,1.85,92.0594
2008-09-17,1.77,,,1.228,6.1,93.7895,358991.0,1.9891,7872.4,995093.0,1.81,92.0982
2008-09-18,1.76,,,1.228,6.1,93.7895,358991.0,1.9891,7872.4,995093.0,1.94,91.7111
2008-09-19,1.62,,,1.511,6.1,93.7895,358991.0,4.148,7872.4,995093.0,1.85,91.0014
2008-09-22,1.7,,,1.511,6.1,93.7895,358991.0,4.148,7872.4,995093.0,1.85,90.1119
2008-09-23,1.74,,,1.511,6.1,93.7895,358991.0,4.148,7872.4,995093.0,1.99,90.1221
2008-09-24,1.77,,,1.511,6.1,93.7895,358991.0,4.148,7872.4,1211825.0,2.05,90.4602
2008-09-25,1.72,,,1.511,6.1,93.7895,358991.0,4.148,7872.4,1211825.0,2.09,90.4651
2008-09-26,1.74,,,1.791,6.1,93.7895,358991.0,4.5904,7872.4,1211825.0,2.1,90.6872
2008-09-29,1.91,,,1.791,6.1,93.7895,358991.0,4.5904,7872.4,1211825.0,2.03,91.3961
2008-09-30,1.85,,,1.791,6.1,93.7895,358991.0,4.5904,7872.4,1211825.0,2.25,92.3773
2008-10-01,1.95,,,1.791,6.5,94.7219,346137.0,4.5904,7974.9,1503989.0,2.26,92.511
2008-10-02,2.04,,,1.791,6.5,94.7219,346137.0,4.5904,7974.9,1503989.0,2.17,93.3792
2008-10-03,2.03,,,2.071,6.5,94.7219,346137.0,7.2795,7974.9,1503989.0,2.18,93.5414
2008-10-06,2.05,,,2.071,6.5,94.7219,346137.0,7.2795,7974.9,1503989.0,2.21,95.1629
2008-10-07,2.03,,,2.071,6.5,94.7219,346137.0,7.2795,7974.9,1503989.0,2.32,95.4889
2008-10-08,2.07,,,2.071,6.5,94.7219,346137.0,7.2795,7974.9,1591587.0,2.69,96.9684
2008-10-09,2.19,,,2.071,6.5,94.7219,346137.0,7.2795,7974.9,1591587.0,2.79,96.5143
2008-10-10,2.27,,,2.322,6.5,94.7219,346137.0,9.6633,7974.9,1591587.0,2.97,97.999
2008-10-13,2.27,,,2.322,6.5,94.7219,346137.0,9.6633,7974.9,1591587.0,2.97,97.9686
2008-10-14,2.26,,,2.322,6.5,94.7219,346137.0,9.6633,7974.9,1591587.0,3.05,96.2544
2008-10-15,2.4,,,2.322,6.5,94.7219,346137.0,9.6633,7974.9,1770809.0,3.02,97.2045
2008-10-16,2.38,,,2.322,6.5,94.7219,346137.0,9.6633,7974.9,1770809.0,3.02,98.368
2008-10-17,2.34,,,2.519,6.5,94.7219,346137.0,9.6071,7974.9,1770809.0,2.87,97.7255
2008-10-20,2.2,,,2.519,6.5,94.7219,346137.0,9.6071,7974.9,1770809.0,2.76,98.1605
2008-10-21,2.18,,,2.519,6.5,94.7219,346137.0,9.6071,7974.9,1770809.0,2.63,99.4242
2008-10-22,2.12,,,2.519,6.5,94.7219,346137.0,9.6071,7974.9,1802602.0,2.59,101.2131
2008-10-23,2.09,,,2.519,6.5,94.7219,346137.0,9.6071,7974.9,1802602.0,2.67,101.1071
2008-10-24,2.19,,,2.662,6.5,94.7219,346137.0,8.1051,7974.9,1802602.0,3.02,101.8442
2008-10-27,2.2,,,2.662,6.5,94.7219,346137.0,8.1051,7974.9,1802602.0,3.02,102.3415
2008-10-28,2.24,,,2.662,6.5,94.7219,346137.0,8.1051,7974.9,1802602.0,3.06,102.4236
2008-10-29,2.35,,,2.662,6.5,94.7219,346137.0,8.1051,7974.9,1969086.0,3.05,100.0967
2008-10-30,2.41,,,2.662,6.5,94.7219,346137.0,8.1051,7974.9,1969086.0,3.06,99.4568
2008-10-31,2.45,,,2.784,6.5,94.7219,346137.0,7.7859,7974.9,1969086.0,3.14,99.7662
2008-11-01,2.45,,,2.784,6.8,93.4715,332498.0,7.7859,8027.0,1969086.0,3.14,99.7662
2008-11-03,2.51,,,2.784,6.8,93.4715,332498.0,7.7859,8027.0,1969086.0,3.09,99.4345
2008-11-04,2.42,,,2.784,6.8,93.4715,332498.0,7.7859,8027.0,1969086.0,2.88,97.9957
2008-11-05,2.37,,,2.784,6.8,93.4715,332498.0,7.7859,8027.0,2074205.0,2.76,98.0953
2008-11-06,2.47,,,2.784,6.8,93.4715,332498.0,7.7859,8027.0,2074205.0,2.81,99.5364
2008-11-07,2.5,,,2.878,6.8,93.4715,332498.0,6.2409,8027.0,2074205.0,2.86,99.3944
2008-11-10,2.55,,,2.878,6.8,93.4715,332498.0,6.2409,8027.0,2074205.0,2.84,99.5897
2008-11-11,2.55,,,2.878,6.8,93.4715,332498.0,6.2409,8027.0,2074205.0,2.84,99.6041
2008-11-12,2.56,,,2.878,6.8,93.4715,332498.0,6.2409,8027.0,2212852.0,2.79,101.1947
2008-11-13,2.6,,,2.878,6.8,93.4715,332498.0,6.2409,8027.0,2212852.0,2.95,101.774
2008-11-14,2.5,,,2.959,6.8,93.4715,332498.0,6.0238,8027.0,2212852.0,2.87,100.9705
2008-11-17,2.46,,,2.959,6.8,93.4715,332498.0,6.0238,8027.0,2212852.0,2.85,101.1029
2008-11-18,2.38,,,2.959,6.8,93.4715,332498.0,6.0238,8027.0,2212852.0,2.92,101.3965
2008-11-19,2.29,,,2.959,6.8,93.4715,332498.0,6.0238,8027.0,2187137.0,2.98,101.8804
2008-11-20,2.1,,,2.959,6.8,93.4715,332498.0,6.0238,8027.0,2187137.0,3.06,103.2737
2008-11-21,2.11,,,3.037,6.8,93.4715,332498.0,7.7257,8027.0,2187137.0,3.15,103.6289
2008-11-24,2.04,,,3.037,6.8,93.4715,332498.0,7.7257,8027.0,2187137.0,3.11,101.502
2008-11-25,1.96,,,3.037,6.8,93.4715,332498.0,7.7257,8027.0,2187137.0,2.79,100.7997
2008-11-26,1.9,,,3.037,6.8,93.4715,332498.0,7.7257,8027.0,2106117.0,2.68,101.2566
2008-11-27,1.9,,,3.037,6.8,93.4715,332498.0,7.7257,8027.0,2106117.0,2.68,101.2564
2008-11-28,1.93,,,3.064,6.8,93.4715,332498.0,6.8857,8027.0,2106117.0,2.6,101.6468
2008-12-01,1.82,,,3.064,7.3,90.8357,324767.0,6.8857,8204.7,2106117.0,2.38,102.1744
2008-12-02,1.78,,,3.064,7.3,90.8357,324767.0,6.8857,8204.7,2106117.0,2.26,101.9891
2008-12-03,1.8,,,3.064,7.3,90.8357,324767.0,6.8857,8204.7,2136924.0,2.14,102.4251
2008-12-04,1.73,,,3.064,7.3,90.8357,324767.0,6.8857,8204.7,2136924.0,1.98,102.0715
2008-12-05,1.74,,,3.057,7.3,90.8357,324767.0,6.9753,8204.7,2136924.0,2.23,103.4902
2008-12-08,1.8,,,3.057,7.3,90.8357,324767.0,6.9753,8204.7,2136924.0,2.47,101.7227
2008-12-09,1.83,,,3.057,7.3,90.8357,324767.0,6.9753,8204.7,2136924.0,2.41,101.7346
2008-12-10,1.83,,,3.057,7.3,90.8357,324767.0,6.9753,8204.7,2250012.0,2.44,101.2913
2008-12-11,1.85,,,3.057,7.3,90.8357,324767.0,6.9753,8204.7,2250012.0,2.35,99.5101
2008-12-12,1.82,,,2.993,7.3,90.8357,324767.0,6.5792,8204.7,2250012.0,2.43,100.319
2008-12-15,1.78,,,2.993,7.3,90.8357,324767.0,6.5792,8204.7,2250012.0,2.43,99.1001
2008-12-16,1.72,,,2.993,7.3,90.8357,324767.0,6.5792,8204.7,2250012.0,2.21,98.4771
2008-12-17,1.47,,,2.993,7.3,90.8357,324767.0,6.5792,8204.7,2254983.0,1.86,96.8227
2008-12-18,1.4,,,2.993,7.3,90.8357,324767.0,6.5792,8204.7,2254983.0,1.85,96.8447
2008-12-19,1.39,,,2.869,7.3,90.8357,324767.0,5.9888,8204.7,2254983.0,1.98,98.1278
2008-12-22,1.29,,,2.869,7.3,90.8357,324767.0,5.9888,8204.7,2254983.0,2.01,98.1643
2008-12-23,1.28,,,2.869,7.3,90.8357,324767.0,5.9888,8204.7,2254983.0,2.03,98.2698
2008-12-24,1.3,,,2.869,7.3,90.8357,324767.0,5.9888,8204.7,2232311.0,2.07,98.2249
2008-12-25,1.3,,,2.869,7.3,90.8357,324767.0,5.9888,8204.7,2232311.0,2.07,98.2419
2008-12-26,1.27,,,2.71,7.3,90.8357,324767.0,4.8126,8204.7,2232311.0,2.03,98.2594
2008-12-29,1.35,,,2.71,7.3,90.8357,324767.0,4.8126,8204.7,2232311.0,2.02,97.9359
2008-12-30,1.36,,,2.71,7.3,90.8357,324767.0,4.8126,8204.7,2232311.0,2.02,98.3833
2008-12-31,1.49,,,2.71,7.3,90.8357,324767.0,4.8126,8204.7,2239457.0,2.14,98.6518
2009-01-01,1.49,,,2.71,7.8,88.57,329787.0,4.8126,8289.0,2239457.0,2.14,98.6518
2009-01-02,1.58,,,2.557,7.8,88.57,329787.0,4.9463,8289.0,2239457.0,2.29,98.6008
2009-01-05,1.71,,,2.557,7.8,88.57,329787.0,4.9463,8289.0,2239457.0,2.34,98.9195
2009-01-06,1.71,,,2.557,7.8,88.57,329787.0,4.9463,8289.0,2239457.0,2.09,98.7871
2009-01-07,1.7,,,2.557,7.8,88.57,329787.0,4.9463,8289.0,2121439.0,2.05,98.089
2009-01-08,1.64,,,2.557,7.8,88.57,329787.0,4.9463,8289.0,2121439.0,1.97,98.3223
2009-01-09,1.68,,,2.405,7.8,88.57,329787.0,3.7484,8289.0,2121439.0,1.87,98.8752
2009-01-12,1.6,,,2.405,7.8,88.57,329787.0,3.7484,8289.0,2121439.0,1.75,99.6022
2009-01-13,1.57,,,2.405,7.8,88.57,329787.0,3.7484,8289.0,2121439.0,1.74,100.3597
2009-01-14,1.51,,,2.405,7.8,88.57,329787.0,3.7484,8289.0,2049714.0,1.79,100.7546
2009-01-15,1.5,,,2.405,7.8,88.57,329787.0,3.7484,8289.0,2049714.0,1.78,101.4653
2009-01-16,1.63,,,2.282,7.8,88.57,329787.0,3.8302,8289.0,2049714.0,1.81,100.711
2009-01-19,1.63,,,2.282,7.8,88.57,329787.0,3.8302,8289.0,2049714.0,1.81,100.711
2009-01-20,1.67,,,2.282,7.8,88.57,329787.0,3.8302,8289.0,2049714.0,1.82,100.711
2009-01-21,1.78,,,2.282,7.8,88.57,329787.0,3.8302,8289.0,2037112.0,1.98,102.1007
2009-01-22,1.87,,,2.282,7.8,88.57,329787.0,3.8302,8289.0,2037112.0,1.97,101.8432
2009-01-23,1.82,,,2.193,7.8,88.57,329787.0,4.3423,8289.0,2037112.0,1.93,102.1096
2009-01-26,1.85,,,2.193,7.8,88.57,329787.0,4.3423,8289.0,2037112.0,1.92,100.9764
2009-01-27,1.72,,,2.193,7.8,88.57,329787.0,4.3423,8289.0,2037112.0,1.77,101.1702
2009-01-28,1.82,,,2.193,7.8,88.57,329787.0,4.3423,8289.0,1927082.0,1.81,100.5461
2009-01-29,1.92,,,2.193,7.8,88.57,329787.0,4.3423,8289.0,1927082.0,1.83,101.3398
2009-01-30,1.93,,,2.134,7.8,88.57,329787.0,4.0587,8289.0,1927082.0,1.73,102.1169
2009-02-01,1.93,,,2.134,8.3,88.031,328376.0,4.0587,8319.3,1927082.0,1.73,102.1169
2009-02-02,1.87,,,2.134,8.3,88.031,328376.0,4.0587,8319.3,1927082.0,1.69,102.5067
2009-02-03,1.93,,,2.134,8.3,88.031,328376.0,4.0587,8319.3,1927082.0,1.76,101.8506
2009-02-04,1.97,,,2.134,8.3,88.031,328376.0,4.0587,8319.3,1851437.0,1.78,101.9056
2009-02-05,1.97,,,2.134,8.3,88.031,328376.0,4.0587,8319.3,1851437.0,1.84,101.9517
2009-02-06,2.06,,,2.104,8.3,88.031,328376.0,3.5982,8319.3,1851437.0,1.82,101.7455
2009-02-09,2.02,,,2.104,8.3,88.031,328376.0,3.5982,8319.3,1851437.0,1.66,100.9637
2009-02-10,1.98,,,2.104,8.3,88.031,328376.0,3.5982,8319.3,1851437.0,1.65,101.7094
2009-02-11,1.85,,,2.104,8.3,88.031,328376.0,3.5982,8319.3,1843400.0,1.66,102.24
2009-02-12,1.86,,,2.104,8.3,88.031,328376.0,3.5982,8319.3,1843400.0,1.61,102.598
2009-02-13,1.92,,,2.106,8.3,88.031,328376.0,3.6086,8319.3,1843400.0,1.68,102.2958
2009-02-16,1.92,,,2.106,8.3,88.031,328376.0,3.6086,8319.3,1843400.0,1.68,102.2958
2009-02-17,1.77,,,2.106,8.3,88.031,328376.0,3.6086,8319.3,1843400.0,1.53,103.7625
2009-02-18,1.77,,,2.106,8.3,88.031,328376.0,3.6086,8319.3,1915562.0,1.63,104.0385
2009-02-19,1.84,,,2.106,8.3,88.031,328376.0,3.6086,8319.3,1915562.0,1.73,103.7656
2009-02-20,1.82,,,2.123,8.3,88.031,328376.0,4.1907,8319.3,1915562.0,1.67,104.0244
2009-02-23,1.82,,,2.123,8.3,88.031,328376.0,4.1907,8319.3,1915562.0,1.7,103.7416
2009-02-24,1.77,,,2.123,8.3,88.031,328376.0,4.1907,8319.3,1915562.0,1.82,103.9829
2009-02-25,1.86,,,2.123,8.3,88.031,328376.0,4.1907,8319.3,1916115.0,1.98,104.3086
2009-02-26,1.9,,,2.123,8.3,88.031,328376.0,4.1907,8319.3,1916115.0,2.02,104.1813
2009-02-27,2.02,,,2.14,8.3,88.031,328376.0,4.1821,8319.3,1916115.0,2.06,104.9284
2009-03-01,2.02,,,2.14,8.7,86.6528,322634.0,4.1821,8386.4,1916115.0,2.06,104.9284
2009-03-02,2.02,,,2.14,8.7,86.6528,322634.0,4.1821,8386.4,1916115.0,2.0,105.9617
2009-03-03,2.02,,,2.14,8.7,86.6528,322634.0,4.1821,8386.4,1916115.0,2.02,106.0249
2009-03-04,2.04,,,2.14,8.7,86.6528,322634.0,4.1821,8386.4,1901317.0,2.09,105.4558
2009-03-05,1.93,,,2.14,8.7,86.6528,322634.0,4.1821,8386.4,1901317.0,1.98,105.8064
2009-03-06,1.92,,,2.144,8.7,86.6528,322634.0,4.7981,8386.4,1901317.0,2.02,105.3937
2009-03-09,1.93,,,2.144,8.7,86.6528,322634.0,4.7981,8386.4,1901317.0,2.06,106.0182
2009-03-10,1.98,,,2.144,8.7,86.6528,322634.0,4.7981,8386.4,1901317.0,2.15,105.1153
2009-03-11,1.92,,,2.144,8.7,86.6528,322634.0,4.7981,8386.4,1899514.0,2.03,104.8499
2009-03-12,1.86,,,2.144,8.7,86.6528,322634.0,4.7981,8386.4,1899514.0,1.88,104.89
2009-03-13,1.91,,,2.106,8.7,86.6528,322634.0,3.9573,8386.4,1899514.0,1.87,104.1106
2009-03-16,1.97,,,2.106,8.7,86.6528,322634.0,3.9573,8386.4,1899514.0,1.88,103.2005
2009-03-17,1.97,,,2.106,8.7,86.6528,322634.0,3.9573,8386.4,1899514.0,1.9,103.2305
2009-03-18,1.69,,,2.106,8.7,86.6528,322634.0,3.9573,8386.4,2066942.0,1.28,103.0005
2009-03-19,1.74,,,2.106,8.7,86.6528,322634.0,3.9573,8386.4,2066942.0,1.31,100.3951
2009-03-20,1.76,,,2.034,8.7,86.6528,322634.0,3.3539,8386.4,2066942.0,1.43,101.0581
2009-03-23,1.75,,,2.034,8.7,86.6528,322634.0,3.3539,8386.4,2066942.0,1.4,101.103
2009-03-24,1.75,,,2.034,8.7,86.6528,322634.0,3.3539,8386.4,2066942.0,1.36,101.0319
2009-03-25,1.85,,,2.034,8.7,86.6528,322634.0,3.3539,8386.4,2071556.0,1.44,100.9674
2009-03-26,1.86,,,2.034,8.7,86.6528,322634.0,3.3539,8386.4,2071556.0,1.3,101.097
2009-03-27,1.88,,,1.929,8.7,86.6528,322634.0,3.227,8386.4,2071556.0,1.38,101.8388
2009-03-30,1.89,,,1.929,8.7,86.6528,322634.0,3.227,8386.4,2071556.0,1.39,102.749
2009-03-31,1.9,,,1.929,8.7,86.6528,322634.0,3.227,8386.4,2071556.0,1.43,102.3761
2009-04-01,1.85,,,1.929,9.0,85.9344,324323.0,3.227,8391.1,2078936.0,1.37,102.1252
2009-04-02,1.89,,,1.929,9.0,85.9344,324323.0,3.227,8391.1,2078936.0,1.44,100.8733
2009-04-03,1.95,,,1.804,9.0,85.9344,324323.0,3.0416,8391.1,2078936.0,1.53,100.6429
2009-04-06,2.01,,,1.804,9.0,85.9344,324323.0,3.0416,8391.1,2078936.0,1.52,100.9428
2009-04-07,2.02,,,1.804,9.0,85.9344,324323.0,3.0416,8391.1,2078936.0,1.61,100.9808
2009-04-08,1.93,,,1.804,9.0,85.9344,324323.0,3.0416,8391.1,2088573.0,1.57,100.8948
2009-04-09,2.0,,,1.804,9.0,85.9344,324323.0,3.0416,8391.1,2088573.0,1.62,100.7988
2009-04-10,2.0,,,1.664,9.0,85.9344,324323.0,2.817,8391.1,2088573.0,1.62,100.7597
2009-04-13,1.99,,,1.664,9.0,85.9344,324323.0,2.817,8391.1,2088573.0,1.55,100.1369
2009-04-14,1.94,,,1.664,9.0,85.9344,324323.0,2.817,8391.1,2088573.0,1.52,99.9097
2009-04-15,1.96,,,1.664,9.0,85.9344,324323.0,2.817,8391.1,2186498.0,1.55,100.1497
2009-04-16,1.95,,,1.664,9.0,85.9344,324323.0,2.817,8391.1,2186498.0,1.59,100.0517
2009-04-17,1.99,,,1.522,9.0,85.9344,324323.0,2.597,8391.1,2186498.0,1.7,100.5719
2009-04-20,1.95,,,1.522,9.0,85.9344,324323.0,2.597,8391.1,2186498.0,1.66,101.448
2009-04-21,1.98,,,1.522,9.0,85.9344,324323.0,2.597,8391.1,2186498.0,1.69,101.1794
2009-04-22,1.98,,,1.522,9.0,85.9344,324323.0,2.597,8391.1,2196812.0,1.65,101.1142
2009-04-23,1.99,,,1.522,9.0,85.9344,324323.0,2.597,8391.1,2196812.0,1.52,101.0065
2009-04-24,2.04,,,1.382,9.0,85.9344,324323.0,2.8498,8391.1,2196812.0,1.53,100.0244
2009-04-27,2.05,,,1.382,9.0,85.9344,324323.0,2.8498,8391.1,2196812.0,1.48,100.7258
2009-04-28,2.1,,,1.382,9.0,85.9344,324323.0,2.8498,8391.1,2196812.0,1.54,101.3145
2009-04-29,2.18,,,1.382,9.0,85.9344,324323.0,2.8498,8391.1,2066712.0,1.59,100.0009
2009-04-30,2.25,,,1.382,9.0,85.9344,324323.0,2.8498,8391.1,2066712.0,1.69,100.1042
2009-05-01,2.29,,,1.247,9.4,85.0665,327011.0,2.3442,8449.2,2066712.0,1.8,100.0057
2009-05-04,2.25,,,1.247,9.4,85.0665,327011.0,2.3442,8449.2,2066712.0,1.77,99.134
2009-05-05,2.22,,,1.247,9.4,85.0665,327011.0,2.3442,8449.2,2066712.0,1.77,98.8529
2009-05-06,2.22,,,1.247,9.4,85.0665,327011.0,2.3442,8449.2,2079758.0,1.74,98.9044
2009-05-07,2.29,,,1.247,9.4,85.0665,327011.0,2.3442,8449.2,2079758.0,1.74,98.552
2009-05-08,2.29,,,1.122,9.4,85.0665,327011.0,1.5836,8449.2,2079758.0,1.77,98.1269
2009-05-11,2.25,,,1.122,9.4,85.0665,327011.0,1.5836,8449.2,2079758.0,1.7,97.747
2009-05-12,2.27,,,1.122,9.4,85.0665,327011.0,1.5836,8449.2,2079758.0,1.69,97.8269
2009-05-13,2.22,,,1.122,9.4,85.0665,327011.0,1.5836,8449.2,2196351.0,1.67,98.0276
2009-05-14,2.23,,,1.122,9.4,85.0665,327011.0,1.5836,8449.2,2196351.0,1.68,98.1271
2009-05-15,2.26,,,1.021,9.4,85.0665,327011.0,2.0546,8449.2,2196351.0,1.66,98.1063
2009-05-18,2.29,,,1.021,9.4,85.0665,327011.0,2.0546,8449.2,2196351.0,1.66,97.9412
2009-05-19,2.34,,,1.021,9.4,85.0665,327011.0,2.0546,8449.2,2196351.0,1.65,97.2827
2009-05-20,2.32,,,1.021,9.4,85.0665,327011.0,2.0546,8449.2,2181632.0,1.56,96.5707
2009-05-21,2.46,,,1.021,9.4,85.0665,327011.0,2.0546,8449.2,2181632.0,1.67,96.6039
2009-05-22,2.53,,,0.937,9.4,85.0665,327011.0,1.5868,8449.2,2181632.0,1.72,95.8788
2009-05-25,2.53,,,0.937,9.4,85.0665,327011.0,1.5868,8449.2,2181632.0,1.72,95.8788
2009-05-26,2.54,,,0.937,9.4,85.0665,327011.0,1.5868,8449.2,2181632.0,1.72,95.988
2009-05-27,2.75,,,0.937,9.4,85.0665,327011.0,1.5868,8449.2,2080115.0,1.83,95.9622
2009-05-28,2.7,,,0.937,9.4,85.0665,327011.0,1.5868,8449.2,2080115.0,1.87,96.1313
2009-05-29,2.55,,,0.877,9.4,85.0665,327011.0,1.3773,8449.2,2080115.0,1.67,95.268
2009-06-01,2.74,,,0.877,9.5,84.7459,332227.0,1.3773,8459.3,2080115.0,1.8,94.8107
2009-06-02,2.69,,,0.877,9.5,84.7459,332227.0,1.3773,8459.3,2080115.0,1.69,94.6556
2009-06-03,2.65,,,0.877,9.5,84.7459,332227.0,1.3773,8459.3,2077695.0,1.68,95.0751
2009-06-04,2.76,,,0.877,9.5,84.7459,332227.0,1.3773,8459.3,2077695.0,1.83,95.2922
2009-06-05,2.52,,,0.83,9.5,84.7459,332227.0,1.2213,8459.3,2077695.0,1.88,96.0412
2009-06-08,2.49,,,0.83,9.5,84.7459,332227.0,1.2213,8459.3,2077695.0,1.94,96.6548
2009-06-09,2.53,,,0.83,9.5,84.7459,332227.0,1.2213,8459.3,2077695.0,1.88,95.9537
2009-06-10,2.6,,,0.83,9.5,84.7459,332227.0,1.2213,8459.3,2052297.0,1.91,96.1277
2009-06-11,2.53,,,0.83,9.5,84.7459,332227.0,1.2213,8459.3,2052297.0,1.89,95.4993
2009-06-12,2.51,,,0.794,9.5,84.7459,332227.0,1.02,8459.3,2052297.0,1.91,95.836
2009-06-15,2.5,,,0.794,9.5,84.7459,332227.0,1.02,8459.3,2052297.0,1.9,96.7519
2009-06-16,2.44,,,0.794,9.5,84.7459,332227.0,1.02,8459.3,2052297.0,1.88,96.2616
2009-06-17,2.49,,,0.794,9.5,84.7459,332227.0,1.02,8459.3,2072527.0,1.95,96.64
2009-06-18,2.58,,,0.794,9.5,84.7459,332227.0,1.02,8459.3,2072527.0,1.98,96.1482
2009-06-19,2.54,,,0.764,9.5,84.7459,332227.0,1.6001,8459.3,2072527.0,1.91,96.0325
2009-06-22,2.55,,,0.764,9.5,84.7459,332227.0,1.6001,8459.3,2072527.0,1.89,96.8818
2009-06-23,2.51,,,0.764,9.5,84.7459,332227.0,1.6001,8459.3,2072527.0,1.84,96.5196
2009-06-24,2.53,,,0.764,9.5,84.7459,332227.0,1.6001,8459.3,2025571.0,1.93,96.2369
2009-06-25,2.43,,,0.764,9.5,84.7459,332227.0,1.6001,8459.3,2025571.0,1.82,96.7072
2009-06-26,2.42,,,0.727,9.5,84.7459,332227.0,1.658,8459.3,2025571.0,1.85,96.1935
2009-06-29,2.4,,,0.727,9.5,84.7459,332227.0,1.658,8459.3,2025571.0,1.83,96.242
2009-06-30,2.42,,,0.727,9.5,84.7459,332227.0,1.658,8459.3,2025571.0,1.78,96.3761
2009-07-01,2.5,,,0.727,9.5,85.7027,333670.0,1.658,8463.5,2005627.0,1.83,95.6581
2009-07-02,2.53,,,0.727,9.5,85.7027,333670.0,1.658,8463.5,2005627.0,1.87,96.3216
2009-07-03,2.53,,,0.681,9.5,85.7027,333670.0,1.2162,8463.5,2005627.0,1.87,96.3216
2009-07-06,2.56,,,0.681,9.5,85.7027,333670.0,1.2162,8463.5,2005627.0,2.03,96.6174
2009-07-07,2.49,,,0.681,9.5,85.7027,333670.0,1.2162,8463.5,2005627.0,1.87,96.6321
2009-07-08,2.42,,,0.681,9.5,85.7027,333670.0,1.2162,8463.5,1992740.0,1.79,97.0204
2009-07-09,2.5,,,0.681,9.5,85.7027,333670.0,1.2162,8463.5,1992740.0,1.87,96.6219
2009-07-10,2.41,,,0.626,9.5,85.7027,333670.0,1.4745,8463.5,1992740.0,1.8,97.0819
2009-07-13,2.46,,,0.626,9.5,85.7027,333670.0,1.4745,8463.5,1992740.0,1.84,96.9995
2009-07-14,2.53,,,0.626,9.5,85.7027,333670.0,1.4745,8463.5,1992740.0,1.86,96.6599
2009-07-15,2.6,,,0.626,9.5,85.7027,333670.0,1.4745,8463.5,2072451.0,1.87,95.8004
2009-07-16,2.59,,,0.626,9.5,85.7027,333670.0,1.4745,8463.5,2072451.0,1.82,95.7241
2009-07-17,2.65,,,0.559,9.5,85.7027,333670.0,1.0135,8463.5,2072451.0,1.81,95.6036
2009-07-20,2.62,,,0.559,9.5,85.7027,333670.0,1.0135,8463.5,2072451.0,1.73,95.0903
2009-07-21,2.54,,,0.559,9.5,85.7027,333670.0,1.0135,8463.5,2072451.0,1.71,95.0564
2009-07-22,2.6,,,0.559,9.5,85.7027,333670.0,1.0135,8463.5,2039001.0,1.75,94.8659
2009-07-23,2.64,,,0.559,9.5,85.7027,333670.0,1.0135,8463.5,2039001.0,1.8,94.532
2009-07-24,2.65,,,0.487,9.5,85.7027,333670.0,0.7846,8463.5,2039001.0,1.81,94.7046
2009-07-27,2.67,,,0.487,9.5,85.7027,333670.0,0.7846,8463.5,2039001.0,1.85,94.6659
2009-07-28,2.6,,,0.487,9.5,85.7027,333670.0,0.7846,8463.5,2039001.0,1.86,94.5592
2009-07-29,2.52,,,0.487,9.5,85.7027,333670.0,0.7846,8463.5,2000547.0,1.84,95.1678
2009-07-30,2.48,,,0.487,9.5,85.7027,333670.0,0.7846,8463.5,2000547.0,1.78,94.8967
2009-07-31,2.39,,,0.419,9.5,85.7027,333670.0,0.5263,8463.5,2000547.0,1.71,94.2526
2009-08-01,2.39,,,0.419,9.6,86.6426,339586.0,0.5263,8463.0,2000547.0,1.71,94.2526
2009-08-03,2.48,,,0.419,9.6,86.6426,339586.0,0.5263,8463.0,2000547.0,1.78,93.6331
2009-08-04,2.5,,,0.419,9.6,86.6426,339586.0,0.5263,8463.0,2000547.0,1.81,93.7281
2009-08-05,2.57,,,0.419,9.6,86.6426,339586.0,0.5263,8463.0,1989203.0,1.85,93.7848
2009-08-06,2.57,,,0.419,9.6,86.6426,339586.0,0.5263,8463.0,1989203.0,1.87,93.9358
2009-08-07,2.57,,,0.359,9.6,86.6426,339586.0,0.1717,8463.0,1989203.0,1.88,94.4692
2009-08-10,2.56,,,0.359,9.6,86.6426,339586.0,0.1717,8463.0,1989203.0,1.83,94.6087
2009-08-11,2.5,,,0.359,9.6,86.6426,339586.0,0.1717,8463.0,1989203.0,1.8,94.8678
2009-08-12,2.54,,,0.359,9.6,86.6426,339586.0,0.1717,8463.0,2014899.0,1.84,94.5394
2009-08-13,2.47,,,0.359,9.6,86.6426,339586.0,0.1717,8463.0,2014899.0,1.8,94.2392
2009-08-14,2.48,,,0.31,9.6,86.6426,339586.0,0.7994,8463.0,2014899.0,1.85,94.475
2009-08-17,2.44,,,0.31,9.6,86.6426,339586.0,0.7994,8463.0,2014899.0,1.79,95.1024
2009-08-18,2.45,,,0.31,9.6,86.6426,339586.0,0.7994,8463.0,2014899.0,1.78,95.1118
2009-08-19,2.44,,,0.31,9.6,86.6426,339586.0,0.7994,8463.0,2060641.0,1.7,94.4084
2009-08-20,2.39,,,0.31,9.6,86.6426,339586.0,0.7994,8463.0,2060641.0,1.6,94.3492
2009-08-21,2.43,,,0.269,9.6,86.6426,339586.0,0.9709,8463.0,2060641.0,1.69,94.0103
2009-08-24,2.43,,,0.269,9.6,86.6426,339586.0,0.9709,8463.0,2060641.0,1.67,93.9345
2009-08-25,2.4,,,0.269,9.6,86.6426,339586.0,0.9709,8463.0,2060641.0,1.72,93.9066
2009-08-26,2.38,,,0.269,9.6,86.6426,339586.0,0.9709,8463.0,2074902.0,1.72,94.8662
2009-08-27,2.43,,,0.269,9.6,86.6426,339586.0,0.9709,8463.0,2074902.0,1.75,94.7943
2009-08-28,2.45,,,0.232,9.6,86.6426,339586.0,0.5466,8463.0,2074902.0,1.76,94.4489
2009-08-31,2.43,,,0.232,9.6,86.6426,339586.0,0.5466,8463.0,2074902.0,1.76,94.6202
2009-09-01,2.46,,,0.232,9.8,87.4063,330998.0,0.5466,8461.6,2074902.0,1.74,95.2201
2009-09-02,2.4,,,0.232,9.8,87.4063,330998.0,0.5466,8461.6,2083720.0,1.71,95.1575
2009-09-03,2.42,,,0.232,9.8,87.4063,330998.0,0.5466,8461.6,2083720.0,1.69,94.959
2009-09-04,2.51,,,0.2,9.8,87.4063,330998.0,0.7113,8461.6,2083720.0,1.7,94.5811
2009-09-07,2.51,,,0.2,9.8,87.4063,330998.0,0.7113,8461.6,2083720.0,1.7,94.5811
2009-09-08,2.54,,,0.2,9.8,87.4063,330998.0,0.7113,8461.6,2083720.0,1.66,93.7323
2009-09-09,2.55,,,0.2,9.8,87.4063,330998.0,0.7113,8461.6,2087946.0,1.66,93.6915
2009-09-10,2.46,,,0.2,9.8,87.4063,330998.0,0.7113,8461.6,2087946.0,1.59,93.6947
2009-09-11,2.44,,,0.167,9.8,87.4063,330998.0,0.3638,8461.6,2087946.0,1.59,93.3225
2009-09-14,2.48,,,0.167,9.8,87.4063,330998.0,0.3638,8461.6,2087946.0,1.65,93.6196
2009-09-15,2.51,,,0.167,9.8,87.4063,330998.0,0.3638,8461.6,2087946.0,1.64,93.4427
2009-09-16,2.47,,,0.167,9.8,87.4063,330998.0,0.3638,8461.6,2139783.0,1.62,92.9072
2009-09-17,2.44,,,0.167,9.8,87.4063,330998.0,0.3638,8461.6,2139783.0,1.62,92.8287
2009-09-18,2.46,,,0.133,9.8,87.4063,330998.0,0.0404,8461.6,2139783.0,1.68,93.1233
2009-09-21,2.47,,,0.133,9.8,87.4063,330998.0,0.0404,8461.6,2139783.0,1.69,93.3547
2009-09-22,2.44,,,0.133,9.8,87.4063,330998.0,0.0404,8461.6,2139783.0,1.65,92.8664
2009-09-23,2.48,,,0.133,9.8,87.4063,330998.0,0.0404,8461.6,2158631.0,1.63,92.979
2009-09-24,2.47,,,0.133,9.8,87.4063,330998.0,0.0404,8461.6,2158631.0,1.64,93.4708
2009-09-25,2.36,,,0.104,9.8,87.4063,330998.0,0.1784,8461.6,2158631.0,1.6,93.5535
2009-09-28,2.33,,,0.104,9.8,87.4063,330998.0,0.1784,8461.6,2158631.0,1.57,93.4669
2009-09-29,2.31,,,0.104,9.8,87.4063,330998.0,0.1784,8461.6,2158631.0,1.59,93.7776
2009-09-30,2.36,,,0.104,9.8,87.4063,330998.0,0.1784,8461.6,2141020.0,1.56,93.1907
2009-10-01,2.34,,,0.104,10.0,87.6419,334595.0,0.1784,8487.9,2141020.0,1.5,93.5995
2009-10-02,2.36,,,0.082,10.0,87.6419,334595.0,0.4255,8487.9,2141020.0,1.54,93.6756
2009-10-05,2.36,,,0.082,10.0,87.6419,334595.0,0.4255,8487.9,2141020.0,1.51,93.3356
2009-10-06,2.36,,,0.082,10.0,87.6419,334595.0,0.4255,8487.9,2141020.0,1.53,92.619
2009-10-07,2.34,,,0.082,10.0,87.6419,334595.0,0.4255,8487.9,2138086.0,1.45,92.794
2009-10-08,2.37,,,0.082,10.0,87.6419,334595.0,0.4255,8487.9,2138086.0,1.49,92.2074
2009-10-09,2.42,,,0.061,10.0,87.6419,334595.0,0.2884,8487.9,2138086.0,1.56,92.2984
2009-10-12,2.42,,,0.061,10.0,87.6419,334595.0,0.2884,8487.9,2138086.0,1.56,92.2984
2009-10-13,2.43,,,0.061,10.0,87.6419,334595.0,0.2884,8487.9,2138086.0,1.46,91.8273
2009-10-14,2.49,,,0.061,10.0,87.6419,334595.0,0.2884,8487.9,2192787.0,1.51,91.5047
2009-10-15,2.52,,,0.061,10.0,87.6419,334595.0,0.2884,8487.9,2192787.0,1.5,91.4367
2009-10-16,2.46,,,0.044,10.0,87.6419,334595.0,0.1408,8487.9,2192787.0,1.45,91.6541
2009-10-19,2.42,,,0.044,10.0,87.6419,334595.0,0.1408,8487.9,2192787.0,1.38,91.4406
2009-10-20,2.4,,,0.044,10.0,87.6419,334595.0,0.1408,8487.9,2192787.0,1.37,91.801
2009-10-21,2.42,,,0.044,10.0,87.6419,334595.0,0.1408,8487.9,2201119.0,1.43,91.3805
2009-10-22,2.47,,,0.044,10.0,87.6419,334595.0,0.1408,8487.9,2201119.0,1.49,91.6075
2009-10-23,2.47,,,0.031,10.0,87.6419,334595.0,0.1988,8487.9,2201119.0,1.51,91.7331
2009-10-26,2.53,,,0.031,10.0,87.6419,334595.0,0.1988,8487.9,2201119.0,1.59,92.0998
2009-10-27,2.5,,,0.031,10.0,87.6419,334595.0,0.1988,8487.9,2201119.0,1.49,92.5335
2009-10-28,2.49,,,0.031,10.0,87.6419,334595.0,0.1988,8487.9,2161537.0,1.48,92.8152
2009-10-29,2.55,,,0.031,10.0,87.6419,334595.0,0.1988,8487.9,2161537.0,1.5,92.4708
2009-10-30,2.51,,,0.023,10.0,87.6419,334595.0,0.4253,8487.9,2161537.0,1.41,92.6207
2009-11-01,2.51,,,0.023,9.9,88.0221,337321.0,0.4253,8517.0,2161537.0,1.41,92.6207
2009-11-02,2.53,,,0.023,9.9,88.0221,337321.0,0.4253,8517.0,2161537.0,1.41,92.4501
2009-11-03,2.58,,,0.023,9.9,88.0221,337321.0,0.4253,8517.0,2161537.0,1.45,92.9037
2009-11-04,2.66,,,0.023,9.9,88.0221,337321.0,0.4253,8517.0,2165067.0,1.45,92.3725
2009-11-05,2.67,,,0.023,9.9,88.0221,337321.0,0.4253,8517.0,2165067.0,1.41,92.3437
2009-11-06,2.68,,,0.014,9.9,88.0221,337321.0,0.394,8517.0,2165067.0,1.37,92.3848
2009-11-09,2.65,,,0.014,9.9,88.0221,337321.0,0.394,8517.0,2165067.0,1.3,91.6861
2009-11-10,2.65,,,0.014,9.9,88.0221,337321.0,0.394,8517.0,2165067.0,1.31,91.6659
2009-11-11,2.65,,,0.014,9.9,88.0221,337321.0,0.394,8517.0,2135035.0,1.31,91.6659
2009-11-12,2.63,,,0.014,9.9,88.0221,337321.0,0.394,8517.0,2135035.0,1.33,91.9461
2009-11-13,2.61,,,0.003,9.9,88.0221,337321.0,0.0359,8517.0,2135035.0,1.31,91.5754
2009-11-16,2.55,,,0.003,9.9,88.0221,337321.0,0.0359,8517.0,2135035.0,1.21,91.194
2009-11-17,2.55,,,0.003,9.9,88.0221,337321.0,0.0359,8517.0,2135035.0,1.2,91.7419
2009-11-18,2.59,,,0.003,9.9,88.0221,337321.0,0.0359,8517.0,2208721.0,1.21,91.249
2009-11-19,2.62,,,0.003,9.9,88.0221,337321.0,0.0359,8517.0,2208721.0,1.21,91.7827
2009-11-20,2.61,,,-0.011,9.9,88.0221,337321.0,0.16,8517.0,2208721.0,1.21,91.9906
2009-11-23,2.6,,,-0.011,9.9,88.0221,337321.0,0.16,8517.0,2208721.0,1.2,91.4864
2009-11-24,2.59,,,-0.011,9.9,88.0221,337321.0,0.16,8517.0,2208721.0,1.21,91.5539
2009-11-25,2.55,,,-0.011,9.9,88.0221,337321.0,0.16,8517.0,2206359.0,1.16,90.9669
2009-11-26,2.55,,,-0.011,9.9,88.0221,337321.0,0.16,8517.0,2206359.0,1.16,90.9669
2009-11-27,2.53,,,-0.03,9.9,88.0221,337321.0,0.1586,8517.0,2206359.0,1.15,91.5272
2009-11-30,2.54,,,-0.03,9.9,88.0221,337321.0,0.1586,8517.0,2206359.0,1.13,91.3717
2009-12-01,2.61,,,-0.03,9.9,88.3793,338736.0,0.1586,8512.2,2206359.0,1.14,90.8323
2009-12-02,2.6,,,-0.03,9.9,88.3793,338736.0,0.1586,8512.2,2204074.0,1.18,90.8906
2009-12-03,2.65,,,-0.03,9.9,88.3793,338736.0,0.1586,8512.2,2204074.0,1.24,90.9152
2009-12-04,2.64,,,-0.055,9.9,88.3793,338736.0,0.0636,8512.2,2204074.0,1.34,91.3806
2009-12-07,2.66,,,-0.055,9.9,88.3793,338736.0,0.0636,8512.2,2204074.0,1.31,91.5414
2009-12-08,2.67,,,-0.055,9.9,88.3793,338736.0,0.0636,8512.2,2204074.0,1.31,91.9513
2009-12-09,2.69,,,-0.055,9.9,88.3793,338736.0,0.0636,8512.2,2186383.0,1.36,92.014
2009-12-10,2.71,,,-0.055,9.9,88.3793,338736.0,0.0636,8512.2,2186383.0,1.4,92.0073
2009-12-11,2.72,,,-0.086,9.9,88.3793,338736.0,0.0015,8512.2,2186383.0,1.41,92.2946
2009-12-14,2.69,,,-0.086,9.9,88.3793,338736.0,0.0015,8512.2,2186383.0,1.37,92.0305
2009-12-15,2.72,,,-0.086,9.9,88.3793,338736.0,0.0015,8512.2,2186383.0,1.37,92.3635
2009-12-16,2.76,,,-0.086,9.9,88.3793,338736.0,0.0015,8512.2,2235763.0,1.34,92.1496
2009-12-17,2.73,,,-0.086,9.9,88.3793,338736.0,0.0015,8512.2,2235763.0,1.28,93.225
2009-12-18,2.73,,,-0.119,9.9,88.3793,338736.0,-0.1479,8512.2,2235763.0,1.31,93.1632
2009-12-21,2.8,,,-0.119,9.9,88.3793,338736.0,-0.1479,8512.2,2235763.0,1.39,93.1632
2009-12-22,2.81,,,-0.119,9.9,88.3793,338736.0,-0.1479,8512.2,2235763.0,1.43,93.2903
2009-12-23,2.81,,,-0.119,9.9,88.3793,338736.0,-0.1479,8512.2,2235803.0,1.46,92.9295
2009-12-24,2.82,,,-0.119,9.9,88.3793,338736.0,-0.1479,8512.2,2235803.0,1.5,92.8694
2009-12-25,2.82,,,-0.15,9.9,88.3793,338736.0,-0.2405,8512.2,2235803.0,1.5,92.8694
2009-12-28,2.76,,,-0.15,9.9,88.3793,338736.0,-0.2405,8512.2,2235803.0,1.5,92.6993
2009-12-29,2.73,,,-0.15,9.9,88.3793,338736.0,-0.2405,8512.2,2235803.0,1.46,92.8838
2009-12-30,2.72,,,-0.15,9.9,88.3793,338736.0,-0.2405,8512.2,2234067.0,1.44,93.0872
2009-12-31,2.71,,,-0.15,9.9,88.3793,338736.0,-0.2405,8512.2,2234067.0,1.48,92.9124
2010-01-01,2.71,,,-0.175,9.8,89.3426,339093.0,-0.2161,8477.7,2234067.0,1.48,92.9124
2010-01-04,2.76,,,-0.175,9.8,89.3426,339093.0,-0.2161,8477.7,2234067.0,1.47,92.3566
2010-01-05,2.76,,,-0.175,9.8,89.3426,339093.0,-0.2161,8477.7,2234067.0,1.43,92.2236
2010-01-06,2.84,,,-0.175,9.8,89.3426,339093.0,-0.2161,8477.7,2235304.0,1.48,92.0941
2010-01-07,2.82,,,-0.175,9.8,89.3426,339093.0,-0.2161,8477.7,2235304.0,1.44,92.3684
2010-01-08,2.87,,,-0.195,9.8,89.3426,339093.0,-0.3978,8477.7,2235304.0,1.41,92.1485
2010-01-11,2.9,,,-0.195,9.8,89.3426,339093.0,-0.3978,8477.7,2235304.0,1.47,91.5997
2010-01-12,2.82,,,-0.195,9.8,89.3426,339093.0,-0.3978,8477.7,2235304.0,1.35,91.7005
2010-01-13,2.83,,,-0.195,9.8,89.3426,339093.0,-0.3978,8477.7,2291700.0,1.43,91.7272
2010-01-14,2.82,,,-0.195,9.8,89.3426,339093.0,-0.3978,8477.7,2291700.0,1.4,91.5864
2010-01-15,2.81,,,-0.205,9.8,89.3426,339093.0,-0.358,8477.7,2291700.0,1.34,91.7668
2010-01-18,2.81,,,-0.205,9.8,89.3426,339093.0,-0.358,8477.7,2291700.0,1.34,91.7668
2010-01-19,2.8,,,-0.205,9.8,89.3426,339093.0,-0.358,8477.7,2291700.0,1.35,91.9611
2010-01-20,2.76,,,-0.205,9.8,89.3426,339093.0,-0.358,8477.7,2251806.0,1.31,92.6766
2010-01-21,2.75,,,-0.205,9.8,89.3426,339093.0,-0.358,8477.7,2251806.0,1.29,92.6627
2010-01-22,2.78,,,-0.203,9.8,89.3426,339093.0,-0.0824,8477.7,2251806.0,1.31,92.943
2010-01-25,2.8,,,-0.203,9.8,89.3426,339093.0,-0.0824,8477.7,2251806.0,1.33,92.9099
2010-01-26,2.78,,,-0.203,9.8,89.3426,339093.0,-0.0824,8477.7,2251806.0,1.31,93.3298
2010-01-27,2.76,,,-0.203,9.8,89.3426,339093.0,-0.0824,8477.7,2246886.0,1.35,93.2835
2010-01-28,2.81,,,-0.203,9.8,89.3426,339093.0,-0.0824,8477.7,2246886.0,1.35,93.2635
2010-01-29,2.81,,,-0.199,9.8,89.3426,339093.0,0.0522,8477.7,2246886.0,1.3,93.7638
2010-02-01,2.82,,,-0.199,9.8,89.6779,339580.0,0.0522,8527.3,2246886.0,1.29,93.7321
2010-02-02,2.81,,,-0.199,9.8,89.6779,339580.0,0.0522,8527.3,2246886.0,1.26,93.4136
2010-02-03,2.85,,,-0.199,9.8,89.6779,339580.0,0.0522,8527.3,2249319.0,1.3,93.6268
2010-02-04,2.82,,,-0.199,9.8,89.6779,339580.0,0.0522,8527.3,2249319.0,1.27,94.1401
2010-02-05,2.82,,,-0.195,9.8,89.6779,339580.0,-0.0562,8527.3,2249319.0,1.32,94.6218
2010-02-08,2.83,,,-0.195,9.8,89.6779,339580.0,-0.0562,8527.3,2249319.0,1.35,94.6218
2010-02-09,2.83,,,-0.195,9.8,89.6779,339580.0,-0.0562,8527.3,2249319.0,1.37,94.6218
2010-02-10,2.81,,,-0.195,9.8,89.6779,339580.0,-0.0562,8527.3,2256679.0,1.44,94.6218
2010-02-11,2.82,,,-0.195,9.8,89.6779,339580.0,-0.0562,8527.3,2256679.0,1.47,94.6218
2010-02-12,2.85,,,-0.198,9.8,89.6779,339580.0,0.1101,8527.3,2256679.0,1.46,93.9976
2010-02-15,2.85,,,-0.198,9.8,89.6779,339580.0,0.1101,8527.3,2256679.0,1.46,93.9976
2010-02-16,2.84,,,-0.198,9.8,89.6779,339580.0,0.1101,8527.3,2256679.0,1.42,93.482
2010-02-17,2.87,,,-0.198,9.8,89.6779,339580.0,0.1101,8527.3,2277574.0,1.46,93.7171
2010-02-18,2.89,,,-0.198,9.8,89.6779,339580.0,0.1101,8527.3,2277574.0,1.48,93.8752
2010-02-19,2.83,,,-0.215,9.8,89.6779,339580.0,-0.218,8527.3,2277574.0,1.52,93.9569
2010-02-22,2.89,,,-0.215,9.8,89.6779,339580.0,-0.218,8527.3,2277574.0,1.55,93.7402
2010-02-23,2.82,,,-0.215,9.8,89.6779,339580.0,-0.218,8527.3,2277574.0,1.5,93.9794
2010-02-24,2.83,,,-0.215,9.8,89.6779,339580.0,-0.218,8527.3,2286127.0,1.51,93.9775
2010-02-25,2.82,,,-0.215,9.8,89.6779,339580.0,-0.218,8527.3,2286127.0,1.51,94.3797
2010-02-26,2.8,,,-0.244,9.8,89.6779,339580.0,-0.2302,8527.3,2286127.0,1.48,93.6602
2010-03-01,2.81,,,-0.244,9.9,90.2928,346974.0,-0.2302,8523.5,2286127.0,1.46,93.7979
2010-03-02,2.82,,,-0.244,9.9,90.2928,346974.0,-0.2302,8523.5,2286127.0,1.46,93.488
2010-03-03,2.81,,,-0.244,9.9,90.2928,346974.0,-0.2302,8523.5,2280147.0,1.46,92.9861
2010-03-04,2.75,,,-0.244,9.9,90.2928,346974.0,-0.2302,8523.5,2280147.0,1.44,93.4079
2010-03-05,2.78,,,-0.283,9.9,90.2928,346974.0,-0.271,8523.5,2280147.0,1.48,93.2623
2010-03-08,2.82,,,-0.283,9.9,90.2928,346974.0,-0.271,8523.5,2280147.0,1.49,93.2446
2010-03-09,2.82,,,-0.283,9.9,90.2928,346974.0,-0.271,8523.5,2280147.0,1.48,93.1941
2010-03-10,2.81,,,-0.283,9.9,90.2928,346974.0,-0.271,8523.5,2282474.0,1.49,93.0426
2010-03-11,2.76,,,-0.283,9.9,90.2928,346974.0,-0.271,8523.5,2282474.0,1.49,93.0533
2010-03-12,2.74,,,-0.33,9.9,90.2928,346974.0,-0.5655,8523.5,2282474.0,1.45,92.6616
2010-03-15,2.75,,,-0.33,9.9,90.2928,346974.0,-0.5655,8523.5,2282474.0,1.46,92.9642
2010-03-16,2.73,,,-0.33,9.9,90.2928,346974.0,-0.5655,8523.5,2282474.0,1.42,92.595
2010-03-17,2.7,,,-0.33,9.9,90.2928,346974.0,-0.5655,8523.5,2307997.0,1.4,92.4446
2010-03-18,2.7,,,-0.33,9.9,90.2928,346974.0,-0.5655,8523.5,2307997.0,1.45,92.7451
2010-03-19,2.68,,,-0.375,9.9,90.2928,346974.0,-0.4355,8523.5,2307997.0,1.5,93.0407
2010-03-22,2.66,,,-0.375,9.9,90.2928,346974.0,-0.4355,8523.5,2307997.0,1.48,93.1333
2010-03-23,2.67,,,-0.375,9.9,90.2928,346974.0,-0.4355,8523.5,2307997.0,1.49,93.006
2010-03-24,2.76,,,-0.375,9.9,90.2928,346974.0,-0.4355,8523.5,2313149.0,1.6,93.6468
2010-03-25,2.81,,,-0.375,9.9,90.2928,346974.0,-0.4355,8523.5,2313149.0,1.65,93.5885
2010-03-26,2.82,,,-0.416,9.9,90.2928,346974.0,-0.4013,8523.5,2313149.0,1.62,93.6873
2010-03-29,2.84,,,-0.416,9.9,90.2928,346974.0,-0.4013,8523.5,2313149.0,1.66,93.2959
2010-03-30,2.82,,,-0.416,9.9,90.2928,346974.0,-0.4013,8523.5,2313149.0,1.66,93.2627
2010-03-31,2.82,,,-0.416,9.9,90.2928,346974.0,-0.4013,8523.5,2307150.0,1.6,92.8987
2010-04-01,2.84,,,-0.416,9.9,90.5991,349869.0,-0.4013,8554.8,2307150.0,1.61,92.6661
2010-04-02,2.85,,,-0.444,9.9,90.5991,349869.0,-0.3584,8554.8,2307150.0,1.69,92.9057
2010-04-05,2.83,,,-0.444,9.9,90.5991,349869.0,-0.3584,8554.8,2307150.0,1.7,92.6644
2010-04-06,2.84,,,-0.444,9.9,90.5991,349869.0,-0.3584,8554.8,2307150.0,1.68,92.7373
2010-04-07,2.83,,,-0.444,9.9,90.5991,349869.0,-0.3584,8554.8,2307575.0,1.55,92.7452
2010-04-08,2.82,,,-0.444,9.9,90.5991,349869.0,-0.3584,8554.8,2307575.0,1.58,92.7211
2010-04-09,2.82,,,-0.456,9.9,90.5991,349869.0,-0.4729,8554.8,2307575.0,1.56,92.4772
2010-04-12,2.8,,,-0.456,9.9,90.5991,349869.0,-0.4729,8554.8,2307575.0,1.52,92.243
2010-04-13,2.77,,,-0.456,9.9,90.5991,349869.0,-0.4729,8554.8,2307575.0,1.5,92.2689
2010-04-14,2.81,,,-0.456,9.9,90.5991,349869.0,-0.4729,8554.8,2339345.0,1.54,91.9297
2010-04-15,2.82,,,-0.456,9.9,90.5991,349869.0,-0.4729,8554.8,2339345.0,1.49,92.2029
2010-04-16,2.81,,,-0.445,9.9,90.5991,349869.0,-0.4543,8554.8,2339345.0,1.46,92.5253
2010-04-19,2.82,,,-0.445,9.9,90.5991,349869.0,-0.4543,8554.8,2339345.0,1.49,92.8577
2010-04-20,2.77,,,-0.445,9.9,90.5991,349869.0,-0.4543,8554.8,2339345.0,1.47,92.4338
2010-04-21,2.74,,,-0.445,9.9,90.5991,349869.0,-0.4543,8554.8,2337556.0,1.42,92.4482
2010-04-22,2.73,,,-0.445,9.9,90.5991,349869.0,-0.4543,8554.8,2337556.0,1.46,92.7277
2010-04-23,2.74,,,-0.409,9.9,90.5991,349869.0,-0.4219,8554.8,2337556.0,1.47,92.6622
2010-04-26,2.74,,,-0.409,9.9,90.5991,349869.0,-0.4219,8554.8,2337556.0,1.46,92.5187
2010-04-27,2.68,,,-0.409,9.9,90.5991,349869.0,-0.4219,8554.8,2337556.0,1.37,93.0956
2010-04-28,2.77,,,-0.409,9.9,90.5991,349869.0,-0.4219,8554.8,2330472.0,1.4,93.4856
2010-04-29,2.75,,,-0.409,9.9,90.5991,349869.0,-0.4219,8554.8,2330472.0,1.31,92.9013
2010-04-30,2.72,,,-0.35,9.9,90.5991,349869.0,-0.1955,8554.8,2330472.0,1.29,92.8423
2010-05-01,2.72,,,-0.35,9.6,91.823,346858.0,-0.1955,8609.0,2330472.0,1.29,92.8423
2010-05-03,2.72,,,-0.35,9.6,91.823,346858.0,-0.1955,8609.0,2330472.0,1.32,93.235
2010-05-04,2.67,,,-0.35,9.6,91.823,346858.0,-0.1955,8609.0,2330472.0,1.31,93.8137
2010-05-05,2.7,,,-0.35,9.6,91.823,346858.0,-0.1955,8609.0,2326164.0,1.3,94.3968
2010-05-06,2.66,,,-0.35,9.6,91.823,346858.0,-0.1955,8609.0,2326164.0,1.25,95.3032
2010-05-07,2.62,,,-0.273,9.6,91.823,346858.0,0.4152,8609.0,2326164.0,1.3,95.2952
2010-05-10,2.7,,,-0.273,9.6,91.823,346858.0,0.4152,8609.0,2326164.0,1.33,94.3096
2010-05-11,2.71,,,-0.273,9.6,91.823,346858.0,0.4152,8609.0,2326164.0,1.31,94.4305
2010-05-12,2.67,,,-0.273,9.6,91.823,346858.0,0.4152,8609.0,2336103.0,1.28,94.5515
2010-05-13,2.68,,,-0.273,9.6,91.823,346858.0,0.4152,8609.0,2336103.0,1.28,94.5071
2010-05-14,2.65,,,-0.197,9.6,91.823,346858.0,0.3494,8609.0,2336103.0,1.26,95.3746
2010-05-17,2.66,,,-0.197,9.6,91.823,346858.0,0.3494,8609.0,2336103.0,1.31,95.9795
2010-05-18,2.62,,,-0.197,9.6,91.823,346858.0,0.3494,8609.0,2336103.0,1.25,95.6212
2010-05-19,2.56,,,-0.197,9.6,91.823,346858.0,0.3494,8609.0,2350890.0,1.32,96.5083
2010-05-20,2.49,,,-0.197,9.6,91.823,346858.0,0.3494,8609.0,2350890.0,1.36,96.9483
2010-05-21,2.44,,,-0.124,9.6,91.823,346858.0,0.9795,8609.0,2350890.0,1.33,96.2911
2010-05-24,2.46,,,-0.124,9.6,91.823,346858.0,0.9795,8609.0,2350890.0,1.35,96.6433
2010-05-25,2.37,,,-0.124,9.6,91.823,346858.0,0.9795,8609.0,2350890.0,1.33,97.5487
2010-05-26,2.39,,,-0.124,9.6,91.823,346858.0,0.9795,8609.0,2334041.0,1.3,97.1879
2010-05-27,2.47,,,-0.124,9.6,91.823,346858.0,0.9795,8609.0,2334041.0,1.33,96.3611
2010-05-28,2.55,,,-0.069,9.6,91.823,346858.0,1.0227,8609.0,2334041.0,1.32,96.3062
2010-05-31,2.55,,,-0.069,9.6,91.823,346858.0,1.0227,8609.0,2334041.0,1.32,96.3062
2010-06-01,2.51,,,-0.069,9.4,91.9928,346516.0,1.0227,8628.1,2334041.0,1.32,96.6123
2010-06-02,2.53,,,-0.069,9.4,91.9928,346516.0,1.0227,8628.1,2336216.0,1.36,96.615
2010-06-03,2.57,,,-0.069,9.4,91.9928,346516.0,1.0227,8628.1,2336216.0,1.34,96.461
2010-06-04,2.48,,,-0.038,9.4,91.9928,346516.0,0.8172,8628.1,2336216.0,1.26,97.1688
2010-06-07,2.43,,,-0.038,9.4,91.9928,346516.0,0.8172,8628.1,2336216.0,1.25,97.503
2010-06-08,2.44,,,-0.038,9.4,91.9928,346516.0,0.8172,8628.1,2336216.0,1.29,97.3425
2010-06-09,2.46,,,-0.038,9.4,91.9928,346516.0,0.8172,8628.1,2331529.0,1.28,96.8938
2010-06-10,2.54,,,-0.038,9.4,91.9928,346516.0,0.8172,8628.1,2331529.0,1.35,96.4877
2010-06-11,2.49,,,-0.029,9.4,91.9928,346516.0,0.9708,8628.1,2331529.0,1.29,96.5616
2010-06-14,2.51,,,-0.029,9.4,91.9928,346516.0,0.9708,8628.1,2331529.0,1.31,95.8082
2010-06-15,2.53,,,-0.029,9.4,91.9928,346516.0,0.9708,8628.1,2331529.0,1.32,95.7049
2010-06-16,2.52,,,-0.029,9.4,91.9928,346516.0,0.9708,8628.1,2344316.0,1.28,95.5668
2010-06-17,2.49,,,-0.029,9.4,91.9928,346516.0,0.9708,8628.1,2344316.0,1.22,95.4973
2010-06-18,2.5,,,-0.043,9.4,91.9928,346516.0,0.5021,8628.1,2344316.0,1.25,95.2981
2010-06-21,2.52,,,-0.043,9.4,91.9928,346516.0,0.5021,8628.1,2344316.0,1.24,94.8505
2010-06-22,2.47,,,-0.043,9.4,91.9928,346516.0,0.5021,8628.1,2344316.0,1.2,95.1165
2010-06-23,2.47,,,-0.043,9.4,91.9928,346516.0,0.5021,8628.1,2344497.0,1.19,95.4853
2010-06-24,2.47,,,-0.043,9.4,91.9928,346516.0,0.5021,8628.1,2344497.0,1.23,95.6194
2010-06-25,2.47,,,-0.071,9.4,91.9928,346516.0,0.5853,8628.1,2344497.0,1.21,95.4582
2010-06-28,2.43,,,-0.071,9.4,91.9928,346516.0,0.5853,8628.1,2344497.0,1.17,95.2696
2010-06-29,2.36,,,-0.071,9.4,91.9928,346516.0,0.5853,8628.1,2344497.0,1.14,96.0199
2010-06-30,2.36,,,-0.071,9.4,91.9928,346516.0,0.5853,8628.1,2330851.0,1.15,95.9934
2010-07-01,2.33,,,-0.071,9.4,92.3421,347612.0,0.5853,8639.5,2330851.0,1.21,95.8018
2010-07-02,2.37,,,-0.105,9.4,92.3421,347612.0,0.9406,8639.5,2330851.0,1.27,95.6345
2010-07-05,2.37,,,-0.105,9.4,92.3421,347612.0,0.9406,8639.5,2330851.0,1.27,95.6345
2010-07-06,2.33,,,-0.105,9.4,92.3421,347612.0,0.9406,8639.5,2330851.0,1.26,95.1069
2010-07-07,2.37,,,-0.105,9.4,92.3421,347612.0,0.9406,8639.5,2332017.0,1.3,95.1795
2010-07-08,2.41,,,-0.105,9.4,92.3421,347612.0,0.9406,8639.5,2332017.0,1.25,94.7734
2010-07-09,2.44,,,-0.147,9.4,92.3421,347612.0,0.5608,8639.5,2332017.0,1.26,94.683
2010-07-12,2.43,,,-0.147,9.4,92.3421,347612.0,0.5608,8639.5,2332017.0,1.26,94.9598
2010-07-13,2.48,,,-0.147,9.4,92.3421,347612.0,0.5608,8639.5,2332017.0,1.28,94.3856
2010-07-14,2.45,,,-0.147,9.4,92.3421,347612.0,0.5608,8639.5,2340717.0,1.23,94.3247
2010-07-15,2.39,,,-0.147,9.4,92.3421,347612.0,0.5608,8639.5,2340717.0,1.21,94.1988
2010-07-16,2.35,,,-0.187,9.4,92.3421,347612.0,0.3537,8639.5,2340717.0,1.25,94.5061
2010-07-19,2.38,,,-0.187,9.4,92.3421,347612.0,0.3537,8639.5,2340717.0,1.29,94.602
2010-07-20,2.37,,,-0.187,9.4,92.3421,347612.0,0.3537,8639.5,2340717.0,1.28,94.542
2010-07-21,2.32,,,-0.187,9.4,92.3421,347612.0,0.3537,8639.5,2332322.0,1.19,94.4496
2010-07-22,2.36,,,-0.187,9.4,92.3421,347612.0,0.3537,8639.5,2332322.0,1.21,94.1135
2010-07-23,2.42,,,-0.221,9.4,92.3421,347612.0,0.5021,8639.5,2332322.0,1.24,94.1431
2010-07-26,2.41,,,-0.221,9.4,92.3421,347612.0,0.5021,8639.5,2332322.0,1.24,93.7556
2010-07-27,2.43,,,-0.221,9.4,92.3421,347612.0,0.5021,8639.5,2332322.0,1.26,93.7583
2010-07-28,2.42,,,-0.221,9.4,92.3421,347612.0,0.5021,8639.5,2325298.0,1.22,93.7506
2010-07-29,2.44,,,-0.221,9.4,92.3421,347612.0,0.5021,8639.5,2325298.0,1.21,93.6004
2010-07-30,2.39,,,-0.245,9.4,92.3421,347612.0,0.1699,8639.5,2325298.0,1.14,93.2793
2010-08-01,2.39,,,-0.245,9.5,92.6805,349188.0,0.1699,8687.9,2325298.0,1.14,93.2793
2010-08-02,2.43,,,-0.245,9.5,92.6805,349188.0,0.1699,8687.9,2325298.0,1.13,92.7916
2010-08-03,2.41,,,-0.245,9.5,92.6805,349188.0,0.1699,8687.9,2325298.0,1.07,92.6258
2010-08-04,2.42,,,-0.245,9.5,92.6805,349188.0,0.1699,8687.9,2326479.0,1.12,92.731
2010-08-05,2.41,,,-0.245,9.5,92.6805,349188.0,0.1699,8687.9,2326479.0,1.07,92.6401
2010-08-06,2.36,,,-0.259,9.5,92.6805,349188.0,0.1984,8687.9,2326479.0,1.04,92.5915
2010-08-09,2.32,,,-0.259,9.5,92.6805,349188.0,0.1984,8687.9,2326479.0,1.04,92.6726
2010-08-10,2.27,,,-0.259,9.5,92.6805,349188.0,0.1984,8687.9,2326479.0,0.95,93.2197
2010-08-11,2.18,,,-0.259,9.5,92.6805,349188.0,0.1984,8687.9,2327533.0,0.95,93.7778
2010-08-12,2.19,,,-0.259,9.5,92.6805,349188.0,0.1984,8687.9,2327533.0,1.05,93.8905
2010-08-13,2.14,,,-0.264,9.5,92.6805,349188.0,0.4143,8687.9,2327533.0,1.0,94.0457
2010-08-16,2.07,,,-0.264,9.5,92.6805,349188.0,0.4143,8687.9,2327533.0,0.95,93.7902
2010-08-17,2.12,,,-0.264,9.5,92.6805,349188.0,0.4143,8687.9,2327533.0,1.01,93.4239
2010-08-18,2.13,,,-0.264,9.5,92.6805,349188.0,0.4143,8687.9,2313662.0,1.02,93.3719
2010-08-19,2.09,,,-0.264,9.5,92.6805,349188.0,0.4143,8687.9,2313662.0,1.02,93.7141
2010-08-20,2.13,,,-0.266,9.5,92.6805,349188.0,0.4383,8687.9,2313662.0,1.05,94.2087
2010-08-23,2.11,,,-0.266,9.5,92.6805,349188.0,0.4383,8687.9,2313662.0,1.05,94.3295
2010-08-24,2.0,,,-0.266,9.5,92.6805,349188.0,0.4383,8687.9,2313662.0,1.01,94.4362
2010-08-25,2.01,,,-0.266,9.5,92.6805,349188.0,0.4383,8687.9,2301015.0,1.01,94.7372
2010-08-26,1.99,,,-0.266,9.5,92.6805,349188.0,0.4383,8687.9,2301015.0,0.95,94.3523
2010-08-27,2.1,,,-0.268,9.5,92.6805,349188.0,0.459,8687.9,2301015.0,1.05,94.3462
2010-08-30,2.04,,,-0.268,9.5,92.6805,349188.0,0.459,8687.9,2301015.0,0.99,94.5922
2010-08-31,2.0,,,-0.268,9.5,92.6805,349188.0,0.459,8687.9,2301015.0,0.95,94.7204
2010-09-01,2.08,,,-0.268,9.5,92.9537,352179.0,0.459,8718.7,2301996.0,1.02,94.1148
2010-09-02,2.13,,,-0.268,9.5,92.9537,352179.0,0.459,8718.7,2301996.0,1.05,94.0852
2010-09-03,2.2,,,-0.276,9.5,92.9537,352179.0,0.275,8718.7,2301996.0,1.1,93.6952
2010-09-06,2.2,,,-0.276,9.5,92.9537,352179.0,0.275,8718.7,2301996.0,1.1,93.6952
2010-09-07,2.12,,,-0.276,9.5,92.9537,352179.0,0.275,8718.7,2301996.0,0.98,94.042
2010-09-08,2.14,,,-0.276,9.5,92.9537,352179.0,0.275,8718.7,2305802.0,1.02,93.7785
2010-09-09,2.2,,,-0.276,9.5,92.9537,352179.0,0.275,8718.7,2305802.0,1.05,93.7033
2010-09-10,2.23,,,-0.29,9.5,92.9537,352179.0,0.0562,8718.7,2305802.0,1.02,93.6768
2010-09-13,2.21,,,-0.29,9.5,92.9537,352179.0,0.0562,8718.7,2305802.0,0.94,93.0767
2010-09-14,2.18,,,-0.29,9.5,92.9537,352179.0,0.0562,8718.7,2305802.0,0.93,92.6182
2010-09-15,2.24,,,-0.29,9.5,92.9537,352179.0,0.0562,8718.7,2296079.0,0.97,92.9313
2010-09-16,2.29,,,-0.29,9.5,92.9537,352179.0,0.0562,8718.7,2296079.0,1.0,92.9108
2010-09-17,2.27,,,-0.309,9.5,92.9537,352179.0,0.0045,8718.7,2296079.0,1.0,92.9418
2010-09-20,2.25,,,-0.309,9.5,92.9537,352179.0,0.0045,8718.7,2296079.0,0.94,92.7496
2010-09-21,2.18,,,-0.309,9.5,92.9537,352179.0,0.0045,8718.7,2296079.0,0.78,92.6684
2010-09-22,2.12,,,-0.309,9.5,92.9537,352179.0,0.0045,8718.7,2307171.0,0.74,92.0647
2010-09-23,2.11,,,-0.309,9.5,92.9537,352179.0,0.0045,8718.7,2307171.0,0.77,92.0233
2010-09-24,2.17,,,-0.331,9.5,92.9537,352179.0,0.085,8718.7,2307171.0,0.81,91.5996
2010-09-27,2.1,,,-0.331,9.5,92.9537,352179.0,0.085,8718.7,2307171.0,0.79,91.4803
2010-09-28,2.11,,,-0.331,9.5,92.9537,352179.0,0.085,8718.7,2307171.0,0.69,91.3493
2010-09-29,2.08,,,-0.331,9.5,92.9537,352179.0,0.085,8718.7,2298691.0,0.74,91.1632
2010-09-30,2.11,,,-0.331,9.5,92.9537,352179.0,0.085,8718.7,2298691.0,0.75,91.3415
2010-10-01,2.12,,,-0.355,9.4,92.6903,356215.0,0.1072,8768.4,2298691.0,0.75,90.836
2010-10-04,2.09,,,-0.355,9.4,92.6903,356215.0,0.1072,8768.4,2298691.0,0.72,91.0015
2010-10-05,2.09,,,-0.355,9.4,92.6903,356215.0,0.1072,8768.4,2298691.0,0.65,90.5622
2010-10-06,2.03,,,-0.355,9.4,92.6903,356215.0,0.1072,8768.4,2308092.0,0.52,90.1411
2010-10-07,2.05,,,-0.355,9.4,92.6903,356215.0,0.1072,8768.4,2308092.0,0.53,90.286
2010-10-08,2.06,,,-0.379,9.4,92.6903,356215.0,0.0042,8768.4,2308092.0,0.45,90.1133
2010-10-11,2.06,,,-0.379,9.4,92.6903,356215.0,0.0042,8768.4,2308092.0,0.45,90.1133
2010-10-12,2.07,,,-0.379,9.4,92.6903,356215.0,0.0042,8768.4,2308092.0,0.49,90.2203
2010-10-13,2.09,,,-0.379,9.4,92.6903,356215.0,0.0042,8768.4,2309885.0,0.44,89.7779
2010-10-14,2.14,,,-0.379,9.4,92.6903,356215.0,0.0042,8768.4,2309885.0,0.41,89.5228
2010-10-15,2.22,,,-0.401,9.4,92.6903,356215.0,-0.2013,8768.4,2309885.0,0.5,89.6815
2010-10-18,2.14,,,-0.401,9.4,92.6903,356215.0,-0.2013,8768.4,2309885.0,0.47,89.8484
2010-10-19,2.13,,,-0.401,9.4,92.6903,356215.0,-0.2013,8768.4,2309885.0,0.44,90.5499
2010-10-20,2.16,,,-0.401,9.4,92.6903,356215.0,-0.2013,8768.4,2305227.0,0.47,90.1446
2010-10-21,2.2,,,-0.401,9.4,92.6903,356215.0,-0.2013,8768.4,2305227.0,0.5,90.138
2010-10-22,2.24,,,-0.419,9.4,92.6903,356215.0,-0.0729,8768.4,2305227.0,0.5,90.4063
2010-10-25,2.22,,,-0.419,9.4,92.6903,356215.0,-0.0729,8768.4,2305227.0,0.45,89.9328
2010-10-26,2.27,,,-0.419,9.4,92.6903,356215.0,-0.0729,8768.4,2305227.0,0.52,90.2818
2010-10-27,2.35,,,-0.419,9.4,92.6903,356215.0,-0.0729,8768.4,2295392.0,0.62,90.8038
2010-10-28,2.32,,,-0.419,9.4,92.6903,356215.0,-0.0729,8768.4,2295392.0,0.57,90.2407
2010-10-29,2.29,,,-0.433,9.4,92.6903,356215.0,-0.2297,8768.4,2295392.0,0.5,90.0935
2010-11-01,2.32,,,-0.433,9.8,92.7709,359450.0,-0.2297,8789.0,2295392.0,0.49,90.0307
2010-11-02,2.29,,,-0.433,9.8,92.7709,359450.0,-0.2297,8789.0,2295392.0,0.49,89.6847
2010-11-03,2.33,,,-0.433,9.8,92.7709,359450.0,-0.2297,8789.0,2300353.0,0.5,89.7079
2010-11-04,2.2,,,-0.433,9.8,92.7709,359450.0,-0.2297,8789.0,2300353.0,0.44,88.9831
2010-11-05,2.2,,,-0.442,9.8,92.7709,359450.0,-0.1389,8789.0,2300353.0,0.48,89.2441
2010-11-08,2.19,,,-0.442,9.8,92.7709,359450.0,-0.1389,8789.0,2300353.0,0.48,89.5711
2010-11-09,2.26,,,-0.442,9.8,92.7709,359450.0,-0.1389,8789.0,2300353.0,0.58,89.558
2010-11-10,2.21,,,-0.442,9.8,92.7709,359450.0,-0.1389,8789.0,2312768.0,0.56,89.9056
2010-11-11,2.21,,,-0.442,9.8,92.7709,359450.0,-0.1389,8789.0,2312768.0,0.56,89.9056
2010-11-12,2.25,,,-0.445,9.8,92.7709,359450.0,-0.2445,8789.0,2312768.0,0.71,90.1701
2010-11-15,2.39,,,-0.445,9.8,92.7709,359450.0,-0.2445,8789.0,2312768.0,0.87,90.4331
2010-11-16,2.34,,,-0.445,9.8,92.7709,359450.0,-0.2445,8789.0,2312768.0,0.87,91.1102
2010-11-17,2.39,,,-0.445,9.8,92.7709,359450.0,-0.2445,8789.0,2314757.0,0.84,90.9282
2010-11-18,2.38,,,-0.445,9.8,92.7709,359450.0,-0.2445,8789.0,2314757.0,0.83,90.649
2010-11-19,2.36,,,-0.448,9.8,92.7709,359450.0,0.0093,8789.0,2314757.0,0.77,90.6986
2010-11-22,2.31,,,-0.448,9.8,92.7709,359450.0,0.0093,8789.0,2314757.0,0.7,90.7023
2010-11-23,2.32,,,-0.448,9.8,92.7709,359450.0,0.0093,8789.0,2314757.0,0.69,91.4318
2010-11-24,2.4,,,-0.448,9.8,92.7709,359450.0,0.0093,8789.0,2346001.0,0.8,91.2179
2010-11-25,2.4,,,-0.448,9.8,92.7709,359450.0,0.0093,8789.0,2346001.0,0.8,91.2179
2010-11-26,2.36,,,-0.45,9.8,92.7709,359450.0,0.0261,8789.0,2346001.0,0.75,91.8152
2010-11-29,2.32,,,-0.45,9.8,92.7709,359450.0,0.0261,8789.0,2346001.0,0.73,92.1997
2010-11-30,2.36,,,-0.45,9.8,92.7709,359450.0,0.0261,8789.0,2346001.0,0.74,92.1494
2010-12-01,2.44,,,-0.45,9.3,93.6787,361979.0,0.0261,8823.2,2346920.0,0.83,91.6799
2010-12-02,2.46,,,-0.45,9.3,93.6787,361979.0,0.0261,8823.2,2346920.0,0.84,91.2651
2010-12-03,2.54,,,-0.456,9.3,93.6787,361979.0,-0.0161,8823.2,2346920.0,0.86,90.8788
2010-12-06,2.53,,,-0.456,9.3,93.6787,361979.0,-0.0161,8823.2,2346920.0,0.79,91.0167
2010-12-07,2.61,,,-0.456,9.3,93.6787,361979.0,-0.0161,8823.2,2346920.0,0.92,90.9732
2010-12-08,2.63,,,-0.456,9.3,93.6787,361979.0,-0.0161,8823.2,2382294.0,1.07,91.3376
2010-12-09,2.59,,,-0.456,9.3,93.6787,361979.0,-0.0161,8823.2,2382294.0,1.09,91.3923
2010-12-10,2.68,,,-0.468,9.3,93.6787,361979.0,-0.2882,8823.2,2382294.0,1.16,91.2831
2010-12-13,2.68,,,-0.468,9.3,93.6787,361979.0,-0.2882,8823.2,2382294.0,1.11,90.8837
2010-12-14,2.83,,,-0.468,9.3,93.6787,361979.0,-0.2882,8823.2,2382294.0,1.27,90.764
2010-12-15,2.85,,,-0.468,9.3,93.6787,361979.0,-0.2882,8823.2,2385754.0,1.22,91.094
2010-12-16,2.81,,,-0.468,9.3,93.6787,361979.0,-0.2882,8823.2,2385754.0,1.15,91.3773
2010-12-17,2.72,,,-0.483,9.3,93.6787,361979.0,-0.2011,8823.2,2385754.0,1.05,91.5555
2010-12-20,2.74,,,-0.483,9.3,93.6787,361979.0,-0.2011,8823.2,2385754.0,1.07,91.6398
2010-12-21,2.72,,,-0.483,9.3,93.6787,361979.0,-0.2011,8823.2,2385754.0,1.06,91.519
2010-12-22,2.71,,,-0.483,9.3,93.6787,361979.0,-0.2011,8823.2,2427921.0,1.03,91.429
2010-12-23,2.74,,,-0.483,9.3,93.6787,361979.0,-0.2011,8823.2,2427921.0,1.08,91.3013
2010-12-24,2.74,,,-0.502,9.3,93.6787,361979.0,-0.2478,8823.2,2427921.0,1.08,91.3013
2010-12-27,2.65,,,-0.502,9.3,93.6787,361979.0,-0.2478,8823.2,2427921.0,1.06,91.1963
2010-12-28,2.75,,,-0.502,9.3,93.6787,361979.0,-0.2478,8823.2,2427921.0,1.17,90.9848
2010-12-29,2.71,,,-0.502,9.3,93.6787,361979.0,-0.2478,8823.2,2420570.0,1.06,90.7669
2010-12-30,2.72,,,-0.502,9.3,93.6787,361979.0,-0.2478,8823.2,2420570.0,1.08,90.5146
2010-12-31,2.69,,,-0.524,9.3,93.6787,361979.0,-0.2449,8823.2,2420570.0,1.0,90.5146
2011-01-01,2.69,,,-0.524,9.1,93.4814,364394.0,-0.2449,8849.0,2420570.0,1.0,90.5146
2011-01-03,2.75,,,-0.524,9.1,93.4814,364394.0,-0.2449,8849.0,2420570.0,1.05,89.9524
2011-01-04,2.73,,,-0.524,9.1,93.4814,364394.0,-0.2449,8849.0,2420570.0,1.01,90.3277
2011-01-05,2.79,,,-0.524,9.1,93.4814,364394.0,-0.2449,8849.0,2436064.0,1.08,90.5715
2011-01-06,2.76,,,-0.524,9.1,93.4814,364394.0,-0.2449,8849.0,2436064.0,1.03,90.9125
2011-01-07,2.74,,,-0.545,9.1,93.4814,364394.0,-0.3277,8849.0,2436064.0,0.98,91.0001
2011-01-10,2.73,,,-0.545,9.1,93.4814,364394.0,-0.3277,8849.0,2436064.0,0.96,91.03
2011-01-11,2.77,,,-0.545,9.1,93.4814,364394.0,-0.3277,8849.0,2436064.0,0.97,90.8431
2011-01-12,2.79,,,-0.545,9.1,93.4814,364394.0,-0.3277,8849.0,2468131.0,0.98,90.4111
2011-01-13,2.75,,,-0.545,9.1,93.4814,364394.0,-0.3277,8849.0,2468131.0,0.97,89.9019
2011-01-14,2.76,,,-0.566,9.1,93.4814,364394.0,-0.311,8849.0,2468131.0,1.0,90.0461
2011-01-17,2.76,,,-0.566,9.1,93.4814,364394.0,-0.311,8849.0,2468131.0,1.0,90.0461
2011-01-18,2.79,,,-0.566,9.1,93.4814,364394.0,-0.311,8849.0,2468131.0,0.99,89.821
2011-01-19,2.77,,,-0.566,9.1,93.4814,364394.0,-0.311,8849.0,2425164.0,0.99,89.6948
2011-01-20,2.82,,,-0.566,9.1,93.4814,364394.0,-0.311,8849.0,2425164.0,1.22,90.1316
2011-01-21,2.81,,,-0.583,9.1,93.4814,364394.0,-0.3253,8849.0,2425164.0,1.2,89.7204
2011-01-24,2.78,,,-0.583,9.1,93.4814,364394.0,-0.3253,8849.0,2425164.0,1.18,89.5375
2011-01-25,2.73,,,-0.583,9.1,93.4814,364394.0,-0.3253,8849.0,2425164.0,1.11,89.7279
2011-01-26,2.83,,,-0.583,9.1,93.4814,364394.0,-0.3253,8849.0,2443527.0,1.16,89.5091
2011-01-27,2.83,,,-0.583,9.1,93.4814,364394.0,-0.3253,8849.0,2443527.0,1.16,89.5728
2011-01-28,2.82,,,-0.595,9.1,93.4814,364394.0,-0.2694,8849.0,2443527.0,1.09,89.8189
2011-01-31,2.84,,,-0.595,9.1,93.4814,364394.0,-0.2694,8849.0,2443527.0,1.08,89.694
2011-02-01,2.87,,,-0.595,9.0,93.1102,367475.0,-0.2694,8913.3,2443527.0,1.11,89.1436
2011-02-02,2.85,,,-0.595,9.0,93.1102,367475.0,-0.2694,8913.3,2469419.0,1.16,89.0737
2011-02-03,2.87,,,-0.595,9.0,93.1102,367475.0,-0.2694,8913.3,2469419.0,1.23,89.2522
2011-02-04,2.91,,,-0.6,9.0,93.1102,367475.0,-0.387,8913.3,2469419.0,1.3,89.391
2011-02-07,2.9,,,-0.6,9.0,93.1102,367475.0,-0.387,8913.3,2469419.0,1.32,89.3556
2011-02-08,2.89,,,-0.6,9.0,93.1102,367475.0,-0.387,8913.3,2469419.0,1.39,89.1241
2011-02-09,2.84,,,-0.6,9.0,93.1102,367475.0,-0.387,8913.3,2500481.0,1.34,89.4166
2011-02-10,2.85,,,-0.6,9.0,93.1102,367475.0,-0.387,8913.3,2500481.0,1.39,89.6266
2011-02-11,2.79,,,-0.599,9.0,93.1102,367475.0,-0.4616,8913.3,2500481.0,1.36,89.8784
2011-02-14,2.75,,,-0.599,9.0,93.1102,367475.0,-0.4616,8913.3,2500481.0,1.34,89.8543
2011-02-15,2.77,,,-0.599,9.0,93.1102,367475.0,-0.4616,8913.3,2500481.0,1.33,89.8871
2011-02-16,2.76,,,-0.599,9.0,93.1102,367475.0,-0.4616,8913.3,2508868.0,1.37,89.7059
2011-02-17,2.78,,,-0.599,9.0,93.1102,367475.0,-0.4616,8913.3,2508868.0,1.31,89.4102
2011-02-18,2.81,,,-0.589,9.0,93.1102,367475.0,-0.3124,8913.3,2508868.0,1.25,89.1974
2011-02-21,2.81,,,-0.589,9.0,93.1102,367475.0,-0.3124,8913.3,2508868.0,1.25,89.1974
2011-02-22,2.72,,,-0.589,9.0,93.1102,367475.0,-0.3124,8913.3,2508868.0,1.12,89.4617
2011-02-23,2.75,,,-0.589,9.0,93.1102,367475.0,-0.3124,8913.3,2533221.0,1.1,89.4186
2011-02-24,2.73,,,-0.589,9.0,93.1102,367475.0,-0.3124,8913.3,2533221.0,1.05,89.2346
2011-02-25,2.7,,,-0.574,9.0,93.1102,367475.0,-0.0945,8913.3,2533221.0,1.02,89.1664
2011-02-28,2.73,,,-0.574,9.0,93.1102,367475.0,-0.0945,8913.3,2533221.0,1.03,88.9391
2011-03-01,2.75,,,-0.574,9.0,94.0788,370775.0,-0.0945,8971.5,2533221.0,1.0,88.831
2011-03-02,2.77,,,-0.574,9.0,94.0788,370775.0,-0.0945,8971.5,2545119.0,1.01,88.7317
2011-03-03,2.79,,,-0.574,9.0,94.0788,370775.0,-0.0945,8971.5,2545119.0,1.09,88.637
2011-03-04,2.81,,,-0.561,9.0,94.0788,370775.0,-0.2384,8971.5,2545119.0,1.0,88.4898
2011-03-07,2.81,,,-0.561,9.0,94.0788,370775.0,-0.2384,8971.5,2545119.0,1.0,88.5207
2011-03-08,2.83,,,-0.561,9.0,94.0788,370775.0,-0.2384,8971.5,2545119.0,1.01,88.6454
2011-03-09,2.78,,,-0.561,9.0,94.0788,370775.0,-0.2384,8971.5,2577076.0,0.98,88.5328
2011-03-10,2.72,,,-0.561,9.0,94.0788,370775.0,-0.2384,8971.5,2577076.0,0.91,88.8698
2011-03-11,2.76,,,-0.55,9.0,94.0788,370775.0,-0.2424,8971.5,2577076.0,0.96,88.691
2011-03-14,2.75,,,-0.55,9.0,94.0788,370775.0,-0.2424,8971.5,2577076.0,0.93,88.5191
2011-03-15,2.7,,,-0.55,9.0,94.0788,370775.0,-0.2424,8971.5,2577076.0,0.93,88.7845
2011-03-16,2.64,,,-0.55,9.0,94.0788,370775.0,-0.2424,8971.5,2583046.0,0.85,88.9785
2011-03-17,2.65,,,-0.55,9.0,94.0788,370775.0,-0.2424,8971.5,2583046.0,0.82,88.6549
2011-03-18,2.67,,,-0.545,9.0,94.0788,370775.0,0.0795,8971.5,2583046.0,0.85,88.5221
2011-03-21,2.67,,,-0.545,9.0,94.0788,370775.0,0.0795,8971.5,2583046.0,0.9,88.2032
2011-03-22,2.66,,,-0.545,9.0,94.0788,370775.0,0.0795,8971.5,2583046.0,0.95,88.0665
2011-03-23,2.67,,,-0.545,9.0,94.0788,370775.0,0.0795,8971.5,2601341.0,0.98,88.3328
2011-03-24,2.7,,,-0.545,9.0,94.0788,370775.0,0.0795,8971.5,2601341.0,0.95,88.0592
2011-03-25,2.67,,,-0.549,9.0,94.0788,370775.0,-0.3331,8971.5,2601341.0,1.02,88.1716
2011-03-28,2.66,,,-0.549,9.0,94.0788,370775.0,-0.3331,8971.5,2601341.0,1.01,88.3058
2011-03-29,2.69,,,-0.549,9.0,94.0788,370775.0,-0.3331,8971.5,2601341.0,1.03,88.3991
2011-03-30,2.67,,,-0.549,9.0,94.0788,370775.0,-0.3331,8971.5,2622523.0,1.0,88.2298
2011-03-31,2.67,,,-0.549,9.0,94.0788,370775.0,-0.3331,8971.5,2622523.0,0.99,88.0299
2011-04-01,2.66,,,-0.56,9.1,93.7749,372820.0,-0.3502,9035.1,2622523.0,0.94,87.7993
2011-04-04,2.68,,,-0.56,9.1,93.7749,372820.0,-0.3502,9035.1,2622523.0,0.91,87.8406
2011-04-05,2.66,,,-0.56,9.1,93.7749,372820.0,-0.3502,9035.1,2622523.0,0.94,87.7483
2011-04-06,2.71,,,-0.56,9.1,93.7749,372820.0,-0.3502,9035.1,2648676.0,0.99,87.4913
2011-04-07,2.77,,,-0.56,9.1,93.7749,372820.0,-0.3502,9035.1,2648676.0,0.99,87.532
2011-04-08,2.76,,,-0.574,9.1,93.7749,372820.0,-0.4246,9035.1,2648676.0,0.95,87.1493
2011-04-11,2.74,,,-0.574,9.1,93.7749,372820.0,-0.4246,9035.1,2648676.0,0.96,87.094
2011-04-12,2.75,,,-0.574,9.1,93.7749,372820.0,-0.4246,9035.1,2648676.0,0.9,87.2943
2011-04-13,2.74,,,-0.574,9.1,93.7749,372820.0,-0.4246,9035.1,2665408.0,0.88,87.2093
2011-04-14,2.74,,,-0.574,9.1,93.7749,372820.0,-0.4246,9035.1,2665408.0,0.89,87.0802
2011-04-15,2.72,,,-0.587,9.1,93.7749,372820.0,-0.3863,9035.1,2665408.0,0.82,87.005
2011-04-18,2.71,,,-0.587,9.1,93.7749,372820.0,-0.3863,9035.1,2665408.0,0.8,87.5081
2011-04-19,2.71,,,-0.587,9.1,93.7749,372820.0,-0.3863,9035.1,2665408.0,0.76,87.0791
2011-04-20,2.74,,,-0.587,9.1,93.7749,372820.0,-0.3863,9035.1,2685782.0,0.82,86.5642
2011-04-21,2.74,,,-0.587,9.1,93.7749,372820.0,-0.3863,9035.1,2685782.0,0.83,86.2256
2011-04-22,2.74,,,-0.597,9.1,93.7749,372820.0,-0.4074,9035.1,2685782.0,0.83,86.3742
2011-04-25,2.72,,,-0.597,9.1,93.7749,372820.0,-0.4074,9035.1,2685782.0,0.79,86.4026
2011-04-26,2.69,,,-0.597,9.1,93.7749,372820.0,-0.4074,9035.1,2685782.0,0.76,86.2576
2011-04-27,2.74,,,-0.597,9.1,93.7749,372820.0,-0.4074,9035.1,2690985.0,0.81,86.2519
2011-04-28,2.72,,,-0.597,9.1,93.7749,372820.0,-0.4074,9035.1,2690985.0,0.78,85.8419
2011-04-29,2.71,,,-0.6,9.1,93.7749,372820.0,-0.5238,9035.1,2690985.0,0.75,85.5999
2011-05-01,2.71,,,-0.6,9.0,93.888,372505.0,-0.5238,9107.8,2690985.0,0.75,85.5999
2011-05-02,2.7,,,-0.6,9.0,93.888,372505.0,-0.5238,9107.8,2690985.0,0.75,85.5199
2011-05-03,2.67,,,-0.6,9.0,93.888,372505.0,-0.5238,9107.8,2690985.0,0.73,85.6352
2011-05-04,2.65,,,-0.6,9.0,93.888,372505.0,-0.5238,9107.8,2718757.0,0.7,85.8917
2011-05-05,2.6,,,-0.6,9.0,93.888,372505.0,-0.5238,9107.8,2718757.0,0.7,86.508
2011-05-06,2.62,,,-0.597,9.0,93.888,372505.0,-0.34,9107.8,2718757.0,0.71,86.4575
2011-05-09,2.6,,,-0.597,9.0,93.888,372505.0,-0.34,9107.8,2718757.0,0.69,86.8346
2011-05-10,2.64,,,-0.597,9.0,93.888,372505.0,-0.34,9107.8,2718757.0,0.74,86.6518
2011-05-11,2.63,,,-0.597,9.0,93.888,372505.0,-0.34,9107.8,2744498.0,0.76,86.7195
2011-05-12,2.65,,,-0.597,9.0,93.888,372505.0,-0.34,9107.8,2744498.0,0.79,87.0767
2011-05-13,2.61,,,-0.588,9.0,93.888,372505.0,-0.3584,9107.8,2744498.0,0.79,87.4176
2011-05-16,2.61,,,-0.588,9.0,93.888,372505.0,-0.3584,9107.8,2744498.0,0.81,87.3311
2011-05-17,2.57,,,-0.588,9.0,93.888,372505.0,-0.3584,9107.8,2744498.0,0.82,87.6307
2011-05-18,2.6,,,-0.588,9.0,93.888,372505.0,-0.3584,9107.8,2758009.0,0.82,87.295
2011-05-19,2.62,,,-0.588,9.0,93.888,372505.0,-0.3584,9107.8,2758009.0,0.91,87.2638
2011-05-20,2.6,,,-0.576,9.0,93.888,372505.0,-0.3202,9107.8,2758009.0,0.85,87.3044
2011-05-23,2.58,,,-0.576,9.0,93.888,372505.0,-0.3202,9107.8,2758009.0,0.84,87.8941
2011-05-24,2.56,,,-0.576,9.0,93.888,372505.0,-0.3202,9107.8,2758009.0,0.79,87.662
2011-05-25,2.59,,,-0.576,9.0,93.888,372505.0,-0.3202,9107.8,2774996.0,0.8,87.6136
2011-05-26,2.59,,,-0.576,9.0,93.888,372505.0,-0.3202,9107.8,2774996.0,0.76,87.5588
2011-05-27,2.59,,,-0.562,9.0,93.888,372505.0,-0.2832,9107.8,2774996.0,0.79,86.9525
2011-05-30,2.59,,,-0.562,9.0,93.888,372505.0,-0.2832,9107.8,2774996.0,0.79,86.9525
2011-05-31,2.6,,,-0.562,9.0,93.888,372505.0,-0.2832,9107.8,2774996.0,0.8,86.656
2011-06-01,2.52,,,-0.562,9.1,94.172,375587.0,-0.2832,9182.1,2788723.0,0.74,86.5964
2011-06-02,2.59,,,-0.562,9.1,94.172,375587.0,-0.2832,9182.1,2788723.0,0.78,86.8435
2011-06-03,2.57,,,-0.548,9.1,94.172,375587.0,-0.2102,9182.1,2788723.0,0.75,86.4234
2011-06-06,2.58,,,-0.548,9.1,94.172,375587.0,-0.2102,9182.1,2788723.0,0.76,86.4669
2011-06-07,2.62,,,-0.548,9.1,94.172,375587.0,-0.2102,9182.1,2788723.0,0.76,86.3627
2011-06-08,2.59,,,-0.548,9.1,94.172,375587.0,-0.2102,9182.1,2811206.0,0.76,86.5714
2011-06-09,2.58,,,-0.548,9.1,94.172,375587.0,-0.2102,9182.1,2811206.0,0.8,86.5913
2011-06-10,2.58,,,-0.536,9.1,94.172,375587.0,-0.1441,9182.1,2811206.0,0.79,87.042
2011-06-13,2.6,,,-0.536,9.1,94.172,375587.0,-0.1441,9182.1,2811206.0,0.8,87.0579
2011-06-14,2.66,,,-0.536,9.1,94.172,375587.0,-0.1441,9182.1,2811206.0,0.83,86.6771
2011-06-15,2.6,,,-0.536,9.1,94.172,375587.0,-0.1441,9182.1,2827549.0,0.74,87.3342
2011-06-16,2.55,,,-0.536,9.1,94.172,375587.0,-0.1441,9182.1,2827549.0,0.73,87.6917
2011-06-17,2.56,,,-0.527,9.1,94.172,375587.0,-0.1355,9182.1,2827549.0,0.75,87.2179
2011-06-20,2.59,,,-0.527,9.1,94.172,375587.0,-0.1355,9182.1,2827549.0,0.79,87.1908
2011-06-21,2.59,,,-0.527,9.1,94.172,375587.0,-0.1355,9182.1,2827549.0,0.78,86.857
2011-06-22,2.62,,,-0.527,9.1,94.172,375587.0,-0.1355,9182.1,2856403.0,0.82,86.8067
2011-06-23,2.58,,,-0.527,9.1,94.172,375587.0,-0.1355,9182.1,2856403.0,0.71,87.455
2011-06-24,2.53,,,-0.52,9.1,94.172,375587.0,-0.1206,9182.1,2856403.0,0.64,87.5014
2011-06-27,2.54,,,-0.52,9.1,94.172,375587.0,-0.1206,9182.1,2856403.0,0.67,87.5225
2011-06-28,2.57,,,-0.52,9.1,94.172,375587.0,-0.1206,9182.1,2856403.0,0.73,87.2178
2011-06-29,2.67,,,-0.52,9.1,94.172,375587.0,-0.1206,9182.1,2865251.0,0.74,86.8014
2011-06-30,2.73,,,-0.52,9.1,94.172,375587.0,-0.1206,9182.1,2865251.0,0.75,86.4786
2011-07-01,2.72,,,-0.513,9.0,94.636,375442.0,-0.3976,9344.2,2865251.0,0.77,86.3613
2011-07-04,2.72,,,-0.513,9.0,94.636,375442.0,-0.3976,9344.2,2865251.0,0.77,86.3613
2011-07-05,2.72,,,-0.513,9.0,94.636,375442.0,-0.3976,9344.2,2865251.0,0.77,86.4253
2011-07-06,2.69,,,-0.513,9.0,94.636,375442.0,-0.3976,9344.2,2870103.0,0.74,86.6825
2011-07-07,2.68,,,-0.513,9.0,94.636,375442.0,-0.3976,9344.2,2870103.0,0.75,86.4825
2011-07-08,2.63,,,-0.501,9.0,94.636,375442.0,-0.3626,9344.2,2870103.0,0.69,86.615
2011-07-11,2.57,,,-0.501,9.0,94.636,375442.0,-0.3626,9344.2,2870103.0,0.63,87.1013
2011-07-12,2.55,,,-0.501,9.0,94.636,375442.0,-0.3626,9344.2,2870103.0,0.6,87.1701
2011-07-13,2.55,,,-0.501,9.0,94.636,375442.0,-0.3626,9344.2,2878074.0,0.59,86.5697
2011-07-14,2.6,,,-0.501,9.0,94.636,375442.0,-0.3626,9344.2,2878074.0,0.68,86.5234
2011-07-15,2.57,,,-0.478,9.0,94.636,375442.0,-0.018,9344.2,2878074.0,0.61,86.5169
2011-07-18,2.57,,,-0.478,9.0,94.636,375442.0,-0.018,9344.2,2878074.0,0.58,86.9549
2011-07-19,2.52,,,-0.478,9.0,94.636,375442.0,-0.018,9344.2,2878074.0,0.54,86.4386
2011-07-20,2.56,,,-0.478,9.0,94.636,375442.0,-0.018,9344.2,2871301.0,0.62,86.2794
2011-07-21,2.63,,,-0.478,9.0,94.636,375442.0,-0.018,9344.2,2871301.0,0.68,85.8378
2011-07-22,2.59,,,-0.443,9.0,94.636,375442.0,-0.2945,9344.2,2871301.0,0.61,85.8623
2011-07-25,2.61,,,-0.443,9.0,94.636,375442.0,-0.2945,9344.2,2871301.0,0.58,85.8006
2011-07-26,2.58,,,-0.443,9.0,94.636,375442.0,-0.2945,9344.2,2871301.0,0.57,85.4692
2011-07-27,2.57,,,-0.443,9.0,94.636,375442.0,-0.2945,9344.2,2863576.0,0.56,85.7126
2011-07-28,2.56,,,-0.443,9.0,94.636,375442.0,-0.2945,9344.2,2863576.0,0.52,85.8245
2011-07-29,2.46,,,-0.394,9.0,94.636,375442.0,-0.2708,9344.2,2863576.0,0.38,85.7282
2011-08-01,2.39,,,-0.394,9.0,95.2749,375860.0,-0.2708,9531.0,2863576.0,0.33,86.0391
2011-08-02,2.33,,,-0.394,9.0,95.2749,375860.0,-0.2708,9531.0,2863576.0,0.29,86.0533
2011-08-03,2.31,,,-0.394,9.0,95.2749,375860.0,-0.2708,9531.0,2867215.0,0.36,86.0706
2011-08-04,2.2,,,-0.394,9.0,95.2749,375860.0,-0.2708,9531.0,2867215.0,0.24,86.9299
2011-08-05,2.3,,,-0.33,9.0,95.2749,375860.0,0.3412,9531.0,2867215.0,0.32,87.1084
2011-08-08,2.13,,,-0.33,9.0,95.2749,375860.0,0.3412,9531.0,2867215.0,0.2,87.1873
2011-08-09,2.01,,,-0.33,9.0,95.2749,375860.0,0.3412,9531.0,2867215.0,0.0,87.3919
2011-08-10,1.98,,,-0.33,9.0,95.2749,375860.0,0.3412,9531.0,2872423.0,-0.13,87.3792
2011-08-11,2.15,,,-0.33,9.0,95.2749,375860.0,0.3412,9531.0,2872423.0,0.06,87.3215
2011-08-12,2.04,,,-0.259,9.0,95.2749,375860.0,1.3192,9531.0,2872423.0,-0.02,87.177
2011-08-15,2.1,,,-0.259,9.0,95.2749,375860.0,1.3192,9531.0,2872423.0,0.06,86.7515
2011-08-16,2.03,,,-0.259,9.0,95.2749,375860.0,1.3192,9531.0,2872423.0,0.05,86.7115
2011-08-17,1.98,,,-0.259,9.0,95.2749,375860.0,1.3192,9531.0,2857906.0,0.01,86.5518
2011-08-18,1.88,,,-0.259,9.0,95.2749,375860.0,1.3192,9531.0,2857906.0,0.09,87.1271
2011-08-19,1.87,,,-0.195,9.0,95.2749,375860.0,0.5293,9531.0,2857906.0,0.02,86.8286
2011-08-22,1.88,,,-0.195,9.0,95.2749,375860.0,0.5293,9531.0,2857906.0,0.03,87.0753
2011-08-23,1.93,,,-0.195,9.0,95.2749,375860.0,0.5293,9531.0,2857906.0,0.13,86.9001
2011-08-24,2.06,,,-0.195,9.0,95.2749,375860.0,0.5293,9531.0,2859433.0,0.25,87.1316
2011-08-25,2.01,,,-0.195,9.0,95.2749,375860.0,0.5293,9531.0,2859433.0,0.13,87.2306
2011-08-26,1.99,,,-0.137,9.0,95.2749,375860.0,0.8689,9531.0,2859433.0,0.15,87.0751
2011-08-29,2.08,,,-0.137,9.0,95.2749,375860.0,0.8689,9531.0,2859433.0,0.22,86.8433
2011-08-30,1.99,,,-0.137,9.0,95.2749,375860.0,0.8689,9531.0,2859433.0,0.14,87.001
2011-08-31,2.03,,,-0.137,9.0,95.2749,375860.0,0.8689,9531.0,2853888.0,0.18,86.7739
2011-09-01,1.96,,,-0.137,9.0,95.1961,380042.0,0.8689,9551.5,2853888.0,0.07,86.8512
2011-09-02,1.82,,,-0.094,9.0,95.1961,380042.0,0.5126,9551.5,2853888.0,0.0,87.1797
2011-09-05,1.82,,,-0.094,9.0,95.1961,380042.0,0.5126,9551.5,2853888.0,0.0,87.1797
2011-09-06,1.77,,,-0.094,9.0,95.1961,380042.0,0.5126,9551.5,2853888.0,0.05,88.1645
2011-09-07,1.84,,,-0.094,9.0,95.1961,380042.0,0.5126,9551.5,2858660.0,0.09,87.9699
2011-09-08,1.81,,,-0.094,9.0,95.1961,380042.0,0.5126,9551.5,2858660.0,0.0,88.1162
2011-09-09,1.76,,,-0.062,9.0,95.1961,380042.0,0.9081,9551.5,2858660.0,-0.03,88.9514
2011-09-12,1.73,,,-0.062,9.0,95.1961,380042.0,0.9081,9551.5,2858660.0,0.0,89.2192
2011-09-13,1.79,,,-0.062,9.0,95.1961,380042.0,0.9081,9551.5,2858660.0,0.07,89.2653
2011-09-14,1.84,,,-0.062,9.0,95.1961,380042.0,0.9081,9551.5,2863540.0,0.12,89.419
2011-09-15,1.88,,,-0.062,9.0,95.1961,380042.0,0.9081,9551.5,2863540.0,0.13,89.0647
2011-09-16,1.9,,,-0.044,9.0,95.1961,380042.0,0.7721,9551.5,2863540.0,0.13,89.1108
2011-09-19,1.81,,,-0.044,9.0,95.1961,380042.0,0.7721,9551.5,2863540.0,0.09,89.9336
2011-09-20,1.77,,,-0.044,9.0,95.1961,380042.0,0.7721,9551.5,2863540.0,0.04,89.8777
2011-09-21,1.67,,,-0.044,9.0,95.1961,380042.0,0.7721,9551.5,2857747.0,0.02,90.3453
2011-09-22,1.52,,,-0.044,9.0,95.1961,380042.0,0.7721,9551.5,2857747.0,0.01,92.075
2011-09-23,1.61,,,-0.036,9.0,95.1961,380042.0,1.1047,9551.5,2857747.0,0.1,91.6904
2011-09-26,1.66,,,-0.036,9.0,95.1961,380042.0,1.1047,9551.5,2857747.0,0.12,91.7724
2011-09-27,1.75,,,-0.036,9.0,95.1961,380042.0,1.1047,9551.5,2857747.0,0.12,90.8985
2011-09-28,1.76,,,-0.036,9.0,95.1961,380042.0,1.1047,9551.5,2850921.0,0.16,91.0227
2011-09-29,1.72,,,-0.036,9.0,95.1961,380042.0,1.1047,9551.5,2850921.0,0.17,91.3033
2011-09-30,1.67,,,-0.038,9.0,95.1961,380042.0,1.1445,9551.5,2850921.0,0.17,91.9998
2011-10-01,1.67,,,-0.038,8.8,95.8568,382207.0,1.1445,9584.4,2850921.0,0.17,91.9998
2011-10-03,1.56,,,-0.038,8.8,95.8568,382207.0,1.1445,9584.4,2850921.0,0.07,92.5128
2011-10-04,1.56,,,-0.038,8.8,95.8568,382207.0,1.1445,9584.4,2850921.0,0.05,92.9508
2011-10-05,1.67,,,-0.038,8.8,95.8568,382207.0,1.1445,9584.4,2859701.0,0.12,92.3008
2011-10-06,1.72,,,-0.038,8.8,95.8568,382207.0,1.1445,9584.4,2859701.0,0.13,91.9661
2011-10-07,1.8,,,-0.05,8.8,95.8568,382207.0,1.3801,9584.4,2859701.0,0.16,91.2469
2011-10-10,1.8,,,-0.05,8.8,95.8568,382207.0,1.3801,9584.4,2859701.0,0.16,91.2469
2011-10-11,1.86,,,-0.05,8.8,95.8568,382207.0,1.3801,9584.4,2859701.0,0.23,90.9162
2011-10-12,1.95,,,-0.05,8.8,95.8568,382207.0,1.3801,9584.4,2860822.0,0.26,90.3378
2011-10-13,1.9,,,-0.05,8.8,95.8568,382207.0,1.3801,9584.4,2860822.0,0.27,90.6603
2011-10-14,1.98,,,-0.072,8.8,95.8568,382207.0,0.4714,9584.4,2860822.0,0.28,90.2116
2011-10-17,1.9,,,-0.072,8.8,95.8568,382207.0,0.4714,9584.4,2860822.0,0.24,90.266
2011-10-18,1.91,,,-0.072,8.8,95.8568,382207.0,0.4714,9584.4,2860822.0,0.22,90.5907
2011-10-19,1.9,,,-0.072,8.8,95.8568,382207.0,0.4714,9584.4,2852390.0,0.23,90.3317
2011-10-20,1.92,,,-0.072,8.8,95.8568,382207.0,0.4714,9584.4,2852390.0,0.22,91.1026
2011-10-21,1.93,,,-0.09,8.8,95.8568,382207.0,0.6687,9584.4,2852390.0,0.23,90.279
2011-10-24,1.95,,,-0.09,8.8,95.8568,382207.0,0.6687,9584.4,2852390.0,0.23,89.8558
2011-10-25,1.88,,,-0.09,8.8,95.8568,382207.0,0.6687,9584.4,2852390.0,0.12,89.9525
2011-10-26,1.95,,,-0.09,8.8,95.8568,382207.0,0.6687,9584.4,2845685.0,0.15,90.0836
2011-10-27,2.11,,,-0.09,8.8,95.8568,382207.0,0.6687,9584.4,2845685.0,0.24,88.7882
2011-10-28,2.06,,,-0.104,8.8,95.8568,382207.0,0.3097,9584.4,2845685.0,0.19,88.6382
2011-10-31,1.92,,,-0.104,8.8,95.8568,382207.0,0.3097,9584.4,2845685.0,0.08,89.2053
2011-11-01,1.78,,,-0.104,8.6,95.8485,383422.0,0.3097,9636.5,2845685.0,-0.04,90.7296
2011-11-02,1.8,,,-0.104,8.6,95.8485,383422.0,0.3097,9636.5,2822034.0,-0.07,90.244
2011-11-03,1.85,,,-0.104,8.6,95.8485,383422.0,0.3097,9636.5,2822034.0,0.0,90.2961
2011-11-04,1.84,,,-0.105,8.6,95.8485,383422.0,0.8601,9636.5,2822034.0,-0.06,90.3154
2011-11-07,1.79,,,-0.105,8.6,95.8485,383422.0,0.8601,9636.5,2822034.0,-0.1,90.3832
2011-11-08,1.85,,,-0.105,8.6,95.8485,383422.0,0.8601,9636.5,2822034.0,-0.03,90.172
2011-11-09,1.76,,,-0.105,8.6,95.8485,383422.0,0.8601,9636.5,2839786.0,-0.04,90.6991
2011-11-10,1.8,,,-0.105,8.6,95.8485,383422.0,0.8601,9636.5,2839786.0,-0.04,90.8588
2011-11-11,1.8,,,-0.098,8.6,95.8485,383422.0,0.7845,9636.5,2839786.0,-0.04,90.8588
2011-11-14,1.8,,,-0.098,8.6,95.8485,383422.0,0.7845,9636.5,2839786.0,-0.01,90.7215
2011-11-15,1.8,,,-0.098,8.6,95.8485,383422.0,0.7845,9636.5,2839786.0,0.04,91.1081
2011-11-16,1.75,,,-0.098,8.6,95.8485,383422.0,0.7845,9636.5,2831576.0,0.05,91.1237
2011-11-17,1.69,,,-0.098,8.6,95.8485,383422.0,0.7845,9636.5,2831576.0,0.06,91.1822
2011-11-18,1.72,,,-0.086,8.6,95.8485,383422.0,1.0275,9636.5,2831576.0,0.05,91.3676
2011-11-21,1.7,,,-0.086,8.6,95.8485,383422.0,1.0275,9636.5,2831576.0,0.07,91.9978
2011-11-22,1.68,,,-0.086,8.6,95.8485,383422.0,1.0275,9636.5,2831576.0,0.05,92.0193
2011-11-23,1.63,,,-0.086,8.6,95.8485,383422.0,1.0275,9636.5,2821980.0,-0.01,92.7463
2011-11-24,1.63,,,-0.086,8.6,95.8485,383422.0,1.0275,9636.5,2821980.0,-0.01,92.7463
2011-11-25,1.69,,,-0.073,8.6,95.8485,383422.0,1.2376,9636.5,2821980.0,0.05,93.1455
2011-11-28,1.71,,,-0.073,8.6,95.8485,383422.0,1.2376,9636.5,2821980.0,0.02,92.4983
2011-11-29,1.73,,,-0.073,8.6,95.8485,383422.0,1.2376,9636.5,2821980.0,0.01,92.2163
2011-11-30,1.83,,,-0.073,8.6,95.8485,383422.0,1.2376,9636.5,2814235.0,0.03,91.4728
2011-12-01,1.84,,,-0.073,8.5,96.3571,383985.0,1.2376,9683.9,2814235.0,0.06,91.227
2011-12-02,1.8,,,-0.071,8.5,96.3571,383985.0,0.682,9683.9,2814235.0,0.0,91.3532
2011-12-05,1.77,,,-0.071,8.5,96.3571,383985.0,0.682,9683.9,2814235.0,-0.01,91.1087
2011-12-06,1.83,,,-0.071,8.5,96.3571,383985.0,0.682,9683.9,2814235.0,0.01,91.2817
2011-12-07,1.78,,,-0.071,8.5,96.3571,383985.0,0.682,9683.9,2820691.0,-0.01,91.2331
2011-12-08,1.77,,,-0.071,8.5,96.3571,383985.0,0.682,9683.9,2820691.0,0.01,91.668
2011-12-09,1.85,,,-0.077,8.5,96.3571,383985.0,0.6299,9683.9,2820691.0,0.05,91.6122
2011-12-12,1.79,,,-0.077,8.5,96.3571,383985.0,0.6299,9683.9,2820691.0,-0.01,92.3375
2011-12-13,1.72,,,-0.077,8.5,96.3571,383985.0,0.6299,9683.9,2820691.0,-0.05,92.5456
2011-12-14,1.67,,,-0.077,8.5,96.3571,383985.0,0.6299,9683.9,2902488.0,-0.04,93.2176
2011-12-15,1.66,,,-0.077,8.5,96.3571,383985.0,0.6299,9683.9,2902488.0,-0.01,92.8858
2011-12-16,1.62,,,-0.091,8.5,96.3571,383985.0,0.8974,9683.9,2902488.0,-0.05,92.8252
2011-12-19,1.58,,,-0.091,8.5,96.3571,383985.0,0.8974,9683.9,2902488.0,-0.12,92.8685
2011-12-20,1.68,,,-0.091,8.5,96.3571,383985.0,0.8974,9683.9,2902488.0,-0.1,92.432
2011-12-21,1.7,,,-0.091,8.5,96.3571,383985.0,0.8974,9683.9,2916085.0,-0.07,92.5262
2011-12-22,1.69,,,-0.091,8.5,96.3571,383985.0,0.8974,9683.9,2916085.0,-0.07,92.3883
2011-12-23,1.75,,,-0.115,8.5,96.3571,383985.0,0.6487,9683.9,2916085.0,-0.04,92.3897
2011-12-26,1.75,,,-0.115,8.5,96.3571,383985.0,0.6487,9683.9,2916085.0,-0.04,92.3897
2011-12-27,1.72,,,-0.115,8.5,96.3571,383985.0,0.6487,9683.9,2916085.0,-0.02,92.4137
2011-12-28,1.65,,,-0.115,8.5,96.3571,383985.0,0.6487,9683.9,2926095.0,-0.07,92.8374
2011-12-29,1.63,,,-0.115,8.5,96.3571,383985.0,0.6487,9683.9,2926095.0,-0.05,92.7398
2011-12-30,1.64,,,-0.149,8.5,96.3571,383985.0,0.654,9683.9,2926095.0,-0.07,92.4262
2012-01-01,1.64,,,-0.149,8.3,96.9318,387531.0,0.654,9757.6,2926095.0,-0.07,92.4262
2012-01-02,1.64,,,-0.149,8.3,96.9318,387531.0,0.654,9757.6,2926095.0,-0.07,92.4262
2012-01-03,1.7,,,-0.149,8.3,96.9318,387531.0,0.654,9757.6,2926095.0,-0.04,91.7551
2012-01-04,1.75,,,-0.149,8.3,96.9318,387531.0,0.654,9757.6,2917689.0,-0.08,92.0345
2012-01-05,1.75,,,-0.149,8.3,96.9318,387531.0,0.654,9757.6,2917689.0,-0.1,92.5773
2012-01-06,1.73,,,-0.191,8.3,96.9318,387531.0,0.5366,9757.6,2917689.0,-0.11,92.7183
2012-01-09,1.72,,,-0.191,8.3,96.9318,387531.0,0.5366,9757.6,2917689.0,-0.13,92.7418
2012-01-10,1.76,,,-0.191,8.3,96.9318,387531.0,0.5366,9757.6,2917689.0,-0.08,92.2461
2012-01-11,1.69,,,-0.191,8.3,96.9318,387531.0,0.5366,9757.6,2899149.0,-0.1,92.554
2012-01-12,1.72,,,-0.191,8.3,96.9318,387531.0,0.5366,9757.6,2899149.0,-0.1,92.2274
2012-01-13,1.65,,,-0.237,8.3,96.9318,387531.0,0.5642,9757.6,2899149.0,-0.14,92.5385
2012-01-16,1.65,,,-0.237,8.3,96.9318,387531.0,0.5642,9757.6,2899149.0,-0.14,92.5385
2012-01-17,1.66,,,-0.237,8.3,96.9318,387531.0,0.5642,9757.6,2899149.0,-0.17,92.0142
2012-01-18,1.68,,,-0.237,8.3,96.9318,387531.0,0.5642,9757.6,2919423.0,-0.15,91.6943
2012-01-19,1.75,,,-0.237,8.3,96.9318,387531.0,0.5642,9757.6,2919423.0,0.0,91.3316
2012-01-20,1.79,,,-0.283,8.3,96.9318,387531.0,0.4275,9757.6,2919423.0,0.01,91.3661
2012-01-23,1.83,,,-0.283,8.3,96.9318,387531.0,0.4275,9757.6,2919423.0,0.02,90.986
2012-01-24,1.84,,,-0.283,8.3,96.9318,387531.0,0.4275,9757.6,2919423.0,-0.01,91.181
2012-01-25,1.79,,,-0.283,8.3,96.9318,387531.0,0.4275,9757.6,2919545.0,-0.12,91.277
2012-01-26,1.74,,,-0.283,8.3,96.9318,387531.0,0.4275,9757.6,2919545.0,-0.16,90.3962
2012-01-27,1.71,,,-0.325,8.3,96.9318,387531.0,0.3183,9757.6,2919545.0,-0.18,90.2559
2012-01-30,1.65,,,-0.325,8.3,96.9318,387531.0,0.3183,9757.6,2919545.0,-0.24,90.4762
2012-01-31,1.61,,,-0.325,8.3,96.9318,387531.0,0.3183,9757.6,2919545.0,-0.28,90.5538
2012-02-01,1.64,,,-0.325,8.3,97.2435,392310.0,0.3183,9809.8,2924947.0,-0.28,90.0963
2012-02-02,1.63,,,-0.325,8.3,97.2435,392310.0,0.3183,9809.8,2924947.0,-0.3,89.8765
2012-02-03,1.74,,,-0.357,8.3,97.2435,392310.0,0.2882,9809.8,2924947.0,-0.21,89.8491
2012-02-06,1.69,,,-0.357,8.3,97.2435,392310.0,0.2882,9809.8,2924947.0,-0.26,89.7907
2012-02-07,1.75,,,-0.357,8.3,97.2435,392310.0,0.2882,9809.8,2924947.0,-0.21,89.5968
2012-02-08,1.74,,,-0.357,8.3,97.2435,392310.0,0.2882,9809.8,2928275.0,-0.21,89.6555
2012-02-09,1.77,,,-0.357,8.3,97.2435,392310.0,0.2882,9809.8,2928275.0,-0.17,89.6246
2012-02-10,1.69,,,-0.381,8.3,97.2435,392310.0,0.0912,9809.8,2928275.0,-0.24,90.1024
2012-02-13,1.7,,,-0.381,8.3,97.2435,392310.0,0.0912,9809.8,2928275.0,-0.22,89.8895
2012-02-14,1.63,,,-0.381,8.3,97.2435,392310.0,0.0912,9809.8,2928275.0,-0.27,90.1919
2012-02-15,1.64,,,-0.381,8.3,97.2435,392310.0,0.0912,9809.8,2937893.0,-0.26,90.1932
2012-02-16,1.7,,,-0.381,8.3,97.2435,392310.0,0.0912,9809.8,2937893.0,-0.24,90.3109
2012-02-17,1.72,,,-0.397,8.3,97.2435,392310.0,0.1972,9809.8,2937893.0,-0.23,90.23
2012-02-20,1.72,,,-0.397,8.3,97.2435,392310.0,0.1972,9809.8,2937893.0,-0.23,90.23
2012-02-21,1.74,,,-0.397,8.3,97.2435,392310.0,0.1972,9809.8,2937893.0,-0.22,90.0117
2012-02-22,1.72,,,-0.397,8.3,97.2435,392310.0,0.1972,9809.8,2932813.0,-0.27,90.2472
2012-02-23,1.68,,,-0.397,8.3,97.2435,392310.0,0.1972,9809.8,2932813.0,-0.3,90.1108
2012-02-24,1.67,,,-0.409,8.3,97.2435,392310.0,0.0621,9809.8,2932813.0,-0.29,89.9104
2012-02-27,1.62,,,-0.409,8.3,97.2435,392310.0,0.0621,9809.8,2932813.0,-0.32,89.9635
2012-02-28,1.64,,,-0.409,8.3,97.2435,392310.0,0.0621,9809.8,2932813.0,-0.31,89.8103
2012-02-29,1.68,,,-0.409,8.3,97.2435,392310.0,0.0621,9809.8,2925722.0,-0.28,89.7487
2012-03-01,1.73,,,-0.409,8.2,96.74,393698.0,0.0621,9853.9,2925722.0,-0.23,89.7817
2012-03-02,1.71,,,-0.42,8.2,96.74,393698.0,0.0425,9853.9,2925722.0,-0.24,90.135
2012-03-05,1.69,,,-0.42,8.2,96.74,393698.0,0.0425,9853.9,2925722.0,-0.2,90.2748
2012-03-06,1.66,,,-0.42,8.2,96.74,393698.0,0.0425,9853.9,2925722.0,-0.21,90.8237
2012-03-07,1.68,,,-0.42,8.2,96.74,393698.0,0.0425,9853.9,2884747.0,-0.22,90.6837
2012-03-08,1.71,,,-0.42,8.2,96.74,393698.0,0.0425,9853.9,2884747.0,-0.21,90.2598
2012-03-09,1.71,,,-0.428,8.2,96.74,393698.0,0.1644,9853.9,2884747.0,-0.24,90.4341
2012-03-12,1.71,,,-0.428,8.2,96.74,393698.0,0.1644,9853.9,2884747.0,-0.24,90.6643
2012-03-13,1.79,,,-0.428,8.2,96.74,393698.0,0.1644,9853.9,2884747.0,-0.2,90.5363
2012-03-14,1.89,,,-0.428,8.2,96.74,393698.0,0.1644,9853.9,2893560.0,-0.07,90.9325
2012-03-15,1.92,,,-0.428,8.2,96.74,393698.0,0.1644,9853.9,2893560.0,-0.08,90.7866
2012-03-16,1.94,,,-0.435,8.2,96.74,393698.0,-0.2059,9853.9,2893560.0,-0.09,90.5245
2012-03-19,2.0,,,-0.435,8.2,96.74,393698.0,-0.2059,9853.9,2893560.0,-0.03,90.292
2012-03-20,1.97,,,-0.435,8.2,96.74,393698.0,-0.2059,9853.9,2893560.0,-0.04,90.6065
2012-03-21,1.92,,,-0.435,8.2,96.74,393698.0,-0.2059,9853.9,2892646.0,-0.08,90.6761
2012-03-22,1.92,,,-0.435,8.2,96.74,393698.0,-0.2059,9853.9,2892646.0,-0.08,90.8225
2012-03-23,1.88,,,-0.438,8.2,96.74,393698.0,-0.0814,9853.9,2892646.0,-0.11,90.6156
2012-03-26,1.9,,,-0.438,8.2,96.74,393698.0,-0.0814,9853.9,2892646.0,-0.08,90.3266
2012-03-27,1.87,,,-0.438,8.2,96.74,393698.0,-0.0814,9853.9,2892646.0,-0.13,90.2796
2012-03-28,1.87,,,-0.438,8.2,96.74,393698.0,-0.0814,9853.9,2878137.0,-0.11,90.603
2012-03-29,1.85,,,-0.438,8.2,96.74,393698.0,-0.0814,9853.9,2878137.0,-0.13,90.7285
2012-03-30,1.9,,,-0.436,8.2,96.74,393698.0,0.0182,9853.9,2878137.0,-0.09,90.4593
2012-04-01,1.9,,,-0.436,8.2,97.4359,392073.0,0.0182,9907.7,2878137.0,-0.09,90.4593
2012-04-02,1.89,,,-0.436,8.2,97.4359,392073.0,0.0182,9907.7,2878137.0,-0.14,90.247
2012-04-03,1.94,,,-0.436,8.2,97.4359,392073.0,0.0182,9907.7,2878137.0,-0.06,90.1921
2012-04-04,1.9,,,-0.436,8.2,97.4359,392073.0,0.0182,9907.7,2865478.0,-0.05,90.8284
2012-04-05,1.84,,,-0.436,8.2,97.4359,392073.0,0.0182,9907.7,2865478.0,-0.08,90.8781
2012-04-06,1.75,,,-0.429,8.2,97.4359,392073.0,0.0632,9907.7,2865478.0,-0.16,90.9375
2012-04-09,1.74,,,-0.429,8.2,97.4359,392073.0,0.0632,9907.7,2865478.0,-0.17,90.9624
2012-04-10,1.73,,,-0.429,8.2,97.4359,392073.0,0.0632,9907.7,2865478.0,-0.24,91.2728
2012-04-11,1.75,,,-0.429,8.2,97.4359,392073.0,0.0632,9907.7,2867200.0,-0.25,91.1768
2012-04-12,1.79,,,-0.429,8.2,97.4359,392073.0,0.0632,9907.7,2867200.0,-0.22,90.7694
2012-04-13,1.75,,,-0.416,8.2,97.4359,392073.0,0.2789,9907.7,2867200.0,-0.25,91.0558
2012-04-16,1.73,,,-0.416,8.2,97.4359,392073.0,0.2789,9907.7,2867200.0,-0.26,91.2355
2012-04-17,1.76,,,-0.416,8.2,97.4359,392073.0,0.2789,9907.7,2867200.0,-0.26,90.7661
2012-04-18,1.73,,,-0.416,8.2,97.4359,392073.0,0.2789,9907.7,2875470.0,-0.26,90.9326
2012-04-19,1.71,,,-0.416,8.2,97.4359,392073.0,0.2789,9907.7,2875470.0,-0.21,91.0833
2012-04-20,1.7,,,-0.4,8.2,97.4359,392073.0,0.0336,9907.7,2875470.0,-0.24,90.8066
2012-04-23,1.69,,,-0.4,8.2,97.4359,392073.0,0.0336,9907.7,2875470.0,-0.26,91.079
2012-04-24,1.73,,,-0.4,8.2,97.4359,392073.0,0.0336,9907.7,2875470.0,-0.25,90.8153
2012-04-25,1.75,,,-0.4,8.2,97.4359,392073.0,0.0336,9907.7,2866561.0,-0.24,90.756
2012-04-26,1.72,,,-0.4,8.2,97.4359,392073.0,0.0336,9907.7,2866561.0,-0.29,90.6428
2012-04-27,1.7,,,-0.379,8.2,97.4359,392073.0,-0.0095,9907.7,2866561.0,-0.3,90.3269
2012-04-30,1.68,,,-0.379,8.2,97.4359,392073.0,-0.0095,9907.7,2866561.0,-0.3,90.3634
2012-05-01,1.71,,,-0.379,8.2,97.6609,391376.0,-0.0095,9951.4,2866561.0,-0.28,90.3227
2012-05-02,1.69,,,-0.379,8.2,97.6609,391376.0,-0.0095,9951.4,2864280.0,-0.28,90.6144
2012-05-03,1.68,,,-0.379,8.2,97.6609,391376.0,-0.0095,9951.4,2864280.0,-0.27,90.6839
2012-05-04,1.64,,,-0.352,8.2,97.6609,391376.0,-0.0662,9951.4,2864280.0,-0.3,91.0497
2012-05-07,1.65,,,-0.352,8.2,97.6609,391376.0,-0.0662,9951.4,2864280.0,-0.27,91.0747
2012-05-08,1.61,,,-0.352,8.2,97.6609,391376.0,-0.0662,9951.4,2864280.0,-0.28,91.4107
2012-05-09,1.6,,,-0.352,8.2,97.6609,391376.0,-0.0662,9951.4,2864150.0,-0.27,91.7632
2012-05-10,1.62,,,-0.352,8.2,97.6609,391376.0,-0.0662,9951.4,2864150.0,-0.25,91.7077
2012-05-11,1.57,,,-0.321,8.2,97.6609,391376.0,0.1024,9951.4,2864150.0,-0.28,91.7306
2012-05-14,1.49,,,-0.321,8.2,97.6609,391376.0,0.1024,9951.4,2864150.0,-0.33,92.2491
2012-05-15,1.47,,,-0.321,8.2,97.6609,391376.0,0.1024,9951.4,2864150.0,-0.36,92.5235
2012-05-16,1.46,,,-0.321,8.2,97.6609,391376.0,0.1024,9951.4,2850984.0,-0.33,92.903
2012-05-17,1.38,,,-0.321,8.2,97.6609,391376.0,0.1024,9951.4,2850984.0,-0.35,92.9632
2012-05-18,1.39,,,-0.287,8.2,97.6609,391376.0,0.448,9951.4,2850984.0,-0.39,93.1395
2012-05-21,1.45,,,-0.287,8.2,97.6609,391376.0,0.448,9951.4,2850984.0,-0.41,93.0945
2012-05-22,1.49,,,-0.287,8.2,97.6609,391376.0,0.448,9951.4,2850984.0,-0.38,93.1113
2012-05-23,1.45,,,-0.287,8.2,97.6609,391376.0,0.448,9951.4,2859495.0,-0.41,93.8855
2012-05-24,1.48,,,-0.287,8.2,97.6609,391376.0,0.448,9951.4,2859495.0,-0.37,93.8027
2012-05-25,1.45,,,-0.261,8.2,97.6609,391376.0,0.3587,9951.4,2859495.0,-0.38,93.9488
2012-05-28,1.45,,,-0.261,8.2,97.6609,391376.0,0.3587,9951.4,2859495.0,-0.38,93.9488
2012-05-29,1.44,,,-0.261,8.2,97.6609,391376.0,0.3587,9951.4,2859495.0,-0.37,93.875
2012-05-30,1.36,,,-0.261,8.2,97.6609,391376.0,0.3587,9951.4,2842654.0,-0.45,94.302
2012-05-31,1.32,,,-0.261,8.2,97.6609,391376.0,0.3587,9951.4,2842654.0,-0.5,94.6856
2012-06-01,1.22,,,-0.242,8.2,97.6663,387901.0,0.4523,10021.6,2842654.0,-0.59,94.6979
2012-06-04,1.28,,,-0.242,8.2,97.6663,387901.0,0.4523,10021.6,2842654.0,-0.56,94.5184
2012-06-05,1.32,,,-0.242,8.2,97.6663,387901.0,0.4523,10021.6,2842654.0,-0.56,94.6184
2012-06-06,1.4,,,-0.242,8.2,97.6663,387901.0,0.4523,10021.6,2852018.0,-0.5,94.0362
2012-06-07,1.39,,,-0.242,8.2,97.6663,387901.0,0.4523,10021.6,2852018.0,-0.49,93.774
2012-06-08,1.37,,,-0.235,8.2,97.6663,387901.0,0.4268,10021.6,2852018.0,-0.5,94.2024
2012-06-11,1.33,,,-0.235,8.2,97.6663,387901.0,0.4268,10021.6,2852018.0,-0.53,94.0369
2012-06-12,1.37,,,-0.235,8.2,97.6663,387901.0,0.4268,10021.6,2852018.0,-0.48,94.0693
2012-06-13,1.31,,,-0.235,8.2,97.6663,387901.0,0.4268,10021.6,2869071.0,-0.51,93.8309
2012-06-14,1.34,,,-0.235,8.2,97.6663,387901.0,0.4268,10021.6,2869071.0,-0.47,93.8152
2012-06-15,1.31,,,-0.24,8.2,97.6663,387901.0,0.2124,10021.6,2869071.0,-0.54,93.5203
2012-06-18,1.3,,,-0.24,8.2,97.6663,387901.0,0.2124,10021.6,2869071.0,-0.54,93.6431
2012-06-19,1.34,,,-0.24,8.2,97.6663,387901.0,0.2124,10021.6,2869071.0,-0.53,93.0524
2012-06-20,1.33,,,-0.24,8.2,97.6663,387901.0,0.2124,10021.6,2870846.0,-0.51,93.1602
2012-06-21,1.31,,,-0.24,8.2,97.6663,387901.0,0.2124,10021.6,2870846.0,-0.47,93.6378
2012-06-22,1.38,,,-0.256,8.2,97.6663,387901.0,0.0491,10021.6,2870846.0,-0.42,93.9205
2012-06-25,1.32,,,-0.256,8.2,97.6663,387901.0,0.0491,10021.6,2870846.0,-0.47,94.1757
2012-06-26,1.35,,,-0.256,8.2,97.6663,387901.0,0.0491,10021.6,2870846.0,-0.45,93.9859
2012-06-27,1.34,,,-0.256,8.2,97.6663,387901.0,0.0491,10021.6,2863547.0,-0.45,93.8728
2012-06-28,1.29,,,-0.256,8.2,97.6663,387901.0,0.0491,10021.6,2863547.0,-0.48,94.0203
2012-06-29,1.34,,,-0.275,8.2,97.6663,387901.0,0.1174,10021.6,2863547.0,-0.46,92.9096
2012-07-01,1.34,,,-0.275,8.2,97.8713,389686.0,0.1174,10074.5,2863547.0,-0.46,92.9096
2012-07-02,1.31,,,-0.275,8.2,97.8713,389686.0,0.1174,10074.5,2863547.0,-0.5,92.951
2012-07-03,1.35,,,-0.275,8.2,97.8713,389686.0,0.1174,10074.5,2863547.0,-0.48,92.6508
2012-07-04,1.35,,,-0.275,8.2,97.8713,389686.0,0.1174,10074.5,2865858.0,-0.48,92.6508
2012-07-05,1.34,,,-0.275,8.2,97.8713,389686.0,0.1174,10074.5,2865858.0,-0.51,93.2211
2012-07-06,1.3,,,-0.298,8.2,97.8713,389686.0,0.0291,10074.5,2865858.0,-0.53,93.7087
2012-07-09,1.26,,,-0.298,8.2,97.8713,389686.0,0.0291,10074.5,2865858.0,-0.57,93.6974
2012-07-10,1.26,,,-0.298,8.2,97.8713,389686.0,0.0291,10074.5,2865858.0,-0.59,93.5552
2012-07-11,1.27,,,-0.298,8.2,97.8713,389686.0,0.0291,10074.5,2866279.0,-0.57,93.5981
2012-07-12,1.25,,,-0.298,8.2,97.8713,389686.0,0.0291,10074.5,2866279.0,-0.58,93.9298
2012-07-13,1.27,,,-0.322,8.2,97.8713,389686.0,0.1276,10074.5,2866279.0,-0.59,93.5515
2012-07-16,1.26,,,-0.322,8.2,97.8713,389686.0,0.1276,10074.5,2866279.0,-0.61,93.3746
2012-07-17,1.28,,,-0.322,8.2,97.8713,389686.0,0.1276,10074.5,2866279.0,-0.59,93.3479
2012-07-18,1.3,,,-0.322,8.2,97.8713,389686.0,0.1276,10074.5,2855807.0,-0.6,93.0973
2012-07-19,1.32,,,-0.322,8.2,97.8713,389686.0,0.1276,10074.5,2855807.0,-0.62,93.0438
2012-07-20,1.27,,,-0.346,8.2,97.8713,389686.0,-0.031,10074.5,2855807.0,-0.67,93.3653
2012-07-23,1.25,,,-0.346,8.2,97.8713,389686.0,-0.031,10074.5,2855807.0,-0.68,93.9297
2012-07-24,1.22,,,-0.346,8.2,97.8713,389686.0,-0.031,10074.5,2855807.0,-0.68,94.2635
2012-07-25,1.21,,,-0.346,8.2,97.8713,389686.0,-0.031,10074.5,2846757.0,-0.67,94.0564
2012-07-26,1.22,,,-0.346,8.2,97.8713,389686.0,-0.031,10074.5,2846757.0,-0.66,93.3595
2012-07-27,1.33,,,-0.367,8.2,97.8713,389686.0,0.1053,10074.5,2846757.0,-0.61,92.9333
2012-07-30,1.3,,,-0.367,8.2,97.8713,389686.0,0.1053,10074.5,2846757.0,-0.64,93.0524
2012-07-31,1.28,,,-0.367,8.2,97.8713,389686.0,0.1053,10074.5,2846757.0,-0.69,92.8422
2012-08-01,1.32,,,-0.367,8.1,97.4525,394524.0,0.1053,10145.6,2851118.0,-0.67,92.8905
2012-08-02,1.27,,,-0.367,8.1,97.4525,394524.0,0.1053,10145.6,2851118.0,-0.69,93.4269
2012-08-03,1.36,,,-0.389,8.1,97.4525,394524.0,-0.1365,10145.6,2851118.0,-0.66,92.6048
2012-08-06,1.35,,,-0.389,8.1,97.4525,394524.0,-0.1365,10145.6,2851118.0,-0.68,92.4339
2012-08-07,1.39,,,-0.389,8.1,97.4525,394524.0,-0.1365,10145.6,2851118.0,-0.65,92.5128
2012-08-08,1.39,,,-0.389,8.1,97.4525,394524.0,-0.1365,10145.6,2856181.0,-0.61,92.5407
2012-08-09,1.4,,,-0.389,8.1,97.4525,394524.0,-0.1365,10145.6,2856181.0,-0.58,92.6057
2012-08-10,1.38,,,-0.408,8.1,97.4525,394524.0,-0.1768,10145.6,2856181.0,-0.6,92.5129
2012-08-13,1.38,,,-0.408,8.1,97.4525,394524.0,-0.1768,10145.6,2856181.0,-0.58,92.5955
2012-08-14,1.46,,,-0.408,8.1,97.4525,394524.0,-0.1768,10145.6,2856181.0,-0.53,92.6152
2012-08-15,1.53,,,-0.408,8.1,97.4525,394524.0,-0.1768,10145.6,2833317.0,-0.45,92.6838
2012-08-16,1.54,,,-0.408,8.1,97.4525,394524.0,-0.1768,10145.6,2833317.0,-0.42,92.5737
2012-08-17,1.52,,,-0.426,8.1,97.4525,394524.0,-0.1088,10145.6,2833317.0,-0.43,92.711
2012-08-20,1.53,,,-0.426,8.1,97.4525,394524.0,-0.1088,10145.6,2833317.0,-0.43,92.6263
2012-08-21,1.49,,,-0.426,8.1,97.4525,394524.0,-0.1088,10145.6,2833317.0,-0.45,92.3053
2012-08-22,1.45,,,-0.426,8.1,97.4525,394524.0,-0.1088,10145.6,2825661.0,-0.55,92.4362
2012-08-23,1.42,,,-0.426,8.1,97.4525,394524.0,-0.1088,10145.6,2825661.0,-0.62,92.1057
2012-08-24,1.4,,,-0.444,8.1,97.4525,394524.0,-0.1628,10145.6,2825661.0,-0.6,92.2785
2012-08-27,1.37,,,-0.444,8.1,97.4525,394524.0,-0.1628,10145.6,2825661.0,-0.64,92.3135
2012-08-28,1.37,,,-0.444,8.1,97.4525,394524.0,-0.1628,10145.6,2825661.0,-0.68,92.2033
2012-08-29,1.39,,,-0.444,8.1,97.4525,394524.0,-0.1628,10145.6,2812806.0,-0.64,92.3823
2012-08-30,1.36,,,-0.444,8.1,97.4525,394524.0,-0.1628,10145.6,2812806.0,-0.63,92.6239
2012-08-31,1.35,,,-0.462,8.1,97.4525,394524.0,-0.0743,10145.6,2812806.0,-0.68,92.1677
2012-09-01,1.35,,,-0.462,7.8,97.381,397681.0,-0.0743,10226.1,2812806.0,-0.68,92.1677
2012-09-03,1.35,,,-0.462,7.8,97.381,397681.0,-0.0743,10226.1,2812806.0,-0.68,92.1677
2012-09-04,1.36,,,-0.462,7.8,97.381,397681.0,-0.0743,10226.1,2812806.0,-0.68,92.1582
2012-09-05,1.35,,,-0.462,7.8,97.381,397681.0,-0.0743,10226.1,2822169.0,-0.69,92.1262
2012-09-06,1.41,,,-0.462,7.8,97.381,397681.0,-0.0743,10226.1,2822169.0,-0.63,91.8973
2012-09-07,1.42,,,-0.481,7.8,97.381,397681.0,-0.2019,10226.1,2822169.0,-0.68,91.3469
2012-09-10,1.43,,,-0.481,7.8,97.381,397681.0,-0.2019,10226.1,2822169.0,-0.68,91.3102
2012-09-11,1.45,,,-0.481,7.8,97.381,397681.0,-0.2019,10226.1,2822169.0,-0.68,91.0575
2012-09-12,1.52,,,-0.481,7.8,97.381,397681.0,-0.2019,10226.1,2823448.0,-0.61,91.0477
2012-09-13,1.51,,,-0.481,7.8,97.381,397681.0,-0.2019,10226.1,2823448.0,-0.72,90.9632
2012-09-14,1.61,,,-0.5,7.8,97.381,397681.0,-0.4785,10226.1,2823448.0,-0.76,90.1436
2012-09-17,1.6,,,-0.5,7.8,97.381,397681.0,-0.4785,10226.1,2823448.0,-0.74,90.2837
2012-09-18,1.57,,,-0.5,7.8,97.381,397681.0,-0.4785,10226.1,2823448.0,-0.73,90.5029
2012-09-19,1.52,,,-0.5,7.8,97.381,397681.0,-0.4785,10226.1,2821574.0,-0.75,90.4646
2012-09-20,1.53,,,-0.5,7.8,97.381,397681.0,-0.4785,10226.1,2821574.0,-0.7,90.7631
2012-09-21,1.5,,,-0.516,7.8,97.381,397681.0,-0.5291,10226.1,2821574.0,-0.71,90.5342
2012-09-24,1.47,,,-0.516,7.8,97.381,397681.0,-0.5291,10226.1,2821574.0,-0.73,90.8263
2012-09-25,1.43,,,-0.516,7.8,97.381,397681.0,-0.5291,10226.1,2821574.0,-0.74,90.6074
2012-09-26,1.38,,,-0.516,7.8,97.381,397681.0,-0.5291,10226.1,2804457.0,-0.77,91.0028
2012-09-27,1.41,,,-0.516,7.8,97.381,397681.0,-0.5291,10226.1,2804457.0,-0.78,90.7538
2012-09-28,1.42,,,-0.529,7.8,97.381,397681.0,-0.2204,10226.1,2804457.0,-0.77,90.8342
2012-10-01,1.39,,,-0.529,7.8,97.7193,397494.0,-0.2204,10292.4,2804457.0,-0.78,90.7011
2012-10-02,1.41,,,-0.529,7.8,97.7193,397494.0,-0.2204,10292.4,2804457.0,-0.83,90.644
2012-10-03,1.41,,,-0.529,7.8,97.7193,397494.0,-0.2204,10292.4,2808512.0,-0.83,90.8726
2012-10-04,1.47,,,-0.529,7.8,97.7193,397494.0,-0.2204,10292.4,2808512.0,-0.86,90.4932
2012-10-05,1.48,,,-0.54,7.8,97.7193,397494.0,-0.4364,10292.4,2808512.0,-0.82,90.2851
2012-10-08,1.48,,,-0.54,7.8,97.7193,397494.0,-0.4364,10292.4,2808512.0,-0.82,90.2851
2012-10-09,1.49,,,-0.54,7.8,97.7193,397494.0,-0.4364,10292.4,2808512.0,-0.81,90.8703
2012-10-10,1.45,,,-0.54,7.8,97.7193,397494.0,-0.4364,10292.4,2811623.0,-0.8,90.883
2012-10-11,1.42,,,-0.54,7.8,97.7193,397494.0,-0.4364,10292.4,2811623.0,-0.77,90.7437
2012-10-12,1.42,,,-0.547,7.8,97.7193,397494.0,-0.4694,10292.4,2811623.0,-0.78,90.6833
2012-10-15,1.43,,,-0.547,7.8,97.7193,397494.0,-0.4694,10292.4,2811623.0,-0.78,90.6409
2012-10-16,1.48,,,-0.547,7.8,97.7193,397494.0,-0.4694,10292.4,2811623.0,-0.71,90.5583
2012-10-17,1.53,,,-0.547,7.8,97.7193,397494.0,-0.4694,10292.4,2846920.0,-0.65,90.2309
2012-10-18,1.57,,,-0.547,7.8,97.7193,397494.0,-0.4694,10292.4,2846920.0,-0.66,90.3804
2012-10-19,1.49,,,-0.551,7.8,97.7193,397494.0,-0.6062,10292.4,2846920.0,-0.71,90.8107
2012-10-22,1.51,,,-0.551,7.8,97.7193,397494.0,-0.6062,10292.4,2846920.0,-0.7,90.7911
2012-10-23,1.5,,,-0.551,7.8,97.7193,397494.0,-0.6062,10292.4,2846920.0,-0.71,91.0945
2012-10-24,1.51,,,-0.551,7.8,97.7193,397494.0,-0.6062,10292.4,2840964.0,-0.69,91.1275
2012-10-25,1.55,,,-0.551,7.8,97.7193,397494.0,-0.6062,10292.4,2840964.0,-0.63,91.02
2012-10-26,1.48,,,-0.551,7.8,97.7193,397494.0,-0.3505,10292.4,2840964.0,-0.69,91.1411
2012-10-29,1.44,,,-0.551,7.8,97.7193,397494.0,-0.3505,10292.4,2840964.0,-0.73,91.1411
2012-10-30,1.44,,,-0.551,7.8,97.7193,397494.0,-0.3505,10292.4,2840964.0,-0.73,91.1411
2012-10-31,1.42,,,-0.551,7.8,97.7193,397494.0,-0.3505,10292.4,2823137.0,-0.78,91.1609
2012-11-01,1.45,,,-0.551,7.7,98.0777,399708.0,-0.3505,10361.9,2823137.0,-0.77,91.1217
2012-11-02,1.47,,,-0.549,7.7,98.0777,399708.0,-0.3374,10361.9,2823137.0,-0.73,91.281
2012-11-05,1.44,,,-0.549,7.7,98.0777,399708.0,-0.3374,10361.9,2823137.0,-0.75,91.4778
2012-11-06,1.48,,,-0.549,7.7,98.0777,399708.0,-0.3374,10361.9,2823137.0,-0.72,91.2908
2012-11-07,1.41,,,-0.549,7.7,98.0777,399708.0,-0.3374,10361.9,2830791.0,-0.8,91.4514
2012-11-08,1.35,,,-0.549,7.7,98.0777,399708.0,-0.3374,10361.9,2830791.0,-0.85,91.5375
2012-11-09,1.34,,,-0.547,7.7,98.0777,399708.0,-0.3128,10361.9,2830791.0,-0.83,91.6871
2012-11-12,1.34,,,-0.547,7.7,98.0777,399708.0,-0.3128,10361.9,2830791.0,-0.83,91.6871
2012-11-13,1.32,,,-0.547,7.7,98.0777,399708.0,-0.3128,10361.9,2830791.0,-0.84,91.7356
2012-11-14,1.34,,,-0.547,7.7,98.0777,399708.0,-0.3128,10361.9,2877244.0,-0.81,91.7942
2012-11-15,1.34,,,-0.547,7.7,98.0777,399708.0,-0.3128,10361.9,2877244.0,-0.8,91.8837
2012-11-16,1.34,,,-0.546,7.7,98.0777,399708.0,-0.1998,10361.9,2877244.0,-0.81,92.0095
2012-11-19,1.36,,,-0.546,7.7,98.0777,399708.0,-0.1998,10361.9,2877244.0,-0.78,91.5653
2012-11-20,1.39,,,-0.546,7.7,98.0777,399708.0,-0.1998,10361.9,2877244.0,-0.74,91.556
2012-11-21,1.42,,,-0.546,7.7,98.0777,399708.0,-0.1998,10361.9,2871161.0,-0.71,91.6645
2012-11-22,1.42,,,-0.546,7.7,98.0777,399708.0,-0.1998,10361.9,2871161.0,-0.71,91.6645
2012-11-23,1.41,,,-0.55,7.7,98.0777,399708.0,-0.5374,10361.9,2871161.0,-0.72,91.2616
2012-11-26,1.39,,,-0.55,7.7,98.0777,399708.0,-0.5374,10361.9,2871161.0,-0.73,91.2789
2012-11-27,1.37,,,-0.55,7.7,98.0777,399708.0,-0.5374,10361.9,2871161.0,-0.74,91.2608
2012-11-28,1.36,,,-0.55,7.7,98.0777,399708.0,-0.5374,10361.9,2851362.0,-0.75,91.33
2012-11-29,1.37,,,-0.55,7.7,98.0777,399708.0,-0.5374,10361.9,2851362.0,-0.78,91.2104
2012-11-30,1.37,,,-0.556,7.7,98.0777,399708.0,-0.4825,10361.9,2851362.0,-0.79,91.1038
2012-12-01,1.37,,,-0.556,7.9,98.3101,401093.0,-0.4825,10484.1,2851362.0,-0.79,91.1038
2012-12-03,1.38,,,-0.556,7.9,98.3101,401093.0,-0.4825,10484.1,2851362.0,-0.81,91.0084
2012-12-04,1.37,,,-0.556,7.9,98.3101,401093.0,-0.4825,10484.1,2851362.0,-0.83,90.9748
2012-12-05,1.35,,,-0.556,7.9,98.3101,401093.0,-0.4825,10484.1,2859807.0,-0.85,90.9423
2012-12-06,1.34,,,-0.556,7.9,98.3101,401093.0,-0.4825,10484.1,2859807.0,-0.87,91.0629
2012-12-07,1.39,,,-0.565,7.9,98.3101,401093.0,-0.5257,10484.1,2859807.0,-0.86,91.0437
2012-12-10,1.39,,,-0.565,7.9,98.3101,401093.0,-0.5257,10484.1,2859807.0,-0.87,90.9631
2012-12-11,1.42,,,-0.565,7.9,98.3101,401093.0,-0.5257,10484.1,2859807.0,-0.84,90.8403
2012-12-12,1.47,,,-0.565,7.9,98.3101,401093.0,-0.5257,10484.1,2917260.0,-0.79,90.7708
2012-12-13,1.47,,,-0.565,7.9,98.3101,401093.0,-0.5257,10484.1,2917260.0,-0.73,90.776
2012-12-14,1.48,,,-0.576,7.9,98.3101,401093.0,-0.5841,10484.1,2917260.0,-0.74,90.7156
2012-12-17,1.53,,,-0.576,7.9,98.3101,401093.0,-0.5841,10484.1,2917260.0,-0.7,90.6193
2012-12-18,1.56,,,-0.576,7.9,98.3101,401093.0,-0.5841,10484.1,2917260.0,-0.67,90.5161
2012-12-19,1.54,,,-0.576,7.9,98.3101,401093.0,-0.5841,10484.1,2920231.0,-0.66,90.4896
2012-12-20,1.53,,,-0.576,7.9,98.3101,401093.0,-0.5841,10484.1,2920231.0,-0.69,90.6002
2012-12-21,1.51,,,-0.589,7.9,98.3101,401093.0,-0.5678,10484.1,2920231.0,-0.71,90.9597
2012-12-24,1.53,,,-0.589,7.9,98.3101,401093.0,-0.5678,10484.1,2920231.0,-0.69,91.0354
2012-12-25,1.53,,,-0.589,7.9,98.3101,401093.0,-0.5678,10484.1,2920231.0,-0.69,91.0354
2012-12-26,1.51,,,-0.589,7.9,98.3101,401093.0,-0.5678,10484.1,2907300.0,-0.71,91.0606
2012-12-27,1.48,,,-0.589,7.9,98.3101,401093.0,-0.5678,10484.1,2907300.0,-0.73,91.1037
2012-12-28,1.46,,,-0.601,7.9,98.3101,401093.0,-0.3711,10484.1,2907300.0,-0.73,91.0419
2012-12-31,1.53,,,-0.601,7.9,98.3101,401093.0,-0.3711,10484.1,2907300.0,-0.67,91.0834
2013-01-01,1.53,,,-0.601,8.0,98.3342,404434.0,-0.3711,10508.1,2907300.0,-0.67,91.0834
2013-01-02,1.59,,,-0.601,8.0,98.3342,404434.0,-0.3711,10508.1,2917189.0,-0.62,90.6941
2013-01-03,1.65,,,-0.601,8.0,98.3342,404434.0,-0.3711,10508.1,2917189.0,-0.54,90.8097
2013-01-04,1.66,,,-0.616,8.0,98.3342,404434.0,-0.6335,10508.1,2917189.0,-0.55,91.1025
2013-01-07,1.65,,,-0.616,8.0,98.3342,404434.0,-0.6335,10508.1,2917189.0,-0.6,90.9852
2013-01-08,1.64,,,-0.616,8.0,98.3342,404434.0,-0.6335,10508.1,2917189.0,-0.6,91.057
2013-01-09,1.64,,,-0.616,8.0,98.3342,404434.0,-0.6335,10508.1,2928728.0,-0.64,91.0088
2013-01-10,1.65,,,-0.616,8.0,98.3342,404434.0,-0.6335,10508.1,2928728.0,-0.62,90.6425
2013-01-11,1.63,,,-0.628,8.0,98.3342,404434.0,-0.6206,10508.1,2928728.0,-0.63,90.5352
2013-01-14,1.63,,,-0.628,8.0,98.3342,404434.0,-0.6206,10508.1,2928728.0,-0.66,90.4935
2013-01-15,1.6,,,-0.628,8.0,98.3342,404434.0,-0.6206,10508.1,2928728.0,-0.66,90.5191
2013-01-16,1.58,,,-0.628,8.0,98.3342,404434.0,-0.6206,10508.1,2963812.0,-0.65,90.596
2013-01-17,1.61,,,-0.628,8.0,98.3342,404434.0,-0.6206,10508.1,2963812.0,-0.64,90.5401
2013-01-18,1.61,,,-0.638,8.0,98.3342,404434.0,-0.6374,10508.1,2963812.0,-0.66,90.8697
2013-01-21,1.61,,,-0.638,8.0,98.3342,404434.0,-0.6374,10508.1,2963812.0,-0.66,90.8697
2013-01-22,1.6,,,-0.638,8.0,98.3342,404434.0,-0.6374,10508.1,2963812.0,-0.68,90.7892
2013-01-23,1.6,,,-0.638,8.0,98.3342,404434.0,-0.6374,10508.1,3011697.0,-0.66,90.8376
2013-01-24,1.65,,,-0.638,8.0,98.3342,404434.0,-0.6374,10508.1,3011697.0,-0.62,90.9112
2013-01-25,1.7,,,-0.644,8.0,98.3342,404434.0,-0.6696,10508.1,3011697.0,-0.56,91.0868
2013-01-28,1.71,,,-0.644,8.0,98.3342,404434.0,-0.6696,10508.1,3011697.0,-0.55,91.2354
2013-01-29,1.73,,,-0.644,8.0,98.3342,404434.0,-0.6696,10508.1,3011697.0,-0.53,90.9406
2013-01-30,1.76,,,-0.644,8.0,98.3342,404434.0,-0.6696,10508.1,3008704.0,-0.54,90.8836
2013-01-31,1.75,,,-0.644,8.0,98.3342,404434.0,-0.6696,10508.1,3008704.0,-0.57,90.798
2013-02-01,1.77,,,-0.648,7.7,98.7941,409118.0,-0.5722,10527.5,3008704.0,-0.55,90.6923
2013-02-04,1.75,,,-0.648,7.7,98.7941,409118.0,-0.5722,10527.5,3008704.0,-0.59,90.9774
2013-02-05,1.77,,,-0.648,7.7,98.7941,409118.0,-0.5722,10527.5,3008704.0,-0.55,90.881
2013-02-06,1.73,,,-0.648,7.7,98.7941,409118.0,-0.5722,10527.5,3014975.0,-0.58,91.0176
2013-02-07,1.74,,,-0.648,7.7,98.7941,409118.0,-0.5722,10527.5,3014975.0,-0.58,91.2912
2013-02-08,1.74,,,-0.649,7.7,98.7941,409118.0,-0.5342,10527.5,3014975.0,-0.57,91.3056
2013-02-11,1.72,,,-0.649,7.7,98.7941,409118.0,-0.5342,10527.5,3014975.0,-0.58,91.4451
2013-02-12,1.73,,,-0.649,7.7,98.7941,409118.0,-0.5342,10527.5,3014975.0,-0.57,91.2779
2013-02-13,1.76,,,-0.649,7.7,98.7941,409118.0,-0.5342,10527.5,3074225.0,-0.54,91.2709
2013-02-14,1.73,,,-0.649,7.7,98.7941,409118.0,-0.5342,10527.5,3074225.0,-0.56,91.366
2013-02-15,1.72,,,-0.65,7.7,98.7941,409118.0,-0.6704,10527.5,3074225.0,-0.53,91.4551
2013-02-18,1.72,,,-0.65,7.7,98.7941,409118.0,-0.6704,10527.5,3074225.0,-0.53,91.4551
2013-02-19,1.74,,,-0.65,7.7,98.7941,409118.0,-0.6704,10527.5,3074225.0,-0.52,91.5073
2013-02-20,1.75,,,-0.65,7.7,98.7941,409118.0,-0.6704,10527.5,3095150.0,-0.52,91.6689
2013-02-21,1.73,,,-0.65,7.7,98.7941,409118.0,-0.6704,10527.5,3095150.0,-0.54,92.0394
2013-02-22,1.7,,,-0.651,7.7,98.7941,409118.0,-0.6267,10527.5,3095150.0,-0.57,92.1197
2013-02-25,1.63,,,-0.651,7.7,98.7941,409118.0,-0.6267,10527.5,3095150.0,-0.62,92.1975
2013-02-26,1.63,,,-0.651,7.7,98.7941,409118.0,-0.6267,10527.5,3095150.0,-0.62,92.4247
2013-02-27,1.64,,,-0.651,7.7,98.7941,409118.0,-0.6267,10527.5,3090600.0,-0.61,92.234
2013-02-28,1.64,,,-0.651,7.7,98.7941,409118.0,-0.6267,10527.5,3090600.0,-0.64,92.295
2013-03-01,1.61,,,-0.652,7.5,99.1921,406223.0,-0.5145,10583.8,3090600.0,-0.67,92.6177
2013-03-04,1.64,,,-0.652,7.5,99.1921,406223.0,-0.5145,10583.8,3090600.0,-0.65,92.6316
2013-03-05,1.65,,,-0.652,7.5,99.1921,406223.0,-0.5145,10583.8,3090600.0,-0.65,92.4965
2013-03-06,1.7,,,-0.652,7.5,99.1921,406223.0,-0.5145,10583.8,3108805.0,-0.61,92.4965
2013-03-07,1.75,,,-0.652,7.5,99.1921,406223.0,-0.5145,10583.8,3108805.0,-0.56,92.5462
2013-03-08,1.79,,,-0.654,7.5,99.1921,406223.0,-0.7536,10583.8,3108805.0,-0.5,92.6252
2013-03-11,1.8,,,-0.654,7.5,99.1921,406223.0,-0.7536,10583.8,3108805.0,-0.5,92.5351
2013-03-12,1.76,,,-0.654,7.5,99.1921,406223.0,-0.7536,10583.8,3108805.0,-0.52,92.3853
2013-03-13,1.77,,,-0.654,7.5,99.1921,406223.0,-0.7536,10583.8,3165396.0,-0.52,92.4709
2013-03-14,1.77,,,-0.654,7.5,99.1921,406223.0,-0.7536,10583.8,3165396.0,-0.53,92.4695
2013-03-15,1.76,,,-0.657,7.5,99.1921,406223.0,-0.7893,10583.8,3165396.0,-0.55,92.128
2013-03-18,1.7,,,-0.657,7.5,99.1921,406223.0,-0.7893,10583.8,3165396.0,-0.6,92.3377
2013-03-19,1.68,,,-0.657,7.5,99.1921,406223.0,-0.7893,10583.8,3165396.0,-0.61,92.526
2013-03-20,1.7,,,-0.657,7.5,99.1921,406223.0,-0.7893,10583.8,3206888.0,-0.57,92.4141
2013-03-21,1.68,,,-0.657,7.5,99.1921,406223.0,-0.7893,10583.8,3206888.0,-0.57,92.3322
2013-03-22,1.67,,,-0.66,7.5,99.1921,406223.0,-0.578,10583.8,3206888.0,-0.6,92.2051
2013-03-25,1.69,,,-0.66,7.5,99.1921,406223.0,-0.578,10583.8,3206888.0,-0.6,92.3081
2013-03-26,1.67,,,-0.66,7.5,99.1921,406223.0,-0.578,10583.8,3206888.0,-0.61,92.232
2013-03-27,1.62,,,-0.66,7.5,99.1921,406223.0,-0.578,10583.8,3202256.0,-0.64,92.446
2013-03-28,1.62,,,-0.66,7.5,99.1921,406223.0,-0.578,10583.8,3202256.0,-0.64,92.2544
2013-03-29,1.62,,,-0.665,7.5,99.1921,406223.0,-0.63,10583.8,3202256.0,-0.64,92.302
2013-04-01,1.63,,,-0.665,7.6,99.1065,404231.0,-0.63,10611.3,3202256.0,-0.65,92.1687
2013-04-02,1.63,,,-0.665,7.6,99.1065,404231.0,-0.63,10611.3,3202256.0,-0.63,92.1432
2013-04-03,1.59,,,-0.665,7.6,99.1065,404231.0,-0.63,10611.3,3215432.0,-0.65,92.104
2013-04-04,1.56,,,-0.665,7.6,99.1065,404231.0,-0.63,10611.3,3215432.0,-0.7,92.3896
2013-04-05,1.48,,,-0.673,7.6,99.1065,404231.0,-0.5571,10611.3,3215432.0,-0.74,92.1043
2013-04-08,1.52,,,-0.673,7.6,99.1065,404231.0,-0.5571,10611.3,3215432.0,-0.69,92.2317
2013-04-09,1.54,,,-0.673,7.6,99.1065,404231.0,-0.5571,10611.3,3215432.0,-0.67,91.9669
2013-04-10,1.6,,,-0.673,7.6,99.1065,404231.0,-0.5571,10611.3,3227762.0,-0.6,91.9598
2013-04-11,1.58,,,-0.673,7.6,99.1065,404231.0,-0.5571,10611.3,3227762.0,-0.65,91.6972
2013-04-12,1.53,,,-0.683,7.6,99.1065,404231.0,-0.7273,10611.3,3227762.0,-0.68,91.7967
2013-04-15,1.5,,,-0.683,7.6,99.1065,404231.0,-0.7273,10611.3,3227762.0,-0.69,91.9457
2013-04-16,1.51,,,-0.683,7.6,99.1065,404231.0,-0.7273,10611.3,3227762.0,-0.65,91.8451
2013-04-17,1.49,,,-0.683,7.6,99.1065,404231.0,-0.7273,10611.3,3295109.0,-0.64,92.1372
2013-04-18,1.48,,,-0.683,7.6,99.1065,404231.0,-0.7273,10611.3,3295109.0,-0.55,92.176
2013-04-19,1.49,,,-0.694,7.6,99.1065,404231.0,-0.4938,10611.3,3295109.0,-0.59,92.2166
2013-04-22,1.48,,,-0.694,7.6,99.1065,404231.0,-0.4938,10611.3,3295109.0,-0.63,92.3591
2013-04-23,1.51,,,-0.694,7.6,99.1065,404231.0,-0.4938,10611.3,3295109.0,-0.64,92.3836
2013-04-24,1.5,,,-0.694,7.6,99.1065,404231.0,-0.4938,10611.3,3318649.0,-0.65,92.4581
2013-04-25,1.51,,,-0.694,7.6,99.1065,404231.0,-0.4938,10611.3,3318649.0,-0.66,92.0394
2013-04-26,1.48,,,-0.706,7.6,99.1065,404231.0,-0.6894,10611.3,3318649.0,-0.68,91.9012
2013-04-29,1.5,,,-0.706,7.6,99.1065,404231.0,-0.6894,10611.3,3318649.0,-0.67,91.6539
2013-04-30,1.48,,,-0.706,7.6,99.1065,404231.0,-0.6894,10611.3,3318649.0,-0.64,91.3741
2013-05-01,1.46,,,-0.706,7.5,99.1839,406677.0,-0.6894,10646.1,3317194.0,-0.64,91.4331
2013-05-02,1.46,,,-0.706,7.5,99.1839,406677.0,-0.6894,10646.1,3317194.0,-0.62,91.6174
2013-05-03,1.56,,,-0.716,7.5,99.1839,406677.0,-0.6688,10646.1,3317194.0,-0.53,91.5087
2013-05-06,1.58,,,-0.716,7.5,99.1839,406677.0,-0.6688,10646.1,3317194.0,-0.51,91.6387
2013-05-07,1.6,,,-0.716,7.5,99.1839,406677.0,-0.6688,10646.1,3317194.0,-0.5,91.5201
2013-05-08,1.59,,,-0.716,7.5,99.1839,406677.0,-0.6688,10646.1,3324615.0,-0.48,91.1848
2013-05-09,1.59,,,-0.716,7.5,99.1839,406677.0,-0.6688,10646.1,3324615.0,-0.5,91.3036
2013-05-10,1.64,,,-0.721,7.5,99.1839,406677.0,-0.7699,10646.1,3324615.0,-0.45,92.2527
2013-05-13,1.68,,,-0.721,7.5,99.1839,406677.0,-0.7699,10646.1,3324615.0,-0.41,92.2711
2013-05-14,1.7,,,-0.721,7.5,99.1839,406677.0,-0.7699,10646.1,3324615.0,-0.37,92.3697
2013-05-15,1.68,,,-0.721,7.5,99.1839,406677.0,-0.7699,10646.1,3354269.0,-0.36,92.7691
2013-05-16,1.64,,,-0.721,7.5,99.1839,406677.0,-0.7699,10646.1,3354269.0,-0.4,92.6602
2013-05-17,1.69,,,-0.718,7.5,99.1839,406677.0,-0.6158,10646.1,3354269.0,-0.31,93.1617
2013-05-20,1.71,,,-0.718,7.5,99.1839,406677.0,-0.6158,10646.1,3354269.0,-0.31,93.0359
2013-05-21,1.68,,,-0.718,7.5,99.1839,406677.0,-0.6158,10646.1,3354269.0,-0.34,92.9662
2013-05-22,1.77,,,-0.718,7.5,99.1839,406677.0,-0.6158,10646.1,3398713.0,-0.24,93.3104
2013-05-23,1.76,,,-0.718,7.5,99.1839,406677.0,-0.6158,10646.1,3398713.0,-0.24,93.2113
2013-05-24,1.75,,,-0.709,7.5,99.1839,406677.0,-0.5348,10646.1,3398713.0,-0.26,93.2768
2013-05-27,1.75,,,-0.709,7.5,99.1839,406677.0,-0.5348,10646.1,3398713.0,-0.26,93.2768
2013-05-28,1.86,,,-0.709,7.5,99.1839,406677.0,-0.5348,10646.1,3398713.0,-0.14,93.5853
2013-05-29,1.83,,,-0.709,7.5,99.1839,406677.0,-0.5348,10646.1,3385128.0,-0.1,93.531
2013-05-30,1.82,,,-0.709,7.5,99.1839,406677.0,-0.5348,10646.1,3385128.0,-0.05,93.4219
2013-05-31,1.86,,,-0.692,7.5,99.1839,406677.0,-0.3691,10646.1,3385128.0,-0.05,93.6076
2013-06-01,1.86,,,-0.692,7.5,99.3897,407921.0,-0.3691,10703.3,3385128.0,-0.05,93.6076
2013-06-03,1.83,,,-0.692,7.5,99.3897,407921.0,-0.3691,10703.3,3385128.0,-0.07,93.163
2013-06-04,1.82,,,-0.692,7.5,99.3897,407921.0,-0.3691,10703.3,3385128.0,-0.05,93.3067
2013-06-05,1.8,,,-0.692,7.5,99.3897,407921.0,-0.3691,10703.3,3400183.0,-0.06,93.275
2013-06-06,1.78,,,-0.692,7.5,99.3897,407921.0,-0.3691,10703.3,3400183.0,-0.05,92.809
2013-06-07,1.85,,,-0.673,7.5,99.3897,407921.0,-0.0903,10703.3,3400183.0,0.03,92.6056
2013-06-10,1.9,,,-0.673,7.5,99.3897,407921.0,-0.0903,10703.3,3400183.0,0.11,92.973
2013-06-11,1.86,,,-0.673,7.5,99.3897,407921.0,-0.0903,10703.3,3400183.0,0.13,92.7996
2013-06-12,1.91,,,-0.673,7.5,99.3897,407921.0,-0.0903,10703.3,3410842.0,0.21,92.4775
2013-06-13,1.87,,,-0.673,7.5,99.3897,407921.0,-0.0903,10703.3,3410842.0,0.15,92.3449
2013-06-14,1.85,,,-0.654,7.5,99.3897,407921.0,-0.1506,10703.3,3410842.0,0.09,92.1886
2013-06-17,1.92,,,-0.654,7.5,99.3897,407921.0,-0.1506,10703.3,3410842.0,0.15,92.3332
2013-06-18,1.93,,,-0.654,7.5,99.3897,407921.0,-0.1506,10703.3,3410842.0,0.14,92.5432
2013-06-19,2.02,,,-0.654,7.5,99.3897,407921.0,-0.1506,10703.3,3470530.0,0.29,92.4755
2013-06-20,2.08,,,-0.654,7.5,99.3897,407921.0,-0.1506,10703.3,3470530.0,0.46,94.125
2013-06-21,2.14,,,-0.638,7.5,99.3897,407921.0,-0.1217,10703.3,3470530.0,0.59,94.4243
2013-06-24,2.15,,,-0.638,7.5,99.3897,407921.0,-0.1217,10703.3,3470530.0,0.64,94.5714
2013-06-25,2.17,,,-0.638,7.5,99.3897,407921.0,-0.1217,10703.3,3470530.0,0.64,94.3285
2013-06-26,2.16,,,-0.638,7.5,99.3897,407921.0,-0.1217,10703.3,3478672.0,0.6,94.3807
2013-06-27,2.13,,,-0.638,7.5,99.3897,407921.0,-0.1217,10703.3,3478672.0,0.5,94.2429
2013-06-28,2.16,,,-0.631,7.5,99.3897,407921.0,0.0703,10703.3,3478672.0,0.53,94.3047
2013-07-01,2.16,,,-0.631,7.3,99.0814,410268.0,0.0703,10742.8,3478672.0,0.48,94.0998
2013-07-02,2.14,,,-0.631,7.3,99.0814,410268.0,0.0703,10742.8,3478672.0,0.44,94.4051
2013-07-03,2.16,,,-0.631,7.3,99.0814,410268.0,0.0703,10742.8,3492742.0,0.48,94.4767
2013-07-04,2.16,,,-0.631,7.3,99.0814,410268.0,0.0703,10742.8,3492742.0,0.48,94.4767
2013-07-05,2.33,,,-0.631,7.3,99.0814,410268.0,-0.1522,10742.8,3492742.0,0.66,95.0639
2013-07-08,2.28,,,-0.631,7.3,99.0814,410268.0,-0.1522,10742.8,3492742.0,0.58,94.9954
2013-07-09,2.28,,,-0.631,7.3,99.0814,410268.0,-0.1522,10742.8,3492742.0,0.59,94.9467
2013-07-10,2.32,,,-0.631,7.3,99.0814,410268.0,-0.1522,10742.8,3504095.0,0.64,94.7595
2013-07-11,2.26,,,-0.631,7.3,99.0814,410268.0,-0.1522,10742.8,3504095.0,0.56,93.949
2013-07-12,2.24,,,-0.638,7.3,99.0814,410268.0,-0.3104,10742.8,3504095.0,0.55,94.0029
2013-07-15,2.23,,,-0.638,7.3,99.0814,410268.0,-0.3104,10742.8,3504095.0,0.47,93.9729
2013-07-16,2.21,,,-0.638,7.3,99.0814,410268.0,-0.3104,10742.8,3504095.0,0.41,93.5232
2013-07-17,2.2,,,-0.638,7.3,99.0814,410268.0,-0.3104,10742.8,3537861.0,0.38,93.5498
2013-07-18,2.24,,,-0.638,7.3,99.0814,410268.0,-0.3104,10742.8,3537861.0,0.38,93.681
2013-07-19,2.18,,,-0.65,7.3,99.0814,410268.0,-0.5159,10742.8,3537861.0,0.29,93.4759
2013-07-22,2.18,,,-0.65,7.3,99.0814,410268.0,-0.5159,10742.8,3537861.0,0.28,93.2253
2013-07-23,2.2,,,-0.65,7.3,99.0814,410268.0,-0.5159,10742.8,3537861.0,0.33,93.1631
2013-07-24,2.27,,,-0.65,7.3,99.0814,410268.0,-0.5159,10742.8,3574574.0,0.44,93.3124
2013-07-25,2.29,,,-0.65,7.3,99.0814,410268.0,-0.5159,10742.8,3574574.0,0.44,93.2862
2013-07-26,2.27,,,-0.662,7.3,99.0814,410268.0,-0.4927,10742.8,3574574.0,0.43,93.1695
2013-07-29,2.28,,,-0.662,7.3,99.0814,410268.0,-0.4927,10742.8,3574574.0,0.45,93.1663
2013-07-30,2.3,,,-0.662,7.3,99.0814,410268.0,-0.4927,10742.8,3574574.0,0.46,93.3976
2013-07-31,2.29,,,-0.662,7.3,99.0814,410268.0,-0.4927,10742.8,3571797.0,0.38,93.5703
2013-08-01,2.39,,,-0.662,7.2,99.6543,409691.0,-0.4927,10801.2,3571797.0,0.48,93.7972
2013-08-02,2.33,,,-0.67,7.2,99.6543,409691.0,-0.3665,10801.2,3571797.0,0.42,93.5789
2013-08-05,2.35,,,-0.67,7.2,99.6543,409691.0,-0.3665,10801.2,3571797.0,0.42,93.507
2013-08-06,2.35,,,-0.67,7.2,99.6543,409691.0,-0.3665,10801.2,3571797.0,0.39,93.3199
2013-08-07,2.29,,,-0.67,7.2,99.6543,409691.0,-0.3665,10801.2,3585359.0,0.35,93.2652
2013-08-08,2.28,,,-0.67,7.2,99.6543,409691.0,-0.3665,10801.2,3585359.0,0.34,92.8483
2013-08-09,2.25,,,-0.674,7.2,99.6543,409691.0,-0.4124,10801.2,3585359.0,0.33,92.8394
2013-08-12,2.29,,,-0.674,7.2,99.6543,409691.0,-0.4124,10801.2,3585359.0,0.37,92.9178
2013-08-13,2.37,,,-0.674,7.2,99.6543,409691.0,-0.4124,10801.2,3585359.0,0.48,93.476
2013-08-14,2.37,,,-0.674,7.2,99.6543,409691.0,-0.4124,10801.2,3646323.0,0.5,93.382
2013-08-15,2.41,,,-0.674,7.2,99.6543,409691.0,-0.4124,10801.2,3646323.0,0.6,93.5059
2013-08-16,2.48,,,-0.673,7.2,99.6543,409691.0,-0.375,10801.2,3646323.0,0.68,93.4255
2013-08-19,2.52,,,-0.673,7.2,99.6543,409691.0,-0.375,10801.2,3646323.0,0.75,93.6623
2013-08-20,2.46,,,-0.673,7.2,99.6543,409691.0,-0.375,10801.2,3646323.0,0.67,93.5536
2013-08-21,2.49,,,-0.673,7.2,99.6543,409691.0,-0.375,10801.2,3645668.0,0.73,94.0362
2013-08-22,2.48,,,-0.673,7.2,99.6543,409691.0,-0.375,10801.2,3645668.0,0.79,94.2804
2013-08-23,2.42,,,-0.669,7.2,99.6543,409691.0,-0.1964,10801.2,3645668.0,0.69,93.9466
2013-08-26,2.38,,,-0.669,7.2,99.6543,409691.0,-0.1964,10801.2,3645668.0,0.64,94.1853
2013-08-27,2.34,,,-0.669,7.2,99.6543,409691.0,-0.1964,10801.2,3645668.0,0.57,94.3934
2013-08-28,2.38,,,-0.669,7.2,99.6543,409691.0,-0.1964,10801.2,3644456.0,0.63,94.4127
2013-08-29,2.36,,,-0.669,7.2,99.6543,409691.0,-0.1964,10801.2,3644456.0,0.65,94.6398
2013-08-30,2.39,,,-0.666,7.2,99.6543,409691.0,-0.1718,10801.2,3644456.0,0.68,94.7541
2013-09-01,2.39,,,-0.666,7.2,100.161,410044.0,-0.1718,10862.0,3644456.0,0.68,94.7541
2013-09-02,2.39,,,-0.666,7.2,100.161,410044.0,-0.1718,10862.0,3644456.0,0.68,94.7541
2013-09-03,2.43,,,-0.666,7.2,100.161,410044.0,-0.1718,10862.0,3644456.0,0.76,94.9574
2013-09-04,2.44,,,-0.666,7.2,100.161,410044.0,-0.1718,10862.0,3654182.0,0.83,94.5739
2013-09-05,2.46,,,-0.666,7.2,100.161,410044.0,-0.1718,10862.0,3654182.0,0.92,94.8891
2013-09-06,2.48,,,-0.664,7.2,100.161,410044.0,-0.2532,10862.0,3654182.0,0.87,94.2487
2013-09-09,2.45,,,-0.664,7.2,100.161,410044.0,-0.2532,10862.0,3654182.0,0.84,94.0009
2013-09-10,2.46,,,-0.664,7.2,100.161,410044.0,-0.2532,10862.0,3654182.0,0.86,93.938
2013-09-11,2.46,,,-0.664,7.2,100.161,410044.0,-0.2532,10862.0,3662035.0,0.8,93.7112
2013-09-12,2.47,,,-0.664,7.2,100.161,410044.0,-0.2532,10862.0,3662035.0,0.81,93.5903
2013-09-13,2.45,,,-0.666,7.2,100.161,410044.0,-0.3302,10862.0,3662035.0,0.8,93.6666
2013-09-16,2.47,,,-0.666,7.2,100.161,410044.0,-0.3302,10862.0,3662035.0,0.76,93.2875
2013-09-17,2.47,,,-0.666,7.2,100.161,410044.0,-0.3302,10862.0,3662035.0,0.7,93.2231
2013-09-18,2.35,,,-0.666,7.2,100.161,410044.0,-0.3302,10862.0,3722192.0,0.49,93.2569
2013-09-19,2.42,,,-0.666,7.2,100.161,410044.0,-0.3302,10862.0,3722192.0,0.55,92.4082
2013-09-20,2.41,,,-0.671,7.2,100.161,410044.0,-0.4526,10862.0,3722192.0,0.52,92.6049
2013-09-23,2.37,,,-0.671,7.2,100.161,410044.0,-0.4526,10862.0,3722192.0,0.46,92.613
2013-09-24,2.32,,,-0.671,7.2,100.161,410044.0,-0.4526,10862.0,3722192.0,0.48,92.7691
2013-09-25,2.27,,,-0.671,7.2,100.161,410044.0,-0.4526,10862.0,3734018.0,0.45,92.7675
2013-09-26,2.32,,,-0.671,7.2,100.161,410044.0,-0.4526,10862.0,3734018.0,0.47,93.0096
2013-09-27,2.3,,,-0.678,7.2,100.161,410044.0,-0.3476,10862.0,3734018.0,0.46,92.9747
2013-09-30,2.31,,,-0.678,7.2,100.161,410044.0,-0.3476,10862.0,3734018.0,0.45,92.9207
2013-10-01,2.33,,,-0.678,7.2,100.082,411399.0,-0.3476,10986.3,3734018.0,0.46,92.9515
2013-10-02,2.32,,,-0.678,7.2,100.082,411399.0,-0.3476,10986.3,3747387.0,0.43,92.772
2013-10-03,2.29,,,-0.678,7.2,100.082,411399.0,-0.3476,10986.3,3747387.0,0.43,92.7461
2013-10-04,2.33,,,-0.688,7.2,100.082,411399.0,-0.2628,10986.3,3747387.0,0.46,92.6469
2013-10-07,2.28,,,-0.688,7.2,100.082,411399.0,-0.2628,10986.3,3747387.0,0.45,92.6725
2013-10-08,2.26,,,-0.688,7.2,100.082,411399.0,-0.2628,10986.3,3747387.0,0.48,92.7558
2013-10-09,2.31,,,-0.688,7.2,100.082,411399.0,-0.2628,10986.3,3758663.0,0.47,93.0829
2013-10-10,2.36,,,-0.688,7.2,100.082,411399.0,-0.2628,10986.3,3758663.0,0.5,92.8579
2013-10-11,2.35,,,-0.7,7.2,100.082,411399.0,-0.3963,10986.3,3758663.0,0.5,92.854
2013-10-14,2.35,,,-0.7,7.2,100.082,411399.0,-0.3963,10986.3,3758663.0,0.5,92.854
2013-10-15,2.38,,,-0.7,7.2,100.082,411399.0,-0.3963,10986.3,3758663.0,0.54,92.7642
2013-10-16,2.35,,,-0.7,7.2,100.082,411399.0,-0.3963,10986.3,3813599.0,0.5,92.6819
2013-10-17,2.28,,,-0.7,7.2,100.082,411399.0,-0.3963,10986.3,3813599.0,0.45,92.0246
2013-10-18,2.27,,,-0.714,7.2,100.082,411399.0,-0.5609,10986.3,3813599.0,0.42,91.9989
2013-10-21,2.3,,,-0.714,7.2,100.082,411399.0,-0.5609,10986.3,3813599.0,0.44,92.2498
2013-10-22,2.23,,,-0.714,7.2,100.082,411399.0,-0.5609,10986.3,3813599.0,0.37,91.9563
2013-10-23,2.2,,,-0.714,7.2,100.082,411399.0,-0.5609,10986.3,3839033.0,0.36,92.0947
2013-10-24,2.2,,,-0.714,7.2,100.082,411399.0,-0.5609,10986.3,3839033.0,0.36,92.1867
2013-10-25,2.21,,,-0.728,7.2,100.082,411399.0,-0.5821,10986.3,3839033.0,0.34,92.1623
2013-10-28,2.22,,,-0.728,7.2,100.082,411399.0,-0.5821,10986.3,3839033.0,0.35,92.1872
2013-10-29,2.22,,,-0.728,7.2,100.082,411399.0,-0.5821,10986.3,3839033.0,0.35,92.301
2013-10-30,2.22,,,-0.728,7.2,100.082,411399.0,-0.5821,10986.3,3843396.0,0.37,92.3057
2013-10-31,2.26,,,-0.728,7.2,100.082,411399.0,-0.5821,10986.3,3843396.0,0.4,92.731
2013-11-01,2.32,,,-0.74,6.9,100.3158,412561.0,-0.5328,10995.6,3843396.0,0.5,93.155
2013-11-04,2.31,,,-0.74,6.9,100.3158,412561.0,-0.5328,10995.6,3843396.0,0.5,92.9359
2013-11-05,2.37,,,-0.74,6.9,100.3158,412561.0,-0.5328,10995.6,3843396.0,0.55,93.2112
2013-11-06,2.37,,,-0.74,6.9,100.3158,412561.0,-0.5328,10995.6,3851623.0,0.48,93.0943
2013-11-07,2.34,,,-0.74,6.9,100.3158,412561.0,-0.5328,10995.6,3851623.0,0.46,93.4003
2013-11-08,2.45,,,-0.75,6.9,100.3158,412561.0,-0.515,10995.6,3851623.0,0.59,93.6619
2013-11-11,2.45,,,-0.75,6.9,100.3158,412561.0,-0.515,10995.6,3851623.0,0.59,93.6619
2013-11-12,2.46,,,-0.75,6.9,100.3158,412561.0,-0.515,10995.6,3851623.0,0.62,93.7651
2013-11-13,2.43,,,-0.75,6.9,100.3158,412561.0,-0.515,10995.6,3907424.0,0.58,93.4848
2013-11-14,2.4,,,-0.75,6.9,100.3158,412561.0,-0.515,10995.6,3907424.0,0.51,93.4328
2013-11-15,2.4,,,-0.759,6.9,100.3158,412561.0,-0.5696,10995.6,3907424.0,0.53,93.2854
2013-11-18,2.36,,,-0.759,6.9,100.3158,412561.0,-0.5696,10995.6,3907424.0,0.48,92.9824
2013-11-19,2.42,,,-0.759,6.9,100.3158,412561.0,-0.5696,10995.6,3907424.0,0.53,93.0649
2013-11-20,2.52,,,-0.759,6.9,100.3158,412561.0,-0.5696,10995.6,3906620.0,0.64,93.2501
2013-11-21,2.5,,,-0.759,6.9,100.3158,412561.0,-0.5696,10995.6,3906620.0,0.6,93.5638
2013-11-22,2.44,,,-0.766,6.9,100.3158,412561.0,-0.648,10995.6,3906620.0,0.56,93.4198
2013-11-25,2.44,,,-0.766,6.9,100.3158,412561.0,-0.648,10995.6,3906620.0,0.56,93.5539
2013-11-26,2.42,,,-0.766,6.9,100.3158,412561.0,-0.648,10995.6,3906620.0,0.54,93.5226
2013-11-27,2.46,,,-0.766,6.9,100.3158,412561.0,-0.648,10995.6,3925876.0,0.58,93.6864
2013-11-28,2.46,,,-0.766,6.9,100.3158,412561.0,-0.648,10995.6,3925876.0,0.58,93.6864
2013-11-29,2.47,,,-0.771,6.9,100.3158,412561.0,-0.5808,10995.6,3925876.0,0.6,93.6291
2013-12-01,2.47,,,-0.771,6.7,100.5175,414812.0,-0.5808,11060.1,3925876.0,0.6,93.6291
2013-12-02,2.51,,,-0.771,6.7,100.5175,414812.0,-0.5808,11060.1,3925876.0,0.66,93.8856
2013-12-03,2.51,,,-0.771,6.7,100.5175,414812.0,-0.5808,11060.1,3925876.0,0.64,93.8251
2013-12-04,2.54,,,-0.771,6.7,100.5175,414812.0,-0.5808,11060.1,3932626.0,0.73,93.8997
2013-12-05,2.58,,,-0.771,6.7,100.5175,414812.0,-0.5808,11060.1,3932626.0,0.76,93.4954
2013-12-06,2.58,,,-0.775,6.7,100.5175,414812.0,-0.4581,11060.1,3932626.0,0.77,93.4045
2013-12-09,2.56,,,-0.775,6.7,100.5175,414812.0,-0.4581,11060.1,3932626.0,0.74,93.1444
2013-12-10,2.51,,,-0.775,6.7,100.5175,414812.0,-0.4581,11060.1,3932626.0,0.69,93.1444
2013-12-11,2.55,,,-0.775,6.7,100.5175,414812.0,-0.4581,11060.1,3993955.0,0.71,93.0842
2013-12-12,2.55,,,-0.775,6.7,100.5175,414812.0,-0.4581,11060.1,3993955.0,0.75,93.4292
2013-12-13,2.54,,,-0.778,6.7,100.5175,414812.0,-0.5069,11060.1,3993955.0,0.72,93.3568
2013-12-16,2.55,,,-0.778,6.7,100.5175,414812.0,-0.5069,11060.1,3993955.0,0.71,93.2175
2013-12-17,2.51,,,-0.778,6.7,100.5175,414812.0,-0.5069,11060.1,3993955.0,0.67,93.302
2013-12-18,2.57,,,-0.778,6.7,100.5175,414812.0,-0.5069,11060.1,4008062.0,0.72,93.4207
2013-12-19,2.59,,,-0.778,6.7,100.5175,414812.0,-0.5069,11060.1,4008062.0,0.79,93.7368
2013-12-20,2.52,,,-0.78,6.7,100.5175,414812.0,-0.5701,11060.1,4008062.0,0.73,93.7211
2013-12-23,2.56,,,-0.78,6.7,100.5175,414812.0,-0.5701,11060.1,4008062.0,0.76,93.572
2013-12-24,2.61,,,-0.78,6.7,100.5175,414812.0,-0.5701,11060.1,4008062.0,0.8,93.6734
2013-12-25,2.61,,,-0.78,6.7,100.5175,414812.0,-0.5701,11060.1,4032575.0,0.8,93.6734
2013-12-26,2.58,,,-0.78,6.7,100.5175,414812.0,-0.5701,11060.1,4032575.0,0.8,93.766
2013-12-27,2.62,,,-0.78,6.7,100.5175,414812.0,-0.6812,11060.1,4032575.0,0.8,93.7018
2013-12-30,2.6,,,-0.78,6.7,100.5175,414812.0,-0.6812,11060.1,4032575.0,0.76,93.4866
2013-12-31,2.66,,,-0.78,6.7,100.5175,414812.0,-0.6812,11060.1,4032575.0,0.8,93.5576
2014-01-01,2.66,,,-0.78,6.6,100.1599,411561.0,-0.6812,11130.8,4023640.0,0.8,93.5576
2014-01-02,2.61,,,-0.78,6.6,100.1599,411561.0,-0.6812,11130.8,4023640.0,0.74,93.8192
2014-01-03,2.6,,,-0.778,6.6,100.1599,411561.0,-0.5638,11130.8,4023640.0,0.75,93.853
2014-01-06,2.58,,,-0.778,6.6,100.1599,411561.0,-0.5638,11130.8,4023640.0,0.72,93.9109
2014-01-07,2.56,,,-0.778,6.6,100.1599,411561.0,-0.5638,11130.8,4023640.0,0.7,94.0398
2014-01-08,2.58,,,-0.778,6.6,100.1599,411561.0,-0.5638,11130.8,4028185.0,0.72,94.2181
2014-01-09,2.53,,,-0.778,6.6,100.1599,411561.0,-0.5638,11130.8,4028185.0,0.66,94.3299
2014-01-10,2.49,,,-0.775,6.6,100.1599,411561.0,-0.6424,11130.8,4028185.0,0.59,94.0045
2014-01-13,2.45,,,-0.775,6.6,100.1599,411561.0,-0.6424,11130.8,4028185.0,0.57,93.899
2014-01-14,2.49,,,-0.775,6.6,100.1599,411561.0,-0.6424,11130.8,4028185.0,0.62,94.0303
2014-01-15,2.49,,,-0.775,6.6,100.1599,411561.0,-0.6424,11130.8,4071528.0,0.62,94.341
2014-01-16,2.45,,,-0.775,6.6,100.1599,411561.0,-0.6424,11130.8,4071528.0,0.61,94.5507
2014-01-17,2.44,,,-0.771,6.6,100.1599,411561.0,-0.6473,11130.8,4071528.0,0.58,94.5846
2014-01-20,2.44,,,-0.771,6.6,100.1599,411561.0,-0.6473,11130.8,4071528.0,0.58,94.5846
2014-01-21,2.45,,,-0.771,6.6,100.1599,411561.0,-0.6473,11130.8,4071528.0,0.59,94.679
2014-01-22,2.43,,,-0.771,6.6,100.1599,411561.0,-0.6473,11130.8,4097914.0,0.62,94.8479
2014-01-23,2.4,,,-0.771,6.6,100.1599,411561.0,-0.6473,11130.8,4097914.0,0.66,94.8415
2014-01-24,2.38,,,-0.767,6.6,100.1599,411561.0,-0.5315,11130.8,4097914.0,0.61,94.8555
2014-01-27,2.41,,,-0.767,6.6,100.1599,411561.0,-0.5315,11130.8,4097914.0,0.64,94.9059
2014-01-28,2.39,,,-0.767,6.6,100.1599,411561.0,-0.5315,11130.8,4097914.0,0.62,94.88
2014-01-29,2.33,,,-0.767,6.6,100.1599,411561.0,-0.5315,11130.8,4102138.0,0.55,94.8621
2014-01-30,2.36,,,-0.767,6.6,100.1599,411561.0,-0.5315,11130.8,4102138.0,0.57,95.1294
2014-01-31,2.33,,,-0.764,6.6,100.1599,411561.0,-0.3402,11130.8,4102138.0,0.53,95.1774
2014-02-01,2.33,,,-0.764,6.7,100.9168,416736.0,-0.3402,11196.8,4102138.0,0.53,95.1774
2014-02-03,2.31,,,-0.764,6.7,100.9168,416736.0,-0.3402,11196.8,4102138.0,0.47,95.2469
2014-02-04,2.33,,,-0.764,6.7,100.9168,416736.0,-0.3402,11196.8,4102138.0,0.51,95.0438
2014-02-05,2.38,,,-0.764,6.7,100.9168,416736.0,-0.3402,11196.8,4109285.0,0.56,95.0285
2014-02-06,2.4,,,-0.764,6.7,100.9168,416736.0,-0.3402,11196.8,4109285.0,0.57,94.7177
2014-02-07,2.41,,,-0.765,6.7,100.9168,416736.0,-0.3651,11196.8,4109285.0,0.53,94.7457
2014-02-10,2.38,,,-0.765,6.7,100.9168,416736.0,-0.3651,11196.8,4109285.0,0.51,94.7189
2014-02-11,2.4,,,-0.765,6.7,100.9168,416736.0,-0.3651,11196.8,4109285.0,0.56,94.6377
2014-02-12,2.45,,,-0.765,6.7,100.9168,416736.0,-0.3651,11196.8,4119474.0,0.59,94.6209
2014-02-13,2.41,,,-0.765,6.7,100.9168,416736.0,-0.3651,11196.8,4119474.0,0.56,94.6209
2014-02-14,2.43,,,-0.769,6.7,100.9168,416736.0,-0.7,11196.8,4119474.0,0.59,94.2711
2014-02-17,2.43,,,-0.769,6.7,100.9168,416736.0,-0.7,11196.8,4119474.0,0.59,94.2711
2014-02-18,2.4,,,-0.769,6.7,100.9168,416736.0,-0.7,11196.8,4119474.0,0.57,94.1934
2014-02-19,2.4,,,-0.769,6.7,100.9168,416736.0,-0.7,11196.8,4149224.0,0.6,94.38
2014-02-20,2.42,,,-0.769,6.7,100.9168,416736.0,-0.7,11196.8,4149224.0,0.63,94.6571
2014-02-21,2.4,,,-0.773,6.7,100.9168,416736.0,-0.5837,11196.8,4149224.0,0.61,94.6571
2014-02-24,2.4,,,-0.773,6.7,100.9168,416736.0,-0.5837,11196.8,4149224.0,0.59,94.4042
2014-02-25,2.36,,,-0.773,6.7,100.9168,416736.0,-0.5837,11196.8,4149224.0,0.55,94.4735
2014-02-26,2.34,,,-0.773,6.7,100.9168,416736.0,-0.5837,11196.8,4159972.0,0.51,94.7754
2014-02-27,2.32,,,-0.773,6.7,100.9168,416736.0,-0.5837,11196.8,4159972.0,0.49,94.6722
2014-02-28,2.33,,,-0.777,6.7,100.9168,416736.0,-0.6645,11196.8,4159972.0,0.49,94.3879
2014-03-01,2.33,,,-0.777,6.7,101.8942,421230.0,-0.6645,11232.6,4159972.0,0.49,94.3879
2014-03-03,2.28,,,-0.777,6.7,101.8942,421230.0,-0.6645,11232.6,4159972.0,0.44,94.3879
2014-03-04,2.37,,,-0.777,6.7,101.8942,421230.0,-0.6645,11232.6,4159972.0,0.52,94.6568
2014-03-05,2.37,,,-0.777,6.7,101.8942,421230.0,-0.6645,11232.6,4171762.0,0.52,94.4679
2014-03-06,2.37,,,-0.777,6.7,101.8942,421230.0,-0.6645,11232.6,4171762.0,0.53,93.9858
2014-03-07,2.42,,,-0.78,6.7,101.8942,421230.0,-0.6351,11232.6,4171762.0,0.57,94.2532
2014-03-10,2.42,,,-0.78,6.7,101.8942,421230.0,-0.6351,11232.6,4171762.0,0.57,94.3731
2014-03-11,2.4,,,-0.78,6.7,101.8942,421230.0,-0.6351,11232.6,4171762.0,0.57,94.387
2014-03-12,2.36,,,-0.78,6.7,101.8942,421230.0,-0.6351,11232.6,4181361.0,0.54,94.462
2014-03-13,2.32,,,-0.78,6.7,101.8942,421230.0,-0.6351,11232.6,4181361.0,0.49,94.1872
2014-03-14,2.29,,,-0.781,6.7,101.8942,421230.0,-0.5697,11232.6,4181361.0,0.48,94.243
2014-03-17,2.32,,,-0.781,6.7,101.8942,421230.0,-0.5697,11232.6,4181361.0,0.52,94.243
2014-03-18,2.32,,,-0.781,6.7,101.8942,421230.0,-0.5697,11232.6,4181361.0,0.5,94.2631
2014-03-19,2.31,,,-0.781,6.7,101.8942,421230.0,-0.5697,11232.6,4222081.0,0.62,94.3752
2014-03-20,2.34,,,-0.781,6.7,101.8942,421230.0,-0.5697,11232.6,4222081.0,0.66,94.9986
2014-03-21,2.3,,,-0.78,6.7,101.8942,421230.0,-0.6171,11232.6,4222081.0,0.61,94.8547
2014-03-24,2.27,,,-0.78,6.7,101.8942,421230.0,-0.6171,11232.6,4222081.0,0.59,94.759
2014-03-25,2.28,,,-0.78,6.7,101.8942,421230.0,-0.6171,11232.6,4222081.0,0.61,94.6379
2014-03-26,2.26,,,-0.78,6.7,101.8942,421230.0,-0.6171,11232.6,4226971.0,0.57,94.5281
2014-03-27,2.24,,,-0.78,6.7,101.8942,421230.0,-0.6171,11232.6,4226971.0,0.56,94.3315
2014-03-28,2.28,,,-0.777,6.7,101.8942,421230.0,-0.639,11232.6,4226971.0,0.6,94.3683
2014-03-31,2.29,,,-0.777,6.7,101.8942,421230.0,-0.639,11232.6,4226971.0,0.6,94.2432
2014-04-01,2.33,,,-0.777,6.2,101.9928,425546.0,-0.639,11277.7,4226971.0,0.63,94.1244
2014-04-02,2.35,,,-0.777,6.2,101.9928,425546.0,-0.639,11277.7,4236441.0,0.68,94.3103
2014-04-03,2.34,,,-0.777,6.2,101.9928,425546.0,-0.639,11277.7,4236441.0,0.66,94.512
2014-04-04,2.31,,,-0.775,6.2,101.9928,425546.0,-0.6285,11277.7,4236441.0,0.61,94.2191
2014-04-07,2.3,,,-0.775,6.2,101.9928,425546.0,-0.6285,11277.7,4236441.0,0.59,94.0881
2014-04-08,2.29,,,-0.775,6.2,101.9928,425546.0,-0.6285,11277.7,4236441.0,0.58,93.6579
2014-04-09,2.34,,,-0.775,6.2,101.9928,425546.0,-0.6285,11277.7,4244188.0,0.57,93.6716
2014-04-10,2.28,,,-0.775,6.2,101.9928,425546.0,-0.6285,11277.7,4244188.0,0.51,93.5123
2014-04-11,2.26,,,-0.773,6.2,101.9928,425546.0,-0.529,11277.7,4244188.0,0.5,93.6395
2014-04-14,2.28,,,-0.773,6.2,101.9928,425546.0,-0.529,11277.7,4244188.0,0.52,93.8046
2014-04-15,2.25,,,-0.773,6.2,101.9928,425546.0,-0.529,11277.7,4244188.0,0.5,93.9486
2014-04-16,2.26,,,-0.773,6.2,101.9928,425546.0,-0.529,11277.7,4283967.0,0.48,93.9461
2014-04-17,2.3,,,-0.773,6.2,101.9928,425546.0,-0.529,11277.7,4283967.0,0.52,93.8936
2014-04-18,2.3,,,-0.771,6.2,101.9928,425546.0,-0.6209,11277.7,4283967.0,0.52,93.9629
2014-04-21,2.31,,,-0.771,6.2,101.9928,425546.0,-0.6209,11277.7,4283967.0,0.53,94.0337
2014-04-22,2.28,,,-0.771,6.2,101.9928,425546.0,-0.6209,11277.7,4283967.0,0.52,94.0802
2014-04-23,2.27,,,-0.771,6.2,101.9928,425546.0,-0.6209,11277.7,4296339.0,0.49,94.149
2014-04-24,2.27,,,-0.771,6.2,101.9928,425546.0,-0.6209,11277.7,4296339.0,0.49,94.1294
2014-04-25,2.25,,,-0.77,6.2,101.9928,425546.0,-0.7279,11277.7,4296339.0,0.48,94.1623
2014-04-28,2.26,,,-0.77,6.2,101.9928,425546.0,-0.7279,11277.7,4296339.0,0.52,94.1374
2014-04-29,2.27,,,-0.77,6.2,101.9928,425546.0,-0.7279,11277.7,4296339.0,0.53,94.0295
2014-04-30,2.25,,,-0.77,6.2,101.9928,425546.0,-0.7279,11277.7,4296049.0,0.49,93.8896
2014-05-01,2.22,,,-0.77,6.3,102.3836,426253.0,-0.7279,11342.8,4296049.0,0.43,93.8707
2014-05-02,2.18,,,-0.771,6.3,102.3836,426253.0,-0.6678,11342.8,4296049.0,0.41,93.8182
2014-05-05,2.2,,,-0.771,6.3,102.3836,426253.0,-0.6678,11342.8,4296049.0,0.45,93.7334
2014-05-06,2.18,,,-0.771,6.3,102.3836,426253.0,-0.6678,11342.8,4296049.0,0.45,93.4324
2014-05-07,2.21,,,-0.771,6.3,102.3836,426253.0,-0.6678,11342.8,4303143.0,0.42,93.4337
2014-05-08,2.21,,,-0.771,6.3,102.3836,426253.0,-0.6678,11342.8,4303143.0,0.42,93.3686
2014-05-09,2.22,,,-0.774,6.3,102.3836,426253.0,-0.6723,11342.8,4303143.0,0.44,93.6614
2014-05-12,2.25,,,-0.774,6.3,102.3836,426253.0,-0.6723,11342.8,4303143.0,0.48,93.6537
2014-05-13,2.22,,,-0.774,6.3,102.3836,426253.0,-0.6723,11342.8,4303143.0,0.45,93.6755
2014-05-14,2.15,,,-0.774,6.3,102.3836,426253.0,-0.6723,11342.8,4336649.0,0.37,93.5968
2014-05-15,2.12,,,-0.774,6.3,102.3836,426253.0,-0.6723,11342.8,4336649.0,0.31,93.7065
2014-05-16,2.14,,,-0.778,6.3,102.3836,426253.0,-0.7055,11342.8,4336649.0,0.34,93.6073
2014-05-19,2.18,,,-0.778,6.3,102.3836,426253.0,-0.7055,11342.8,4336649.0,0.37,93.502
2014-05-20,2.17,,,-0.778,6.3,102.3836,426253.0,-0.7055,11342.8,4336649.0,0.35,93.6699
2014-05-21,2.17,,,-0.778,6.3,102.3836,426253.0,-0.7055,11342.8,4327560.0,0.36,93.7629
2014-05-22,2.19,,,-0.778,6.3,102.3836,426253.0,-0.7055,11342.8,4327560.0,0.35,93.6944
2014-05-23,2.17,,,-0.785,6.3,102.3836,426253.0,-0.7117,11342.8,4327560.0,0.32,93.7042
2014-05-26,2.17,,,-0.785,6.3,102.3836,426253.0,-0.7117,11342.8,4327560.0,0.32,93.7042
2014-05-27,2.13,,,-0.785,6.3,102.3836,426253.0,-0.7117,11342.8,4327560.0,0.31,93.8418
2014-05-28,2.07,,,-0.785,6.3,102.3836,426253.0,-0.7117,11342.8,4322654.0,0.22,93.8793
2014-05-29,2.08,,,-0.785,6.3,102.3836,426253.0,-0.7117,11342.8,4322654.0,0.22,93.6973
2014-05-30,2.11,,,-0.791,6.3,102.3836,426253.0,-0.7747,11342.8,4322654.0,0.26,93.7606
2014-06-01,2.11,,,-0.791,6.1,102.735,427305.0,-0.7747,11398.1,4322654.0,0.26,93.7606
2014-06-02,2.15,,,-0.791,6.1,102.735,427305.0,-0.7747,11398.1,4322654.0,0.32,94.0006
2014-06-03,2.19,,,-0.791,6.1,102.735,427305.0,-0.7747,11398.1,4322654.0,0.41,94.0536
2014-06-04,2.2,,,-0.791,6.1,102.735,427305.0,-0.7747,11398.1,4330917.0,0.44,94.1239
2014-06-05,2.19,,,-0.791,6.1,102.735,427305.0,-0.7747,11398.1,4330917.0,0.41,93.9732
2014-06-06,2.19,,,-0.794,6.1,102.735,427305.0,-0.7849,11398.1,4330917.0,0.4,93.9069
2014-06-09,2.19,,,-0.794,6.1,102.735,427305.0,-0.7849,11398.1,4330917.0,0.41,93.9628
2014-06-10,2.19,,,-0.794,6.1,102.735,427305.0,-0.7849,11398.1,4330917.0,0.43,94.0638
2014-06-11,2.21,,,-0.794,6.1,102.735,427305.0,-0.7849,11398.1,4340904.0,0.43,93.9744
2014-06-12,2.16,,,-0.794,6.1,102.735,427305.0,-0.7849,11398.1,4340904.0,0.39,93.8155
2014-06-13,2.15,,,-0.794,6.1,102.735,427305.0,-0.8061,11398.1,4340904.0,0.41,93.9168
2014-06-16,2.12,,,-0.794,6.1,102.735,427305.0,-0.8061,11398.1,4340904.0,0.41,93.8639
2014-06-17,2.15,,,-0.794,6.1,102.735,427305.0,-0.8061,11398.1,4340904.0,0.43,94.0829
2014-06-18,2.13,,,-0.794,6.1,102.735,427305.0,-0.8061,11398.1,4368168.0,0.38,94.0525
2014-06-19,2.16,,,-0.794,6.1,102.735,427305.0,-0.8061,11398.1,4368168.0,0.39,93.752
2014-06-20,2.13,,,-0.791,6.1,102.735,427305.0,-0.8165,11398.1,4368168.0,0.35,93.7591
2014-06-23,2.15,,,-0.791,6.1,102.735,427305.0,-0.8165,11398.1,4368168.0,0.35,93.628
2014-06-24,2.1,,,-0.791,6.1,102.735,427305.0,-0.8165,11398.1,4368168.0,0.31,93.7093
2014-06-25,2.09,,,-0.791,6.1,102.735,427305.0,-0.8165,11398.1,4368348.0,0.29,93.5851
2014-06-26,2.07,,,-0.791,6.1,102.735,427305.0,-0.8165,11398.1,4368348.0,0.26,93.5471
2014-06-27,2.09,,,-0.784,6.1,102.735,427305.0,-0.8072,11398.1,4368348.0,0.27,93.3983
2014-06-30,2.06,,,-0.784,6.1,102.735,427305.0,-0.8072,11398.1,4368348.0,0.27,93.2058
2014-07-01,2.11,,,-0.784,6.2,102.9632,428079.0,-0.8072,11453.0,4368348.0,0.32,93.1365
2014-07-02,2.15,,,-0.784,6.2,102.9632,428079.0,-0.8072,11453.0,4377031.0,0.38,93.2478
2014-07-03,2.13,,,-0.784,6.2,102.9632,428079.0,-0.8072,11453.0,4377031.0,0.37,93.3149
2014-07-04,2.13,,,-0.774,6.2,102.9632,428079.0,-0.7775,11453.0,4377031.0,0.37,93.3149
2014-07-07,2.11,,,-0.774,6.2,102.9632,428079.0,-0.7775,11453.0,4377031.0,0.36,93.3803
2014-07-08,2.07,,,-0.774,6.2,102.9632,428079.0,-0.7775,11453.0,4377031.0,0.31,93.323
2014-07-09,2.06,,,-0.774,6.2,102.9632,428079.0,-0.7775,11453.0,4383401.0,0.28,93.228
2014-07-10,2.09,,,-0.774,6.2,102.9632,428079.0,-0.7775,11453.0,4383401.0,0.27,93.3152
2014-07-11,2.05,,,-0.763,6.2,102.9632,428079.0,-0.7272,11453.0,4383401.0,0.25,93.4171
2014-07-14,2.07,,,-0.763,6.2,102.9632,428079.0,-0.7272,11453.0,4383401.0,0.28,93.4101
2014-07-15,2.07,,,-0.763,6.2,102.9632,428079.0,-0.7272,11453.0,4383401.0,0.31,93.5796
2014-07-16,2.05,,,-0.763,6.2,102.9632,428079.0,-0.7272,11453.0,4398201.0,0.32,93.5991
2014-07-17,2.0,,,-0.763,6.2,102.9632,428079.0,-0.7272,11453.0,4398201.0,0.24,93.6586
2014-07-18,1.99,,,-0.751,6.2,102.9632,428079.0,-0.6705,11453.0,4398201.0,0.26,93.6608
2014-07-21,1.98,,,-0.751,6.2,102.9632,428079.0,-0.6705,11453.0,4398201.0,0.25,93.6069
2014-07-22,1.99,,,-0.751,6.2,102.9632,428079.0,-0.6705,11453.0,4398201.0,0.25,93.6306
2014-07-23,1.98,,,-0.751,6.2,102.9632,428079.0,-0.6705,11453.0,4410746.0,0.25,93.5951
2014-07-24,1.99,,,-0.751,6.2,102.9632,428079.0,-0.6705,11453.0,4410746.0,0.25,93.6836
2014-07-25,1.95,,,-0.74,6.2,102.9632,428079.0,-0.6972,11453.0,4410746.0,0.2,93.8294
2014-07-28,1.96,,,-0.74,6.2,102.9632,428079.0,-0.6972,11453.0,4410746.0,0.22,93.83
2014-07-29,1.93,,,-0.74,6.2,102.9632,428079.0,-0.6972,11453.0,4410746.0,0.2,94.0443
2014-07-30,2.01,,,-0.74,6.2,102.9632,428079.0,-0.6972,11453.0,4406637.0,0.29,94.3473
2014-07-31,2.05,,,-0.74,6.2,102.9632,428079.0,-0.6972,11453.0,4406637.0,0.29,94.4467
2014-08-01,2.05,,,-0.731,6.1,102.7688,431379.0,-0.5704,11477.3,4406637.0,0.25,94.4754
2014-08-04,2.04,,,-0.731,6.1,102.7688,431379.0,-0.5704,11477.3,4406637.0,0.26,94.448
2014-08-05,2.02,,,-0.731,6.1,102.7688,431379.0,-0.5704,11477.3,4406637.0,0.25,94.6754
2014-08-06,2.01,,,-0.731,6.1,102.7688,431379.0,-0.5704,11477.3,4410111.0,0.24,94.6092
2014-08-07,1.99,,,-0.731,6.1,102.7688,431379.0,-0.5704,11477.3,4410111.0,0.19,94.6364
2014-08-08,1.99,,,-0.726,6.1,102.7688,431379.0,-0.4009,11477.3,4410111.0,0.19,94.6027
2014-08-11,1.97,,,-0.726,6.1,102.7688,431379.0,-0.4009,11477.3,4410111.0,0.19,94.4767
2014-08-12,2.01,,,-0.726,6.1,102.7688,431379.0,-0.4009,11477.3,4410111.0,0.22,94.5211
2014-08-13,2.0,,,-0.726,6.1,102.7688,431379.0,-0.4009,11477.3,4431923.0,0.2,94.4681
2014-08-14,1.98,,,-0.726,6.1,102.7688,431379.0,-0.4009,11477.3,4431923.0,0.19,94.3508
2014-08-15,1.92,,,-0.726,6.1,102.7688,431379.0,-0.6739,11477.3,4431923.0,0.16,94.2941
2014-08-18,1.95,,,-0.726,6.1,102.7688,431379.0,-0.6739,11477.3,4431923.0,0.21,94.2519
2014-08-19,1.94,,,-0.726,6.1,102.7688,431379.0,-0.6739,11477.3,4431923.0,0.23,94.4356
2014-08-20,1.94,,,-0.726,6.1,102.7688,431379.0,-0.6739,11477.3,4412924.0,0.26,94.5937
2014-08-21,1.92,,,-0.726,6.1,102.7688,431379.0,-0.6739,11477.3,4412924.0,0.24,94.673
2014-08-22,1.87,,,-0.725,6.1,102.7688,431379.0,-0.7322,11477.3,4412924.0,0.26,94.8012
2014-08-25,1.86,,,-0.725,6.1,102.7688,431379.0,-0.7322,11477.3,4412924.0,0.24,94.9159
2014-08-26,1.87,,,-0.725,6.1,102.7688,431379.0,-0.7322,11477.3,4412924.0,0.25,94.8617
2014-08-27,1.86,,,-0.725,6.1,102.7688,431379.0,-0.7322,11477.3,4413736.0,0.23,94.6863
2014-08-28,1.84,,,-0.725,6.1,102.7688,431379.0,-0.7322,11477.3,4413736.0,0.21,94.6947
2014-08-29,1.87,,,-0.723,6.1,102.7688,431379.0,-0.6705,11477.3,4413736.0,0.23,94.7251
2014-09-01,1.87,,,-0.723,5.9,103.0641,430189.0,-0.6705,11519.1,4413736.0,0.23,94.7251
2014-09-02,1.89,,,-0.723,5.9,103.0641,430189.0,-0.6705,11519.1,4413736.0,0.27,95.063
2014-09-03,1.89,,,-0.723,5.9,103.0641,430189.0,-0.6705,11519.1,4415587.0,0.24,94.8709
2014-09-04,1.91,,,-0.723,5.9,103.0641,430189.0,-0.6705,11519.1,4415587.0,0.28,95.2641
2014-09-05,1.94,,,-0.717,5.9,103.0641,430189.0,-0.616,11519.1,4415587.0,0.31,95.2203
2014-09-08,1.94,,,-0.717,5.9,103.0641,430189.0,-0.616,11519.1,4415587.0,0.35,95.4167
2014-09-09,1.94,,,-0.717,5.9,103.0641,430189.0,-0.616,11519.1,4415587.0,0.39,95.8811
2014-09-10,1.96,,,-0.717,5.9,103.0641,430189.0,-0.616,11519.1,4421408.0,0.44,95.8641
2014-09-11,1.96,,,-0.717,5.9,103.0641,430189.0,-0.616,11519.1,4421408.0,0.42,95.9184
2014-09-12,2.04,,,-0.706,5.9,103.0641,430189.0,-0.5209,11519.1,4421408.0,0.49,96.0748
2014-09-15,2.02,,,-0.706,5.9,103.0641,430189.0,-0.5209,11519.1,4421408.0,0.47,96.1195
2014-09-16,2.05,,,-0.706,5.9,103.0641,430189.0,-0.5209,11519.1,4421408.0,0.48,95.8483
2014-09-17,2.03,,,-0.706,5.9,103.0641,430189.0,-0.5209,11519.1,4449588.0,0.56,95.9106
2014-09-18,2.04,,,-0.706,5.9,103.0641,430189.0,-0.5209,11519.1,4449588.0,0.61,96.1284
2014-09-19,2.0,,,-0.691,5.9,103.0641,430189.0,-0.5276,11519.1,4449588.0,0.56,96.3417
2014-09-22,1.99,,,-0.691,5.9,103.0641,430189.0,-0.5276,11519.1,4449588.0,0.58,96.4625
2014-09-23,1.97,,,-0.691,5.9,103.0641,430189.0,-0.5276,11519.1,4449588.0,0.52,96.5112
2014-09-24,1.98,,,-0.691,5.9,103.0641,430189.0,-0.5276,11519.1,4459050.0,0.54,96.6574
2014-09-25,1.96,,,-0.691,5.9,103.0641,430189.0,-0.5276,11519.1,4459050.0,0.5,96.8988
2014-09-26,1.95,,,-0.674,5.9,103.0641,430189.0,-0.3619,11519.1,4459050.0,0.57,97.208
2014-09-29,1.92,,,-0.674,5.9,103.0641,430189.0,-0.3619,11519.1,4459050.0,0.55,97.3523
2014-09-30,1.94,,,-0.674,5.9,103.0641,430189.0,-0.3619,11519.1,4459050.0,0.55,97.5261
2014-10-01,1.89,,,-0.674,5.7,103.0764,431903.0,-0.3619,11593.1,4450260.0,0.46,97.5387
2014-10-02,1.91,,,-0.674,5.7,103.0764,431903.0,-0.3619,11593.1,4450260.0,0.49,97.3062
2014-10-03,1.88,,,-0.658,5.7,103.0764,431903.0,-0.3154,11593.1,4450260.0,0.52,97.9846
2014-10-06,1.89,,,-0.658,5.7,103.0764,431903.0,-0.3154,11593.1,4450260.0,0.5,97.5513
2014-10-07,1.84,,,-0.658,5.7,103.0764,431903.0,-0.3154,11593.1,4450260.0,0.44,97.4459
2014-10-08,1.89,,,-0.658,5.7,103.0764,431903.0,-0.3154,11593.1,4455403.0,0.39,97.4945
2014-10-09,1.88,,,-0.658,5.7,103.0764,431903.0,-0.3154,11593.1,4455403.0,0.37,97.1711
2014-10-10,1.86,,,-0.646,5.7,103.0764,431903.0,-0.2969,11593.1,4455403.0,0.35,97.4144
2014-10-13,1.86,,,-0.646,5.7,103.0764,431903.0,-0.2969,11593.1,4455403.0,0.35,97.4144
2014-10-14,1.82,,,-0.646,5.7,103.0764,431903.0,-0.2969,11593.1,4455403.0,0.29,97.3943
2014-10-15,1.81,,,-0.646,5.7,103.0764,431903.0,-0.2969,11593.1,4474360.0,0.29,97.3532
2014-10-16,1.82,,,-0.646,5.7,103.0764,431903.0,-0.2969,11593.1,4474360.0,0.28,97.2869
2014-10-17,1.83,,,-0.638,5.7,103.0764,431903.0,0.1507,11593.1,4474360.0,0.3,97.3067
2014-10-20,1.83,,,-0.638,5.7,103.0764,431903.0,0.1507,11593.1,4474360.0,0.29,97.2874
2014-10-21,1.85,,,-0.638,5.7,103.0764,431903.0,0.1507,11593.1,4474360.0,0.33,97.2488
2014-10-22,1.84,,,-0.638,5.7,103.0764,431903.0,0.1507,11593.1,4481616.0,0.34,97.459
2014-10-23,1.88,,,-0.638,5.7,103.0764,431903.0,0.1507,11593.1,4481616.0,0.38,97.6047
2014-10-24,1.88,,,-0.639,5.7,103.0764,431903.0,-0.4522,11593.1,4481616.0,0.39,97.4772
2014-10-27,1.86,,,-0.639,5.7,103.0764,431903.0,-0.4522,11593.1,4481616.0,0.38,97.5423
2014-10-28,1.88,,,-0.639,5.7,103.0764,431903.0,-0.4522,11593.1,4481616.0,0.39,97.2173
2014-10-29,1.86,,,-0.639,5.7,103.0764,431903.0,-0.4522,11593.1,4486754.0,0.42,97.0145
2014-10-30,1.84,,,-0.639,5.7,103.0764,431903.0,-0.4522,11593.1,4486754.0,0.42,97.456
2014-10-31,1.85,,,-0.644,5.7,103.0764,431903.0,-0.477,11593.1,4486754.0,0.43,98.1163
2014-11-01,1.85,,,-0.644,5.8,103.7126,433113.0,-0.477,11634.2,4486754.0,0.43,98.1163
2014-11-03,1.84,,,-0.644,5.8,103.7126,433113.0,-0.477,11634.2,4486754.0,0.43,98.5336
2014-11-04,1.83,,,-0.644,5.8,103.7126,433113.0,-0.477,11634.2,4486754.0,0.43,98.5576
2014-11-05,1.84,,,-0.644,5.8,103.7126,433113.0,-0.477,11634.2,4486585.0,0.43,98.8086
2014-11-06,1.85,,,-0.644,5.8,103.7126,433113.0,-0.477,11634.2,4486585.0,0.45,99.1325
2014-11-07,1.81,,,-0.651,5.8,103.7126,433113.0,-0.4423,11634.2,4486585.0,0.38,99.0236
2014-11-10,1.83,,,-0.651,5.8,103.7126,433113.0,-0.4423,11634.2,4486585.0,0.44,98.9305
2014-11-11,1.83,,,-0.651,5.8,103.7126,433113.0,-0.4423,11634.2,4486585.0,0.44,98.9305
2014-11-12,1.82,,,-0.651,5.8,103.7126,433113.0,-0.4423,11634.2,4488895.0,0.46,98.8897
2014-11-13,1.82,,,-0.651,5.8,103.7126,433113.0,-0.4423,11634.2,4488895.0,0.47,99.1045
2014-11-14,1.78,,,-0.657,5.8,103.7126,433113.0,-0.432,11634.2,4488895.0,0.43,99.0917
2014-11-17,1.8,,,-0.657,5.8,103.7126,433113.0,-0.432,11634.2,4488895.0,0.48,99.2188
2014-11-18,1.79,,,-0.657,5.8,103.7126,433113.0,-0.432,11634.2,4488895.0,0.48,99.0185
2014-11-19,1.82,,,-0.657,5.8,103.7126,433113.0,-0.432,11634.2,4492759.0,0.53,99.2424
2014-11-20,1.81,,,-0.657,5.8,103.7126,433113.0,-0.432,11634.2,4492759.0,0.49,99.2554
2014-11-21,1.78,,,-0.656,5.8,103.7126,433113.0,-0.307,11634.2,4492759.0,0.45,99.2894
2014-11-24,1.77,,,-0.656,5.8,103.7126,433113.0,-0.307,11634.2,4492759.0,0.44,99.4227
2014-11-25,1.76,,,-0.656,5.8,103.7126,433113.0,-0.307,11634.2,4492759.0,0.42,99.2837
2014-11-26,1.71,,,-0.656,5.8,103.7126,433113.0,-0.307,11634.2,4485931.0,0.42,99.1893
2014-11-27,1.71,,,-0.656,5.8,103.7126,433113.0,-0.307,11634.2,4485931.0,0.42,99.1893
2014-11-28,1.71,,,-0.65,5.8,103.7126,433113.0,-0.408,11634.2,4485931.0,0.39,100.0719
2014-12-01,1.73,,,-0.65,5.6,103.7044,430110.0,-0.408,11717.6,4485931.0,0.43,99.8964
2014-12-02,1.73,,,-0.65,5.6,103.7044,430110.0,-0.408,11717.6,4485931.0,0.51,100.4478
2014-12-03,1.72,,,-0.65,5.6,103.7044,430110.0,-0.408,11717.6,4486190.0,0.5,100.5696
2014-12-04,1.7,,,-0.65,5.6,103.7044,430110.0,-0.408,11717.6,4486190.0,0.48,100.3931
2014-12-05,1.66,,,-0.637,5.6,103.7044,430110.0,-0.2887,11717.6,4486190.0,0.56,101.0989
2014-12-08,1.62,,,-0.637,5.6,103.7044,430110.0,-0.2887,11717.6,4486190.0,0.55,101.31
2014-12-09,1.58,,,-0.637,5.6,103.7044,430110.0,-0.2887,11717.6,4486190.0,0.49,100.8095
2014-12-10,1.59,,,-0.637,5.6,103.7044,430110.0,-0.2887,11717.6,4488865.0,0.47,101.0212
2014-12-11,1.57,,,-0.637,5.6,103.7044,430110.0,-0.2887,11717.6,4488865.0,0.49,101.4448
2014-12-12,1.54,,,-0.617,5.6,103.7044,430110.0,-0.0111,11717.6,4488865.0,0.46,101.3735
2014-12-15,1.52,,,-0.617,5.6,103.7044,430110.0,-0.0111,11717.6,4488865.0,0.5,101.674
2014-12-16,1.49,,,-0.617,5.6,103.7044,430110.0,-0.0111,11717.6,4488865.0,0.42,101.526
2014-12-17,1.52,,,-0.617,5.6,103.7044,430110.0,-0.0111,11717.6,4502247.0,0.49,101.5527
2014-12-18,1.55,,,-0.617,5.6,103.7044,430110.0,-0.0111,11717.6,4502247.0,0.57,101.7531
2014-12-19,1.5,,,-0.594,5.6,103.7044,430110.0,0.0833,11717.6,4502247.0,0.49,102.0483
2014-12-22,1.46,,,-0.594,5.6,103.7044,430110.0,0.0833,11717.6,4502247.0,0.47,101.9942
2014-12-23,1.53,,,-0.594,5.6,103.7044,430110.0,0.0833,11717.6,4502247.0,0.56,102.348
2014-12-24,1.54,,,-0.594,5.6,103.7044,430110.0,0.0833,11717.6,4509462.0,0.59,102.3028
2014-12-25,1.54,,,-0.594,5.6,103.7044,430110.0,0.0833,11717.6,4509462.0,0.59,102.3028
2014-12-26,1.52,,,-0.572,5.6,103.7044,430110.0,-0.4853,11717.6,4509462.0,0.58,102.3028
2014-12-29,1.5,,,-0.572,5.6,103.7044,430110.0,-0.4853,11717.6,4509462.0,0.57,102.3767
2014-12-30,1.51,,,-0.572,5.6,103.7044,430110.0,-0.4853,11717.6,4509462.0,0.56,102.1019
2014-12-31,1.5,,,-0.572,5.6,103.7044,430110.0,-0.4853,11717.6,4497660.0,0.49,102.2843
2015-01-01,1.5,,,-0.572,5.7,102.8905,428208.0,-0.4853,11805.2,4497660.0,0.49,102.2843
2015-01-02,1.46,,,-0.549,5.7,102.8905,428208.0,-0.109,11805.2,4497660.0,0.41,102.9027
2015-01-05,1.36,,,-0.549,5.7,102.8905,428208.0,-0.109,11805.2,4497660.0,0.4,103.4976
2015-01-06,1.32,,,-0.549,5.7,102.8905,428208.0,-0.109,11805.2,4497660.0,0.41,103.2938
2015-01-07,1.34,,,-0.549,5.7,102.8905,428208.0,-0.109,11805.2,4499524.0,0.39,103.6316
2015-01-08,1.41,,,-0.549,5.7,102.8905,428208.0,-0.109,11805.2,4499524.0,0.41,103.2799
2015-01-09,1.39,,,-0.531,5.7,102.8905,428208.0,0.1468,11805.2,4499524.0,0.36,103.1213
2015-01-12,1.36,,,-0.531,5.7,102.8905,428208.0,0.1468,11805.2,4499524.0,0.35,103.2372
2015-01-13,1.37,,,-0.531,5.7,102.8905,428208.0,0.1468,11805.2,4499524.0,0.37,103.27
2015-01-14,1.35,,,-0.531,5.7,102.8905,428208.0,0.1468,11805.2,4516077.0,0.29,103.0903
2015-01-15,1.33,,,-0.531,5.7,102.8905,428208.0,0.1468,11805.2,4516077.0,0.19,103.0829
2015-01-16,1.34,,,-0.517,5.7,102.8905,428208.0,0.1499,11805.2,4516077.0,0.23,103.2189
2015-01-19,1.34,,,-0.517,5.7,102.8905,428208.0,0.1499,11805.2,4516077.0,0.23,103.2189
2015-01-20,1.29,,,-0.517,5.7,102.8905,428208.0,0.1499,11805.2,4516077.0,0.23,103.5233
2015-01-21,1.34,,,-0.517,5.7,102.8905,428208.0,0.1499,11805.2,4512936.0,0.26,103.7858
2015-01-22,1.37,,,-0.517,5.7,102.8905,428208.0,0.1499,11805.2,4512936.0,0.29,103.9271
2015-01-23,1.29,,,-0.509,5.7,102.8905,428208.0,-0.0184,11805.2,4512936.0,0.21,104.3676
2015-01-26,1.29,,,-0.509,5.7,102.8905,428208.0,-0.0184,11805.2,4512936.0,0.22,104.4818
2015-01-27,1.29,,,-0.509,5.7,102.8905,428208.0,-0.0184,11805.2,4512936.0,0.17,104.1646
2015-01-28,1.23,,,-0.509,5.7,102.8905,428208.0,-0.0184,11805.2,4500064.0,0.12,104.4737
2015-01-29,1.26,,,-0.509,5.7,102.8905,428208.0,-0.0184,11805.2,4500064.0,0.15,105.2763
2015-01-30,1.21,,,-0.506,5.7,102.8905,428208.0,0.006,11805.2,4500064.0,0.03,105.5884
2015-02-01,1.21,,,-0.506,5.5,102.2335,427119.0,0.006,11922.8,4500064.0,0.03,105.5884
2015-02-02,1.19,,,-0.506,5.5,102.2335,427119.0,0.006,11922.8,4500064.0,0.03,105.2058
2015-02-03,1.27,,,-0.506,5.5,102.2335,427119.0,0.006,11922.8,4500064.0,0.09,104.6063
2015-02-04,1.29,,,-0.506,5.5,102.2335,427119.0,0.006,11922.8,4500348.0,0.1,104.785
2015-02-05,1.31,,,-0.506,5.5,102.2335,427119.0,0.006,11922.8,4500348.0,0.13,104.4915
2015-02-06,1.3,,,-0.509,5.5,102.2335,427119.0,-0.1731,11922.8,4500348.0,0.24,105.1283
2015-02-09,1.31,,,-0.509,5.5,102.2335,427119.0,-0.1731,11922.8,4500348.0,0.25,104.9889
2015-02-10,1.34,,,-0.509,5.5,102.2335,427119.0,-0.1731,11922.8,4500348.0,0.31,105.2897
2015-02-11,1.33,,,-0.509,5.5,102.2335,427119.0,-0.1731,11922.8,4501685.0,0.32,105.7901
2015-02-12,1.38,,,-0.509,5.5,102.2335,427119.0,-0.1731,11922.8,4501685.0,0.33,104.9385
2015-02-13,1.36,,,-0.515,5.5,102.2335,427119.0,-0.2624,11922.8,4501685.0,0.34,104.8452
2015-02-16,1.36,,,-0.515,5.5,102.2335,427119.0,-0.2624,11922.8,4501685.0,0.34,104.8452
2015-02-17,1.44,,,-0.515,5.5,102.2335,427119.0,-0.2624,11922.8,4501685.0,0.43,104.8452
2015-02-18,1.45,,,-0.515,5.5,102.2335,427119.0,-0.2624,11922.8,4496851.0,0.36,105.2514
2015-02-19,1.44,,,-0.515,5.5,102.2335,427119.0,-0.2624,11922.8,4496851.0,0.37,105.1407
2015-02-20,1.46,,,-0.523,5.5,102.2335,427119.0,-0.2461,11922.8,4496851.0,0.38,105.3387
2015-02-23,1.42,,,-0.523,5.5,102.2335,427119.0,-0.2461,11922.8,4496851.0,0.34,105.5359
2015-02-24,1.39,,,-0.523,5.5,102.2335,427119.0,-0.2461,11922.8,4496851.0,0.27,105.5472
2015-02-25,1.35,,,-0.523,5.5,102.2335,427119.0,-0.2461,11922.8,4486725.0,0.24,105.0503
2015-02-26,1.37,,,-0.523,5.5,102.2335,427119.0,-0.2461,11922.8,4486725.0,0.24,105.5021
2015-02-27,1.37,,,-0.531,5.5,102.2335,427119.0,-0.2258,11922.8,4486725.0,0.17,105.5981
2015-03-01,1.37,,,-0.531,5.4,101.8914,433647.0,-0.2258,11920.5,4486725.0,0.17,105.5981
2015-03-02,1.42,,,-0.531,5.4,101.8914,433647.0,-0.2258,11920.5,4486725.0,0.25,105.8151
2015-03-03,1.44,,,-0.531,5.4,101.8914,433647.0,-0.2258,11920.5,4486725.0,0.26,105.5562
2015-03-04,1.46,,,-0.531,5.4,101.8914,433647.0,-0.2258,11920.5,4487583.0,0.25,106.1333
2015-03-05,1.46,,,-0.531,5.4,101.8914,433647.0,-0.2258,11920.5,4487583.0,0.27,106.1333
2015-03-06,1.51,,,-0.538,5.4,101.8914,433647.0,-0.2684,11920.5,4487583.0,0.41,107.4337
2015-03-09,1.5,,,-0.538,5.4,101.8914,433647.0,-0.2684,11920.5,4487583.0,0.44,107.5199
2015-03-10,1.44,,,-0.538,5.4,101.8914,433647.0,-0.2684,11920.5,4487583.0,0.41,108.1165
2015-03-11,1.41,,,-0.538,5.4,101.8914,433647.0,-0.2684,11920.5,4489279.0,0.39,108.5235
2015-03-12,1.43,,,-0.538,5.4,101.8914,433647.0,-0.2684,11920.5,4489279.0,0.39,108.1741
2015-03-13,1.45,,,-0.543,5.4,101.8914,433647.0,-0.1122,11920.5,4489279.0,0.44,108.9174
2015-03-16,1.44,,,-0.543,5.4,101.8914,433647.0,-0.1122,11920.5,4489279.0,0.45,108.6422
2015-03-17,1.36,,,-0.543,5.4,101.8914,433647.0,-0.1122,11920.5,4489279.0,0.42,108.5805
2015-03-18,1.36,,,-0.543,5.4,101.8914,433647.0,-0.1122,11920.5,4495888.0,0.23,108.408
2015-03-19,1.35,,,-0.543,5.4,101.8914,433647.0,-0.1122,11920.5,4495888.0,0.19,108.1826
2015-03-20,1.33,,,-0.547,5.4,101.8914,433647.0,-0.1374,11920.5,4495888.0,0.17,107.1671
2015-03-23,1.32,,,-0.547,5.4,101.8914,433647.0,-0.1374,11920.5,4495888.0,0.17,106.5022
2015-03-24,1.3,,,-0.547,5.4,101.8914,433647.0,-0.1374,11920.5,4495888.0,0.11,106.4401
2015-03-25,1.34,,,-0.547,5.4,101.8914,433647.0,-0.1374,11920.5,4480603.0,0.12,106.2636
2015-03-26,1.4,,,-0.547,5.4,101.8914,433647.0,-0.1374,11920.5,4480603.0,0.21,106.5582
2015-03-27,1.37,,,-0.55,5.4,101.8914,433647.0,-0.2033,11920.5,4480603.0,0.19,106.8916
2015-03-30,1.38,,,-0.55,5.4,101.8914,433647.0,-0.2033,11920.5,4480603.0,0.23,107.3941
2015-03-31,1.38,,,-0.55,5.4,101.8914,433647.0,-0.2033,11920.5,4480603.0,0.18,107.4396
2015-04-01,1.32,,,-0.55,5.4,101.3355,434470.0,-0.2033,11954.6,4481799.0,0.07,107.06
2015-04-02,1.37,,,-0.55,5.4,101.3355,434470.0,-0.2033,11954.6,4481799.0,0.11,106.6738
2015-04-03,1.36,,,-0.552,5.4,101.3355,434470.0,-0.1869,11954.6,4481799.0,0.02,105.8861
2015-04-06,1.41,,,-0.552,5.4,101.3355,434470.0,-0.1869,11954.6,4481799.0,0.07,105.7876
2015-04-07,1.37,,,-0.552,5.4,101.3355,434470.0,-0.1869,11954.6,4481799.0,0.04,106.4488
2015-04-08,1.38,,,-0.552,5.4,101.3355,434470.0,-0.1869,11954.6,4483419.0,0.08,106.4231
2015-04-09,1.41,,,-0.552,5.4,101.3355,434470.0,-0.1869,11954.6,4483419.0,0.13,107.0335
2015-04-10,1.39,,,-0.555,5.4,101.3355,434470.0,-0.3629,11954.6,4483419.0,0.14,107.4526
2015-04-13,1.4,,,-0.555,5.4,101.3355,434470.0,-0.3629,11954.6,4483419.0,0.14,107.7508
2015-04-14,1.37,,,-0.555,5.4,101.3355,434470.0,-0.3629,11954.6,4483419.0,0.1,107.0547
2015-04-15,1.4,,,-0.555,5.4,101.3355,434470.0,-0.3629,11954.6,4485366.0,0.07,107.1855
2015-04-16,1.4,,,-0.555,5.4,101.3355,434470.0,-0.3629,11954.6,4485366.0,0.05,106.2761
2015-04-17,1.36,,,-0.556,5.4,101.3355,434470.0,-0.3523,11954.6,4485366.0,-0.02,106.329
2015-04-20,1.35,,,-0.556,5.4,101.3355,434470.0,-0.3523,11954.6,4485366.0,0.01,106.4902
2015-04-21,1.37,,,-0.556,5.4,101.3355,434470.0,-0.3523,11954.6,4485366.0,0.06,106.5582
2015-04-22,1.42,,,-0.556,5.4,101.3355,434470.0,-0.3523,11954.6,4489695.0,0.12,106.5815
2015-04-23,1.41,,,-0.556,5.4,101.3355,434470.0,-0.3523,11954.6,4489695.0,0.07,106.1658
2015-04-24,1.39,,,-0.558,5.4,101.3355,434470.0,-0.3991,11954.6,4489695.0,0.04,105.905
2015-04-27,1.4,,,-0.558,5.4,101.3355,434470.0,-0.3991,11954.6,4489695.0,0.03,105.6891
2015-04-28,1.44,,,-0.558,5.4,101.3355,434470.0,-0.3991,11954.6,4489695.0,0.11,105.1234
2015-04-29,1.5,,,-0.558,5.4,101.3355,434470.0,-0.3991,11954.6,4471499.0,0.14,104.5634
2015-04-30,1.47,,,-0.558,5.4,101.3355,434470.0,-0.3991,11954.6,4471499.0,0.11,105.312
2015-05-01,1.52,,,-0.558,5.6,100.8883,437865.0,-0.3794,11982.6,4471499.0,0.18,105.6382
2015-05-04,1.56,,,-0.558,5.6,100.8883,437865.0,-0.3794,11982.6,4471499.0,0.24,105.6679
2015-05-05,1.57,,,-0.558,5.6,100.8883,437865.0,-0.3794,11982.6,4471499.0,0.25,105.2396
2015-05-06,1.6,,,-0.558,5.6,100.8883,437865.0,-0.3794,11982.6,4472703.0,0.34,104.6935
2015-05-07,1.55,,,-0.558,5.6,100.8883,437865.0,-0.3794,11982.6,4472703.0,0.3,105.1941
2015-05-08,1.57,,,-0.557,5.6,100.8883,437865.0,-0.3225,11982.6,4472703.0,0.28,104.8424
2015-05-11,1.66,,,-0.557,5.6,100.8883,437865.0,-0.3225,11982.6,4472703.0,0.4,105.3075
2015-05-12,1.67,,,-0.557,5.6,100.8883,437865.0,-0.3225,11982.6,4472703.0,0.4,104.8924
2015-05-13,1.68,,,-0.557,5.6,100.8883,437865.0,-0.3225,11982.6,4501188.0,0.41,104.3608
2015-05-14,1.67,,,-0.557,5.6,100.8883,437865.0,-0.3225,11982.6,4501188.0,0.36,104.2359
2015-05-15,1.59,,,-0.556,5.6,100.8883,437865.0,-0.2943,11982.6,4501188.0,0.31,104.0202
2015-05-18,1.65,,,-0.556,5.6,100.8883,437865.0,-0.2943,11982.6,4501188.0,0.37,104.6068
2015-05-19,1.64,,,-0.556,5.6,100.8883,437865.0,-0.2943,11982.6,4501188.0,0.42,105.3448
2015-05-20,1.66,,,-0.556,5.6,100.8883,437865.0,-0.2943,11982.6,4480384.0,0.38,105.5605
2015-05-21,1.59,,,-0.556,5.6,100.8883,437865.0,-0.2943,11982.6,4480384.0,0.35,105.3808
2015-05-22,1.57,,,-0.556,5.6,100.8883,437865.0,-0.2929,11982.6,4480384.0,0.34,105.8487
2015-05-25,1.57,,,-0.556,5.6,100.8883,437865.0,-0.2929,11982.6,4480384.0,0.34,105.8487
2015-05-26,1.5,,,-0.556,5.6,100.8883,437865.0,-0.2929,11982.6,4480384.0,0.32,106.7294
2015-05-27,1.5,,,-0.556,5.6,100.8883,437865.0,-0.2929,11982.6,4463981.0,0.34,106.908
2015-05-28,1.51,,,-0.556,5.6,100.8883,437865.0,-0.2929,11982.6,4463981.0,0.33,106.92
2015-05-29,1.51,,,-0.555,5.6,100.8883,437865.0,-0.1894,11982.6,4463981.0,0.32,106.7388
2015-06-01,1.55,,,-0.555,5.3,100.571,437951.0,-0.1894,12023.2,4463981.0,0.39,107.2238
2015-06-02,1.63,,,-0.555,5.3,100.571,437951.0,-0.1894,12023.2,4463981.0,0.44,106.4507
2015-06-03,1.69,,,-0.555,5.3,100.571,437951.0,-0.1894,12023.2,4465360.0,0.55,106.1443
2015-06-04,1.65,,,-0.555,5.3,100.571,437951.0,-0.1894,12023.2,4465360.0,0.5,106.4725
2015-06-05,1.68,,,-0.553,5.3,100.571,437951.0,-0.1937,12023.2,4465360.0,0.55,107.1336
2015-06-08,1.69,,,-0.553,5.3,100.571,437951.0,-0.1937,12023.2,4465360.0,0.54,106.7693
2015-06-09,1.7,,,-0.553,5.3,100.571,437951.0,-0.1937,12023.2,4465360.0,0.56,106.2238
2015-06-10,1.75,,,-0.553,5.3,100.571,437951.0,-0.1937,12023.2,4468005.0,0.63,105.8037
2015-06-11,1.66,,,-0.553,5.3,100.571,437951.0,-0.1937,12023.2,4468005.0,0.56,106.0934
2015-06-12,1.65,,,-0.552,5.3,100.571,437951.0,-0.2071,12023.2,4468005.0,0.55,105.9015
2015-06-15,1.64,,,-0.552,5.3,100.571,437951.0,-0.2071,12023.2,4468005.0,0.51,105.9989
2015-06-16,1.61,,,-0.552,5.3,100.571,437951.0,-0.2071,12023.2,4468005.0,0.44,106.0473
2015-06-17,1.65,,,-0.552,5.3,100.571,437951.0,-0.2071,12023.2,4487817.0,0.42,106.058
2015-06-18,1.69,,,-0.552,5.3,100.571,437951.0,-0.2071,12023.2,4487817.0,0.46,105.102
2015-06-19,1.61,,,-0.549,5.3,100.571,437951.0,-0.1604,12023.2,4487817.0,0.4,105.4496
2015-06-22,1.69,,,-0.549,5.3,100.571,437951.0,-0.1604,12023.2,4487817.0,0.47,105.3846
2015-06-23,1.72,,,-0.549,5.3,100.571,437951.0,-0.1604,12023.2,4487817.0,0.5,105.9678
2015-06-24,1.7,,,-0.549,5.3,100.571,437951.0,-0.1604,12023.2,4495055.0,0.48,106.2522
2015-06-25,1.72,,,-0.549,5.3,100.571,437951.0,-0.1604,12023.2,4495055.0,0.49,106.1515
2015-06-26,1.77,,,-0.546,5.3,100.571,437951.0,-0.3155,12023.2,4495055.0,0.57,106.4116
2015-06-29,1.69,,,-0.546,5.3,100.571,437951.0,-0.3155,12023.2,4495055.0,0.46,106.3785
2015-06-30,1.71,,,-0.546,5.3,100.571,437951.0,-0.3155,12023.2,4495055.0,0.48,106.5191
2015-07-01,1.74,,,-0.546,5.2,101.2228,441942.0,-0.3155,12067.0,4479130.0,0.54,107.0101
2015-07-02,1.76,,,-0.546,5.2,101.2228,441942.0,-0.3155,12067.0,4479130.0,0.49,106.9106
2015-07-03,1.76,,,-0.541,5.2,101.2228,441942.0,0.0725,12067.0,4479130.0,0.49,106.9106
2015-07-06,1.7,,,-0.541,5.2,101.2228,441942.0,0.0725,12067.0,4479130.0,0.43,107.1343
2015-07-07,1.69,,,-0.541,5.2,101.2228,441942.0,0.0725,12067.0,4479130.0,0.4,107.785
2015-07-08,1.67,,,-0.541,5.2,101.2228,441942.0,0.0725,12067.0,4481289.0,0.39,107.4734
2015-07-09,1.72,,,-0.541,5.2,101.2228,441942.0,0.0725,12067.0,4481289.0,0.47,107.5595
2015-07-10,1.77,,,-0.535,5.2,101.2228,441942.0,-0.0113,12067.0,4481289.0,0.55,107.213
2015-07-13,1.75,,,-0.535,5.2,101.2228,441942.0,-0.0113,12067.0,4481289.0,0.58,107.5849
2015-07-14,1.75,,,-0.535,5.2,101.2228,441942.0,-0.0113,12067.0,4481289.0,0.56,107.4843
2015-07-15,1.72,,,-0.535,5.2,101.2228,441942.0,-0.0113,12067.0,4493605.0,0.52,108.0149
2015-07-16,1.69,,,-0.535,5.2,101.2228,441942.0,-0.0113,12067.0,4493605.0,0.52,108.1726
2015-07-17,1.66,,,-0.529,5.2,101.2228,441942.0,-0.3396,12067.0,4493605.0,0.51,108.5374
2015-07-20,1.67,,,-0.529,5.2,101.2228,441942.0,-0.3396,12067.0,4493605.0,0.56,108.6944
2015-07-21,1.64,,,-0.529,5.2,101.2228,441942.0,-0.3396,12067.0,4493605.0,0.53,108.3893
2015-07-22,1.58,,,-0.529,5.2,101.2228,441942.0,-0.3396,12067.0,4500503.0,0.53,108.7817
2015-07-23,1.57,,,-0.529,5.2,101.2228,441942.0,-0.3396,12067.0,4500503.0,0.49,108.7565
2015-07-24,1.57,,,-0.519,5.2,101.2228,441942.0,-0.1824,12067.0,4500503.0,0.51,109.0174
2015-07-27,1.55,,,-0.519,5.2,101.2228,441942.0,-0.1824,12067.0,4500503.0,0.5,108.6924
2015-07-28,1.57,,,-0.519,5.2,101.2228,441942.0,-0.1824,12067.0,4500503.0,0.51,108.6881
2015-07-29,1.59,,,-0.519,5.2,101.2228,441942.0,-0.1824,12067.0,4485480.0,0.52,108.604
2015-07-30,1.56,,,-0.519,5.2,101.2228,441942.0,-0.1824,12067.0,4485480.0,0.51,109.4328
2015-07-31,1.53,,,-0.503,5.2,101.2228,441942.0,-0.0919,12067.0,4485480.0,0.46,108.7819
2015-08-01,1.53,,,-0.503,5.1,101.0367,441849.0,-0.0919,12112.0,4485480.0,0.46,108.7819
2015-08-03,1.48,,,-0.503,5.1,101.0367,441849.0,-0.0919,12112.0,4485480.0,0.46,109.214
2015-08-04,1.49,,,-0.503,5.1,101.0367,441849.0,-0.0919,12112.0,4485480.0,0.52,109.2244
2015-08-05,1.55,,,-0.503,5.1,101.0367,441849.0,-0.0919,12112.0,4486329.0,0.58,109.842
2015-08-06,1.52,,,-0.503,5.1,101.0367,441849.0,-0.0919,12112.0,4486329.0,0.56,109.722
2015-08-07,1.45,,,-0.482,5.1,101.0367,441849.0,-0.1401,12112.0,4486329.0,0.52,109.4376
2015-08-10,1.51,,,-0.482,5.1,101.0367,441849.0,-0.1401,12112.0,4486329.0,0.55,109.1931
2015-08-11,1.47,,,-0.482,5.1,101.0367,441849.0,-0.1401,12112.0,4486329.0,0.49,109.9464
2015-08-12,1.47,,,-0.482,5.1,101.0367,441849.0,-0.1401,12112.0,4489250.0,0.52,109.4655
2015-08-13,1.47,,,-0.482,5.1,101.0367,441849.0,-0.1401,12112.0,4489250.0,0.57,109.9025
2015-08-14,1.47,,,-0.459,5.1,101.0367,441849.0,-0.0468,12112.0,4489250.0,0.58,109.9174
2015-08-17,1.44,,,-0.459,5.1,101.0367,441849.0,-0.0468,12112.0,4489250.0,0.58,110.1435
2015-08-18,1.46,,,-0.459,5.1,101.0367,441849.0,-0.0468,12112.0,4489250.0,0.62,110.2504
2015-08-19,1.45,,,-0.459,5.1,101.0367,441849.0,-0.0468,12112.0,4487208.0,0.55,110.4333
2015-08-20,1.4,,,-0.459,5.1,101.0367,441849.0,-0.0468,12112.0,4487208.0,0.53,110.1077
2015-08-21,1.41,,,-0.434,5.1,101.0367,441849.0,0.1781,12112.0,4487208.0,0.52,110.1443
2015-08-24,1.42,,,-0.434,5.1,101.0367,441849.0,0.1781,12112.0,4487208.0,0.52,109.9306
2015-08-25,1.45,,,-0.434,5.1,101.0367,441849.0,0.1781,12112.0,4487208.0,0.59,110.3394
2015-08-26,1.51,,,-0.434,5.1,101.0367,441849.0,0.1781,12112.0,4475105.0,0.65,110.5807
2015-08-27,1.5,,,-0.434,5.1,101.0367,441849.0,0.1781,12112.0,4475105.0,0.6,110.4834
2015-08-28,1.47,,,-0.412,5.1,101.0367,441849.0,0.6738,12112.0,4475105.0,0.58,110.6714
2015-08-31,1.47,,,-0.412,5.1,101.0367,441849.0,0.6738,12112.0,4475105.0,0.58,110.5621
2015-09-01,1.47,,,-0.412,5.0,100.7547,439867.0,0.6738,12173.9,4475105.0,0.6,110.4506
2015-09-02,1.48,,,-0.412,5.0,100.7547,439867.0,0.6738,12173.9,4475886.0,0.64,110.7979
2015-09-03,1.47,,,-0.412,5.0,100.7547,439867.0,0.6738,12173.9,4475886.0,0.64,110.8566
2015-09-04,1.42,,,-0.398,5.0,100.7547,439867.0,0.2891,12173.9,4475886.0,0.62,111.1018
2015-09-07,1.42,,,-0.398,5.0,100.7547,439867.0,0.2891,12173.9,4475886.0,0.62,111.1018
2015-09-08,1.46,,,-0.398,5.0,100.7547,439867.0,0.2891,12173.9,4475886.0,0.67,110.7942
2015-09-09,1.46,,,-0.398,5.0,100.7547,439867.0,0.2891,12173.9,4478213.0,0.65,110.9225
2015-09-10,1.48,,,-0.398,5.0,100.7547,439867.0,0.2891,12173.9,4478213.0,0.64,110.6331
2015-09-11,1.49,,,-0.392,5.0,100.7547,439867.0,0.1827,12173.9,4478213.0,0.61,110.6109
2015-09-14,1.45,,,-0.392,5.0,100.7547,439867.0,0.1827,12173.9,4478213.0,0.62,110.5005
2015-09-15,1.46,,,-0.392,5.0,100.7547,439867.0,0.1827,12173.9,4478213.0,0.72,110.6394
2015-09-16,1.48,,,-0.392,5.0,100.7547,439867.0,0.1827,12173.9,4487809.0,0.73,110.1021
2015-09-17,1.51,,,-0.392,5.0,100.7547,439867.0,0.1827,12173.9,4487809.0,0.63,110.1212
2015-09-18,1.44,,,-0.391,5.0,100.7547,439867.0,0.1971,12173.9,4487809.0,0.58,109.8165
2015-09-21,1.48,,,-0.391,5.0,100.7547,439867.0,0.1971,12173.9,4487809.0,0.66,110.6414
2015-09-22,1.45,,,-0.391,5.0,100.7547,439867.0,0.1971,12173.9,4487809.0,0.63,111.1967
2015-09-23,1.46,,,-0.391,5.0,100.7547,439867.0,0.1971,12173.9,4497484.0,0.64,111.6287
2015-09-24,1.46,,,-0.391,5.0,100.7547,439867.0,0.1971,12173.9,4497484.0,0.64,111.4454
2015-09-25,1.47,,,-0.397,5.0,100.7547,439867.0,0.4258,12173.9,4497484.0,0.71,111.3725
2015-09-28,1.43,,,-0.397,5.0,100.7547,439867.0,0.4258,12173.9,4497484.0,0.71,111.3914
2015-09-29,1.41,,,-0.397,5.0,100.7547,439867.0,0.4258,12173.9,4497484.0,0.66,111.5219
2015-09-30,1.42,,,-0.397,5.0,100.7547,439867.0,0.4258,12173.9,4484111.0,0.65,111.3311
2015-10-01,1.41,,,-0.397,5.0,100.2675,438693.0,0.4258,12225.2,4484111.0,0.59,111.0439
2015-10-02,1.41,,,-0.408,5.0,100.2675,438693.0,0.6989,12225.2,4484111.0,0.51,110.7006
2015-10-05,1.46,,,-0.408,5.0,100.2675,438693.0,0.6989,12225.2,4484111.0,0.56,110.4445
2015-10-06,1.44,,,-0.408,5.0,100.2675,438693.0,0.6989,12225.2,4484111.0,0.53,110.1371
2015-10-07,1.43,,,-0.408,5.0,100.2675,438693.0,0.6989,12225.2,4486185.0,0.53,109.8162
2015-10-08,1.47,,,-0.408,5.0,100.2675,438693.0,0.6989,12225.2,4486185.0,0.54,109.6452
2015-10-09,1.47,,,-0.425,5.0,100.2675,438693.0,0.0776,12225.2,4486185.0,0.58,109.0782
2015-10-12,1.47,,,-0.425,5.0,100.2675,438693.0,0.0776,12225.2,4486185.0,0.58,109.0782
2015-10-13,1.42,,,-0.425,5.0,100.2675,438693.0,0.0776,12225.2,4486185.0,0.54,109.4119
2015-10-14,1.42,,,-0.425,5.0,100.2675,438693.0,0.0776,12225.2,4504704.0,0.5,109.1244
2015-10-15,1.43,,,-0.425,5.0,100.2675,438693.0,0.0776,12225.2,4504704.0,0.54,108.6671
2015-10-16,1.43,,,-0.441,5.0,100.2675,438693.0,0.1552,12225.2,4504704.0,0.56,108.9956
2015-10-19,1.43,,,-0.441,5.0,100.2675,438693.0,0.1552,12225.2,4504704.0,0.59,109.3858
2015-10-20,1.42,,,-0.441,5.0,100.2675,438693.0,0.1552,12225.2,4504704.0,0.6,109.3368
2015-10-21,1.4,,,-0.441,5.0,100.2675,438693.0,0.1552,12225.2,4501372.0,0.59,109.7746
2015-10-22,1.43,,,-0.441,5.0,100.2675,438693.0,0.1552,12225.2,4501372.0,0.57,110.0342
2015-10-23,1.43,,,-0.455,5.0,100.2675,438693.0,0.0318,12225.2,4501372.0,0.58,110.4329
2015-10-26,1.41,,,-0.455,5.0,100.2675,438693.0,0.0318,12225.2,4501372.0,0.59,110.2089
2015-10-27,1.4,,,-0.455,5.0,100.2675,438693.0,0.0318,12225.2,4501372.0,0.57,110.4875
2015-10-28,1.37,,,-0.455,5.0,100.2675,438693.0,0.0318,12225.2,4489339.0,0.63,110.2334
2015-10-29,1.44,,,-0.455,5.0,100.2675,438693.0,0.0318,12225.2,4489339.0,0.67,110.8083
2015-10-30,1.41,,,-0.466,5.0,100.2675,438693.0,-0.005,12225.2,4489339.0,0.63,110.2079
2015-11-01,1.41,,,-0.466,5.1,99.5298,440303.0,-0.005,12317.0,4489339.0,0.63,110.2079
2015-11-02,1.43,,,-0.466,5.1,99.5298,440303.0,-0.005,12317.0,4489339.0,0.65,110.2188
2015-11-03,1.43,,,-0.466,5.1,99.5298,440303.0,-0.005,12317.0,4489339.0,0.65,110.244
2015-11-04,1.41,,,-0.466,5.1,99.5298,440303.0,-0.005,12317.0,4489702.0,0.68,110.7139
2015-11-05,1.41,,,-0.466,5.1,99.5298,440303.0,-0.005,12317.0,4489702.0,0.71,110.8302
2015-11-06,1.44,,,-0.469,5.1,99.5298,440303.0,-0.081,12317.0,4489702.0,0.75,111.7603
2015-11-09,1.47,,,-0.469,5.1,99.5298,440303.0,-0.081,12317.0,4489702.0,0.76,111.9112
2015-11-10,1.45,,,-0.469,5.1,99.5298,440303.0,-0.081,12317.0,4489702.0,0.77,111.9919
2015-11-11,1.45,,,-0.469,5.1,99.5298,440303.0,-0.081,12317.0,4492012.0,0.77,111.9919
2015-11-12,1.43,,,-0.469,5.1,99.5298,440303.0,-0.081,12317.0,4492012.0,0.78,111.7965
2015-11-13,1.42,,,-0.465,5.1,99.5298,440303.0,0.1325,12317.0,4492012.0,0.76,112.0264
2015-11-16,1.39,,,-0.465,5.1,99.5298,440303.0,0.1325,12317.0,4492012.0,0.76,112.2199
2015-11-17,1.39,,,-0.465,5.1,99.5298,440303.0,0.1325,12317.0,4492012.0,0.72,112.3141
2015-11-18,1.37,,,-0.465,5.1,99.5298,440303.0,0.1325,12317.0,4486721.0,0.71,112.3663
2015-11-19,1.33,,,-0.465,5.1,99.5298,440303.0,0.1325,12317.0,4486721.0,0.68,111.5749
2015-11-20,1.33,,,-0.455,5.1,99.5298,440303.0,0.1054,12317.0,4486721.0,0.66,111.7799
2015-11-23,1.31,,,-0.455,5.1,99.5298,440303.0,0.1054,12317.0,4486721.0,0.64,112.1125
2015-11-24,1.31,,,-0.455,5.1,99.5298,440303.0,0.1054,12317.0,4486721.0,0.62,111.7638
2015-11-25,1.3,,,-0.455,5.1,99.5298,440303.0,0.1054,12317.0,4477088.0,0.62,111.8936
2015-11-26,1.3,,,-0.455,5.1,99.5298,440303.0,0.1054,12317.0,4477088.0,0.62,111.8936
2015-11-27,1.3,,,-0.44,5.1,99.5298,440303.0,0.05,12317.0,4477088.0,0.62,112.2824
2015-11-30,1.27,,,-0.44,5.1,99.5298,440303.0,0.05,12317.0,4477088.0,0.62,112.34
2015-12-01,1.24,,,-0.44,5.0,99.0417,442149.0,0.05,12387.9,4477088.0,0.58,112.1134
2015-12-02,1.24,,,-0.44,5.0,99.0417,442149.0,0.05,12387.9,4478069.0,0.62,112.3715
2015-12-03,1.37,,,-0.44,5.0,99.0417,442149.0,0.05,12387.9,4478069.0,0.72,111.6407
2015-12-04,1.32,,,-0.42,5.0,99.0417,442149.0,0.129,12387.9,4478069.0,0.68,111.5463
2015-12-07,1.29,,,-0.42,5.0,99.0417,442149.0,0.129,12387.9,4478069.0,0.67,112.3056
2015-12-08,1.3,,,-0.42,5.0,99.0417,442149.0,0.129,12387.9,4478069.0,0.68,112.5485
2015-12-09,1.29,,,-0.42,5.0,99.0417,442149.0,0.129,12387.9,4480436.0,0.69,112.1918
2015-12-10,1.29,,,-0.42,5.0,99.0417,442149.0,0.129,12387.9,4480436.0,0.73,112.2672
2015-12-11,1.25,,,-0.396,5.0,99.0417,442149.0,0.4614,12387.9,4480436.0,0.67,112.7147
2015-12-14,1.26,,,-0.396,5.0,99.0417,442149.0,0.4614,12387.9,4480436.0,0.78,112.7521
2015-12-15,1.3,,,-0.396,5.0,99.0417,442149.0,0.4614,12387.9,4480436.0,0.8,112.8609
2015-12-16,1.28,,,-0.396,5.0,99.0417,442149.0,0.4614,12387.9,4489593.0,0.84,112.9864
2015-12-17,1.24,,,-0.396,5.0,99.0417,442149.0,0.4614,12387.9,4489593.0,0.77,113.8177
2015-12-18,1.22,,,-0.372,5.0,99.0417,442149.0,0.5409,12387.9,4489593.0,0.73,113.2837
2015-12-21,1.24,,,-0.372,5.0,99.0417,442149.0,0.5409,12387.9,4489593.0,0.75,113.4144
2015-12-22,1.25,,,-0.372,5.0,99.0417,442149.0,0.5409,12387.9,4489593.0,0.78,113.211
2015-12-23,1.26,,,-0.372,5.0,99.0417,442149.0,0.5409,12387.9,4496523.0,0.76,113.1847
2015-12-24,1.22,,,-0.372,5.0,99.0417,442149.0,0.5409,12387.9,4496523.0,0.73,113.0496
2015-12-25,1.22,,,-0.35,5.0,99.0417,442149.0,0.3817,12387.9,4496523.0,0.73,113.0496
2015-12-28,1.19,,,-0.35,5.0,99.0417,442149.0,0.3817,12387.9,4496523.0,0.74,113.0461
2015-12-29,1.23,,,-0.35,5.0,99.0417,442149.0,0.3817,12387.9,4496523.0,0.79,113.1664
2015-12-30,1.23,,,-0.35,5.0,99.0417,442149.0,0.3817,12387.9,4486587.0,0.77,113.4707
2015-12-31,1.21,,,-0.35,5.0,99.0417,442149.0,0.3817,12387.9,4486587.0,0.73,113.3429
2016-01-01,1.21,,,-0.33,4.8,99.5607,439466.0,0.3189,12518.5,4486587.0,0.73,113.3429
2016-01-04,1.22,,,-0.33,4.8,99.5607,439466.0,0.3189,12518.5,4486587.0,0.69,114.1595
2016-01-05,1.21,,,-0.33,4.8,99.5607,439466.0,0.3189,12518.5,4486587.0,0.69,114.2649
2016-01-06,1.19,,,-0.33,4.8,99.5607,439466.0,0.3189,12518.5,4486606.0,0.65,114.6177
2016-01-07,1.2,,,-0.33,4.8,99.5607,439466.0,0.3189,12518.5,4486606.0,0.66,114.6516
2016-01-08,1.19,,,-0.312,4.8,99.5607,439466.0,0.7045,12518.5,4486606.0,0.65,115.0095
2016-01-11,1.23,,,-0.312,4.8,99.5607,439466.0,0.7045,12518.5,4486606.0,0.72,115.0139
2016-01-12,1.19,,,-0.312,4.8,99.5607,439466.0,0.7045,12518.5,4486606.0,0.69,115.3128
2016-01-13,1.17,,,-0.312,4.8,99.5607,439466.0,0.7045,12518.5,4501695.0,0.65,115.1425
2016-01-14,1.2,,,-0.312,4.8,99.5607,439466.0,0.7045,12518.5,4501695.0,0.67,115.3846
2016-01-15,1.18,,,-0.297,4.8,99.5607,439466.0,0.8724,12518.5,4501695.0,0.67,115.7404
2016-01-18,1.18,,,-0.297,4.8,99.5607,439466.0,0.8724,12518.5,4501695.0,0.67,115.7404
2016-01-19,1.18,,,-0.297,4.8,99.5607,439466.0,0.8724,12518.5,4501695.0,0.68,115.8155
2016-01-20,1.16,,,-0.297,4.8,99.5607,439466.0,0.8724,12518.5,4488840.0,0.69,116.3498
2016-01-21,1.18,,,-0.297,4.8,99.5607,439466.0,0.8724,12518.5,4488840.0,0.74,115.9833
2016-01-22,1.19,,,-0.284,4.8,99.5607,439466.0,0.9866,12518.5,4488840.0,0.72,115.9833
2016-01-25,1.15,,,-0.284,4.8,99.5607,439466.0,0.9866,12518.5,4488840.0,0.69,115.9833
2016-01-26,1.16,,,-0.284,4.8,99.5607,439466.0,0.9866,12518.5,4488840.0,0.65,115.9833
2016-01-27,1.18,,,-0.284,4.8,99.5607,439466.0,0.9866,12518.5,4482349.0,0.62,115.5087
2016-01-28,1.17,,,-0.284,4.8,99.5607,439466.0,0.9866,12518.5,4482349.0,0.58,115.2224
2016-01-29,1.18,,,-0.277,4.8,99.5607,439466.0,0.5418,12518.5,4482349.0,0.53,115.5731
2016-02-01,1.16,,,-0.277,4.9,99.0445,443117.0,0.5418,12603.9,4482349.0,0.57,115.3331
2016-02-02,1.12,,,-0.277,4.9,99.0445,443117.0,0.5418,12603.9,4482349.0,0.51,115.553
2016-02-03,1.16,,,-0.277,4.9,99.0445,443117.0,0.5418,12603.9,4483495.0,0.5,114.6144
2016-02-04,1.17,,,-0.277,4.9,99.0445,443117.0,0.5418,12603.9,4483495.0,0.51,113.6012
2016-02-05,1.12,,,-0.272,4.9,99.0445,443117.0,0.718,12603.9,4483495.0,0.53,114.2935
2016-02-08,1.09,,,-0.272,4.9,99.0445,443117.0,0.718,12603.9,4483495.0,0.52,114.4351
2016-02-09,1.05,,,-0.272,4.9,99.0445,443117.0,0.718,12603.9,4483495.0,0.53,114.127
2016-02-10,1.0,,,-0.272,4.9,99.0445,443117.0,0.718,12603.9,4486278.0,0.5,114.2877
2016-02-11,0.99,,,-0.272,4.9,99.0445,443117.0,0.718,12603.9,4486278.0,0.45,114.1845
2016-02-12,1.03,,,-0.273,4.9,99.0445,443117.0,1.2569,12603.9,4486278.0,0.49,114.2992
2016-02-15,1.03,,,-0.273,4.9,99.0445,443117.0,1.2569,12603.9,4486278.0,0.49,114.2992
2016-02-16,1.04,,,-0.273,4.9,99.0445,443117.0,1.2569,12603.9,4486278.0,0.53,114.4905
2016-02-17,1.07,,,-0.273,4.9,99.0445,443117.0,1.2569,12603.9,4483629.0,0.53,113.8634
2016-02-18,1.04,,,-0.273,4.9,99.0445,443117.0,1.2569,12603.9,4483629.0,0.51,113.8897
2016-02-19,1.0,,,-0.283,4.9,99.0445,443117.0,0.5754,12603.9,4483629.0,0.5,113.9558
2016-02-22,0.99,,,-0.283,4.9,99.0445,443117.0,0.5754,12603.9,4483629.0,0.46,113.8232
2016-02-23,0.98,,,-0.283,4.9,99.0445,443117.0,0.5754,12603.9,4483629.0,0.42,114.177
2016-02-24,1.0,,,-0.283,4.9,99.0445,443117.0,0.5754,12603.9,4489796.0,0.39,114.1716
2016-02-25,0.99,,,-0.283,4.9,99.0445,443117.0,0.5754,12603.9,4489796.0,0.32,113.9222
2016-02-26,0.96,,,-0.299,4.9,99.0445,443117.0,0.5553,12603.9,4489796.0,0.35,114.3708
2016-02-29,0.96,,,-0.299,4.9,99.0445,443117.0,0.5553,12603.9,4489796.0,0.32,114.2418
2016-03-01,0.98,,,-0.299,5.0,98.3096,441856.0,0.5553,12661.8,4489796.0,0.35,113.9265
2016-03-02,0.99,,,-0.299,5.0,98.3096,441856.0,0.5553,12661.8,4478485.0,0.33,113.7965
2016-03-03,0.98,,,-0.299,5.0,98.3096,441856.0,0.5553,12661.8,4478485.0,0.3,113.2482
2016-03-04,1.0,,,-0.318,5.0,98.3096,441856.0,0.2377,12661.8,4478485.0,0.37,112.6387
2016-03-07,1.0,,,-0.318,5.0,98.3096,441856.0,0.2377,12661.8,4478485.0,0.43,112.6219
2016-03-08,0.95,,,-0.318,5.0,98.3096,441856.0,0.2377,12661.8,4478485.0,0.37,112.8465
2016-03-09,1.0,,,-0.318,5.0,98.3096,441856.0,0.2377,12661.8,4481083.0,0.39,112.4268
2016-03-10,1.0,,,-0.318,5.0,98.3096,441856.0,0.2377,12661.8,4481083.0,0.45,112.4191
2016-03-11,1.01,,,-0.338,5.0,98.3096,441856.0,0.274,12661.8,4481083.0,0.44,111.741
2016-03-14,1.0,,,-0.338,5.0,98.3096,441856.0,0.274,12661.8,4481083.0,0.45,112.1688
2016-03-15,0.99,,,-0.338,5.0,98.3096,441856.0,0.274,12661.8,4481083.0,0.47,112.5545
2016-03-16,1.07,,,-0.338,5.0,98.3096,441856.0,0.274,12661.8,4486333.0,0.36,112.7759
2016-03-17,1.04,,,-0.338,5.0,98.3096,441856.0,0.274,12661.8,4486333.0,0.34,110.445
2016-03-18,1.04,,,-0.356,5.0,98.3096,441856.0,0.1613,12661.8,4486333.0,0.27,110.4002
2016-03-21,1.05,,,-0.356,5.0,98.3096,441856.0,0.1613,12661.8,4486333.0,0.28,110.737
2016-03-22,1.03,,,-0.356,5.0,98.3096,441856.0,0.1613,12661.8,4486333.0,0.31,110.7877
2016-03-23,1.01,,,-0.356,5.0,98.3096,441856.0,0.1613,12661.8,4492857.0,0.3,111.5473
2016-03-24,1.02,,,-0.356,5.0,98.3096,441856.0,0.1613,12661.8,4492857.0,0.34,111.816
2016-03-25,1.02,,,-0.369,5.0,98.3096,441856.0,0.1643,12661.8,4492857.0,0.34,111.7698
2016-03-28,1.0,,,-0.369,5.0,98.3096,441856.0,0.1643,12661.8,4492857.0,0.33,111.3578
2016-03-29,1.03,,,-0.369,5.0,98.3096,441856.0,0.1643,12661.8,4492857.0,0.2,111.3736
2016-03-30,1.07,,,-0.369,5.0,98.3096,441856.0,0.1643,12661.8,4482840.0,0.18,110.2301
2016-03-31,1.05,,,-0.369,5.0,98.3096,441856.0,0.1643,12661.8,4482840.0,0.16,109.9191
2016-04-01,1.03,,,-0.378,5.1,98.6421,444254.0,0.3824,12743.2,4482840.0,0.17,110.2977
2016-04-04,1.03,,,-0.378,5.1,98.6421,444254.0,0.3824,12743.2,4482840.0,0.14,110.3987
2016-04-05,1.01,,,-0.378,5.1,98.6421,444254.0,0.3824,12743.2,4482840.0,0.14,110.9478
2016-04-06,1.03,,,-0.378,5.1,98.6421,444254.0,0.3824,12743.2,4484069.0,0.17,110.5347
2016-04-07,1.0,,,-0.378,5.1,98.6421,444254.0,0.3824,12743.2,4484069.0,0.12,110.8876
2016-04-08,1.02,,,-0.383,5.1,98.6421,444254.0,0.3395,12743.2,4484069.0,0.14,110.4213
2016-04-11,1.03,,,-0.383,5.1,98.6421,444254.0,0.3395,12743.2,4484069.0,0.17,109.9758
2016-04-12,1.05,,,-0.383,5.1,98.6421,444254.0,0.3395,12743.2,4484069.0,0.22,109.816
2016-04-13,1.02,,,-0.383,5.1,98.6421,444254.0,0.3395,12743.2,4499729.0,0.21,110.1436
2016-04-14,1.03,,,-0.383,5.1,98.6421,444254.0,0.3395,12743.2,4499729.0,0.24,110.1691
2016-04-15,1.02,,,-0.386,5.1,98.6421,444254.0,0.0937,12743.2,4499729.0,0.2,110.1933
2016-04-18,1.03,,,-0.386,5.1,98.6421,444254.0,0.0937,12743.2,4499729.0,0.21,109.9892
2016-04-19,1.02,,,-0.386,5.1,98.6421,444254.0,0.0937,12743.2,4499729.0,0.19,109.2782
2016-04-20,1.05,,,-0.386,5.1,98.6421,444254.0,0.0937,12743.2,4490131.0,0.23,109.3926
2016-04-21,1.06,,,-0.386,5.1,98.6421,444254.0,0.0937,12743.2,4490131.0,0.24,109.8533
2016-04-22,1.05,,,-0.388,5.1,98.6421,444254.0,-0.0212,12743.2,4490131.0,0.25,110.2331
2016-04-25,1.06,,,-0.388,5.1,98.6421,444254.0,-0.0212,12743.2,4490131.0,0.26,110.1865
2016-04-26,1.08,,,-0.388,5.1,98.6421,444254.0,-0.0212,12743.2,4490131.0,0.27,109.7496
2016-04-27,1.04,,,-0.388,5.1,98.6421,444254.0,-0.0212,12743.2,4474665.0,0.19,109.8483
2016-04-28,1.06,,,-0.388,5.1,98.6421,444254.0,-0.0212,12743.2,4474665.0,0.12,109.2148
2016-04-29,1.06,,,-0.387,5.1,98.6421,444254.0,0.0697,12743.2,4474665.0,0.12,108.8274
2016-05-01,1.06,,,-0.387,4.8,98.4184,445490.0,0.0697,12802.0,4474665.0,0.12,108.8274
2016-05-02,1.08,,,-0.387,4.8,98.4184,445490.0,0.0697,12802.0,4474665.0,0.2,108.671
2016-05-03,1.06,,,-0.387,4.8,98.4184,445490.0,0.0697,12802.0,4474665.0,0.17,109.3613
2016-05-04,1.04,,,-0.387,4.8,98.4184,445490.0,0.0697,12802.0,4477270.0,0.16,109.9952
2016-05-05,1.04,,,-0.387,4.8,98.4184,445490.0,0.0697,12802.0,4477270.0,0.13,110.2417
2016-05-06,1.05,,,-0.385,4.8,98.4184,445490.0,0.2715,12802.0,4477270.0,0.18,110.3801
2016-05-09,1.05,,,-0.385,4.8,98.4184,445490.0,0.2715,12802.0,4477270.0,0.18,110.9466
2016-05-10,1.05,,,-0.385,4.8,98.4184,445490.0,0.2715,12802.0,4477270.0,0.15,110.8225
2016-05-11,0.99,,,-0.385,4.8,98.4184,445490.0,0.2715,12802.0,4478411.0,0.14,110.2806
2016-05-12,0.99,,,-0.385,4.8,98.4184,445490.0,0.2715,12802.0,4478411.0,0.15,110.6935
2016-05-13,0.95,,,-0.382,4.8,98.4184,445490.0,0.1811,12802.0,4478411.0,0.13,111.2521
2016-05-16,0.96,,,-0.382,4.8,98.4184,445490.0,0.1811,12802.0,4478411.0,0.15,111.1217
2016-05-17,0.94,,,-0.382,4.8,98.4184,445490.0,0.1811,12802.0,4478411.0,0.15,111.0867
2016-05-18,0.97,,,-0.382,4.8,98.4184,445490.0,0.1811,12802.0,4473741.0,0.26,111.4995
2016-05-19,0.96,,,-0.382,4.8,98.4184,445490.0,0.1811,12802.0,4473741.0,0.29,112.2331
2016-05-20,0.96,,,-0.378,4.8,98.4184,445490.0,0.077,12802.0,4473741.0,0.29,112.1822
2016-05-23,0.93,,,-0.378,4.8,98.4184,445490.0,0.077,12802.0,4473741.0,0.3,112.284
2016-05-24,0.94,,,-0.378,4.8,98.4184,445490.0,0.077,12802.0,4473741.0,0.31,112.2912
2016-05-25,0.95,,,-0.378,4.8,98.4184,445490.0,0.077,12802.0,4461111.0,0.29,112.2001
2016-05-26,0.96,,,-0.378,4.8,98.4184,445490.0,0.077,12802.0,4461111.0,0.25,111.8979
2016-05-27,0.95,,,-0.373,4.8,98.4184,445490.0,-0.0018,12802.0,4461111.0,0.27,112.0822
2016-05-30,0.95,,,-0.373,4.8,98.4184,445490.0,-0.0018,12802.0,4461111.0,0.27,112.0822
2016-05-31,0.97,,,-0.373,4.8,98.4184,445490.0,-0.0018,12802.0,4461111.0,0.3,112.4276
2016-06-01,0.94,,,-0.373,4.9,98.8833,450237.0,-0.0018,12852.5,4461393.0,0.31,112.462
2016-06-02,0.92,,,-0.373,4.9,98.8833,450237.0,-0.0018,12852.5,4461393.0,0.27,112.4564
2016-06-03,0.93,,,-0.367,4.9,98.8833,450237.0,0.1281,12852.5,4461393.0,0.19,111.4451
2016-06-06,0.93,,,-0.367,4.9,98.8833,450237.0,0.1281,12852.5,4461393.0,0.19,111.2295
2016-06-07,0.94,,,-0.367,4.9,98.8833,450237.0,0.1281,12852.5,4461393.0,0.15,110.8378
2016-06-08,0.93,,,-0.367,4.9,98.8833,450237.0,0.1281,12852.5,4463542.0,0.12,110.1916
2016-06-09,0.91,,,-0.367,4.9,98.8833,450237.0,0.1281,12852.5,4463542.0,0.12,110.6168
2016-06-10,0.91,,,-0.361,4.9,98.8833,450237.0,0.1559,12852.5,4463542.0,0.12,111.1027
2016-06-13,0.89,,,-0.361,4.9,98.8833,450237.0,0.1559,12852.5,4463542.0,0.15,111.5036
2016-06-14,0.88,,,-0.361,4.9,98.8833,450237.0,0.1559,12852.5,4463542.0,0.17,111.9826
2016-06-15,0.91,,,-0.361,4.9,98.8833,450237.0,0.1559,12852.5,4472817.0,0.13,111.7671
2016-06-16,0.87,,,-0.361,4.9,98.8833,450237.0,0.1559,12852.5,4472817.0,0.15,112.2347
2016-06-17,0.92,,,-0.354,4.9,98.8833,450237.0,0.5697,12852.5,4472817.0,0.2,111.5332
2016-06-20,0.93,,,-0.354,4.9,98.8833,450237.0,0.5697,12852.5,4472817.0,0.24,110.8693
2016-06-21,0.95,,,-0.354,4.9,98.8833,450237.0,0.5697,12852.5,4472817.0,0.28,111.0077
2016-06-22,0.94,,,-0.354,4.9,98.8833,450237.0,0.5697,12852.5,4482009.0,0.25,110.7681
2016-06-23,0.96,,,-0.354,4.9,98.8833,450237.0,0.5697,12852.5,4482009.0,0.24,110.262
2016-06-24,0.93,,,-0.35,4.9,98.8833,450237.0,0.258,12852.5,4482009.0,0.15,112.1355
2016-06-27,0.85,,,-0.35,4.9,98.8833,450237.0,0.258,12852.5,4482009.0,0.12,113.1301
2016-06-28,0.85,,,-0.35,4.9,98.8833,450237.0,0.258,12852.5,4482009.0,0.09,112.7545
2016-06-29,0.88,,,-0.35,4.9,98.8833,450237.0,0.258,12852.5,4466482.0,0.1,111.8597
2016-06-30,0.91,,,-0.35,4.9,98.8833,450237.0,0.258,12852.5,4466482.0,0.09,112.1618
2016-07-01,0.87,,,-0.348,4.8,98.9992,449789.0,0.5856,12911.9,4466482.0,0.03,111.6509
2016-07-04,0.87,,,-0.348,4.8,98.9992,449789.0,0.5856,12911.9,4466482.0,0.03,111.6509
2016-07-05,0.81,,,-0.348,4.8,98.9992,449789.0,0.5856,12911.9,4466482.0,-0.03,112.4231
2016-07-06,0.8,,,-0.348,4.8,98.9992,449789.0,0.5856,12911.9,4470605.0,-0.05,112.5438
2016-07-07,0.82,,,-0.348,4.8,98.9992,449789.0,0.5856,12911.9,4470605.0,-0.03,112.5775
2016-07-08,0.76,,,-0.351,4.8,98.9992,449789.0,0.2093,12911.9,4470605.0,-0.06,112.3963
2016-07-11,0.77,,,-0.351,4.8,98.9992,449789.0,0.2093,12911.9,4470605.0,0.01,112.5254
2016-07-12,0.84,,,-0.351,4.8,98.9992,449789.0,0.2093,12911.9,4470605.0,0.07,112.1102
2016-07-13,0.8,,,-0.351,4.8,98.9992,449789.0,0.2093,12911.9,4472202.0,0.03,112.0266
2016-07-14,0.85,,,-0.351,4.8,98.9992,449789.0,0.2093,12911.9,4472202.0,0.08,111.7692
2016-07-15,0.89,,,-0.357,4.8,98.9992,449789.0,-0.0995,12911.9,4472202.0,0.11,112.2833
2016-07-18,0.91,,,-0.357,4.8,98.9992,449789.0,-0.0995,12911.9,4472202.0,0.1,112.2463
2016-07-19,0.86,,,-0.357,4.8,98.9992,449789.0,-0.0995,12911.9,4472202.0,0.12,112.638
2016-07-20,0.86,,,-0.357,4.8,98.9992,449789.0,-0.0995,12911.9,4480973.0,0.13,112.6743
2016-07-21,0.87,,,-0.357,4.8,98.9992,449789.0,-0.0995,12911.9,4480973.0,0.05,112.6239
2016-07-22,0.86,,,-0.363,4.8,98.9992,449789.0,0.094,12911.9,4480973.0,0.06,112.989
2016-07-25,0.86,,,-0.363,4.8,98.9992,449789.0,0.094,12911.9,4480973.0,0.08,113.1784
2016-07-26,0.82,,,-0.363,4.8,98.9992,449789.0,0.094,12911.9,4480973.0,0.07,113.0593
2016-07-27,0.79,,,-0.363,4.8,98.9992,449789.0,0.094,12911.9,4464498.0,0.03,113.217
2016-07-28,0.8,,,-0.363,4.8,98.9992,449789.0,0.094,12911.9,4464498.0,0.0,112.7393
2016-07-29,0.79,,,-0.368,4.8,98.9992,449789.0,0.2379,12911.9,4464498.0,-0.03,111.874
2016-08-01,0.84,,,-0.368,4.9,98.85,449946.0,0.2379,12989.7,4464498.0,0.05,111.9757
2016-08-02,0.88,,,-0.368,4.9,98.85,449946.0,0.2379,12989.7,4464498.0,0.11,111.7124
2016-08-03,0.88,,,-0.368,4.9,98.85,449946.0,0.2379,12989.7,4466793.0,0.09,111.9419
2016-08-04,0.87,,,-0.368,4.9,98.85,449946.0,0.2379,12989.7,4466793.0,0.04,111.9149
2016-08-05,0.87,,,-0.371,4.9,98.85,449946.0,0.3582,12989.7,4466793.0,0.09,112.3589
2016-08-08,0.85,,,-0.371,4.9,98.85,449946.0,0.3582,12989.7,4466793.0,0.08,112.1456
2016-08-09,0.84,,,-0.371,4.9,98.85,449946.0,0.3582,12989.7,4466793.0,0.06,111.722
2016-08-10,0.81,,,-0.371,4.9,98.85,449946.0,0.3582,12989.7,4468929.0,0.06,111.3238
2016-08-11,0.81,,,-0.371,4.9,98.85,449946.0,0.3582,12989.7,4468929.0,0.1,111.1954
2016-08-12,0.8,,,-0.372,4.9,98.85,449946.0,0.2139,12989.7,4468929.0,0.07,111.1787
2016-08-15,0.83,,,-0.372,4.9,98.85,449946.0,0.2139,12989.7,4468929.0,0.1,110.9212
2016-08-16,0.81,,,-0.372,4.9,98.85,449946.0,0.2139,12989.7,4468929.0,0.13,110.4295
2016-08-17,0.82,,,-0.372,4.9,98.85,449946.0,0.2139,12989.7,4466476.0,0.09,110.9459
2016-08-18,0.82,,,-0.372,4.9,98.85,449946.0,0.2139,12989.7,4466476.0,0.06,110.3134
2016-08-19,0.82,,,-0.369,4.9,98.85,449946.0,0.1945,12989.7,4466476.0,0.1,110.8163
2016-08-22,0.79,,,-0.369,4.9,98.85,449946.0,0.1945,12989.7,4466476.0,0.08,110.9997
2016-08-23,0.81,,,-0.369,4.9,98.85,449946.0,0.1945,12989.7,4466476.0,0.07,110.9414
2016-08-24,0.8,,,-0.369,4.9,98.85,449946.0,0.1945,12989.7,4473840.0,0.08,111.2958
2016-08-25,0.8,,,-0.369,4.9,98.85,449946.0,0.1945,12989.7,4473840.0,0.09,111.1726
2016-08-26,0.78,,,-0.364,4.9,98.85,449946.0,0.2721,12989.7,4473840.0,0.15,111.2035
2016-08-29,0.76,,,-0.364,4.9,98.85,449946.0,0.2721,12989.7,4473840.0,0.11,111.8775
2016-08-30,0.77,,,-0.364,4.9,98.85,449946.0,0.2721,12989.7,4473840.0,0.11,112.2928
2016-08-31,0.78,,,-0.364,4.9,98.85,449946.0,0.2721,12989.7,4457907.0,0.11,112.4036
2016-09-01,0.79,,,-0.364,5.0,98.7457,453056.0,0.2721,13054.9,4457907.0,0.12,112.1733
2016-09-02,0.8,,,-0.357,5.0,98.7457,453056.0,0.285,13054.9,4457907.0,0.13,112.0009
2016-09-05,0.8,,,-0.357,5.0,98.7457,453056.0,0.285,13054.9,4457907.0,0.13,112.0009
2016-09-06,0.81,,,-0.357,5.0,98.7457,453056.0,0.285,13054.9,4457907.0,0.06,110.9613
2016-09-07,0.8,,,-0.357,5.0,98.7457,453056.0,0.285,13054.9,4459394.0,0.03,110.9717
2016-09-08,0.83,,,-0.357,5.0,98.7457,453056.0,0.285,13054.9,4459394.0,0.09,111.2609
2016-09-09,0.88,,,-0.35,5.0,98.7457,453056.0,0.2961,13054.9,4459394.0,0.17,111.9879
2016-09-12,0.89,,,-0.35,5.0,98.7457,453056.0,0.2961,13054.9,4459394.0,0.17,112.1516
2016-09-13,0.93,,,-0.35,5.0,98.7457,453056.0,0.2961,13054.9,4459394.0,0.24,112.5207
2016-09-14,0.93,,,-0.35,5.0,98.7457,453056.0,0.2961,13054.9,4481635.0,0.21,112.4678
2016-09-15,0.97,,,-0.35,5.0,98.7457,453056.0,0.2961,13054.9,4481635.0,0.22,112.4753
2016-09-16,0.93,,,-0.345,5.0,98.7457,453056.0,0.5018,13054.9,4481635.0,0.19,113.1765
2016-09-19,0.91,,,-0.345,5.0,98.7457,453056.0,0.5018,13054.9,4481635.0,0.2,112.903
2016-09-20,0.9,,,-0.345,5.0,98.7457,453056.0,0.5018,13054.9,4481635.0,0.2,113.1848
2016-09-21,0.87,,,-0.345,5.0,98.7457,453056.0,0.5018,13054.9,4473032.0,0.15,112.9842
2016-09-22,0.84,,,-0.345,5.0,98.7457,453056.0,0.5018,13054.9,4473032.0,0.08,112.2592
2016-09-23,0.85,,,-0.344,5.0,98.7457,453056.0,0.3339,13054.9,4473032.0,0.05,112.7166
2016-09-26,0.83,,,-0.344,5.0,98.7457,453056.0,0.3339,13054.9,4473032.0,0.05,112.7112
2016-09-27,0.81,,,-0.344,5.0,98.7457,453056.0,0.3339,13054.9,4473032.0,0.04,112.5515
2016-09-28,0.82,,,-0.344,5.0,98.7457,453056.0,0.3339,13054.9,4452002.0,0.01,112.6283
2016-09-29,0.83,,,-0.344,5.0,98.7457,453056.0,0.3339,13054.9,4452002.0,0.02,112.2879
2016-09-30,0.83,,,-0.347,5.0,98.7457,453056.0,0.3135,13054.9,4452002.0,0.0,112.2795
2016-10-01,0.83,,,-0.347,4.9,98.7611,453847.0,0.3135,13122.8,4452002.0,0.0,112.2795
2016-10-03,0.83,,,-0.347,4.9,98.7611,453847.0,0.3135,13122.8,4452002.0,0.0,112.5077
2016-10-04,0.87,,,-0.347,4.9,98.7611,453847.0,0.3135,13122.8,4452002.0,0.07,112.6579
2016-10-05,0.87,,,-0.347,4.9,98.7611,453847.0,0.3135,13122.8,4459407.0,0.1,112.7946
2016-10-06,0.89,,,-0.347,4.9,98.7611,453847.0,0.3135,13122.8,4459407.0,0.11,113.0066
2016-10-07,0.9,,,-0.354,4.9,98.7611,453847.0,0.0905,13122.8,4459407.0,0.1,113.2915
2016-10-10,0.9,,,-0.354,4.9,98.7611,453847.0,0.0905,13122.8,4459407.0,0.1,113.2915
2016-10-11,0.9,,,-0.354,4.9,98.7611,453847.0,0.0905,13122.8,4459407.0,0.13,113.4461
2016-10-12,0.92,,,-0.354,4.9,98.7611,453847.0,0.0905,13122.8,4457698.0,0.15,113.7442
2016-10-13,0.9,,,-0.354,4.9,98.7611,453847.0,0.0905,13122.8,4457698.0,0.12,113.6238
2016-10-14,0.96,,,-0.363,4.9,98.7611,453847.0,0.2257,13122.8,4457698.0,0.13,113.7119
2016-10-17,0.96,,,-0.363,4.9,98.7611,453847.0,0.2257,13122.8,4457698.0,0.09,113.5488
2016-10-18,0.93,,,-0.363,4.9,98.7611,453847.0,0.2257,13122.8,4457698.0,0.09,113.1393
2016-10-19,0.95,,,-0.363,4.9,98.7611,453847.0,0.2257,13122.8,4467382.0,0.08,113.0547
2016-10-20,0.92,,,-0.363,4.9,98.7611,453847.0,0.2257,13122.8,4467382.0,0.08,113.4033
2016-10-21,0.9,,,-0.374,4.9,98.7611,453847.0,0.1835,13122.8,4467382.0,0.07,113.9015
2016-10-24,0.93,,,-0.374,4.9,98.7611,453847.0,0.1835,13122.8,4467382.0,0.11,113.8571
2016-10-25,0.91,,,-0.374,4.9,98.7611,453847.0,0.1835,13122.8,4467382.0,0.07,113.6801
2016-10-26,0.93,,,-0.374,4.9,98.7611,453847.0,0.1835,13122.8,4454326.0,0.08,113.8131
2016-10-27,0.98,,,-0.374,4.9,98.7611,453847.0,0.1835,13122.8,4454326.0,0.13,114.1998
2016-10-28,1.0,,,-0.387,4.9,98.7611,453847.0,0.1081,13122.8,4454326.0,0.13,114.0931
2016-10-31,0.98,,,-0.387,4.9,98.7611,453847.0,0.1081,13122.8,4454326.0,0.11,114.0188
2016-11-01,1.0,,,-0.387,4.7,98.3491,453892.0,0.1081,13208.7,4454326.0,0.11,113.9915
2016-11-02,1.0,,,-0.387,4.7,98.3491,453892.0,0.1081,13208.7,4453087.0,0.11,113.9206
2016-11-03,1.01,,,-0.387,4.7,98.3491,453892.0,0.1081,13208.7,4453087.0,0.14,113.7664
2016-11-04,0.99,,,-0.399,4.7,98.3491,453892.0,0.4959,13208.7,4453087.0,0.11,113.5828
2016-11-07,1.01,,,-0.399,4.7,98.3491,453892.0,0.4959,13208.7,4453087.0,0.12,113.5443
2016-11-08,1.01,,,-0.399,4.7,98.3491,453892.0,0.4959,13208.7,4453087.0,0.15,113.3017
2016-11-09,1.17,,,-0.399,4.7,98.3491,453892.0,0.4959,13208.7,4455087.0,0.25,114.6956
2016-11-10,1.23,,,-0.399,4.7,98.3491,453892.0,0.4959,13208.7,4455087.0,0.27,115.9375
2016-11-11,1.23,,,-0.413,4.7,98.3491,453892.0,-0.0109,13208.7,4455087.0,0.27,115.9375
2016-11-14,1.23,,,-0.413,4.7,98.3491,453892.0,-0.0109,13208.7,4455087.0,0.4,117.2245
2016-11-15,1.21,,,-0.413,4.7,98.3491,453892.0,-0.0109,13208.7,4455087.0,0.41,116.7724
2016-11-16,1.22,,,-0.413,4.7,98.3491,453892.0,-0.0109,13208.7,4453633.0,0.39,116.8062
2016-11-17,1.25,,,-0.413,4.7,98.3491,453892.0,-0.0109,13208.7,4453633.0,0.42,116.8952
2016-11-18,1.27,,,-0.426,4.7,98.3491,453892.0,-0.0349,13208.7,4453633.0,0.44,117.5936
2016-11-21,1.25,,,-0.426,4.7,98.3491,453892.0,-0.0349,13208.7,4453633.0,0.42,117.4762
2016-11-22,1.24,,,-0.426,4.7,98.3491,453892.0,-0.0349,13208.7,4453633.0,0.41,117.4508
2016-11-23,1.24,,,-0.426,4.7,98.3491,453892.0,-0.0349,13208.7,4465782.0,0.44,118.0356
2016-11-24,1.24,,,-0.426,4.7,98.3491,453892.0,-0.0349,13208.7,4465782.0,0.44,118.0356
2016-11-25,1.24,,,-0.437,4.7,98.3491,453892.0,-0.1152,13208.7,4465782.0,0.47,118.02
2016-11-28,1.21,,,-0.437,4.7,98.3491,453892.0,-0.1152,13208.7,4465782.0,0.47,117.7278
2016-11-29,1.21,,,-0.437,4.7,98.3491,453892.0,-0.1152,13208.7,4465782.0,0.44,117.644
2016-11-30,1.26,,,-0.437,4.7,98.3491,453892.0,-0.1152,13208.7,4446307.0,0.43,117.7636
2016-12-01,1.31,,,-0.437,4.7,99.0214,459305.0,-0.1152,13234.9,4446307.0,0.48,117.6642
2016-12-02,1.29,,,-0.447,4.7,99.0214,459305.0,-0.0048,13234.9,4446307.0,0.49,117.3116
2016-12-05,1.26,,,-0.447,4.7,99.0214,459305.0,-0.0048,13234.9,4446307.0,0.45,117.1008
2016-12-06,1.27,,,-0.447,4.7,99.0214,459305.0,-0.0048,13234.9,4446307.0,0.44,116.9225
2016-12-07,1.24,,,-0.447,4.7,99.0214,459305.0,-0.0048,13234.9,4448618.0,0.42,116.672
2016-12-08,1.28,,,-0.447,4.7,99.0214,459305.0,-0.0048,13234.9,4448618.0,0.45,117.0327
2016-12-09,1.32,,,-0.455,4.7,99.0214,459305.0,-0.255,13234.9,4448618.0,0.51,117.2834
2016-12-12,1.34,,,-0.455,4.7,99.0214,459305.0,-0.255,13234.9,4448618.0,0.51,116.9161
2016-12-13,1.31,,,-0.455,4.7,99.0214,459305.0,-0.255,13234.9,4448618.0,0.53,116.8029
2016-12-14,1.27,,,-0.455,4.7,99.0214,459305.0,-0.255,13234.9,4470973.0,0.6,116.7332
2016-12-15,1.31,,,-0.455,4.7,99.0214,459305.0,-0.255,13234.9,4470973.0,0.7,118.8072
2016-12-16,1.32,,,-0.462,4.7,99.0214,459305.0,-0.1533,13234.9,4470973.0,0.74,118.3584
2016-12-19,1.3,,,-0.462,4.7,99.0214,459305.0,-0.1533,13234.9,4470973.0,0.68,118.3875
2016-12-20,1.32,,,-0.462,4.7,99.0214,459305.0,-0.1533,13234.9,4470973.0,0.67,118.63
2016-12-21,1.34,,,-0.462,4.7,99.0214,459305.0,-0.1533,13234.9,4469089.0,0.64,118.581
2016-12-22,1.33,,,-0.462,4.7,99.0214,459305.0,-0.1533,13234.9,4469089.0,0.6,118.8209
2016-12-23,1.33,,,-0.468,4.7,99.0214,459305.0,-0.0973,13234.9,4469089.0,0.58,118.7856
2016-12-26,1.33,,,-0.468,4.7,99.0214,459305.0,-0.0973,13234.9,4469089.0,0.58,118.7856
2016-12-27,1.29,,,-0.468,4.7,99.0214,459305.0,-0.0973,13234.9,4469089.0,0.58,118.9506
2016-12-28,1.25,,,-0.468,4.7,99.0214,459305.0,-0.0973,13234.9,4451451.0,0.56,119.2305
2016-12-29,1.27,,,-0.468,4.7,99.0214,459305.0,-0.0973,13234.9,4451451.0,0.55,118.6637
2016-12-30,1.25,,,-0.474,4.7,99.0214,459305.0,-0.0536,13234.9,4451451.0,0.5,118.3466
2017-01-01,1.25,,,-0.474,4.7,98.7611,464412.0,-0.0536,13315.7,4451451.0,0.5,118.3466
2017-01-02,1.25,,,-0.474,4.7,98.7611,464412.0,-0.0536,13315.7,4451451.0,0.5,118.3466
2017-01-03,1.23,,,-0.474,4.7,98.7611,464412.0,-0.0536,13315.7,4451451.0,0.47,119.0903
2017-01-04,1.22,,,-0.474,4.7,98.7611,464412.0,-0.0536,13315.7,4453101.0,0.47,118.8803
2017-01-05,1.2,,,-0.474,4.7,98.7611,464412.0,-0.0536,13315.7,4453101.0,0.42,117.9999
2017-01-06,1.2,,,-0.48,4.7,98.7611,464412.0,-0.0956,13315.7,4453101.0,0.46,118.3495
2017-01-09,1.17,,,-0.48,4.7,98.7611,464412.0,-0.0956,13315.7,4453101.0,0.43,118.4111
2017-01-10,1.19,,,-0.48,4.7,98.7611,464412.0,-0.0956,13315.7,4453101.0,0.43,118.5386
2017-01-11,1.18,,,-0.48,4.7,98.7611,464412.0,-0.0956,13315.7,4452509.0,0.39,119.0219
2017-01-12,1.18,,,-0.48,4.7,98.7611,464412.0,-0.0956,13315.7,4452509.0,0.38,117.8001
2017-01-13,1.19,,,-0.485,4.7,98.7611,464412.0,-0.1072,13315.7,4452509.0,0.41,117.9884
2017-01-16,1.19,,,-0.485,4.7,98.7611,464412.0,-0.1072,13315.7,4452509.0,0.41,117.9884
2017-01-17,1.16,,,-0.485,4.7,98.7611,464412.0,-0.1072,13315.7,4452509.0,0.36,117.2656
2017-01-18,1.19,,,-0.485,4.7,98.7611,464412.0,-0.1072,13315.7,4460758.0,0.42,117.7242
2017-01-19,1.22,,,-0.485,4.7,98.7611,464412.0,-0.1072,13315.7,4460758.0,0.43,118.3182
2017-01-20,1.28,,,-0.49,4.7,98.7611,464412.0,-0.086,13315.7,4460758.0,0.44,118.3182
2017-01-23,1.25,,,-0.49,4.7,98.7611,464412.0,-0.086,13315.7,4460758.0,0.39,117.2479
2017-01-24,1.26,,,-0.49,4.7,98.7611,464412.0,-0.086,13315.7,4460758.0,0.41,117.0516
2017-01-25,1.3,,,-0.49,4.7,98.7611,464412.0,-0.086,13315.7,4452838.0,0.45,116.9355
2017-01-26,1.3,,,-0.49,4.7,98.7611,464412.0,-0.086,13315.7,4452838.0,0.43,117.2766
2017-01-27,1.27,,,-0.494,4.7,98.7611,464412.0,-0.1996,13315.7,4452838.0,0.41,117.0735
2017-01-30,1.27,,,-0.494,4.7,98.7611,464412.0,-0.1996,13315.7,4452838.0,0.42,116.7325
2017-01-31,1.26,,,-0.494,4.7,98.7611,464412.0,-0.1996,13315.7,4452838.0,0.4,116.2241
2017-02-01,1.26,,,-0.494,4.6,98.3646,464284.0,-0.1996,13394.8,4453881.0,0.43,116.3914
2017-02-02,1.27,,,-0.494,4.6,98.3646,464284.0,-0.1996,13394.8,4453881.0,0.43,115.903
2017-02-03,1.28,,,-0.496,4.6,98.3646,464284.0,-0.1351,13394.8,4453881.0,0.44,115.6259
2017-02-06,1.26,,,-0.496,4.6,98.3646,464284.0,-0.1351,13394.8,4453881.0,0.4,116.0504
2017-02-07,1.24,,,-0.496,4.6,98.3646,464284.0,-0.1351,13394.8,4453881.0,0.4,116.4082
2017-02-08,1.19,,,-0.496,4.6,98.3646,464284.0,-0.1351,13394.8,4456236.0,0.38,116.1382
2017-02-09,1.2,,,-0.496,4.6,98.3646,464284.0,-0.1351,13394.8,4456236.0,0.41,116.306
2017-02-10,1.21,,,-0.497,4.6,98.3646,464284.0,-0.1737,13394.8,4456236.0,0.4,116.148
2017-02-13,1.23,,,-0.497,4.6,98.3646,464284.0,-0.1737,13394.8,4456236.0,0.43,116.3427
2017-02-14,1.22,,,-0.497,4.6,98.3646,464284.0,-0.1737,13394.8,4456236.0,0.46,116.3949
2017-02-15,1.24,,,-0.497,4.6,98.3646,464284.0,-0.1737,13394.8,4454676.0,0.45,116.2162
2017-02-16,1.23,,,-0.497,4.6,98.3646,464284.0,-0.1737,13394.8,4454676.0,0.43,116.0067
2017-02-17,1.21,,,-0.496,4.6,98.3646,464284.0,-0.2984,13394.8,4454676.0,0.41,116.4035
2017-02-20,1.21,,,-0.496,4.6,98.3646,464284.0,-0.2984,13394.8,4454676.0,0.41,116.4035
2017-02-21,1.21,,,-0.496,4.6,98.3646,464284.0,-0.2984,13394.8,4454676.0,0.4,116.5921
2017-02-22,1.2,,,-0.496,4.6,98.3646,464284.0,-0.2984,13394.8,4468702.0,0.38,116.2136
2017-02-23,1.2,,,-0.496,4.6,98.3646,464284.0,-0.2984,13394.8,4468702.0,0.35,115.6527
2017-02-24,1.19,,,-0.494,4.6,98.3646,464284.0,-0.2221,13394.8,4468702.0,0.31,115.8143
2017-02-27,1.16,,,-0.494,4.6,98.3646,464284.0,-0.2221,13394.8,4468702.0,0.35,115.6764
2017-02-28,1.14,,,-0.494,4.6,98.3646,464284.0,-0.2221,13394.8,4468702.0,0.34,116.0032
2017-03-01,1.17,,,-0.494,4.4,99.0137,463674.0,-0.2221,13463.6,4458018.0,0.43,116.438
2017-03-02,1.17,,,-0.494,4.4,99.0137,463674.0,-0.2221,13463.6,4458018.0,0.48,116.8429
2017-03-03,1.17,,,-0.492,4.4,99.0137,463674.0,-0.3936,13463.6,4458018.0,0.45,116.6438
2017-03-06,1.18,,,-0.492,4.4,99.0137,463674.0,-0.3936,13463.6,4458018.0,0.48,116.4313
2017-03-07,1.2,,,-0.492,4.4,99.0137,463674.0,-0.3936,13463.6,4458018.0,0.49,116.4303
2017-03-08,1.21,,,-0.492,4.4,99.0137,463674.0,-0.3936,13463.6,4459840.0,0.56,116.875
2017-03-09,1.23,,,-0.492,4.4,99.0137,463674.0,-0.3936,13463.6,4459840.0,0.6,116.9959
2017-03-10,1.22,,,-0.49,4.4,99.0137,463674.0,-0.4097,13463.6,4459840.0,0.57,116.616
2017-03-13,1.22,,,-0.49,4.4,99.0137,463674.0,-0.4097,13463.6,4459840.0,0.61,116.4004
2017-03-14,1.2,,,-0.49,4.4,99.0137,463674.0,-0.4097,13463.6,4459840.0,0.61,116.5646
2017-03-15,1.18,,,-0.49,4.4,99.0137,463674.0,-0.4097,13463.6,4469577.0,0.5,116.3584
2017-03-16,1.18,,,-0.49,4.4,99.0137,463674.0,-0.4097,13463.6,4469577.0,0.51,115.4456
2017-03-17,1.17,,,-0.487,4.4,99.0137,463674.0,-0.367,13463.6,4469577.0,0.49,115.2783
2017-03-20,1.17,,,-0.487,4.4,99.0137,463674.0,-0.367,13463.6,4469577.0,0.47,115.0426
2017-03-21,1.16,,,-0.487,4.4,99.0137,463674.0,-0.367,13463.6,4469577.0,0.45,114.8119
2017-03-22,1.13,,,-0.487,4.4,99.0137,463674.0,-0.367,13463.6,4478236.0,0.43,114.7937
2017-03-23,1.15,,,-0.487,4.4,99.0137,463674.0,-0.367,13463.6,4478236.0,0.46,114.7899
2017-03-24,1.14,,,-0.486,4.4,99.0137,463674.0,-0.2393,13463.6,4478236.0,0.42,114.6372
2017-03-27,1.11,,,-0.486,4.4,99.0137,463674.0,-0.2393,13463.6,4478236.0,0.41,114.2347
2017-03-28,1.12,,,-0.486,4.4,99.0137,463674.0,-0.2393,13463.6,4478236.0,0.45,114.419
2017-03-29,1.13,,,-0.486,4.4,99.0137,463674.0,-0.2393,13463.6,4469618.0,0.41,114.7167
2017-03-30,1.14,,,-0.486,4.4,99.0137,463674.0,-0.2393,13463.6,4469618.0,0.46,114.5245
2017-03-31,1.13,,,-0.487,4.4,99.0137,463674.0,-0.4105,13463.6,4469618.0,0.43,114.7938
2017-04-01,1.13,,,-0.487,4.4,100.0224,465276.0,-0.4105,13521.7,4469618.0,0.43,114.7938
2017-04-03,1.11,,,-0.487,4.4,100.0224,465276.0,-0.4105,13521.7,4469618.0,0.39,114.8734
2017-04-04,1.11,,,-0.487,4.4,100.0224,465276.0,-0.4105,13521.7,4469618.0,0.4,115.0038
2017-04-05,1.1,,,-0.487,4.4,100.0224,465276.0,-0.4105,13521.7,4474634.0,0.37,114.9494
2017-04-06,1.1,,,-0.487,4.4,100.0224,465276.0,-0.4105,13521.7,4474634.0,0.39,115.0181
2017-04-07,1.09,,,-0.49,4.4,100.0224,465276.0,-0.3824,13521.7,4474634.0,0.44,115.0547
2017-04-10,1.08,,,-0.49,4.4,100.0224,465276.0,-0.3824,13521.7,4474634.0,0.44,115.11
2017-04-11,1.08,,,-0.49,4.4,100.0224,465276.0,-0.3824,13521.7,4474634.0,0.41,115.009
2017-04-12,1.04,,,-0.49,4.4,100.0224,465276.0,-0.3824,13521.7,4484492.0,0.38,114.9162
2017-04-13,1.03,,,-0.49,4.4,100.0224,465276.0,-0.3824,13521.7,4484492.0,0.32,114.5059
2017-04-14,1.03,,,-0.496,4.4,100.0224,465276.0,-0.255,13521.7,4484492.0,0.32,114.5368
2017-04-17,1.05,,,-0.496,4.4,100.0224,465276.0,-0.255,13521.7,4484492.0,0.38,114.3283
2017-04-18,1.0,,,-0.496,4.4,100.0224,465276.0,-0.255,13521.7,4484492.0,0.33,114.2575
2017-04-19,1.02,,,-0.496,4.4,100.0224,465276.0,-0.255,13521.7,4479270.0,0.36,114.7923
2017-04-20,1.03,,,-0.496,4.4,100.0224,465276.0,-0.255,13521.7,4479270.0,0.39,114.6205
2017-04-21,1.04,,,-0.504,4.4,100.0224,465276.0,-0.2531,13521.7,4479270.0,0.4,114.8128
2017-04-24,1.03,,,-0.504,4.4,100.0224,465276.0,-0.2531,13521.7,4479270.0,0.41,114.3659
2017-04-25,1.06,,,-0.504,4.4,100.0224,465276.0,-0.2531,13521.7,4479270.0,0.44,114.5111
2017-04-26,1.04,,,-0.504,4.4,100.0224,465276.0,-0.2531,13521.7,4470142.0,0.42,114.9479
2017-04-27,1.05,,,-0.504,4.4,100.0224,465276.0,-0.2531,13521.7,4470142.0,0.39,114.9946
2017-04-28,1.01,,,-0.514,4.4,100.0224,465276.0,-0.5833,13521.7,4470142.0,0.37,114.7877
2017-05-01,1.05,,,-0.514,4.4,100.1408,462754.0,-0.5833,13568.9,4470142.0,0.41,114.5921
2017-05-02,1.02,,,-0.514,4.4,100.1408,462754.0,-0.5833,13568.9,4470142.0,0.41,114.6792
2017-05-03,1.03,,,-0.514,4.4,100.1408,462754.0,-0.5833,13568.9,4471246.0,0.46,114.6637
2017-05-04,1.04,,,-0.514,4.4,100.1408,462754.0,-0.5833,13568.9,4471246.0,0.5,114.9076
2017-05-05,1.04,,,-0.524,4.4,100.1408,462754.0,-0.5042,13568.9,4471246.0,0.5,114.7725
2017-05-08,1.06,,,-0.524,4.4,100.1408,462754.0,-0.5042,13568.9,4471246.0,0.53,115.0895
2017-05-09,1.05,,,-0.524,4.4,100.1408,462754.0,-0.5042,13568.9,4471246.0,0.56,115.3933
2017-05-10,1.06,,,-0.524,4.4,100.1408,462754.0,-0.5042,13568.9,4473459.0,0.56,115.1145
2017-05-11,1.04,,,-0.524,4.4,100.1408,462754.0,-0.5042,13568.9,4473459.0,0.51,115.0669
2017-05-12,1.04,,,-0.534,4.4,100.1408,462754.0,-0.6113,13568.9,4473459.0,0.49,114.7479
2017-05-15,1.03,,,-0.534,4.4,100.1408,462754.0,-0.6113,13568.9,4473459.0,0.52,114.3504
2017-05-16,1.04,,,-0.534,4.4,100.1408,462754.0,-0.6113,13568.9,4473459.0,0.51,113.9923
2017-05-17,0.96,,,-0.534,4.4,100.1408,462754.0,-0.6113,13568.9,4467108.0,0.44,113.7506
2017-05-18,0.96,,,-0.534,4.4,100.1408,462754.0,-0.6113,13568.9,4467108.0,0.43,114.2683
2017-05-19,0.95,,,-0.543,4.4,100.1408,462754.0,-0.4737,13568.9,4467108.0,0.41,113.7001
2017-05-22,0.96,,,-0.543,4.4,100.1408,462754.0,-0.4737,13568.9,4467108.0,0.43,113.5442
2017-05-23,0.98,,,-0.543,4.4,100.1408,462754.0,-0.4737,13568.9,4467108.0,0.46,113.6862
2017-05-24,0.97,,,-0.543,4.4,100.1408,462754.0,-0.4737,13568.9,4470852.0,0.45,113.675
2017-05-25,0.95,,,-0.543,4.4,100.1408,462754.0,-0.4737,13568.9,4470852.0,0.45,113.3719
2017-05-26,0.95,,,-0.551,4.4,100.1408,462754.0,-0.6573,13568.9,4470852.0,0.44,113.4839
2017-05-29,0.95,,,-0.551,4.4,100.1408,462754.0,-0.6573,13568.9,4470852.0,0.44,113.4839
2017-05-30,0.93,,,-0.551,4.4,100.1408,462754.0,-0.6573,13568.9,4470852.0,0.4,113.5552
2017-05-31,0.93,,,-0.551,4.4,100.1408,462754.0,-0.6573,13568.9,4459914.0,0.4,113.2956
2017-06-01,0.93,,,-0.551,4.3,100.3471,465130.0,-0.6573,13580.5,4459914.0,0.4,113.3017
2017-06-02,0.87,,,-0.558,4.3,100.3471,465130.0,-0.625,13580.5,4459914.0,0.36,113.1908
2017-06-05,0.86,,,-0.558,4.3,100.3471,465130.0,-0.625,13580.5,4459914.0,0.39,112.9755
2017-06-06,0.84,,,-0.558,4.3,100.3471,465130.0,-0.625,13580.5,4459914.0,0.37,112.7095
2017-06-07,0.86,,,-0.558,4.3,100.3471,465130.0,-0.625,13580.5,4462443.0,0.4,112.8191
2017-06-08,0.86,,,-0.558,4.3,100.3471,465130.0,-0.625,13580.5,4462443.0,0.41,112.8351
2017-06-09,0.86,,,-0.564,4.3,100.3471,465130.0,-0.7143,13580.5,4462443.0,0.43,112.9562
2017-06-12,0.86,,,-0.564,4.3,100.3471,465130.0,-0.7143,13580.5,4462443.0,0.46,112.9837
2017-06-13,0.83,,,-0.564,4.3,100.3471,465130.0,-0.7143,13580.5,4462443.0,0.46,112.6271
2017-06-14,0.8,,,-0.564,4.3,100.3471,465130.0,-0.7143,13580.5,4476269.0,0.44,112.0734
2017-06-15,0.81,,,-0.564,4.3,100.3471,465130.0,-0.7143,13580.5,4476269.0,0.49,112.8708
2017-06-16,0.84,,,-0.568,4.3,100.3471,465130.0,-0.7106,13580.5,4476269.0,0.49,112.6155
2017-06-19,0.83,,,-0.568,4.3,100.3471,465130.0,-0.7106,13580.5,4476269.0,0.52,112.7576
2017-06-20,0.8,,,-0.568,4.3,100.3471,465130.0,-0.7106,13580.5,4476269.0,0.5,113.2698
2017-06-21,0.8,,,-0.568,4.3,100.3471,465130.0,-0.7106,13580.5,4474257.0,0.5,113.3327
2017-06-22,0.81,,,-0.568,4.3,100.3471,465130.0,-0.7106,13580.5,4474257.0,0.46,113.1654
2017-06-23,0.81,,,-0.571,4.3,100.3471,465130.0,-0.4806,13580.5,4474257.0,0.45,112.8665
2017-06-26,0.78,,,-0.571,4.3,100.3471,465130.0,-0.4806,13580.5,4474257.0,0.43,112.7633
2017-06-27,0.83,,,-0.571,4.3,100.3471,465130.0,-0.4806,13580.5,4474257.0,0.5,112.55
2017-06-28,0.88,,,-0.571,4.3,100.3471,465130.0,-0.4806,13580.5,4463347.0,0.49,112.0747
2017-06-29,0.89,,,-0.571,4.3,100.3471,465130.0,-0.4806,13580.5,4463347.0,0.55,111.998
2017-06-30,0.93,,,-0.574,4.3,100.3471,465130.0,-0.5611,13580.5,4463347.0,0.58,111.9896
2017-07-01,0.93,,,-0.574,4.3,100.1068,465089.0,-0.5611,13643.1,4463347.0,0.58,111.9896
2017-07-03,0.94,,,-0.574,4.3,100.1068,465089.0,-0.5611,13643.1,4463347.0,0.6,112.4268
2017-07-04,0.94,,,-0.574,4.3,100.1068,465089.0,-0.5611,13643.1,4463347.0,0.6,112.4268
2017-07-05,0.92,,,-0.574,4.3,100.1068,465089.0,-0.5611,13643.1,4467272.0,0.58,112.6534
2017-07-06,0.97,,,-0.574,4.3,100.1068,465089.0,-0.5611,13643.1,4467272.0,0.61,112.4199
2017-07-07,0.99,,,-0.577,4.3,100.1068,465089.0,-0.594,13643.1,4467272.0,0.66,112.3137
2017-07-10,0.98,,,-0.577,4.3,100.1068,465089.0,-0.594,13643.1,4467272.0,0.66,112.1587
2017-07-11,1.0,,,-0.577,4.3,100.1068,465089.0,-0.594,13643.1,4467272.0,0.62,112.1434
2017-07-12,0.98,,,-0.577,4.3,100.1068,465089.0,-0.594,13643.1,4466702.0,0.57,111.5904
2017-07-13,0.98,,,-0.577,4.3,100.1068,465089.0,-0.594,13643.1,4466702.0,0.58,111.5365
2017-07-14,0.98,,,-0.58,4.3,100.1068,465089.0,-0.5686,13643.1,4466702.0,0.57,110.9075
2017-07-17,0.95,,,-0.58,4.3,100.1068,465089.0,-0.5686,13643.1,4466702.0,0.54,110.9304
2017-07-18,0.91,,,-0.58,4.3,100.1068,465089.0,-0.5686,13643.1,4466702.0,0.51,110.4356
2017-07-19,0.9,,,-0.58,4.3,100.1068,465089.0,-0.5686,13643.1,4476903.0,0.51,110.4339
2017-07-20,0.9,,,-0.58,4.3,100.1068,465089.0,-0.5686,13643.1,4476903.0,0.5,110.2512
2017-07-21,0.88,,,-0.583,4.3,100.1068,465089.0,-0.6889,13643.1,4476903.0,0.48,110.191
2017-07-24,0.89,,,-0.583,4.3,100.1068,465089.0,-0.6889,13643.1,4476903.0,0.48,110.2004
2017-07-25,0.93,,,-0.583,4.3,100.1068,465089.0,-0.6889,13643.1,4476903.0,0.52,110.2835
2017-07-26,0.93,,,-0.583,4.3,100.1068,465089.0,-0.6889,13643.1,4465284.0,0.49,110.3811
2017-07-27,0.96,,,-0.583,4.3,100.1068,465089.0,-0.6889,13643.1,4465284.0,0.49,110.216
2017-07-28,0.96,,,-0.582,4.3,100.1068,465089.0,-0.7231,13643.1,4465284.0,0.47,109.92
2017-07-31,0.96,,,-0.582,4.3,100.1068,465089.0,-0.7231,13643.1,4465284.0,0.48,109.8177
2017-08-01,0.92,,,-0.582,4.4,99.6925,466020.0,-0.7231,13697.7,4465284.0,0.47,109.8495
2017-08-02,0.91,,,-0.582,4.4,99.6925,466020.0,-0.7231,13697.7,4466846.0,0.48,109.7503
2017-08-03,0.9,,,-0.582,4.4,99.6925,466020.0,-0.7231,13697.7,4466846.0,0.46,109.8332
2017-08-04,0.91,,,-0.579,4.4,99.6925,466020.0,-0.624,13697.7,4466846.0,0.47,110.2808
2017-08-07,0.9,,,-0.579,4.4,99.6925,466020.0,-0.624,13697.7,4466846.0,0.46,110.373
2017-08-08,0.93,,,-0.579,4.4,99.6925,466020.0,-0.624,13697.7,4466846.0,0.46,110.396
2017-08-09,0.91,,,-0.579,4.4,99.6925,466020.0,-0.624,13697.7,4469083.0,0.42,110.3671
2017-08-10,0.87,,,-0.579,4.4,99.6925,466020.0,-0.624,13697.7,4469083.0,0.4,110.1886
2017-08-11,0.89,,,-0.574,4.4,99.6925,466020.0,-0.463,13697.7,4469083.0,0.4,110.0422
2017-08-14,0.89,,,-0.574,4.4,99.6925,466020.0,-0.463,13697.7,4469083.0,0.45,110.095
2017-08-15,0.92,,,-0.574,4.4,99.6925,466020.0,-0.463,13697.7,4469083.0,0.49,110.4846
2017-08-16,0.9,,,-0.574,4.4,99.6925,466020.0,-0.463,13697.7,4462871.0,0.45,110.4394
2017-08-17,0.87,,,-0.574,4.4,99.6925,466020.0,-0.463,13697.7,4462871.0,0.42,110.1673
2017-08-18,0.86,,,-0.568,4.4,99.6925,466020.0,-0.4409,13697.7,4462871.0,0.43,110.041
2017-08-21,0.86,,,-0.568,4.4,99.6925,466020.0,-0.4409,13697.7,4462871.0,0.43,109.7349
2017-08-22,0.89,,,-0.568,4.4,99.6925,466020.0,-0.4409,13697.7,4462871.0,0.45,109.8386
2017-08-23,0.85,,,-0.568,4.4,99.6925,466020.0,-0.4409,13697.7,4463837.0,0.42,109.8095
2017-08-24,0.86,,,-0.568,4.4,99.6925,466020.0,-0.4409,13697.7,4463837.0,0.44,109.7524
2017-08-25,0.82,,,-0.564,4.4,99.6925,466020.0,-0.4637,13697.7,4463837.0,0.42,109.3415
2017-08-28,0.83,,,-0.564,4.4,99.6925,466020.0,-0.4637,13697.7,4463837.0,0.41,109.1815
2017-08-29,0.8,,,-0.564,4.4,99.6925,466020.0,-0.4637,13697.7,4463837.0,0.39,109.0946
2017-08-30,0.82,,,-0.564,4.4,99.6925,466020.0,-0.4637,13697.7,4452360.0,0.39,109.4052
2017-08-31,0.79,,,-0.564,4.4,99.6925,466020.0,-0.4637,13697.7,4452360.0,0.36,109.3686
2017-09-01,0.81,,,-0.562,4.3,99.7954,475724.0,-0.5117,13745.1,4452360.0,0.37,109.0504
2017-09-04,0.81,,,-0.562,4.3,99.7954,475724.0,-0.5117,13745.1,4452360.0,0.37,109.0504
2017-09-05,0.77,,,-0.562,4.3,99.7954,475724.0,-0.5117,13745.1,4452360.0,0.3,108.8664
2017-09-06,0.8,,,-0.562,4.3,99.7954,475724.0,-0.5117,13745.1,4453474.0,0.32,108.4897
2017-09-07,0.78,,,-0.562,4.3,99.7954,475724.0,-0.5117,13745.1,4453474.0,0.26,107.9224
2017-09-08,0.79,,,-0.561,4.3,99.7954,475724.0,-0.4267,13745.1,4453474.0,0.25,107.808
2017-09-11,0.82,,,-0.561,4.3,99.7954,475724.0,-0.4267,13745.1,4453474.0,0.31,108.153
2017-09-12,0.84,,,-0.561,4.3,99.7954,475724.0,-0.4267,13745.1,4453474.0,0.33,108.3239
2017-09-13,0.85,,,-0.561,4.3,99.7954,475724.0,-0.4267,13745.1,4471174.0,0.35,108.6628
2017-09-14,0.83,,,-0.561,4.3,99.7954,475724.0,-0.4267,13745.1,4471174.0,0.35,108.618
2017-09-15,0.81,,,-0.564,4.3,99.7954,475724.0,-0.6743,13745.1,4471174.0,0.35,108.3147
2017-09-18,0.83,,,-0.564,4.3,99.7954,475724.0,-0.6743,13745.1,4471174.0,0.36,108.6401
2017-09-19,0.84,,,-0.564,4.3,99.7954,475724.0,-0.6743,13745.1,4471174.0,0.37,108.6142
2017-09-20,0.83,,,-0.564,4.3,99.7954,475724.0,-0.6743,13745.1,4458576.0,0.43,108.4329
2017-09-21,0.82,,,-0.564,4.3,99.7954,475724.0,-0.6743,13745.1,4458576.0,0.44,108.9267
2017-09-22,0.8,,,-0.568,4.3,99.7954,475724.0,-0.7149,13745.1,4458576.0,0.42,108.7542
2017-09-25,0.78,,,-0.568,4.3,99.7954,475724.0,-0.7149,13745.1,4458576.0,0.38,109.3302
2017-09-26,0.79,,,-0.568,4.3,99.7954,475724.0,-0.7149,13745.1,4458576.0,0.4,109.7769
2017-09-27,0.84,,,-0.568,4.3,99.7954,475724.0,-0.7149,13745.1,4455661.0,0.44,110.0722
2017-09-28,0.86,,,-0.568,4.3,99.7954,475724.0,-0.7149,13745.1,4455661.0,0.44,110.2415
2017-09-29,0.86,,,-0.574,4.3,99.7954,475724.0,-0.6646,13745.1,4455661.0,0.49,110.0867
2017-10-01,0.86,,,-0.574,4.2,101.0247,476107.0,-0.6646,13800.1,4455661.0,0.49,110.0867
2017-10-02,0.85,,,-0.574,4.2,101.0247,476107.0,-0.6646,13800.1,4455661.0,0.51,110.3686
2017-10-03,0.86,,,-0.574,4.2,101.0247,476107.0,-0.6646,13800.1,4455661.0,0.49,110.3281
2017-10-04,0.86,,,-0.574,4.2,101.0247,476107.0,-0.6646,13800.1,4460422.0,0.48,110.2425
2017-10-05,0.86,,,-0.574,4.2,101.0247,476107.0,-0.6646,13800.1,4460422.0,0.49,110.5823
2017-10-06,0.83,,,-0.581,4.2,101.0247,476107.0,-0.7097,13800.1,4460422.0,0.5,110.7841
2017-10-09,0.83,,,-0.581,4.2,101.0247,476107.0,-0.7097,13800.1,4460422.0,0.5,110.7841
2017-10-10,0.84,,,-0.581,4.2,101.0247,476107.0,-0.7097,13800.1,4460422.0,0.47,110.3034
2017-10-11,0.84,,,-0.581,4.2,101.0247,476107.0,-0.7097,13800.1,4459415.0,0.46,110.3037
2017-10-12,0.82,,,-0.581,4.2,101.0247,476107.0,-0.7097,13800.1,4459415.0,0.44,110.3152
2017-10-13,0.77,,,-0.588,4.2,101.0247,476107.0,-0.6724,13800.1,4459415.0,0.43,110.2669
2017-10-16,0.76,,,-0.588,4.2,101.0247,476107.0,-0.6724,13800.1,4459415.0,0.46,110.5432
2017-10-17,0.76,,,-0.588,4.2,101.0247,476107.0,-0.6724,13800.1,4459415.0,0.48,110.9141
2017-10-18,0.75,,,-0.588,4.2,101.0247,476107.0,-0.6724,13800.1,4469723.0,0.5,110.7214
2017-10-19,0.75,,,-0.588,4.2,101.0247,476107.0,-0.6724,13800.1,4469723.0,0.49,110.4577
2017-10-20,0.79,,,-0.594,4.2,101.0247,476107.0,-0.7405,13800.1,4469723.0,0.52,111.0375
2017-10-23,0.8,,,-0.594,4.2,101.0247,476107.0,-0.7405,13800.1,4469723.0,0.52,111.2134
2017-10-24,0.82,,,-0.594,4.2,101.0247,476107.0,-0.7405,13800.1,4469723.0,0.55,111.4027
2017-10-25,0.83,,,-0.594,4.2,101.0247,476107.0,-0.7405,13800.1,4461117.0,0.56,111.3904
2017-10-26,0.83,,,-0.594,4.2,101.0247,476107.0,-0.7405,13800.1,4461117.0,0.57,111.6418
2017-10-27,0.83,,,-0.6,4.2,101.0247,476107.0,-0.7451,13800.1,4461117.0,0.54,112.1495
2017-10-30,0.79,,,-0.6,4.2,101.0247,476107.0,-0.7451,13800.1,4461117.0,0.5,111.901
2017-10-31,0.78,,,-0.6,4.2,101.0247,476107.0,-0.7451,13800.1,4461117.0,0.5,111.8052
2017-11-01,0.76,,,-0.6,4.2,101.2664,480949.0,-0.7451,13843.5,4455887.0,0.49,111.7942
2017-11-02,0.74,,,-0.6,4.2,101.2664,480949.0,-0.7451,13843.5,4455887.0,0.48,111.5474
2017-11-03,0.71,,,-0.604,4.2,101.2664,480949.0,-0.7065,13843.5,4455887.0,0.48,111.9383
2017-11-06,0.71,,,-0.604,4.2,101.2664,480949.0,-0.7065,13843.5,4455887.0,0.46,111.7197
2017-11-07,0.69,,,-0.604,4.2,101.2664,480949.0,-0.7065,13843.5,4455887.0,0.44,111.9446
2017-11-08,0.67,,,-0.604,4.2,101.2664,480949.0,-0.7065,13843.5,4458552.0,0.45,111.6935
2017-11-09,0.7,,,-0.604,4.2,101.2664,480949.0,-0.7065,13843.5,4458552.0,0.46,111.5626
2017-11-10,0.73,,,-0.606,4.2,101.2664,480949.0,-0.6785,13843.5,4458552.0,0.52,111.5626
2017-11-13,0.7,,,-0.606,4.2,101.2664,480949.0,-0.6785,13843.5,4458552.0,0.52,111.7833
2017-11-14,0.7,,,-0.606,4.2,101.2664,480949.0,-0.6785,13843.5,4458552.0,0.51,111.5097
2017-11-15,0.65,,,-0.606,4.2,101.2664,480949.0,-0.6785,13843.5,4448289.0,0.48,111.4809
2017-11-16,0.65,,,-0.606,4.2,101.2664,480949.0,-0.6785,13843.5,4448289.0,0.53,111.2568
2017-11-17,0.62,,,-0.607,4.2,101.2664,480949.0,-0.675,13843.5,4448289.0,0.49,111.0016
2017-11-20,0.6,,,-0.607,4.2,101.2664,480949.0,-0.675,13843.5,4448289.0,0.52,111.2599
2017-11-21,0.59,,,-0.607,4.2,101.2664,480949.0,-0.675,13843.5,4448289.0,0.52,110.9828
2017-11-22,0.58,,,-0.607,4.2,101.2664,480949.0,-0.675,13843.5,4450615.0,0.48,110.5632
2017-11-23,0.58,,,-0.607,4.2,101.2664,480949.0,-0.675,13843.5,4450615.0,0.48,110.5632
2017-11-24,0.59,,,-0.607,4.2,101.2664,480949.0,-0.8294,13843.5,4450615.0,0.5,110.0253
2017-11-27,0.58,,,-0.607,4.2,101.2664,480949.0,-0.8294,13843.5,4450615.0,0.49,110.1136
2017-11-28,0.59,,,-0.607,4.2,101.2664,480949.0,-0.8294,13843.5,4450615.0,0.5,110.3018
2017-11-29,0.59,,,-0.607,4.2,101.2664,480949.0,-0.8294,13843.5,4438592.0,0.53,110.3265
2017-11-30,0.64,,,-0.607,4.2,101.2664,480949.0,-0.8294,13843.5,4438592.0,0.56,110.4648
2017-12-01,0.59,,,-0.608,4.1,101.4644,483586.0,-0.7847,13881.7,4438592.0,0.51,110.1413
2017-12-04,0.57,,,-0.608,4.1,101.4644,483586.0,-0.7847,13881.7,4438592.0,0.5,110.397
2017-12-05,0.53,,,-0.608,4.1,101.4644,483586.0,-0.7847,13881.7,4438592.0,0.5,110.4905
2017-12-06,0.55,,,-0.608,4.1,101.4644,483586.0,-0.7847,13881.7,4437148.0,0.47,110.8711
2017-12-07,0.57,,,-0.608,4.1,101.4644,483586.0,-0.7847,13881.7,4437148.0,0.5,111.0178
2017-12-08,0.58,,,-0.61,4.1,101.4644,483586.0,-0.714,13881.7,4437148.0,0.5,111.2273
2017-12-11,0.57,,,-0.61,4.1,101.4644,483586.0,-0.714,13881.7,4437148.0,0.51,111.0827
2017-12-12,0.57,,,-0.61,4.1,101.4644,483586.0,-0.714,13881.7,4437148.0,0.51,111.5214
2017-12-13,0.57,,,-0.61,4.1,101.4644,483586.0,-0.714,13881.7,4452726.0,0.48,111.2759
2017-12-14,0.53,,,-0.61,4.1,101.4644,483586.0,-0.714,13881.7,4452726.0,0.48,111.0893
2017-12-15,0.51,,,-0.612,4.1,101.4644,483586.0,-0.651,13881.7,4452726.0,0.47,111.1286
2017-12-18,0.55,,,-0.612,4.1,101.4644,483586.0,-0.651,13881.7,4452726.0,0.5,110.9086
2017-12-19,0.59,,,-0.612,4.1,101.4644,483586.0,-0.651,13881.7,4452726.0,0.55,111.1255
2017-12-20,0.62,,,-0.612,4.1,101.4644,483586.0,-0.651,13881.7,4447470.0,0.57,110.8361
2017-12-21,0.59,,,-0.612,4.1,101.4644,483586.0,-0.651,13881.7,4447470.0,0.55,110.8786
2017-12-22,0.57,,,-0.616,4.1,101.4644,483586.0,-0.613,13881.7,4447470.0,0.54,111.0997
2017-12-25,0.57,,,-0.616,4.1,101.4644,483586.0,-0.613,13881.7,4447470.0,0.54,111.0997
2017-12-26,0.55,,,-0.616,4.1,101.4644,483586.0,-0.613,13881.7,4447470.0,0.53,110.9758
2017-12-27,0.53,,,-0.616,4.1,101.4644,483586.0,-0.613,13881.7,4448680.0,0.48,110.8553
2017-12-28,0.52,,,-0.616,4.1,101.4644,483586.0,-0.613,13881.7,4448680.0,0.47,110.5154
2017-12-29,0.51,,,-0.62,4.1,101.4644,483586.0,-0.5104,13881.7,4448680.0,0.44,110.0783
2018-01-01,0.51,,,-0.62,4.0,101.4625,481414.0,-0.5104,13900.3,4448680.0,0.44,110.0783
2018-01-02,0.54,,,-0.62,4.0,101.4625,481414.0,-0.5104,13900.3,4448680.0,0.46,109.6445
2018-01-03,0.5,,,-0.62,4.0,101.4625,481414.0,-0.5104,13900.3,4443718.0,0.46,109.6751
2018-01-04,0.5,,,-0.62,4.0,101.4625,481414.0,-0.5104,13900.3,4443718.0,0.45,109.4777
2018-01-05,0.51,,,-0.623,4.0,101.4625,481414.0,-0.6301,13900.3,4443718.0,0.46,109.3496
2018-01-08,0.53,,,-0.623,4.0,101.4625,481414.0,-0.6301,13900.3,4443718.0,0.47,109.5681
2018-01-09,0.57,,,-0.623,4.0,101.4625,481414.0,-0.6301,13900.3,4443718.0,0.52,109.9025
2018-01-10,0.57,,,-0.623,4.0,101.4625,481414.0,-0.6301,13900.3,4446062.0,0.52,109.628
2018-01-11,0.56,,,-0.623,4.0,101.4625,481414.0,-0.6301,13900.3,4446062.0,0.54,109.4888
2018-01-12,0.56,,,-0.623,4.0,101.4625,481414.0,-0.7104,13900.3,4446062.0,0.54,108.901
2018-01-15,0.56,,,-0.623,4.0,101.4625,481414.0,-0.7104,13900.3,4446062.0,0.54,108.901
2018-01-16,0.51,,,-0.623,4.0,101.4625,481414.0,-0.7104,13900.3,4446062.0,0.51,108.3218
2018-01-17,0.52,,,-0.623,4.0,101.4625,481414.0,-0.7104,13900.3,4439145.0,0.53,108.1526
2018-01-18,0.57,,,-0.623,4.0,101.4625,481414.0,-0.7104,13900.3,4439145.0,0.57,108.0655
2018-01-19,0.58,,,-0.618,4.0,101.4625,481414.0,-0.6512,13900.3,4439145.0,0.58,107.9455
2018-01-22,0.58,,,-0.618,4.0,101.4625,481414.0,-0.6512,13900.3,4439145.0,0.6,108.107
2018-01-23,0.57,,,-0.618,4.0,101.4625,481414.0,-0.6512,13900.3,4439145.0,0.57,107.9979
2018-01-24,0.57,,,-0.618,4.0,101.4625,481414.0,-0.6512,13900.3,4441317.0,0.58,107.0802
2018-01-25,0.55,,,-0.618,4.0,101.4625,481414.0,-0.6512,13900.3,4441317.0,0.56,106.5052
2018-01-26,0.53,,,-0.61,4.0,101.4625,481414.0,-0.6625,13900.3,4441317.0,0.57,106.6911
2018-01-29,0.59,,,-0.61,4.0,101.4625,481414.0,-0.6625,13900.3,4441317.0,0.61,107.1142
2018-01-30,0.6,,,-0.61,4.0,101.4625,481414.0,-0.6625,13900.3,4441317.0,0.63,107.1064
2018-01-31,0.58,,,-0.61,4.0,101.4625,481414.0,-0.6625,13900.3,4419225.0,0.61,106.7696
2018-02-01,0.62,,,-0.61,4.1,101.7085,484031.0,-0.6625,13949.3,4419225.0,0.67,106.4877
2018-02-02,0.69,,,-0.596,4.1,101.7085,484031.0,-0.5074,13949.3,4419225.0,0.7,107.1151
2018-02-05,0.69,,,-0.596,4.1,101.7085,484031.0,-0.5074,13949.3,4419225.0,0.67,107.33
2018-02-06,0.69,,,-0.596,4.1,101.7085,484031.0,-0.5074,13949.3,4419225.0,0.69,107.5204
2018-02-07,0.69,,,-0.596,4.1,101.7085,484031.0,-0.5074,13949.3,4420745.0,0.74,107.7175
2018-02-08,0.72,,,-0.596,4.1,101.7085,484031.0,-0.5074,13949.3,4420745.0,0.76,108.3025
2018-02-09,0.78,,,-0.578,4.1,101.7085,484031.0,0.096,13949.3,4420745.0,0.78,108.2582
2018-02-12,0.77,,,-0.578,4.1,101.7085,484031.0,0.096,13949.3,4420745.0,0.79,108.0332
2018-02-13,0.73,,,-0.578,4.1,101.7085,484031.0,0.096,13949.3,4420745.0,0.78,107.7574
2018-02-14,0.74,,,-0.578,4.1,101.7085,484031.0,0.096,13949.3,4434863.0,0.82,107.4691
2018-02-15,0.71,,,-0.578,4.1,101.7085,484031.0,0.096,13949.3,4434863.0,0.79,106.9867
2018-02-16,0.66,,,-0.562,4.1,101.7085,484031.0,-0.2649,13949.3,4434863.0,0.78,107.0359
2018-02-19,0.66,,,-0.562,4.1,101.7085,484031.0,-0.2649,13949.3,4434863.0,0.78,107.0359
2018-02-20,0.63,,,-0.562,4.1,101.7085,484031.0,-0.2649,13949.3,4434863.0,0.78,107.6249
2018-02-21,0.68,,,-0.562,4.1,101.7085,484031.0,-0.2649,13949.3,4411660.0,0.82,107.8679
2018-02-22,0.67,,,-0.562,4.1,101.7085,484031.0,-0.2649,13949.3,4411660.0,0.81,107.8668
2018-02-23,0.63,,,-0.547,4.1,101.7085,484031.0,-0.3442,13949.3,4411660.0,0.76,107.6804
2018-02-26,0.64,,,-0.547,4.1,101.7085,484031.0,-0.3442,13949.3,4411660.0,0.73,107.7347
2018-02-27,0.63,,,-0.547,4.1,101.7085,484031.0,-0.3442,13949.3,4411660.0,0.77,108.1731
2018-02-28,0.62,,,-0.547,4.1,101.7085,484031.0,-0.3442,13949.3,4393401.0,0.75,108.3903
2018-03-01,0.59,,,-0.547,4.0,102.2067,484110.0,-0.3442,14012.7,4393401.0,0.71,108.5358
2018-03-02,0.61,,,-0.533,4.0,102.2067,484110.0,-0.0745,14012.7,4393401.0,0.74,108.5358
2018-03-05,0.64,,,-0.533,4.0,102.2067,484110.0,-0.0745,14012.7,4393401.0,0.75,108.3614
2018-03-06,0.63,,,-0.533,4.0,102.2067,484110.0,-0.0745,14012.7,4393401.0,0.76,107.7969
2018-03-07,0.64,,,-0.533,4.0,102.2067,484110.0,-0.0745,14012.7,4396097.0,0.76,108.0911
2018-03-08,0.61,,,-0.533,4.0,102.2067,484110.0,-0.0745,14012.7,4396097.0,0.75,108.2671
2018-03-09,0.63,,,-0.52,4.0,102.2067,484110.0,-0.0995,14012.7,4396097.0,0.78,107.923
2018-03-12,0.6,,,-0.52,4.0,102.2067,484110.0,-0.0995,14012.7,4396097.0,0.77,107.9438
2018-03-13,0.58,,,-0.52,4.0,102.2067,484110.0,-0.0995,14012.7,4396097.0,0.75,107.7384
2018-03-14,0.55,,,-0.52,4.0,102.2067,484110.0,-0.0995,14012.7,4407258.0,0.74,107.8623
2018-03-15,0.53,,,-0.52,4.0,102.2067,484110.0,-0.0995,14012.7,4407258.0,0.74,108.2032
2018-03-16,0.54,,,-0.509,4.0,102.2067,484110.0,-0.0279,14012.7,4407258.0,0.77,108.4332
2018-03-19,0.54,,,-0.509,4.0,102.2067,484110.0,-0.0279,14012.7,4407258.0,0.77,108.3145
2018-03-20,0.55,,,-0.509,4.0,102.2067,484110.0,-0.0279,14012.7,4407258.0,0.81,108.4953
2018-03-21,0.58,,,-0.509,4.0,102.2067,484110.0,-0.0279,14012.7,4401222.0,0.8,108.4953
2018-03-22,0.54,,,-0.509,4.0,102.2067,484110.0,-0.0279,14012.7,4401222.0,0.75,107.9935
2018-03-23,0.54,,,-0.502,4.0,102.2067,484110.0,0.2517,14012.7,4401222.0,0.75,107.7495
2018-03-26,0.52,,,-0.502,4.0,102.2067,484110.0,0.2517,14012.7,4401222.0,0.77,107.1819
2018-03-27,0.52,,,-0.502,4.0,102.2067,484110.0,0.2517,14012.7,4401222.0,0.71,107.3359
2018-03-28,0.49,,,-0.502,4.0,102.2067,484110.0,0.2517,14012.7,4392198.0,0.72,107.5733
2018-03-29,0.47,,,-0.502,4.0,102.2067,484110.0,0.2517,14012.7,4392198.0,0.69,107.665
2018-03-30,0.47,,,-0.5,4.0,102.2067,484110.0,0.3351,14012.7,4392198.0,0.69,107.4784
2018-04-01,0.47,,,-0.5,4.0,103.3329,484154.0,0.3351,14035.9,4392198.0,0.69,107.4784
2018-04-02,0.48,,,-0.5,4.0,103.3329,484154.0,0.3351,14035.9,4392198.0,0.68,107.7033
2018-04-03,0.51,,,-0.5,4.0,103.3329,484154.0,0.3351,14035.9,4392198.0,0.71,107.5624
2018-04-04,0.51,,,-0.5,4.0,103.3329,484154.0,0.3351,14035.9,4386104.0,0.71,107.6361
2018-04-05,0.53,,,-0.5,4.0,103.3329,484154.0,0.3351,14035.9,4386104.0,0.75,107.7281
2018-04-06,0.5,,,-0.504,4.0,103.3329,484154.0,0.3331,14035.9,4386104.0,0.7,107.7886
2018-04-09,0.49,,,-0.504,4.0,103.3329,484154.0,0.3331,14035.9,4386104.0,0.71,107.5316
2018-04-10,0.48,,,-0.504,4.0,103.3329,484154.0,0.3331,14035.9,4386104.0,0.72,107.3659
2018-04-11,0.47,,,-0.504,4.0,103.3329,484154.0,0.3331,14035.9,4383684.0,0.68,107.1224
2018-04-12,0.49,,,-0.504,4.0,103.3329,484154.0,0.3331,14035.9,4383684.0,0.7,107.2905
2018-04-13,0.45,,,-0.514,4.0,103.3329,484154.0,0.133,14035.9,4383684.0,0.69,107.2368
2018-04-16,0.44,,,-0.514,4.0,103.3329,484154.0,0.133,14035.9,4383684.0,0.71,107.0595
2018-04-17,0.41,,,-0.514,4.0,103.3329,484154.0,0.133,14035.9,4383684.0,0.68,107.0344
2018-04-18,0.45,,,-0.514,4.0,103.3329,484154.0,0.133,14035.9,4385903.0,0.71,107.1096
2018-04-19,0.48,,,-0.514,4.0,103.3329,484154.0,0.133,14035.9,4385903.0,0.75,107.5197
2018-04-20,0.5,,,-0.529,4.0,103.3329,484154.0,-0.0695,14035.9,4385903.0,0.79,108.1787
2018-04-23,0.49,,,-0.529,4.0,103.3329,484154.0,-0.0695,14035.9,4385903.0,0.8,108.9332
2018-04-24,0.52,,,-0.529,4.0,103.3329,484154.0,-0.0695,14035.9,4385903.0,0.83,108.7906
2018-04-25,0.54,,,-0.529,4.0,103.3329,484154.0,-0.0695,14035.9,4372886.0,0.86,109.3447
2018-04-26,0.51,,,-0.529,4.0,103.3329,484154.0,-0.0695,14035.9,4372886.0,0.82,109.3646
2018-04-27,0.47,,,-0.542,4.0,103.3329,484154.0,-0.0338,14035.9,4372886.0,0.79,109.1735
2018-04-30,0.46,,,-0.542,4.0,103.3329,484154.0,-0.0338,14035.9,4372886.0,0.78,109.3363
2018-05-01,0.47,,,-0.542,3.8,102.4024,491960.0,-0.0338,14092.4,4372886.0,0.81,109.7445
2018-05-02,0.48,,,-0.542,3.8,102.4024,491960.0,-0.0338,14092.4,4356129.0,0.8,110.1625
2018-05-03,0.45,,,-0.542,3.8,102.4024,491960.0,-0.0338,14092.4,4356129.0,0.78,110.1803
2018-05-04,0.44,,,-0.554,3.8,102.4024,491960.0,0.002,14092.4,4356129.0,0.79,110.25
2018-05-07,0.46,,,-0.554,3.8,102.4024,491960.0,0.002,14092.4,4356129.0,0.78,110.5721
2018-05-08,0.46,,,-0.554,3.8,102.4024,491960.0,0.002,14092.4,4356129.0,0.81,111.063
2018-05-09,0.46,,,-0.554,3.8,102.4024,491960.0,0.002,14092.4,4358207.0,0.82,110.8818
2018-05-10,0.43,,,-0.554,3.8,102.4024,491960.0,0.002,14092.4,4358207.0,0.8,110.405
2018-05-11,0.43,,,-0.563,3.8,102.4024,491960.0,-0.2417,14092.4,4358207.0,0.82,110.2847
2018-05-14,0.45,,,-0.563,3.8,102.4024,491960.0,-0.2417,14092.4,4358207.0,0.85,110.408
2018-05-15,0.5,,,-0.563,3.8,102.4024,491960.0,-0.2417,14092.4,4358207.0,0.9,111.2292
2018-05-16,0.51,,,-0.563,3.8,102.4024,491960.0,-0.2417,14092.4,4337609.0,0.92,111.3068
2018-05-17,0.54,,,-0.563,3.8,102.4024,491960.0,-0.2417,14092.4,4337609.0,0.95,111.3547
2018-05-18,0.51,,,-0.568,3.8,102.4024,491960.0,-0.3022,14092.4,4337609.0,0.91,111.7171
2018-05-21,0.48,,,-0.568,3.8,102.4024,491960.0,-0.3022,14092.4,4337609.0,0.9,111.6394
2018-05-22,0.47,,,-0.568,3.8,102.4024,491960.0,-0.3022,14092.4,4337609.0,0.91,111.1945
2018-05-23,0.48,,,-0.568,3.8,102.4024,491960.0,-0.3022,14092.4,4337301.0,0.87,111.6933
2018-05-24,0.48,,,-0.568,3.8,102.4024,491960.0,-0.3022,14092.4,4337301.0,0.86,111.4885
2018-05-25,0.45,,,-0.568,3.8,102.4024,491960.0,-0.2345,14092.4,4337301.0,0.84,111.5843
2018-05-28,0.45,,,-0.568,3.8,102.4024,491960.0,-0.2345,14092.4,4337301.0,0.84,111.5843
2018-05-29,0.45,,,-0.568,3.8,102.4024,491960.0,-0.2345,14092.4,4337301.0,0.73,112.2127
2018-05-30,0.42,,,-0.568,3.8,102.4024,491960.0,-0.2345,14092.4,4327519.0,0.78,111.6731
2018-05-31,0.43,,,-0.568,3.8,102.4024,491960.0,-0.2345,14092.4,4327519.0,0.76,111.9894
2018-06-01,0.42,,,-0.563,4.0,103.198,490228.0,0.0589,14137.2,4327519.0,0.8,111.8265
2018-06-04,0.42,,,-0.563,4.0,103.198,490228.0,0.0589,14137.2,4327519.0,0.82,111.8247
2018-06-05,0.43,,,-0.563,4.0,103.198,490228.0,0.0589,14137.2,4327519.0,0.79,112.264
2018-06-06,0.45,,,-0.563,4.0,103.198,490228.0,0.0589,14137.2,4319191.0,0.83,111.7525
2018-06-07,0.43,,,-0.563,4.0,103.198,490228.0,0.0589,14137.2,4319191.0,0.8,112.0725
2018-06-08,0.43,,,-0.557,4.0,103.198,490228.0,-0.3955,14137.2,4319191.0,0.82,112.1066
2018-06-11,0.44,,,-0.557,4.0,103.198,490228.0,-0.3955,14137.2,4319191.0,0.83,112.1106
2018-06-12,0.42,,,-0.557,4.0,103.198,490228.0,-0.3955,14137.2,4319191.0,0.83,112.2138
2018-06-13,0.39,,,-0.557,4.0,103.198,490228.0,-0.3955,14137.2,4324906.0,0.86,112.2577
2018-06-14,0.35,,,-0.557,4.0,103.198,490228.0,-0.3955,14137.2,4324906.0,0.82,112.8593
2018-06-15,0.38,,,-0.55,4.0,103.198,490228.0,-0.3446,14137.2,4324906.0,0.81,113.3379
2018-06-18,0.36,,,-0.55,4.0,103.198,490228.0,-0.3446,14137.2,4324906.0,0.8,113.4899
2018-06-19,0.35,,,-0.55,4.0,103.198,490228.0,-0.3446,14137.2,4324906.0,0.77,113.639
2018-06-20,0.37,,,-0.55,4.0,103.198,490228.0,-0.3446,14137.2,4315896.0,0.81,113.4784
2018-06-21,0.34,,,-0.55,4.0,103.198,490228.0,-0.3446,14137.2,4315896.0,0.79,113.6109
2018-06-22,0.34,,,-0.544,4.0,103.198,490228.0,-0.2772,14137.2,4315896.0,0.78,113.3047
2018-06-25,0.33,,,-0.544,4.0,103.198,490228.0,-0.2772,14137.2,4315896.0,0.77,113.286
2018-06-26,0.35,,,-0.544,4.0,103.198,490228.0,-0.2772,14137.2,4315896.0,0.76,113.3016
2018-06-27,0.31,,,-0.544,4.0,103.198,490228.0,-0.2772,14137.2,4305491.0,0.72,113.8971
2018-06-28,0.32,,,-0.544,4.0,103.198,490228.0,-0.2772,14137.2,4305491.0,0.74,113.8405
2018-06-29,0.33,,,-0.541,4.0,103.198,490228.0,-0.0648,14137.2,4305491.0,0.74,113.2586
2018-07-01,0.33,,,-0.541,3.8,103.3646,493142.0,-0.0648,14174.6,4305491.0,0.74,113.2586
2018-07-02,0.3,,,-0.541,3.8,103.3646,493142.0,-0.0648,14174.6,4305491.0,0.73,114.1673
2018-07-03,0.3,,,-0.541,3.8,103.3646,493142.0,-0.0648,14174.6,4305491.0,0.71,113.3222
2018-07-04,0.3,,,-0.541,3.8,103.3646,493142.0,-0.0648,14174.6,4289764.0,0.71,113.3222
2018-07-05,0.29,,,-0.541,3.8,103.3646,493142.0,-0.0648,14174.6,4289764.0,0.71,112.9759
2018-07-06,0.29,,,-0.542,3.8,103.3646,493142.0,-0.1942,14174.6,4289764.0,0.7,112.6428
2018-07-09,0.29,,,-0.542,3.8,103.3646,493142.0,-0.1942,14174.6,4289764.0,0.73,112.6425
2018-07-10,0.28,,,-0.542,3.8,103.3646,493142.0,-0.1942,14174.6,4289764.0,0.74,112.5794
2018-07-11,0.27,,,-0.542,3.8,103.3646,493142.0,-0.1942,14174.6,4291201.0,0.74,112.8582
2018-07-12,0.25,,,-0.542,3.8,103.3646,493142.0,-0.1942,14174.6,4291201.0,0.75,112.779
2018-07-13,0.24,,,-0.548,3.8,103.3646,493142.0,-0.4234,14174.6,4291201.0,0.72,113.0705
2018-07-16,0.26,,,-0.548,3.8,103.3646,493142.0,-0.4234,14174.6,4291201.0,0.75,112.8437
2018-07-17,0.24,,,-0.548,3.8,103.3646,493142.0,-0.4234,14174.6,4291201.0,0.77,113.1504
2018-07-18,0.28,,,-0.548,3.8,103.3646,493142.0,-0.4234,14174.6,4291615.0,0.79,113.3348
2018-07-19,0.24,,,-0.548,3.8,103.3646,493142.0,-0.4234,14174.6,4291615.0,0.75,113.9463
2018-07-20,0.29,,,-0.556,3.8,103.3646,493142.0,-0.4602,14174.6,4291615.0,0.78,113.3213
2018-07-23,0.32,,,-0.556,3.8,103.3646,493142.0,-0.4602,14174.6,4291615.0,0.85,113.4246
2018-07-24,0.32,,,-0.556,3.8,103.3646,493142.0,-0.4602,14174.6,4291615.0,0.84,113.2045
2018-07-25,0.28,,,-0.556,3.8,103.3646,493142.0,-0.4602,14174.6,4277681.0,0.81,112.9221
2018-07-26,0.29,,,-0.556,3.8,103.3646,493142.0,-0.4602,14174.6,4277681.0,0.87,112.9179
2018-07-27,0.29,,,-0.565,3.8,103.3646,493142.0,-0.5443,14174.6,4277681.0,0.84,112.8125
2018-07-30,0.32,,,-0.565,3.8,103.3646,493142.0,-0.5443,14174.6,4277681.0,0.85,112.6044
2018-07-31,0.29,,,-0.565,3.8,103.3646,493142.0,-0.5443,14174.6,4277681.0,0.84,112.7299
2018-08-01,0.33,,,-0.565,3.8,104.0327,493445.0,-0.5443,14223.2,4255653.0,0.87,112.8899
2018-08-02,0.32,,,-0.565,3.8,104.0327,493445.0,-0.5443,14223.2,4255653.0,0.86,113.1679
2018-08-03,0.32,,,-0.574,3.8,104.0327,493445.0,-0.4499,14223.2,4255653.0,0.83,113.012
2018-08-06,0.3,,,-0.574,3.8,104.0327,493445.0,-0.4499,14223.2,4255653.0,0.83,113.229
2018-08-07,0.3,,,-0.574,3.8,104.0327,493445.0,-0.4499,14223.2,4255653.0,0.85,112.9759
2018-08-08,0.28,,,-0.574,3.8,104.0327,493445.0,-0.4499,14223.2,4258030.0,0.85,113.1411
2018-08-09,0.29,,,-0.574,3.8,104.0327,493445.0,-0.4499,14223.2,4258030.0,0.82,113.3806
2018-08-10,0.26,,,-0.583,3.8,104.0327,493445.0,-0.5557,14223.2,4258030.0,0.78,114.3005
2018-08-13,0.27,,,-0.583,3.8,104.0327,493445.0,-0.5557,14223.2,4258030.0,0.78,114.851
2018-08-14,0.26,,,-0.583,3.8,104.0327,493445.0,-0.5557,14223.2,4258030.0,0.8,114.658
2018-08-15,0.25,,,-0.583,3.8,104.0327,493445.0,-0.5557,14223.2,4228924.0,0.78,115.1526
2018-08-16,0.24,,,-0.583,3.8,104.0327,493445.0,-0.5557,14223.2,4228924.0,0.79,114.6416
2018-08-17,0.26,,,-0.589,3.8,104.0327,493445.0,-0.4492,14223.2,4228924.0,0.79,114.5339
2018-08-20,0.22,,,-0.589,3.8,104.0327,493445.0,-0.4492,14223.2,4228924.0,0.75,114.3504
2018-08-21,0.24,,,-0.589,3.8,104.0327,493445.0,-0.4492,14223.2,4228924.0,0.77,113.8604
2018-08-22,0.22,,,-0.589,3.8,104.0327,493445.0,-0.4492,14223.2,4228818.0,0.74,113.663
2018-08-23,0.21,,,-0.589,3.8,104.0327,493445.0,-0.4492,14223.2,4228818.0,0.73,114.0932
2018-08-24,0.19,,,-0.595,3.8,104.0327,493445.0,-0.6322,14223.2,4228818.0,0.73,113.5985
2018-08-27,0.18,,,-0.595,3.8,104.0327,493445.0,-0.6322,14223.2,4228818.0,0.74,113.2721
2018-08-28,0.21,,,-0.595,3.8,104.0327,493445.0,-0.6322,14223.2,4228818.0,0.77,113.3444
2018-08-29,0.22,,,-0.595,3.8,104.0327,493445.0,-0.6322,14223.2,4218914.0,0.77,113.6461
2018-08-30,0.22,,,-0.595,3.8,104.0327,493445.0,-0.6322,14223.2,4218914.0,0.76,114.0899
2018-08-31,0.24,,,-0.599,3.8,104.0327,493445.0,-0.6775,14223.2,4218914.0,0.78,114.2755
2018-09-01,0.24,,,-0.599,3.7,104.1004,491507.0,-0.6775,14245.5,4218914.0,0.78,114.2755
2018-09-03,0.24,,,-0.599,3.7,104.1004,491507.0,-0.6775,14245.5,4218914.0,0.78,114.2755
2018-09-04,0.24,,,-0.599,3.7,104.1004,491507.0,-0.6775,14245.5,4218914.0,0.8,114.8584
2018-09-05,0.24,,,-0.599,3.7,104.1004,491507.0,-0.6775,14245.5,4208496.0,0.81,114.7477
2018-09-06,0.24,,,-0.599,3.7,104.1004,491507.0,-0.6775,14245.5,4208496.0,0.8,114.6479
2018-09-07,0.23,,,-0.601,3.7,104.1004,491507.0,-0.6039,14245.5,4208496.0,0.84,114.5816
2018-09-10,0.21,,,-0.601,3.7,104.1004,491507.0,-0.6039,14245.5,4208496.0,0.84,114.6802
2018-09-11,0.22,,,-0.601,3.7,104.1004,491507.0,-0.6039,14245.5,4208496.0,0.86,114.7051
2018-09-12,0.23,,,-0.601,3.7,104.1004,491507.0,-0.6039,14245.5,4210812.0,0.85,114.2192
2018-09-13,0.21,,,-0.601,3.7,104.1004,491507.0,-0.6039,14245.5,4210812.0,0.87,113.9268
2018-09-14,0.21,,,-0.601,3.7,104.1004,491507.0,-0.718,14245.5,4210812.0,0.89,114.0657
2018-09-17,0.21,,,-0.601,3.7,104.1004,491507.0,-0.718,14245.5,4210812.0,0.89,113.9158
2018-09-18,0.24,,,-0.601,3.7,104.1004,491507.0,-0.718,14245.5,4210812.0,0.92,113.7739
2018-09-19,0.27,,,-0.601,3.7,104.1004,491507.0,-0.718,14245.5,4208059.0,0.93,113.6532
2018-09-20,0.26,,,-0.601,3.7,104.1004,491507.0,-0.718,14245.5,4208059.0,0.92,113.4989
2018-09-21,0.26,,,-0.598,3.7,104.1004,491507.0,-0.8174,14245.5,4208059.0,0.92,113.5099
2018-09-24,0.25,,,-0.598,3.7,104.1004,491507.0,-0.8174,14245.5,4208059.0,0.92,113.5301
2018-09-25,0.27,,,-0.598,3.7,104.1004,491507.0,-0.8174,14245.5,4208059.0,0.94,113.7202
2018-09-26,0.23,,,-0.598,3.7,104.1004,491507.0,-0.8174,14245.5,4192909.0,0.92,113.6739
2018-09-27,0.23,,,-0.598,3.7,104.1004,491507.0,-0.8174,14245.5,4192909.0,0.91,113.9784
2018-09-28,0.24,,,-0.594,3.7,104.1004,491507.0,-0.7538,14245.5,4192909.0,0.91,113.8077
2018-10-01,0.27,,,-0.594,3.8,103.9856,496416.0,-0.7538,14256.6,4192909.0,0.95,113.8235
2018-10-02,0.23,,,-0.594,3.8,103.9856,496416.0,-0.7538,14256.6,4192909.0,0.93,113.8954
2018-10-03,0.3,,,-0.594,3.8,103.9856,496416.0,-0.7538,14256.6,4174704.0,0.99,114.1569
2018-10-04,0.32,,,-0.594,3.8,103.9856,496416.0,-0.7538,14256.6,4174704.0,1.03,114.6867
2018-10-05,0.35,,,-0.587,3.8,103.9856,496416.0,-0.7902,14256.6,4174704.0,1.07,114.561
2018-10-08,0.35,,,-0.587,3.8,103.9856,496416.0,-0.7902,14256.6,4174704.0,1.07,114.561
2018-10-09,0.33,,,-0.587,3.8,103.9856,496416.0,-0.7902,14256.6,4174704.0,1.04,114.6583
2018-10-10,0.34,,,-0.587,3.8,103.9856,496416.0,-0.7902,14256.6,4176906.0,1.06,114.6072
2018-10-11,0.29,,,-0.587,3.8,103.9856,496416.0,-0.7902,14256.6,4176906.0,1.02,114.4074
2018-10-12,0.3,,,-0.576,3.8,103.9856,496416.0,-0.4462,14256.6,4176906.0,1.03,114.3691
2018-10-15,0.31,,,-0.576,3.8,103.9856,496416.0,-0.4462,14256.6,4176906.0,1.03,114.045
2018-10-16,0.29,,,-0.576,3.8,103.9856,496416.0,-0.4462,14256.6,4176906.0,1.03,113.8963
2018-10-17,0.3,,,-0.576,3.8,103.9856,496416.0,-0.4462,14256.6,4175446.0,1.06,114.1755
2018-10-18,0.3,,,-0.576,3.8,103.9856,496416.0,-0.4462,14256.6,4175446.0,1.07,114.8164
2018-10-19,0.28,,,-0.565,3.8,103.9856,496416.0,-0.5083,14256.6,4175446.0,1.09,114.8567
2018-10-22,0.28,,,-0.565,3.8,103.9856,496416.0,-0.5083,14256.6,4175446.0,1.09,115.1782
2018-10-23,0.28,,,-0.565,3.8,103.9856,496416.0,-0.5083,14256.6,4175446.0,1.08,115.1651
2018-10-24,0.26,,,-0.565,3.8,103.9856,496416.0,-0.5083,14256.6,4173070.0,1.03,115.3755
2018-10-25,0.28,,,-0.565,3.8,103.9856,496416.0,-0.5083,14256.6,4173070.0,1.09,115.4831
2018-10-26,0.27,,,-0.552,3.8,103.9856,496416.0,-0.2135,14256.6,4173070.0,1.02,115.473
2018-10-29,0.27,,,-0.552,3.8,103.9856,496416.0,-0.2135,14256.6,4173070.0,1.02,115.8936
2018-10-30,0.28,,,-0.552,3.8,103.9856,496416.0,-0.2135,14256.6,4173070.0,1.07,116.2357
2018-10-31,0.28,,,-0.552,3.8,103.9856,496416.0,-0.2135,14256.6,4139731.0,1.1,116.5281
2018-11-01,0.3,,,-0.552,3.8,104.0681,498854.0,-0.2135,14282.8,4139731.0,1.12,115.8657
2018-11-02,0.31,,,-0.536,3.8,104.0681,498854.0,-0.2271,14282.8,4139731.0,1.16,115.643
2018-11-05,0.29,,,-0.536,3.8,104.0681,498854.0,-0.2271,14282.8,4139731.0,1.14,115.703
2018-11-06,0.29,,,-0.536,3.8,104.0681,498854.0,-0.2271,14282.8,4139731.0,1.15,115.5622
2018-11-07,0.26,,,-0.536,3.8,104.0681,498854.0,-0.2271,14282.8,4141936.0,1.15,115.2519
2018-11-08,0.26,,,-0.536,3.8,104.0681,498854.0,-0.2271,14282.8,4141936.0,1.17,115.6478
2018-11-09,0.25,,,-0.521,3.8,104.0681,498854.0,-0.4735,14282.8,4141936.0,1.15,116.4778
2018-11-12,0.25,,,-0.521,3.8,104.0681,498854.0,-0.4735,14282.8,4141936.0,1.15,116.4778
2018-11-13,0.25,,,-0.521,3.8,104.0681,498854.0,-0.4735,14282.8,4141936.0,1.12,116.6694
2018-11-14,0.26,,,-0.521,3.8,104.0681,498854.0,-0.4735,14282.8,4145892.0,1.12,116.498
2018-11-15,0.25,,,-0.521,3.8,104.0681,498854.0,-0.4735,14282.8,4145892.0,1.11,116.3861
2018-11-16,0.27,,,-0.501,3.8,104.0681,498854.0,-0.0261,14282.8,4145892.0,1.06,115.9258
2018-11-19,0.27,,,-0.501,3.8,104.0681,498854.0,-0.0261,14282.8,4145892.0,1.07,115.9859
2018-11-20,0.27,,,-0.501,3.8,104.0681,498854.0,-0.0261,14282.8,4145892.0,1.09,116.2367
2018-11-21,0.25,,,-0.501,3.8,104.0681,498854.0,-0.0261,14282.8,4106198.0,1.09,116.092
2018-11-22,0.25,,,-0.501,3.8,104.0681,498854.0,-0.0261,14282.8,4106198.0,1.09,116.092
2018-11-23,0.24,,,-0.48,3.8,104.0681,498854.0,0.0529,14282.8,4106198.0,1.09,116.4713
2018-11-26,0.23,,,-0.48,3.8,104.0681,498854.0,0.0529,14282.8,4106198.0,1.11,116.6208
2018-11-27,0.23,,,-0.48,3.8,104.0681,498854.0,0.0529,14282.8,4106198.0,1.15,116.9001
2018-11-28,0.25,,,-0.48,3.8,104.0681,498854.0,0.0529,14282.8,4097170.0,1.12,116.8343
2018-11-29,0.22,,,-0.48,3.8,104.0681,498854.0,0.0529,14282.8,4097170.0,1.05,116.1961
2018-11-30,0.21,,,-0.46,3.8,104.0681,498854.0,-0.1467,14282.8,4097170.0,1.04,116.413
2018-12-01,0.21,,,-0.46,3.9,104.0936,489113.0,-0.1467,14386.8,4097170.0,1.04,116.413
2018-12-03,0.15,,,-0.46,3.9,104.0936,489113.0,-0.1467,14386.8,4097170.0,1.02,115.9057
2018-12-04,0.11,,,-0.46,3.9,104.0936,489113.0,-0.1467,14386.8,4097170.0,0.97,116.0028
2018-12-05,0.11,,,-0.46,3.9,104.0936,489113.0,-0.1467,14386.8,4086044.0,0.97,116.0028
2018-12-06,0.12,,,-0.46,3.9,104.0936,489113.0,-0.1467,14386.8,4086044.0,0.97,116.3991
2018-12-07,0.13,,,-0.441,3.9,104.0936,489113.0,0.2041,14386.8,4086044.0,0.96,116.0847
2018-12-10,0.13,,,-0.441,3.9,104.0936,489113.0,0.2041,14386.8,4086044.0,0.99,116.6746
2018-12-11,0.11,,,-0.441,3.9,104.0936,489113.0,0.2041,14386.8,4086044.0,1.06,116.7564
2018-12-12,0.14,,,-0.441,3.9,104.0936,489113.0,0.2041,14386.8,4088314.0,1.08,116.2214
2018-12-13,0.16,,,-0.441,3.9,104.0936,489113.0,0.2041,14386.8,4088314.0,1.08,116.3974
2018-12-14,0.16,,,-0.428,3.9,104.0936,489113.0,0.2621,14386.8,4088314.0,1.07,116.79
2018-12-17,0.16,,,-0.428,3.9,104.0936,489113.0,0.2621,14386.8,4088314.0,1.05,116.4532
2018-12-18,0.17,,,-0.428,3.9,104.0936,489113.0,0.2621,14386.8,4088314.0,1.01,116.4127
2018-12-19,0.14,,,-0.428,3.9,104.0936,489113.0,0.2621,14386.8,4084274.0,0.97,116.0676
2018-12-20,0.12,,,-0.428,3.9,104.0936,489113.0,0.2621,14386.8,4084274.0,1.03,116.0183
2018-12-21,0.16,,,-0.422,3.9,104.0936,489113.0,0.5411,14386.8,4084274.0,1.02,116.2227
2018-12-24,0.19,,,-0.422,3.9,104.0936,489113.0,0.5411,14386.8,4084274.0,0.99,116.2182
2018-12-25,0.19,,,-0.422,3.9,104.0936,489113.0,0.5411,14386.8,4084274.0,0.99,116.2182
2018-12-26,0.2,,,-0.422,3.9,104.0936,489113.0,0.5411,14386.8,4075636.0,1.04,116.1162
2018-12-27,0.21,,,-0.422,3.9,104.0936,489113.0,0.5411,14386.8,4075636.0,1.03,115.9927
2018-12-28,0.2,,,-0.425,3.9,104.0936,489113.0,0.6688,14386.8,4075636.0,0.99,115.7232
2018-12-31,0.21,,,-0.425,3.9,104.0936,489113.0,0.6688,14386.8,4075636.0,0.98,115.5674
2019-01-01,0.21,,,-0.425,4.0,103.4021,490440.0,0.6688,14459.7,4075636.0,0.98,115.5674
2019-01-02,0.16,,,-0.425,4.0,103.4021,490440.0,0.6688,14459.7,4058378.0,0.96,115.7689
2019-01-03,0.17,,,-0.425,4.0,103.4021,490440.0,0.6688,14459.7,4058378.0,0.88,115.4622
2019-01-04,0.17,,,-0.438,4.0,103.4021,490440.0,0.3125,14459.7,4058378.0,0.91,114.9821
2019-01-07,0.17,,,-0.438,4.0,103.4021,490440.0,0.3125,14459.7,4058378.0,0.92,114.5628
2019-01-08,0.15,,,-0.438,4.0,103.4021,490440.0,0.3125,14459.7,4058378.0,0.91,114.7281
2019-01-09,0.18,,,-0.438,4.0,103.4021,490440.0,0.3125,14459.7,4056563.0,0.91,114.1406
2019-01-10,0.18,,,-0.438,4.0,103.4021,490440.0,0.3125,14459.7,4056563.0,0.93,114.0496
2019-01-11,0.16,,,-0.457,4.0,103.4021,490440.0,-0.1807,14459.7,4056563.0,0.88,114.0404
2019-01-14,0.18,,,-0.457,4.0,103.4021,490440.0,-0.1807,14459.7,4056563.0,0.9,114.0404
2019-01-15,0.19,,,-0.457,4.0,103.4021,490440.0,-0.1807,14459.7,4056563.0,0.91,114.3402
2019-01-16,0.18,,,-0.457,4.0,103.4021,490440.0,-0.1807,14459.7,4050044.0,0.91,114.137
2019-01-17,0.19,,,-0.457,4.0,103.4021,490440.0,-0.1807,14459.7,4050044.0,0.96,114.4115
2019-01-18,0.17,,,-0.48,4.0,103.4021,490440.0,-0.1486,14459.7,4050044.0,0.96,114.558
2019-01-21,0.17,,,-0.48,4.0,103.4021,490440.0,-0.1486,14459.7,4050044.0,0.96,114.558
2019-01-22,0.16,,,-0.48,4.0,103.4021,490440.0,-0.1486,14459.7,4050044.0,0.95,114.7541
2019-01-23,0.18,,,-0.48,4.0,103.4021,490440.0,-0.1486,14459.7,4047052.0,0.96,114.5759
2019-01-24,0.16,,,-0.48,4.0,103.4021,490440.0,-0.1486,14459.7,4047052.0,0.95,114.617
2019-01-25,0.16,,,-0.504,4.0,103.4021,490440.0,-0.1254,14459.7,4047052.0,0.97,114.0197
2019-01-28,0.15,,,-0.504,4.0,103.4021,490440.0,-0.1254,14459.7,4047052.0,0.97,114.0522
2019-01-29,0.16,,,-0.504,4.0,103.4021,490440.0,-0.1254,14459.7,4047052.0,0.94,114.026
2019-01-30,0.18,,,-0.504,4.0,103.4021,490440.0,-0.1254,14459.7,4039678.0,0.86,114.0731
2019-01-31,0.18,,,-0.504,4.0,103.4021,490440.0,-0.1254,14459.7,4039678.0,0.78,113.5504
2019-02-01,0.18,,,-0.528,3.8,102.8371,491751.0,-0.1456,14506.3,4039678.0,0.82,113.7548
2019-02-04,0.2,,,-0.528,3.8,102.8371,491751.0,-0.1456,14506.3,4039678.0,0.86,113.8766
2019-02-05,0.18,,,-0.528,3.8,102.8371,491751.0,-0.1456,14506.3,4039678.0,0.84,114.0431
2019-02-06,0.18,,,-0.528,3.8,102.8371,491751.0,-0.1456,14506.3,4026350.0,0.84,114.2305
2019-02-07,0.17,,,-0.528,3.8,102.8371,491751.0,-0.1456,14506.3,4026350.0,0.81,114.4339
2019-02-08,0.18,,,-0.548,3.8,102.8371,491751.0,-0.2914,14506.3,4026350.0,0.81,114.5003
2019-02-11,0.17,,,-0.548,3.8,102.8371,491751.0,-0.2914,14506.3,4026350.0,0.83,115.031
2019-02-12,0.18,,,-0.548,3.8,102.8371,491751.0,-0.2914,14506.3,4026350.0,0.85,114.7297
2019-02-13,0.18,,,-0.548,3.8,102.8371,491751.0,-0.2914,14506.3,4028431.0,0.85,114.9407
2019-02-14,0.16,,,-0.548,3.8,102.8371,491751.0,-0.2914,14506.3,4028431.0,0.81,115.1007
2019-02-15,0.14,,,-0.565,3.8,102.8371,491751.0,-0.3576,14506.3,4028431.0,0.8,114.9923
2019-02-18,0.14,,,-0.565,3.8,102.8371,491751.0,-0.3576,14506.3,4028431.0,0.8,114.9923
2019-02-19,0.15,,,-0.565,3.8,102.8371,491751.0,-0.3576,14506.3,4028431.0,0.78,114.57
2019-02-20,0.15,,,-0.565,3.8,102.8371,491751.0,-0.3576,14506.3,3981420.0,0.76,114.57
2019-02-21,0.16,,,-0.565,3.8,102.8371,491751.0,-0.3576,14506.3,3981420.0,0.78,114.5091
2019-02-22,0.17,,,-0.579,3.8,102.8371,491751.0,-0.5236,14506.3,3981420.0,0.74,114.2716
2019-02-25,0.16,,,-0.579,3.8,102.8371,491751.0,-0.5236,14506.3,3981420.0,0.75,114.1457
2019-02-26,0.16,,,-0.579,3.8,102.8371,491751.0,-0.5236,14506.3,3981420.0,0.72,114.0687
2019-02-27,0.19,,,-0.579,3.8,102.8371,491751.0,-0.5236,14506.3,3974590.0,0.76,114.0363
2019-02-28,0.21,,,-0.579,3.8,102.8371,491751.0,-0.5236,14506.3,3974590.0,0.78,114.1991
2019-03-01,0.21,,,-0.587,3.8,102.8757,499292.0,-0.5845,14557.5,3974590.0,0.8,114.537
2019-03-04,0.17,,,-0.587,3.8,102.8757,499292.0,-0.5845,14557.5,3974590.0,0.78,114.6925
2019-03-05,0.17,,,-0.587,3.8,102.8757,499292.0,-0.5845,14557.5,3974590.0,0.79,114.804
2019-03-06,0.17,,,-0.587,3.8,102.8757,499292.0,-0.5845,14557.5,3969134.0,0.78,114.9714
2019-03-07,0.17,,,-0.587,3.8,102.8757,499292.0,-0.5845,14557.5,3969134.0,0.74,115.4919
2019-03-08,0.17,,,-0.592,3.8,102.8757,499292.0,-0.4665,14557.5,3969134.0,0.72,115.3599
2019-03-11,0.17,,,-0.592,3.8,102.8757,499292.0,-0.4665,14557.5,3969134.0,0.73,115.2967
2019-03-12,0.16,,,-0.592,3.8,102.8757,499292.0,-0.4665,14557.5,3969134.0,0.71,114.939
2019-03-13,0.16,,,-0.592,3.8,102.8757,499292.0,-0.4665,14557.5,3971559.0,0.69,114.7372
2019-03-14,0.17,,,-0.592,3.8,102.8757,499292.0,-0.4665,14557.5,3971559.0,0.69,114.79
2019-03-15,0.16,,,-0.596,3.8,102.8757,499292.0,-0.5708,14557.5,3971559.0,0.65,114.5815
2019-03-18,0.15,,,-0.596,3.8,102.8757,499292.0,-0.5708,14557.5,3971559.0,0.64,114.4375
2019-03-19,0.15,,,-0.596,3.8,102.8757,499292.0,-0.5708,14557.5,3971559.0,0.66,114.2324
2019-03-20,0.14,,,-0.596,3.8,102.8757,499292.0,-0.5708,14557.5,3962748.0,0.58,114.1509
2019-03-21,0.13,,,-0.596,3.8,102.8757,499292.0,-0.5708,14557.5,3962748.0,0.58,114.1684
2019-03-22,0.13,,,-0.6,3.8,102.8757,499292.0,-0.5818,14557.5,3962748.0,0.54,114.6856
2019-03-25,0.17,,,-0.6,3.8,102.8757,499292.0,-0.5818,14557.5,3962748.0,0.55,114.4171
2019-03-26,0.17,,,-0.6,3.8,102.8757,499292.0,-0.5818,14557.5,3962748.0,0.55,114.6414
2019-03-27,0.17,,,-0.6,3.8,102.8757,499292.0,-0.5818,14557.5,3955617.0,0.55,115.1243
2019-03-28,0.16,,,-0.6,3.8,102.8757,499292.0,-0.5818,14557.5,3955617.0,0.56,115.2581
2019-03-29,0.14,,,-0.603,3.8,102.8757,499292.0,-0.3199,14557.5,3955617.0,0.53,115.1371
2019-04-01,0.16,,,-0.603,3.7,102.274,499343.0,-0.3199,14594.7,3955617.0,0.59,114.9362
2019-04-02,0.18,,,-0.603,3.7,102.274,499343.0,-0.3199,14594.7,3955617.0,0.58,115.1173
2019-04-03,0.19,,,-0.603,3.7,102.274,499343.0,-0.3199,14594.7,3935509.0,0.61,114.7211
2019-04-04,0.18,,,-0.603,3.7,102.274,499343.0,-0.3199,14594.7,3935509.0,0.61,114.9697
2019-04-05,0.15,,,-0.607,3.7,102.274,499343.0,-0.6737,14594.7,3935509.0,0.6,114.9726
2019-04-08,0.16,,,-0.607,3.7,102.274,499343.0,-0.6737,14594.7,3935509.0,0.61,114.6893
2019-04-09,0.16,,,-0.607,3.7,102.274,499343.0,-0.6737,14594.7,3935509.0,0.6,114.5321
2019-04-10,0.17,,,-0.607,3.7,102.274,499343.0,-0.6737,14594.7,3936784.0,0.54,114.4269
2019-04-11,0.16,,,-0.607,3.7,102.274,499343.0,-0.6737,14594.7,3936784.0,0.57,114.6303
2019-04-12,0.16,,,-0.61,3.7,102.274,499343.0,-0.6563,14594.7,3936784.0,0.61,114.3531
2019-04-15,0.15,,,-0.61,3.7,102.274,499343.0,-0.6563,14594.7,3936784.0,0.61,114.495
2019-04-16,0.19,,,-0.61,3.7,102.274,499343.0,-0.6563,14594.7,3936784.0,0.64,114.6756
2019-04-17,0.19,,,-0.61,3.7,102.274,499343.0,-0.6563,14594.7,3931827.0,0.65,114.5141
2019-04-18,0.19,,,-0.61,3.7,102.274,499343.0,-0.6563,14594.7,3931827.0,0.62,114.7073
2019-04-19,0.19,,,-0.612,3.7,102.274,499343.0,-0.7747,14594.7,3931827.0,0.62,114.6977
2019-04-22,0.21,,,-0.612,3.7,102.274,499343.0,-0.7747,14594.7,3931827.0,0.64,114.7694
2019-04-23,0.21,,,-0.612,3.7,102.274,499343.0,-0.7747,14594.7,3931827.0,0.62,115.1578
2019-04-24,0.21,,,-0.612,3.7,102.274,499343.0,-0.7747,14594.7,3928273.0,0.57,115.4187
2019-04-25,0.21,,,-0.612,3.7,102.274,499343.0,-0.7747,14594.7,3928273.0,0.56,115.7709
2019-04-26,0.23,,,-0.611,3.7,102.274,499343.0,-0.6347,14594.7,3928273.0,0.54,115.4767
2019-04-29,0.24,,,-0.611,3.7,102.274,499343.0,-0.6347,14594.7,3928273.0,0.58,115.5227
2019-04-30,0.24,,,-0.611,3.7,102.274,499343.0,-0.6347,14594.7,3928273.0,0.56,115.3281
2019-05-01,0.21,,,-0.611,3.6,102.392,504741.0,-0.6347,14704.4,3889691.0,0.59,115.0022
2019-05-02,0.2,,,-0.611,3.6,102.392,504741.0,-0.6347,14704.4,3889691.0,0.66,115.5617
2019-05-03,0.21,,,-0.608,3.6,102.392,504741.0,-0.6742,14704.4,3889691.0,0.63,115.2646
2019-05-06,0.2,,,-0.608,3.6,102.392,504741.0,-0.6742,14704.4,3889691.0,0.6,115.3811
2019-05-07,0.17,,,-0.608,3.6,102.392,504741.0,-0.6742,14704.4,3889691.0,0.58,115.6116
2019-05-08,0.19,,,-0.608,3.6,102.392,504741.0,-0.6742,14704.4,3892216.0,0.62,115.5171
2019-05-09,0.19,,,-0.608,3.6,102.392,504741.0,-0.6742,14704.4,3892216.0,0.6,115.8421
2019-05-10,0.21,,,-0.601,3.6,102.392,504741.0,-0.3807,14704.4,3892216.0,0.59,115.5334
2019-05-13,0.22,,,-0.601,3.6,102.392,504741.0,-0.3807,14704.4,3892216.0,0.55,115.915
2019-05-14,0.22,,,-0.601,3.6,102.392,504741.0,-0.3807,14704.4,3892216.0,0.56,115.9425
2019-05-15,0.21,,,-0.601,3.6,102.392,504741.0,-0.3807,14704.4,3864749.0,0.54,115.8565
2019-05-16,0.2,,,-0.601,3.6,102.392,504741.0,-0.3807,14704.4,3864749.0,0.56,116.0346
2019-05-17,0.19,,,-0.593,3.6,102.392,504741.0,-0.3561,14704.4,3864749.0,0.58,116.448
2019-05-20,0.2,,,-0.593,3.6,102.392,504741.0,-0.3561,14704.4,3864749.0,0.6,116.3119
2019-05-21,0.17,,,-0.593,3.6,102.392,504741.0,-0.3561,14704.4,3864749.0,0.6,116.2844
2019-05-22,0.16,,,-0.593,3.6,102.392,504741.0,-0.3561,14704.4,3860435.0,0.6,116.2412
2019-05-23,0.19,,,-0.593,3.6,102.392,504741.0,-0.3561,14704.4,3860435.0,0.58,116.2368
2019-05-24,0.16,,,-0.585,3.6,102.392,504741.0,-0.477,14704.4,3860435.0,0.56,116.0806
2019-05-27,0.16,,,-0.585,3.6,102.392,504741.0,-0.477,14704.4,3860435.0,0.56,116.0806
2019-05-28,0.14,,,-0.585,3.6,102.392,504741.0,-0.477,14704.4,3860435.0,0.53,116.3174
2019-05-29,0.16,,,-0.585,3.6,102.392,504741.0,-0.477,14704.4,3851444.0,0.5,116.5535
2019-05-30,0.16,,,-0.585,3.6,102.392,504741.0,-0.477,14704.4,3851444.0,0.48,116.3989
2019-05-31,0.19,,,-0.577,3.6,102.392,504741.0,-0.1842,14704.4,3851444.0,0.4,116.7273
2019-06-01,0.19,,,-0.577,3.6,102.4375,505251.0,-0.1842,14802.8,3851444.0,0.4,116.7273
2019-06-03,0.25,,,-0.577,3.6,102.4375,505251.0,-0.1842,14802.8,3851444.0,0.34,116.4764
2019-06-04,0.24,,,-0.577,3.6,102.4375,505251.0,-0.1842,14802.8,3851444.0,0.38,116.091
2019-06-05,0.29,,,-0.577,3.6,102.4375,505251.0,-0.1842,14802.8,3847645.0,0.37,116.03
2019-06-06,0.24,,,-0.577,3.6,102.4375,505251.0,-0.1842,14802.8,3847645.0,0.39,115.9771
2019-06-07,0.24,,,-0.572,3.6,102.4375,505251.0,-0.2065,14802.8,3847645.0,0.35,115.7368
2019-06-10,0.25,,,-0.572,3.6,102.4375,505251.0,-0.2065,14802.8,3847645.0,0.42,115.5001
2019-06-11,0.22,,,-0.572,3.6,102.4375,505251.0,-0.2065,14802.8,3847645.0,0.43,115.3794
2019-06-12,0.25,,,-0.572,3.6,102.4375,505251.0,-0.2065,14802.8,3849955.0,0.42,115.438
2019-06-13,0.27,,,-0.572,3.6,102.4375,505251.0,-0.2065,14802.8,3849955.0,0.42,115.6275
2019-06-14,0.25,,,-0.57,3.6,102.4375,505251.0,-0.432,14802.8,3849955.0,0.46,115.9057
2019-06-17,0.23,,,-0.57,3.6,102.4375,505251.0,-0.432,14802.8,3849955.0,0.48,115.9684
2019-06-18,0.2,,,-0.57,3.6,102.4375,505251.0,-0.432,14802.8,3849955.0,0.42,115.8797
2019-06-19,0.29,,,-0.57,3.6,102.4375,505251.0,-0.432,14802.8,3844016.0,0.36,115.7889
2019-06-20,0.29,,,-0.57,3.6,102.4375,505251.0,-0.432,14802.8,3844016.0,0.27,114.8046
2019-06-21,0.3,,,-0.57,3.6,102.4375,505251.0,-0.343,14802.8,3844016.0,0.34,114.8377
2019-06-24,0.3,,,-0.57,3.6,102.4375,505251.0,-0.343,14802.8,3844016.0,0.31,114.6559
2019-06-25,0.29,,,-0.57,3.6,102.4375,505251.0,-0.343,14802.8,3844016.0,0.33,114.6363
2019-06-26,0.28,,,-0.57,3.6,102.4375,505251.0,-0.343,14802.8,3826817.0,0.35,114.5608
2019-06-27,0.27,,,-0.57,3.6,102.4375,505251.0,-0.343,14802.8,3826817.0,0.33,114.665
2019-06-28,0.25,,,-0.572,3.6,102.4375,505251.0,-0.3382,14802.8,3826817.0,0.31,114.5821
2019-07-01,0.25,,,-0.572,3.7,101.9408,509091.0,-0.3382,14886.8,3826817.0,0.34,114.7239
2019-07-02,0.21,,,-0.572,3.7,101.9408,509091.0,-0.3382,14886.8,3826817.0,0.33,114.8258
2019-07-03,0.19,,,-0.572,3.7,101.9408,509091.0,-0.3382,14886.8,3813198.0,0.31,114.8135
2019-07-04,0.19,,,-0.572,3.7,101.9408,509091.0,-0.3382,14886.8,3813198.0,0.31,114.8135
2019-07-05,0.17,,,-0.576,3.7,101.9408,509091.0,-0.5268,14886.8,3813198.0,0.35,115.1132
2019-07-08,0.17,,,-0.576,3.7,101.9408,509091.0,-0.5268,14886.8,3813198.0,0.35,115.0254
2019-07-09,0.15,,,-0.576,3.7,101.9408,509091.0,-0.5268,14886.8,3813198.0,0.36,115.1017
2019-07-10,0.25,,,-0.576,3.7,101.9408,509091.0,-0.5268,14886.8,3815038.0,0.33,115.0879
2019-07-11,0.28,,,-0.576,3.7,101.9408,509091.0,-0.5268,14886.8,3815038.0,0.36,114.8361
2019-07-12,0.28,,,-0.577,3.7,101.9408,509091.0,-0.4532,14886.8,3815038.0,0.35,114.7685
2019-07-15,0.26,,,-0.577,3.7,101.9408,509091.0,-0.4532,14886.8,3815038.0,0.32,114.6819
2019-07-16,0.26,,,-0.577,3.7,101.9408,509091.0,-0.4532,14886.8,3815038.0,0.33,115.0111
2019-07-17,0.23,,,-0.577,3.7,101.9408,509091.0,-0.4532,14886.8,3808110.0,0.31,114.8819
2019-07-18,0.27,,,-0.577,3.7,101.9408,509091.0,-0.4532,14886.8,3808110.0,0.25,114.8744
2019-07-19,0.25,,,-0.577,3.7,101.9408,509091.0,-0.3636,14886.8,3808110.0,0.25,114.8695
2019-07-22,0.25,,,-0.577,3.7,101.9408,509091.0,-0.3636,14886.8,3808110.0,0.26,115.0018
2019-07-23,0.25,,,-0.577,3.7,101.9408,509091.0,-0.3636,14886.8,3808110.0,0.27,115.2995
2019-07-24,0.22,,,-0.577,3.7,101.9408,509091.0,-0.3636,14886.8,3803436.0,0.26,115.2436
2019-07-25,0.22,,,-0.577,3.7,101.9408,509091.0,-0.3636,14886.8,3803436.0,0.28,115.2982
2019-07-26,0.22,,,-0.574,3.7,101.9408,509091.0,-0.4919,14886.8,3803436.0,0.3,115.5449
2019-07-29,0.21,,,-0.574,3.7,101.9408,509091.0,-0.4919,14886.8,3803436.0,0.29,115.5885
2019-07-30,0.21,,,-0.574,3.7,101.9408,509091.0,-0.4919,14886.8,3803436.0,0.28,115.6211
2019-07-31,0.13,,,-0.574,3.7,101.9408,509091.0,-0.4919,14886.8,3779102.0,0.26,115.4946
2019-08-01,0.17,,,-0.574,3.6,102.639,512561.0,-0.4919,14974.4,3779102.0,0.2,116.0499
2019-08-02,0.14,,,-0.566,3.6,102.639,512561.0,-0.2658,14974.4,3779102.0,0.2,116.1864
2019-08-05,0.16,,,-0.566,3.6,102.639,512561.0,-0.2658,14974.4,3779102.0,0.15,116.5851
2019-08-06,0.13,,,-0.566,3.6,102.639,512561.0,-0.2658,14974.4,3779102.0,0.11,116.6904
2019-08-07,0.12,,,-0.566,3.6,102.639,512561.0,-0.2658,14974.4,3781543.0,0.09,116.7987
2019-08-08,0.1,,,-0.566,3.6,102.639,512561.0,-0.2658,14974.4,3781543.0,0.07,116.474
2019-08-09,0.11,,,-0.555,3.6,102.639,512561.0,0.2456,14974.4,3781543.0,0.08,116.4419
2019-08-12,0.07,,,-0.555,3.6,102.639,512561.0,0.2456,14974.4,3781543.0,0.04,116.7548
2019-08-13,0.02,,,-0.555,3.6,102.639,512561.0,0.2456,14974.4,3781543.0,0.05,116.7267
2019-08-14,0.01,,,-0.555,3.6,102.639,512561.0,0.2456,14974.4,3786018.0,0.02,117.0913
2019-08-15,0.04,,,-0.555,3.6,102.639,512561.0,0.2456,14974.4,3786018.0,-0.02,117.2239
2019-08-16,0.07,,,-0.543,3.6,102.639,512561.0,0.1974,14974.4,3786018.0,0.01,117.0786
2019-08-19,0.07,,,-0.543,3.6,102.639,512561.0,0.1974,14974.4,3786018.0,0.04,117.3886
2019-08-20,0.05,,,-0.543,3.6,102.639,512561.0,0.1974,14974.4,3786018.0,0.02,117.3726
2019-08-21,0.03,,,-0.543,3.6,102.639,512561.0,0.1974,14974.4,3764866.0,0.05,117.1764
2019-08-22,0.01,,,-0.543,3.6,102.639,512561.0,0.1974,14974.4,3764866.0,0.07,117.3558
2019-08-23,0.01,,,-0.533,3.6,102.639,512561.0,-0.0926,14974.4,3764866.0,-0.02,117.3009
2019-08-26,0.0,,,-0.533,3.6,102.639,512561.0,-0.0926,14974.4,3764866.0,0.0,117.6658
2019-08-27,-0.04,,,-0.533,3.6,102.639,512561.0,-0.0926,14974.4,3764866.0,-0.06,117.75
2019-08-28,-0.03,,,-0.533,3.6,102.639,512561.0,-0.0926,14974.4,3759946.0,-0.08,117.8767
2019-08-29,-0.03,,,-0.533,3.6,102.639,512561.0,-0.0926,14974.4,3759946.0,-0.09,118.0625
2019-08-30,0.0,,,-0.524,3.6,102.639,512561.0,-0.052,14974.4,3759946.0,-0.05,118.1575
2019-09-01,0.0,,,-0.524,3.5,102.2917,509282.0,-0.052,15047.0,3759946.0,-0.05,118.1575
2019-09-02,0.0,,,-0.524,3.5,102.2917,509282.0,-0.052,15047.0,3759946.0,-0.05,118.1575
2019-09-03,0.0,,,-0.524,3.5,102.2917,509282.0,-0.052,15047.0,3759946.0,-0.03,118.3113
2019-09-04,0.04,,,-0.524,3.5,102.2917,509282.0,-0.052,15047.0,3761508.0,-0.04,117.6729
2019-09-05,0.02,,,-0.524,3.5,102.2917,509282.0,-0.052,15047.0,3761508.0,0.01,117.4776
2019-09-06,0.02,,,-0.517,3.5,102.2917,509282.0,-0.0985,15047.0,3761508.0,0.01,117.1292
2019-09-09,0.05,,,-0.517,3.5,102.2917,509282.0,-0.0985,15047.0,3761508.0,0.06,117.0601
2019-09-10,0.05,,,-0.517,3.5,102.2917,509282.0,-0.0985,15047.0,3761508.0,0.12,117.0887
2019-09-11,0.07,,,-0.517,3.5,102.2917,509282.0,-0.0985,15047.0,3769673.0,0.15,117.3125
2019-09-12,0.07,,,-0.517,3.5,102.2917,509282.0,-0.0985,15047.0,3769673.0,0.16,116.8375
2019-09-13,0.11,,,-0.512,3.5,102.2917,509282.0,-0.3503,15047.0,3769673.0,0.23,116.7677
2019-09-16,0.1,,,-0.512,3.5,102.2917,509282.0,-0.3503,15047.0,3769673.0,0.17,117.0251
2019-09-17,0.09,,,-0.512,3.5,102.2917,509282.0,-0.3503,15047.0,3769673.0,0.15,116.9826
2019-09-18,0.03,,,-0.512,3.5,102.2917,509282.0,-0.3503,15047.0,3844695.0,0.21,116.9766
2019-09-19,0.05,,,-0.512,3.5,102.2917,509282.0,-0.3503,15047.0,3844695.0,0.18,117.0861
2019-09-20,0.05,,,-0.508,3.5,102.2917,509282.0,-0.1534,15047.0,3844695.0,0.13,117.1819
2019-09-23,0.04,,,-0.508,3.5,102.2917,509282.0,-0.1534,15047.0,3844695.0,0.11,117.2986
2019-09-24,0.04,,,-0.508,3.5,102.2917,509282.0,-0.1534,15047.0,3844695.0,0.06,117.2227
2019-09-25,0.05,,,-0.508,3.5,102.2917,509282.0,-0.1534,15047.0,3857715.0,0.13,117.6527
2019-09-26,0.04,,,-0.508,3.5,102.2917,509282.0,-0.1534,15047.0,3857715.0,0.13,117.7267
2019-09-27,0.06,,,-0.508,3.5,102.2917,509282.0,0.1012,15047.0,3857715.0,0.16,117.7218
2019-09-30,0.05,,,-0.508,3.5,102.2917,509282.0,0.1012,15047.0,3857715.0,0.15,117.9461
2019-10-01,0.09,,,-0.508,3.6,101.4281,510648.0,0.1012,15184.1,3857715.0,0.13,117.9595
2019-10-02,0.12,,,-0.508,3.6,101.4281,510648.0,0.1012,15184.1,3945831.0,0.1,117.9671
2019-10-03,0.15,,,-0.508,3.6,101.4281,510648.0,0.1012,15184.1,3945831.0,0.06,117.6608
2019-10-04,0.12,,,-0.512,3.6,101.4281,510648.0,0.3645,15184.1,3945831.0,0.02,117.5288
2019-10-07,0.1,,,-0.512,3.6,101.4281,510648.0,0.3645,15184.1,3945831.0,0.05,117.5533
2019-10-08,0.12,,,-0.512,3.6,101.4281,510648.0,0.3645,15184.1,3945831.0,0.06,117.7407
2019-10-09,0.12,,,-0.512,3.6,101.4281,510648.0,0.3645,15184.1,3949955.0,0.1,117.6835
2019-10-10,0.14,,,-0.512,3.6,101.4281,510648.0,0.3645,15184.1,3949955.0,0.15,117.2801
2019-10-11,0.13,,,-0.521,3.6,101.4281,510648.0,0.1361,15184.1,3949955.0,0.2,116.8239
2019-10-14,0.13,,,-0.521,3.6,101.4281,510648.0,0.1361,15184.1,3949955.0,0.2,116.8239
2019-10-15,0.16,,,-0.521,3.6,101.4281,510648.0,0.1361,15184.1,3949955.0,0.21,116.8111
2019-10-16,0.17,,,-0.521,3.6,101.4281,510648.0,0.1361,15184.1,3966471.0,0.18,116.6425
2019-10-17,0.16,,,-0.521,3.6,101.4281,510648.0,0.1361,15184.1,3966471.0,0.17,116.2615
2019-10-18,0.18,,,-0.533,3.6,101.4281,510648.0,-0.1371,15184.1,3966471.0,0.16,116.1344
2019-10-21,0.18,,,-0.533,3.6,101.4281,510648.0,-0.1371,15184.1,3966471.0,0.19,116.0436
2019-10-22,0.18,,,-0.533,3.6,101.4281,510648.0,-0.1371,15184.1,3966471.0,0.17,115.9851
2019-10-23,0.19,,,-0.533,3.6,101.4281,510648.0,-0.1371,15184.1,3968700.0,0.16,116.0586
2019-10-24,0.19,,,-0.533,3.6,101.4281,510648.0,-0.1371,15184.1,3968700.0,0.15,116.1278
2019-10-25,0.17,,,-0.547,3.6,101.4281,510648.0,-0.1333,15184.1,3968700.0,0.15,116.0774
2019-10-28,0.21,,,-0.547,3.6,101.4281,510648.0,-0.1333,15184.1,3968700.0,0.21,116.0222
2019-10-29,0.2,,,-0.547,3.6,101.4281,510648.0,-0.1333,15184.1,3968700.0,0.23,115.9797
2019-10-30,0.17,,,-0.547,3.6,101.4281,510648.0,-0.1333,15184.1,4019823.0,0.21,116.1636
2019-10-31,0.17,,,-0.547,3.6,101.4281,510648.0,-0.1333,15184.1,4019823.0,0.15,115.9125
2019-11-01,0.17,,,-0.559,3.6,101.9372,514215.0,-0.069,15296.0,4019823.0,0.14,115.7312
2019-11-04,0.19,,,-0.559,3.6,101.9372,514215.0,-0.069,15296.0,4019823.0,0.15,115.8624
2019-11-05,0.23,,,-0.559,3.6,101.9372,514215.0,-0.069,15296.0,4019823.0,0.18,116.1138
2019-11-06,0.2,,,-0.559,3.6,101.9372,514215.0,-0.069,15296.0,4039443.0,0.15,116.1004
2019-11-07,0.24,,,-0.559,3.6,101.9372,514215.0,-0.069,15296.0,4039443.0,0.23,116.1172
2019-11-08,0.26,,,-0.568,3.6,101.9372,514215.0,-0.1015,15296.0,4039443.0,0.23,116.3436
2019-11-11,0.26,,,-0.568,3.6,101.9372,514215.0,-0.1015,15296.0,4039443.0,0.23,116.3436
2019-11-12,0.26,,,-0.568,3.6,101.9372,514215.0,-0.1015,15296.0,4039443.0,0.22,116.5837
2019-11-13,0.25,,,-0.568,3.6,101.9372,514215.0,-0.1015,15296.0,4047882.0,0.22,116.8397
2019-11-14,0.24,,,-0.568,3.6,101.9372,514215.0,-0.1015,15296.0,4047882.0,0.2,116.8022
2019-11-15,0.23,,,-0.573,3.6,101.9372,514215.0,-0.1082,15296.0,4047882.0,0.21,116.4401
2019-11-18,0.21,,,-0.573,3.6,101.9372,514215.0,-0.1082,15296.0,4047882.0,0.18,116.3625
2019-11-19,0.19,,,-0.573,3.6,101.9372,514215.0,-0.1082,15296.0,4047882.0,0.16,116.5391
2019-11-20,0.17,,,-0.573,3.6,101.9372,514215.0,-0.1082,15296.0,4030249.0,0.13,116.828
2019-11-21,0.17,,,-0.573,3.6,101.9372,514215.0,-0.1082,15296.0,4030249.0,0.14,116.7435
2019-11-22,0.16,,,-0.572,3.6,101.9372,514215.0,-0.056,15296.0,4030249.0,0.15,116.9137
2019-11-25,0.15,,,-0.572,3.6,101.9372,514215.0,-0.056,15296.0,4030249.0,0.14,117.0098
2019-11-26,0.16,,,-0.572,3.6,101.9372,514215.0,-0.056,15296.0,4030249.0,0.12,117.0513
2019-11-27,0.14,,,-0.572,3.6,101.9372,514215.0,-0.056,15296.0,4052875.0,0.14,117.1273
2019-11-28,0.14,,,-0.572,3.6,101.9372,514215.0,-0.056,15296.0,4052875.0,0.14,117.1273
2019-11-29,0.17,,,-0.567,3.6,101.9372,514215.0,-0.194,15296.0,4052875.0,0.17,117.1204
2019-12-01,0.17,,,-0.567,3.6,101.7003,515866.0,-0.194,15347.5,4052875.0,0.17,117.1204
2019-12-02,0.22,,,-0.567,3.6,101.7003,515866.0,-0.194,15347.5,4052875.0,0.18,116.9647
2019-12-03,0.19,,,-0.567,3.6,101.7003,515866.0,-0.194,15347.5,4052875.0,0.09,116.8898
2019-12-04,0.19,,,-0.567,3.6,101.7003,515866.0,-0.194,15347.5,4065696.0,0.11,116.692
2019-12-05,0.22,,,-0.567,3.6,101.7003,515866.0,-0.194,15347.5,4065696.0,0.13,116.3838
2019-12-06,0.23,,,-0.558,3.6,101.7003,515866.0,-0.0972,15347.5,4065696.0,0.15,116.5381
2019-12-09,0.2,,,-0.558,3.6,101.7003,515866.0,-0.0972,15347.5,4065696.0,0.14,116.3283
2019-12-10,0.2,,,-0.558,3.6,101.7003,515866.0,-0.0972,15347.5,4065696.0,0.14,116.2542
2019-12-11,0.18,,,-0.558,3.6,101.7003,515866.0,-0.0972,15347.5,4095491.0,0.1,116.1478
2019-12-12,0.24,,,-0.558,3.6,101.7003,515866.0,-0.0972,15347.5,4095491.0,0.18,115.8741
2019-12-13,0.21,,,-0.551,3.6,101.7003,515866.0,-0.2728,15347.5,4095491.0,0.12,115.6967
2019-12-16,0.24,,,-0.551,3.6,101.7003,515866.0,-0.2728,15347.5,4095491.0,0.16,115.555
2019-12-17,0.26,,,-0.551,3.6,101.7003,515866.0,-0.2728,15347.5,4095491.0,0.14,115.5553
2019-12-18,0.29,,,-0.551,3.6,101.7003,515866.0,-0.2728,15347.5,4137052.0,0.16,115.6618
2019-12-19,0.3,,,-0.551,3.6,101.7003,515866.0,-0.2728,15347.5,4137052.0,0.15,115.5988
2019-12-20,0.29,,,-0.547,3.6,101.7003,515866.0,-0.3715,15347.5,4137052.0,0.15,115.7598
2019-12-23,0.29,,,-0.547,3.6,101.7003,515866.0,-0.3715,15347.5,4137052.0,0.18,115.8059
2019-12-24,0.28,,,-0.547,3.6,101.7003,515866.0,-0.3715,15347.5,4137052.0,0.15,115.8059
2019-12-25,0.28,,,-0.547,3.6,101.7003,515866.0,-0.3715,15347.5,4165591.0,0.15,115.8059
2019-12-26,0.26,,,-0.547,3.6,101.7003,515866.0,-0.3715,15347.5,4165591.0,0.16,115.634
2019-12-27,0.29,,,-0.551,3.6,101.7003,515866.0,-0.1859,15347.5,4165591.0,0.15,115.22
2019-12-30,0.32,,,-0.551,3.6,101.7003,515866.0,-0.1859,15347.5,4165591.0,0.15,114.9631
2019-12-31,0.34,,,-0.551,3.6,101.7003,515866.0,-0.1859,15347.5,4165591.0,0.15,114.669
2020-01-01,0.34,,,-0.551,3.6,101.0338,515119.0,-0.1859,15427.1,4173626.0,0.15,114.669
2020-01-02,0.3,,,-0.551,3.6,101.0338,515119.0,-0.1859,15427.1,4173626.0,0.08,114.9745
2020-01-03,0.27,,,-0.565,3.6,101.0338,515119.0,-0.2323,15427.1,4173626.0,0.03,114.9867
2020-01-06,0.27,,,-0.565,3.6,101.0338,515119.0,-0.2323,15427.1,4173626.0,0.06,114.9557
2020-01-07,0.29,,,-0.565,3.6,101.0338,515119.0,-0.2323,15427.1,4173626.0,0.09,115.1477
2020-01-08,0.29,,,-0.565,3.6,101.0338,515119.0,-0.2323,15427.1,4149544.0,0.12,115.1328
2020-01-09,0.27,,,-0.565,3.6,101.0338,515119.0,-0.2323,15427.1,4149544.0,0.11,115.2331
2020-01-10,0.27,,,-0.585,3.6,101.0338,515119.0,-0.3584,15427.1,4149544.0,0.07,115.0677
2020-01-13,0.27,,,-0.585,3.6,101.0338,515119.0,-0.3584,15427.1,4149544.0,0.08,115.0342
2020-01-14,0.24,,,-0.585,3.6,101.0338,515119.0,-0.3584,15427.1,4149544.0,0.05,115.0239
2020-01-15,0.23,,,-0.585,3.6,101.0338,515119.0,-0.3584,15427.1,4175850.0,0.04,114.9528
2020-01-16,0.23,,,-0.585,3.6,101.0338,515119.0,-0.3584,15427.1,4175850.0,0.07,115.0006
2020-01-17,0.26,,,-0.606,3.6,101.0338,515119.0,-0.5264,15427.1,4175850.0,0.09,115.0656
2020-01-20,0.26,,,-0.606,3.6,101.0338,515119.0,-0.5264,15427.1,4175850.0,0.09,115.0656
2020-01-21,0.25,,,-0.606,3.6,101.0338,515119.0,-0.5264,15427.1,4175850.0,0.04,115.1876
2020-01-22,0.24,,,-0.606,3.6,101.0338,515119.0,-0.5264,15427.1,4145912.0,0.05,115.2273
2020-01-23,0.23,,,-0.606,3.6,101.0338,515119.0,-0.5264,15427.1,4145912.0,0.04,115.5545
2020-01-24,0.21,,,-0.619,3.6,101.0338,515119.0,-0.4142,15427.1,4145912.0,0.02,115.5556
2020-01-27,0.17,,,-0.619,3.6,101.0338,515119.0,-0.4142,15427.1,4145912.0,-0.02,115.8004
2020-01-28,0.2,,,-0.619,3.6,101.0338,515119.0,-0.4142,15427.1,4145912.0,0.0,115.7239
2020-01-29,0.18,,,-0.619,3.6,101.0338,515119.0,-0.4142,15427.1,4151630.0,-0.04,115.7003
2020-01-30,0.16,,,-0.619,3.6,101.0338,515119.0,-0.4142,15427.1,4151630.0,-0.07,115.8077
2020-01-31,0.18,,,-0.617,3.6,101.0338,515119.0,-0.1257,15427.1,4151630.0,-0.14,115.7345
2020-02-01,0.18,,,-0.617,3.5,101.3735,515330.0,-0.1257,15493.4,4151630.0,-0.14,115.7345
2020-02-03,0.18,,,-0.617,3.5,101.3735,515330.0,-0.1257,15493.4,4151630.0,-0.09,116.1172
2020-02-04,0.2,,,-0.617,3.5,101.3735,515330.0,-0.1257,15493.4,4151630.0,-0.03,115.9291
2020-02-05,0.22,,,-0.617,3.5,101.3735,515330.0,-0.1257,15493.4,4166707.0,0.0,116.009
2020-02-06,0.21,,,-0.617,3.5,101.3735,515330.0,-0.1257,15493.4,4166707.0,-0.02,116.1518
2020-02-07,0.18,,,-0.592,3.5,101.3735,515330.0,-0.4665,15493.4,4166707.0,-0.07,116.5086
2020-02-10,0.19,,,-0.592,3.5,101.3735,515330.0,-0.4665,15493.4,4166707.0,-0.1,116.5711
2020-02-11,0.18,,,-0.592,3.5,101.3735,515330.0,-0.4665,15493.4,4166707.0,-0.06,116.3585
2020-02-12,0.18,,,-0.592,3.5,101.3735,515330.0,-0.4665,15493.4,4182689.0,-0.04,116.2794
2020-02-13,0.17,,,-0.592,3.5,101.3735,515330.0,-0.4665,15493.4,4182689.0,-0.06,116.3999
2020-02-14,0.17,,,-0.532,3.5,101.3735,515330.0,-0.5741,15493.4,4182689.0,-0.07,116.4223
2020-02-17,0.17,,,-0.532,3.5,101.3735,515330.0,-0.5741,15493.4,4182689.0,-0.07,116.4223
2020-02-18,0.14,,,-0.532,3.5,101.3735,515330.0,-0.5741,15493.4,4182689.0,-0.1,116.6039
2020-02-19,0.14,,,-0.532,3.5,101.3735,515330.0,-0.5741,15493.4,4171570.0,-0.09,116.7829
2020-02-20,0.13,,,-0.532,3.5,101.3735,515330.0,-0.5741,15493.4,4171570.0,-0.11,117.2454
2020-02-21,0.12,,,-0.432,3.5,101.3735,515330.0,-0.4497,15493.4,4171570.0,-0.15,117.0473
2020-02-24,0.12,,,-0.432,3.5,101.3735,515330.0,-0.4497,15493.4,4171570.0,-0.21,117.4018
2020-02-25,0.13,,,-0.432,3.5,101.3735,515330.0,-0.4497,15493.4,4171570.0,-0.2,117.2425
2020-02-26,0.17,,,-0.432,3.5,101.3735,515330.0,-0.4497,15493.4,4158637.0,-0.21,117.405
2020-02-27,0.19,,,-0.432,3.5,101.3735,515330.0,-0.4497,15493.4,4158637.0,-0.23,117.3678
2020-02-28,0.27,,,-0.294,3.5,101.3735,515330.0,0.6637,15493.4,4158637.0,-0.28,117.6568
2020-03-01,0.27,,,-0.294,4.4,97.4078,468324.0,0.6637,16033.0,4158637.0,-0.28,117.6568
2020-03-02,0.26,,,-0.294,4.4,97.4078,468324.0,0.6637,16033.0,4158637.0,-0.31,116.8144
2020-03-03,0.31,,,-0.294,4.4,97.4078,468324.0,0.6637,16033.0,4158637.0,-0.43,116.4958
2020-03-04,0.35,,,-0.294,4.4,97.4078,468324.0,0.6637,16033.0,4241507.0,-0.44,116.7802
2020-03-05,0.33,,,-0.294,4.4,97.4078,468324.0,0.6637,16033.0,4241507.0,-0.48,116.7901
2020-03-06,0.25,,,-0.133,4.4,97.4078,468324.0,1.3353,16033.0,4241507.0,-0.57,116.7106
2020-03-09,0.16,,,-0.133,4.4,97.4078,468324.0,1.3353,16033.0,4241507.0,-0.45,117.1871
2020-03-10,0.26,,,-0.133,4.4,97.4078,468324.0,1.3353,16033.0,4241507.0,-0.24,117.9027
2020-03-11,0.32,,,-0.133,4.4,97.4078,468324.0,1.3353,16033.0,4311911.0,-0.14,118.2505
2020-03-12,0.38,,,-0.133,4.4,97.4078,468324.0,1.3353,16033.0,4311911.0,-0.04,120.4883
2020-03-13,0.45,,,0.033,4.4,97.4078,468324.0,3.5035,16033.0,4311911.0,0.04,120.4388
2020-03-16,0.37,,,0.033,4.4,97.4078,468324.0,3.5035,16033.0,4311911.0,0.0,120.9352
2020-03-17,0.55,,,0.033,4.4,97.4078,468324.0,3.5035,16033.0,4311911.0,0.39,122.4816
2020-03-18,0.64,,,0.033,4.4,97.4078,468324.0,3.5035,16033.0,4668212.0,0.55,124.1623
2020-03-19,0.68,,,0.033,4.4,97.4078,468324.0,3.5035,16033.0,4668212.0,0.62,125.0587
2020-03-20,0.55,,,0.178,4.4,97.4078,468324.0,5.6586,16033.0,4668212.0,0.17,124.9362
2020-03-23,0.48,,,0.178,4.4,97.4078,468324.0,5.6586,16033.0,4668212.0,-0.04,126.1262
2020-03-24,0.46,,,0.178,4.4,97.4078,468324.0,5.6586,16033.0,4668212.0,-0.13,125.5001
2020-03-25,0.54,,,0.178,4.4,97.4078,468324.0,5.6586,16033.0,5254278.0,-0.19,124.7916
2020-03-26,0.53,,,0.178,4.4,97.4078,468324.0,5.6586,16033.0,5254278.0,-0.24,122.4308
2020-03-27,0.47,,,0.269,4.4,97.4078,468324.0,5.3772,16033.0,5254278.0,-0.22,122.4007
2020-03-30,0.47,,,0.269,4.4,97.4078,468324.0,5.3772,16033.0,5254278.0,-0.25,123.2883
2020-03-31,0.47,,,0.269,4.4,97.4078,468324.0,5.3772,16033.0,5254278.0,-0.17,122.5301
2020-04-01,0.39,,,0.269,14.8,84.5619,401028.0,5.3772,17065.3,5811607.0,-0.29,123.7933
2020-04-02,0.4,,,0.269,14.8,84.5619,401028.0,5.3772,17065.3,5811607.0,-0.4,123.5916
2020-04-03,0.39,,,0.307,14.8,84.5619,401028.0,3.1668,17065.3,5811607.0,-0.46,124.4152
2020-04-06,0.4,,,0.307,14.8,84.5619,401028.0,3.1668,17065.3,5811607.0,-0.47,124.16
2020-04-07,0.47,,,0.307,14.8,84.5619,401028.0,3.1668,17065.3,5811607.0,-0.42,123.0956
2020-04-08,0.5,,,0.307,14.8,84.5619,401028.0,3.1668,17065.3,6083141.0,-0.42,123.2216
2020-04-09,0.5,,,0.307,14.8,84.5619,401028.0,3.1668,17065.3,6083141.0,-0.5,122.476
2020-04-10,0.5,,,0.292,14.8,84.5619,401028.0,2.6178,17065.3,6083141.0,-0.5,122.1592
2020-04-13,0.51,,,0.292,14.8,84.5619,401028.0,2.6178,17065.3,6083141.0,-0.5,122.5203
2020-04-14,0.53,,,0.292,14.8,84.5619,401028.0,2.6178,17065.3,6083141.0,-0.53,122.1121
2020-04-15,0.43,,,0.292,14.8,84.5619,401028.0,2.6178,17065.3,6367887.0,-0.56,123.0752
2020-04-16,0.41,,,0.292,14.8,84.5619,401028.0,2.6178,17065.3,6367887.0,-0.42,123.4615
2020-04-17,0.45,,,0.236,14.8,84.5619,401028.0,1.8851,17065.3,6367887.0,-0.36,122.871
2020-04-20,0.43,,,0.236,14.8,84.5619,401028.0,1.8851,17065.3,6367887.0,-0.31,123.1033
2020-04-21,0.38,,,0.236,14.8,84.5619,401028.0,1.8851,17065.3,6367887.0,-0.38,123.9116
2020-04-22,0.41,,,0.236,14.8,84.5619,401028.0,1.8851,17065.3,6573136.0,-0.43,123.9256
2020-04-23,0.39,,,0.236,14.8,84.5619,401028.0,1.8851,17065.3,6573136.0,-0.44,123.7542
2020-04-24,0.38,,,0.158,14.8,84.5619,401028.0,2.4095,17065.3,6573136.0,-0.51,124.1615
2020-04-27,0.43,,,0.158,14.8,84.5619,401028.0,2.4095,17065.3,6573136.0,-0.5,123.8843
2020-04-28,0.42,,,0.158,14.8,84.5619,401028.0,2.4095,17065.3,6573136.0,-0.52,123.3693
2020-04-29,0.43,,,0.158,14.8,84.5619,401028.0,2.4095,17065.3,6655929.0,-0.51,122.7782
2020-04-30,0.44,,,0.158,14.8,84.5619,401028.0,2.4095,17065.3,6655929.0,-0.43,122.327
2020-05-01,0.44,,,0.061,13.2,85.9604,478449.0,1.2468,17932.9,6655929.0,-0.42,123.1492
2020-05-04,0.45,,,0.061,13.2,85.9604,478449.0,1.2468,17932.9,6655929.0,-0.43,123.2117
2020-05-05,0.47,,,0.061,13.2,85.9604,478449.0,1.2468,17932.9,6655929.0,-0.44,122.803
2020-05-06,0.55,,,0.061,13.2,85.9604,478449.0,1.2468,17932.9,6721420.0,-0.38,123.609
2020-05-07,0.5,,,0.061,13.2,85.9604,478449.0,1.2468,17932.9,6721420.0,-0.45,123.1249
2020-05-08,0.53,,,-0.038,13.2,85.9604,478449.0,0.947,17932.9,6721420.0,-0.43,122.5379
2020-05-11,0.56,,,-0.038,13.2,85.9604,478449.0,0.947,17932.9,6721420.0,-0.4,123.2333
2020-05-12,0.52,,,-0.038,13.2,85.9604,478449.0,0.947,17932.9,6721420.0,-0.4,123.0592
2020-05-13,0.48,,,-0.038,13.2,85.9604,478449.0,0.947,17932.9,6934227.0,-0.43,123.5408
2020-05-14,0.47,,,-0.038,13.2,85.9604,478449.0,0.947,17932.9,6934227.0,-0.43,123.6429
2020-05-15,0.48,,,-0.128,13.2,85.9604,478449.0,0.92,17932.9,6934227.0,-0.45,123.5991
2020-05-18,0.55,,,-0.128,13.2,85.9604,478449.0,0.92,17932.9,6934227.0,-0.44,122.7968
2020-05-19,0.53,,,-0.128,13.2,85.9604,478449.0,0.92,17932.9,6934227.0,-0.45,122.5655
2020-05-20,0.52,,,-0.128,13.2,85.9604,478449.0,0.92,17932.9,7037258.0,-0.48,122.1007
2020-05-21,0.51,,,-0.128,13.2,85.9604,478449.0,0.92,17932.9,7037258.0,-0.46,122.0914
2020-05-22,0.49,,,-0.206,13.2,85.9604,478449.0,0.4344,17932.9,7037258.0,-0.46,122.3211
2020-05-25,0.49,,,-0.206,13.2,85.9604,478449.0,0.4344,17932.9,7037258.0,-0.46,122.3211
2020-05-26,0.51,,,-0.206,13.2,85.9604,478449.0,0.4344,17932.9,7037258.0,-0.44,121.3864
2020-05-27,0.49,,,-0.206,13.2,85.9604,478449.0,0.4344,17932.9,7097316.0,-0.46,121.5677
2020-05-28,0.53,,,-0.206,13.2,85.9604,478449.0,0.4344,17932.9,7097316.0,-0.48,121.0138
2020-05-29,0.49,,,-0.269,13.2,85.9604,478449.0,0.2063,17932.9,7097316.0,-0.5,120.9458
2020-06-01,0.52,,,-0.269,11.0,91.5934,518038.0,0.2063,18184.3,7097316.0,-0.52,120.2686
2020-06-02,0.51,,,-0.269,11.0,91.5934,518038.0,0.2063,18184.3,7097316.0,-0.5,119.6854
2020-06-03,0.58,,,-0.269,11.0,91.5934,518038.0,0.2063,18184.3,7165217.0,-0.44,119.2556
2020-06-04,0.63,,,-0.269,11.0,91.5934,518038.0,0.2063,18184.3,7165217.0,-0.4,119.3014
2020-06-05,0.69,,,-0.315,11.0,91.5934,518038.0,-0.0868,18184.3,7165217.0,-0.36,118.8138
2020-06-08,0.66,,,-0.315,11.0,91.5934,518038.0,-0.0868,18184.3,7165217.0,-0.4,118.6621
2020-06-09,0.64,,,-0.315,11.0,91.5934,518038.0,-0.0868,18184.3,7165217.0,-0.42,118.5893
2020-06-10,0.58,,,-0.315,11.0,91.5934,518038.0,-0.0868,18184.3,7168936.0,-0.52,118.5231
2020-06-11,0.47,,,-0.315,11.0,91.5934,518038.0,-0.0868,18184.3,7168936.0,-0.55,119.2347
2020-06-12,0.52,,,-0.345,11.0,91.5934,518038.0,0.2779,18184.3,7168936.0,-0.5,119.6645
2020-06-15,0.52,,,-0.345,11.0,91.5934,518038.0,0.2779,18184.3,7168936.0,-0.52,119.9539
2020-06-16,0.54,,,-0.345,11.0,91.5934,518038.0,0.2779,18184.3,7168936.0,-0.52,119.567
2020-06-17,0.55,,,-0.345,11.0,91.5934,518038.0,0.2779,18184.3,7094690.0,-0.52,119.9105
2020-06-18,0.52,,,-0.345,11.0,91.5934,518038.0,0.2779,18184.3,7094690.0,-0.57,120.2173
2020-06-19,0.51,,,-0.367,11.0,91.5934,518038.0,0.4826,18184.3,7094690.0,-0.6,120.2186
2020-06-22,0.52,,,-0.367,11.0,91.5934,518038.0,0.4826,18184.3,7094690.0,-0.63,119.7532
2020-06-23,0.54,,,-0.367,11.0,91.5934,518038.0,0.4826,18184.3,7094690.0,-0.66,119.3285
2020-06-24,0.5,,,-0.367,11.0,91.5934,518038.0,0.4826,18184.3,7082302.0,-0.64,119.9744
2020-06-25,0.51,,,-0.367,11.0,91.5934,518038.0,0.4826,18184.3,7082302.0,-0.65,120.2997
2020-06-26,0.47,,,-0.385,11.0,91.5934,518038.0,0.5085,18184.3,7082302.0,-0.68,120.533
2020-06-29,0.48,,,-0.385,11.0,91.5934,518038.0,0.5085,18184.3,7082302.0,-0.7,120.6658
2020-06-30,0.5,,,-0.385,11.0,91.5934,518038.0,0.5085,18184.3,7082302.0,-0.68,120.4649
2020-07-01,0.52,,,-0.385,10.2,95.0256,526304.0,0.5085,18335.4,7009040.0,-0.68,120.0808
2020-07-02,0.52,,,-0.385,10.2,95.0256,526304.0,0.5085,18335.4,7009040.0,-0.73,119.8555
2020-07-03,0.52,,,-0.402,10.2,95.0256,526304.0,0.4205,18335.4,7009040.0,-0.73,119.8555
2020-07-06,0.53,,,-0.402,10.2,95.0256,526304.0,0.4205,18335.4,7009040.0,-0.76,119.2852
2020-07-07,0.49,,,-0.402,10.2,95.0256,526304.0,0.4205,18335.4,7009040.0,-0.78,119.5717
2020-07-08,0.51,,,-0.402,10.2,95.0256,526304.0,0.4205,18335.4,6920716.0,-0.75,119.5525
2020-07-09,0.46,,,-0.402,10.2,95.0256,526304.0,0.4205,18335.4,6920716.0,-0.77,119.5129
2020-07-10,0.49,,,-0.42,10.2,95.0256,526304.0,0.1206,18335.4,6920716.0,-0.76,119.3509
2020-07-13,0.48,,,-0.42,10.2,95.0256,526304.0,0.1206,18335.4,6920716.0,-0.78,119.1891
2020-07-14,0.49,,,-0.42,10.2,95.0256,526304.0,0.1206,18335.4,6920716.0,-0.78,119.3901
2020-07-15,0.48,,,-0.42,10.2,95.0256,526304.0,0.1206,18335.4,6958604.0,-0.77,119.0331
2020-07-16,0.46,,,-0.42,10.2,95.0256,526304.0,0.1206,18335.4,6958604.0,-0.79,118.9275
2020-07-17,0.5,,,-0.439,10.2,95.0256,526304.0,0.0742,18335.4,6958604.0,-0.82,119.124
2020-07-20,0.46,,,-0.439,10.2,95.0256,526304.0,0.0742,18335.4,6958604.0,-0.84,119.0483
2020-07-21,0.47,,,-0.439,10.2,95.0256,526304.0,0.0742,18335.4,6958604.0,-0.87,118.4042
2020-07-22,0.46,,,-0.439,10.2,95.0256,526304.0,0.0742,18335.4,6964755.0,-0.88,118.1337
2020-07-23,0.43,,,-0.439,10.2,95.0256,526304.0,0.0742,18335.4,6964755.0,-0.9,118.0613
2020-07-24,0.45,,,-0.458,10.2,95.0256,526304.0,-0.2176,18335.4,6964755.0,-0.92,118.1329
2020-07-27,0.47,,,-0.458,10.2,95.0256,526304.0,-0.2176,18335.4,6964755.0,-0.9,117.3869
2020-07-28,0.45,,,-0.458,10.2,95.0256,526304.0,-0.2176,18335.4,6964755.0,-0.92,117.3189
2020-07-29,0.46,,,-0.458,10.2,95.0256,526304.0,-0.2176,18335.4,6949032.0,-0.95,117.2126
2020-07-30,0.44,,,-0.458,10.2,95.0256,526304.0,-0.2176,18335.4,6949032.0,-0.97,117.4008
2020-07-31,0.44,,,-0.475,10.2,95.0256,526304.0,-0.0683,18335.4,6949032.0,-1.0,117.2082
2020-08-01,0.44,,,-0.475,8.4,95.9549,530735.0,-0.0683,18411.2,6949032.0,-1.0,117.2082
2020-08-03,0.45,,,-0.475,8.4,95.9549,530735.0,-0.0683,18411.2,6949032.0,-1.02,117.8074
2020-08-04,0.41,,,-0.475,8.4,95.9549,530735.0,-0.0683,18411.2,6949032.0,-1.05,117.7833
2020-08-05,0.44,,,-0.475,8.4,95.9549,530735.0,-0.0683,18411.2,6945237.0,-1.06,116.8736
2020-08-06,0.44,,,-0.475,8.4,95.9549,530735.0,-0.0683,18411.2,6945237.0,-1.08,117.0422
2020-08-07,0.44,,,-0.489,8.4,95.9549,530735.0,-0.1978,18411.2,6945237.0,-1.04,117.6239
2020-08-10,0.45,,,-0.489,8.4,95.9549,530735.0,-0.1978,18411.2,6945237.0,-1.02,117.5821
2020-08-11,0.48,,,-0.489,8.4,95.9549,530735.0,-0.1978,18411.2,6945237.0,-0.99,117.3781
2020-08-12,0.53,,,-0.489,8.4,95.9549,530735.0,-0.1978,18411.2,6957277.0,-0.98,117.2559
2020-08-13,0.55,,,-0.489,8.4,95.9549,530735.0,-0.1978,18411.2,6957277.0,-0.96,117.1193
2020-08-14,0.57,,,-0.499,8.4,95.9549,530735.0,-0.2604,18411.2,6957277.0,-0.94,116.9395
2020-08-17,0.55,,,-0.499,8.4,95.9549,530735.0,-0.2604,18411.2,6957277.0,-0.97,116.749
2020-08-18,0.53,,,-0.499,8.4,95.9549,530735.0,-0.2604,18411.2,6957277.0,-1.01,116.5593
2020-08-19,0.54,,,-0.499,8.4,95.9549,530735.0,-0.2604,18411.2,7010637.0,-0.99,116.567
2020-08-20,0.52,,,-0.499,8.4,95.9549,530735.0,-0.2604,18411.2,7010637.0,-0.97,116.8126
2020-08-21,0.48,,,-0.505,8.4,95.9549,530735.0,-0.0605,18411.2,7010637.0,-1.0,117.0572
2020-08-24,0.51,,,-0.505,8.4,95.9549,530735.0,-0.0605,18411.2,7010637.0,-1.02,116.912
2020-08-25,0.54,,,-0.505,8.4,95.9549,530735.0,-0.0605,18411.2,7010637.0,-1.01,116.8206
2020-08-26,0.53,,,-0.505,8.4,95.9549,530735.0,-0.0605,18411.2,6990418.0,-1.03,116.6243
2020-08-27,0.58,,,-0.505,8.4,95.9549,530735.0,-0.0605,18411.2,6990418.0,-0.99,116.649
2020-08-28,0.6,,,-0.508,8.4,95.9549,530735.0,-0.2617,18411.2,6990418.0,-1.03,115.9374
2020-08-31,0.58,,,-0.508,8.4,95.9549,530735.0,-0.2617,18411.2,6990418.0,-1.08,115.7586
2020-09-01,0.55,,,-0.508,7.8,95.9669,541302.0,-0.2617,18602.5,6990418.0,-1.08,115.5687
2020-09-02,0.52,,,-0.508,7.8,95.9669,541302.0,-0.2617,18602.5,7017492.0,-1.07,116.0304
2020-09-03,0.5,,,-0.508,7.8,95.9669,541302.0,-0.2617,18602.5,7017492.0,-1.02,116.0685
2020-09-04,0.58,,,-0.506,7.8,95.9669,541302.0,-0.1113,18602.5,7017492.0,-0.98,116.0347
2020-09-07,0.58,,,-0.506,7.8,95.9669,541302.0,-0.1113,18602.5,7017492.0,-0.98,116.0347
2020-09-08,0.55,,,-0.506,7.8,95.9669,541302.0,-0.1113,18602.5,7017492.0,-0.99,116.4618
2020-09-09,0.57,,,-0.506,7.8,95.9669,541302.0,-0.1113,18602.5,7010614.0,-1.0,116.1291
2020-09-10,0.54,,,-0.506,7.8,95.9669,541302.0,-0.1113,18602.5,7010614.0,-1.01,115.8806
2020-09-11,0.54,,,-0.501,7.8,95.9669,541302.0,0.06,18602.5,7010614.0,-0.98,116.0866
2020-09-14,0.54,,,-0.501,7.8,95.9669,541302.0,0.06,18602.5,7010614.0,-0.97,115.6428
2020-09-15,0.54,,,-0.501,7.8,95.9669,541302.0,0.06,18602.5,7010614.0,-0.99,115.5908
2020-09-16,0.55,,,-0.501,7.8,95.9669,541302.0,0.06,18602.5,7064475.0,-0.99,115.3537
2020-09-17,0.56,,,-0.501,7.8,95.9669,541302.0,0.06,18602.5,7064475.0,-0.97,115.4392
2020-09-18,0.56,,,-0.498,7.8,95.9669,541302.0,-0.1249,18602.5,7064475.0,-0.97,115.2395
2020-09-21,0.54,,,-0.498,7.8,95.9669,541302.0,-0.1249,18602.5,7064475.0,-0.94,116.378
2020-09-22,0.55,,,-0.498,7.8,95.9669,541302.0,-0.1249,18602.5,7064475.0,-0.94,116.5438
2020-09-23,0.54,,,-0.498,7.8,95.9669,541302.0,-0.1249,18602.5,7093161.0,-0.92,117.2526
2020-09-24,0.53,,,-0.498,7.8,95.9669,541302.0,-0.1249,18602.5,7093161.0,-0.91,117.5473
2020-09-25,0.54,,,-0.492,7.8,95.9669,541302.0,0.2588,18602.5,7093161.0,-0.92,117.8679
2020-09-28,0.53,,,-0.492,7.8,95.9669,541302.0,0.2588,18602.5,7093161.0,-0.94,117.6178
2020-09-29,0.55,,,-0.492,7.8,95.9669,541302.0,0.2588,18602.5,7093161.0,-0.98,117.526
2020-09-30,0.56,,,-0.492,7.8,95.9669,541302.0,0.2588,18602.5,7056129.0,-0.94,116.946
2020-10-01,0.54,,,-0.492,6.9,96.7394,539114.0,0.2588,18757.6,7056129.0,-0.95,116.7227
2020-10-02,0.57,,,-0.489,6.9,96.7394,539114.0,-0.069,18757.6,7056129.0,-0.94,116.7321
2020-10-05,0.64,,,-0.489,6.9,96.7394,539114.0,-0.069,18757.6,7056129.0,-0.9,116.1767
2020-10-06,0.62,,,-0.489,6.9,96.7394,539114.0,-0.069,18757.6,7056129.0,-0.9,116.2681
2020-10-07,0.65,,,-0.489,6.9,96.7394,539114.0,-0.069,18757.6,7074649.0,-0.9,116.3447
2020-10-08,0.65,,,-0.489,6.9,96.7394,539114.0,-0.069,18757.6,7074649.0,-0.94,116.1657
2020-10-09,0.63,,,-0.489,6.9,96.7394,539114.0,-0.2303,18757.6,7074649.0,-0.94,115.2757
2020-10-12,0.63,,,-0.489,6.9,96.7394,539114.0,-0.2303,18757.6,7074649.0,-0.94,115.2757
2020-10-13,0.58,,,-0.489,6.9,96.7394,539114.0,-0.2303,18757.6,7074649.0,-0.96,115.9107
2020-10-14,0.59,,,-0.489,6.9,96.7394,539114.0,-0.2303,18757.6,7151426.0,-0.96,115.6872
2020-10-15,0.6,,,-0.489,6.9,96.7394,539114.0,-0.2303,18757.6,7151426.0,-0.95,116.0964
2020-10-16,0.62,,,-0.492,6.9,96.7394,539114.0,-0.0833,18757.6,7151426.0,-0.95,115.7679
2020-10-19,0.62,,,-0.492,6.9,96.7394,539114.0,-0.0833,18757.6,7151426.0,-0.93,115.4031
2020-10-20,0.67,,,-0.492,6.9,96.7394,539114.0,-0.0833,18757.6,7151426.0,-0.91,115.2485
2020-10-21,0.69,,,-0.492,6.9,96.7394,539114.0,-0.0833,18757.6,7177265.0,-0.91,114.9108
2020-10-22,0.71,,,-0.492,6.9,96.7394,539114.0,-0.0833,18757.6,7177265.0,-0.89,115.1158
2020-10-23,0.67,,,-0.498,6.9,96.7394,539114.0,0.0163,18757.6,7177265.0,-0.9,115.0126
2020-10-26,0.65,,,-0.498,6.9,96.7394,539114.0,0.0163,18757.6,7177265.0,-0.91,115.2797
2020-10-27,0.63,,,-0.498,6.9,96.7394,539114.0,0.0163,18757.6,7177265.0,-0.92,115.0131
2020-10-28,0.63,,,-0.498,6.9,96.7394,539114.0,0.0163,18757.6,7146306.0,-0.91,115.8023
2020-10-29,0.69,,,-0.498,6.9,96.7394,539114.0,0.0163,18757.6,7146306.0,-0.86,116.3069
2020-10-30,0.74,,,-0.506,6.9,96.7394,539114.0,0.394,18757.6,7146306.0,-0.82,116.1354
2020-11-01,0.74,,,-0.506,6.7,97.0816,533941.0,0.394,18997.0,7146306.0,-0.82,116.1354
2020-11-02,0.71,,,-0.506,6.7,97.0816,533941.0,0.394,18997.0,7146306.0,-0.84,116.2361
2020-11-03,0.73,,,-0.506,6.7,97.0816,533941.0,0.394,18997.0,7146306.0,-0.82,115.4802
2020-11-04,0.64,,,-0.506,6.7,97.0816,533941.0,0.394,18997.0,7157479.0,-0.86,115.1677
2020-11-05,0.65,,,-0.506,6.7,97.0816,533941.0,0.394,18997.0,7157479.0,-0.87,114.4556
2020-11-06,0.67,,,-0.52,6.7,97.0816,533941.0,-0.0679,18997.0,7157479.0,-0.82,113.9919
2020-11-09,0.79,,,-0.52,6.7,97.0816,533941.0,-0.0679,18997.0,7157479.0,-0.77,114.0895
2020-11-10,0.79,,,-0.52,6.7,97.0816,533941.0,-0.0679,18997.0,7157479.0,-0.78,114.0757
2020-11-11,0.79,,,-0.52,6.7,97.0816,533941.0,-0.0679,18997.0,7175417.0,-0.78,114.0757
2020-11-12,0.71,,,-0.52,6.7,97.0816,533941.0,-0.0679,18997.0,7175417.0,-0.83,114.2843
2020-11-13,0.72,,,-0.536,6.7,97.0816,533941.0,-0.4751,18997.0,7175417.0,-0.83,114.2397
2020-11-16,0.72,,,-0.536,6.7,97.0816,533941.0,-0.4751,18997.0,7175417.0,-0.81,113.8312
2020-11-17,0.69,,,-0.536,6.7,97.0816,533941.0,-0.4751,18997.0,7175417.0,-0.83,113.682
2020-11-18,0.72,,,-0.536,6.7,97.0816,533941.0,-0.4751,18997.0,7243080.0,-0.82,113.46
2020-11-19,0.68,,,-0.536,6.7,97.0816,533941.0,-0.4751,18997.0,7243080.0,-0.84,113.694
2020-11-20,0.67,,,-0.552,6.7,97.0816,533941.0,-0.1549,18997.0,7243080.0,-0.86,113.489
2020-11-23,0.7,,,-0.552,6.7,97.0816,533941.0,-0.1549,18997.0,7243080.0,-0.85,113.7548
2020-11-24,0.72,,,-0.552,6.7,97.0816,533941.0,-0.1549,18997.0,7243080.0,-0.86,113.4316
2020-11-25,0.71,,,-0.552,6.7,97.0816,533941.0,-0.1549,18997.0,7216480.0,-0.87,113.1823
2020-11-26,0.71,,,-0.552,6.7,97.0816,533941.0,-0.1549,18997.0,7216480.0,-0.87,113.1823
2020-11-27,0.68,,,-0.567,6.7,97.0816,533941.0,-0.3915,18997.0,7216480.0,-0.91,113.1823
2020-11-30,0.68,,,-0.567,6.7,97.0816,533941.0,-0.3915,18997.0,7216480.0,-0.93,113.2256
2020-12-01,0.75,,,-0.567,6.7,98.363,538548.0,-0.3915,19115.7,7216480.0,-0.89,112.8063
2020-12-02,0.79,,,-0.567,6.7,98.363,538548.0,-0.3915,19115.7,7222414.0,-0.9,112.6115
2020-12-03,0.76,,,-0.567,6.7,98.363,538548.0,-0.3915,19115.7,7222414.0,-0.94,112.0236
2020-12-04,0.81,,,-0.58,6.7,98.363,538548.0,-0.4391,19115.7,7222414.0,-0.92,111.7778
2020-12-07,0.8,,,-0.58,6.7,98.363,538548.0,-0.4391,19115.7,7222414.0,-0.94,111.8385
2020-12-08,0.78,,,-0.58,6.7,98.363,538548.0,-0.4391,19115.7,7222414.0,-0.97,111.8639
2020-12-09,0.79,,,-0.58,6.7,98.363,538548.0,-0.4391,19115.7,7242658.0,-0.96,112.0305
2020-12-10,0.78,,,-0.58,6.7,98.363,538548.0,-0.4391,19115.7,7242658.0,-0.96,111.9788
2020-12-11,0.79,,,-0.59,6.7,98.363,538548.0,-0.4139,19115.7,7242658.0,-0.97,112.1417
2020-12-14,0.77,,,-0.59,6.7,98.363,538548.0,-0.4139,19115.7,7242658.0,-0.98,112.1708
2020-12-15,0.81,,,-0.59,6.7,98.363,538548.0,-0.4139,19115.7,7242658.0,-0.99,111.8601
2020-12-16,0.79,,,-0.59,6.7,98.363,538548.0,-0.4139,19115.7,7362592.0,-1.0,111.7157
2020-12-17,0.81,,,-0.59,6.7,98.363,538548.0,-0.4139,19115.7,7362592.0,-1.0,111.2226
2020-12-18,0.82,,,-0.597,6.7,98.363,538548.0,-0.3711,19115.7,7362592.0,-1.0,111.6071
2020-12-21,0.82,,,-0.597,6.7,98.363,538548.0,-0.3711,19115.7,7362592.0,-1.0,111.9415
2020-12-22,0.8,,,-0.597,6.7,98.363,538548.0,-0.3711,19115.7,7362592.0,-1.01,112.1947
2020-12-23,0.83,,,-0.597,6.7,98.363,538548.0,-0.3711,19115.7,7404039.0,-1.01,111.9807
2020-12-24,0.81,,,-0.597,6.7,98.363,538548.0,-0.3711,19115.7,7404039.0,-1.03,111.9807
2020-12-25,0.81,,,-0.603,6.7,98.363,538548.0,-0.4122,19115.7,7404039.0,-1.03,111.9807
2020-12-28,0.81,,,-0.603,6.7,98.363,538548.0,-0.4122,19115.7,7404039.0,-1.03,111.9752
2020-12-29,0.82,,,-0.603,6.7,98.363,538548.0,-0.4122,19115.7,7404039.0,-1.02,111.5172
2020-12-30,0.81,,,-0.603,6.7,98.363,538548.0,-0.4122,19115.7,7363351.0,-1.03,111.3084
2020-12-31,0.8,,,-0.603,6.7,98.363,538548.0,-0.4122,19115.7,7363351.0,-1.06,111.3169
2021-01-01,0.8,,,-0.609,6.4,98.8822,559230.0,-0.4693,19379.0,7363351.0,-1.06,111.3169
2021-01-04,0.82,,,-0.609,6.4,98.8822,559230.0,-0.4693,19379.0,7363351.0,-1.08,111.2075
2021-01-05,0.83,,,-0.609,6.4,98.8822,559230.0,-0.4693,19379.0,7363351.0,-1.07,110.9574
2021-01-06,0.9,,,-0.609,6.4,98.8822,559230.0,-0.4693,19379.0,7334809.0,-1.02,110.8502
2021-01-07,0.94,,,-0.609,6.4,98.8822,559230.0,-0.4693,19379.0,7334809.0,-1.01,111.3042
2021-01-08,0.99,,,-0.613,6.4,98.8822,559230.0,-0.4801,19379.0,7334809.0,-0.93,111.2847
2021-01-11,1.01,,,-0.613,6.4,98.8822,559230.0,-0.4801,19379.0,7334809.0,-0.91,111.8257
2021-01-12,1.01,,,-0.613,6.4,98.8822,559230.0,-0.4801,19379.0,7334809.0,-0.93,111.5501
2021-01-13,0.96,,,-0.613,6.4,98.8822,559230.0,-0.4801,19379.0,7333968.0,-0.96,111.3622
2021-01-14,0.99,,,-0.613,6.4,98.8822,559230.0,-0.4801,19379.0,7333968.0,-0.94,111.1567
2021-01-15,0.98,,,-0.616,6.4,98.8822,559230.0,-0.5232,19379.0,7333968.0,-0.99,111.5106
2021-01-18,0.98,,,-0.616,6.4,98.8822,559230.0,-0.5232,19379.0,7333968.0,-0.99,111.5106
2021-01-19,0.96,,,-0.616,6.4,98.8822,559230.0,-0.5232,19379.0,7333968.0,-1.0,111.4527
2021-01-20,0.97,,,-0.616,6.4,98.8822,559230.0,-0.5232,19379.0,7414942.0,-1.02,111.4527
2021-01-21,0.99,,,-0.616,6.4,98.8822,559230.0,-0.5232,19379.0,7414942.0,-0.98,111.1973
2021-01-22,0.97,,,-0.618,6.4,98.8822,559230.0,-0.5096,19379.0,7414942.0,-0.99,111.5516
2021-01-25,0.92,,,-0.618,6.4,98.8822,559230.0,-0.5096,19379.0,7414942.0,-1.03,111.8676
2021-01-26,0.94,,,-0.618,6.4,98.8822,559230.0,-0.5096,19379.0,7414942.0,-1.03,111.6572
2021-01-27,0.92,,,-0.618,6.4,98.8822,559230.0,-0.5096,19379.0,7404926.0,-1.04,112.0782
2021-01-28,0.95,,,-0.618,6.4,98.8822,559230.0,-0.5096,19379.0,7404926.0,-1.06,112.0059
2021-01-29,1.0,,,-0.618,6.4,98.8822,559230.0,-0.261,19379.0,7404926.0,-1.02,111.9511
2021-02-01,0.98,,,-0.618,6.2,95.6149,544891.0,-0.261,19641.8,7404926.0,-1.02,112.4189
2021-02-02,1.01,,,-0.618,6.2,95.6149,544891.0,-0.261,19641.8,7404926.0,-1.03,112.2862
2021-02-03,1.04,,,-0.618,6.2,95.6149,544891.0,-0.261,19641.8,7410598.0,-1.04,112.2567
2021-02-04,1.04,,,-0.618,6.2,95.6149,544891.0,-0.261,19641.8,7410598.0,-1.02,112.7469
2021-02-05,1.1,,,-0.621,6.2,95.6149,544891.0,-0.5706,19641.8,7410598.0,-1.02,112.2379
2021-02-08,1.08,,,-0.621,6.2,95.6149,544891.0,-0.5706,19641.8,7410598.0,-1.03,112.0428
2021-02-09,1.07,,,-0.621,6.2,95.6149,544891.0,-0.5706,19641.8,7410598.0,-1.04,111.7675
2021-02-10,1.04,,,-0.621,6.2,95.6149,544891.0,-0.5706,19641.8,7442225.0,-1.06,111.5834
2021-02-11,1.05,,,-0.621,6.2,95.6149,544891.0,-0.5706,19641.8,7442225.0,-1.04,111.5272
2021-02-12,1.09,,,-0.622,6.2,95.6149,544891.0,-0.7562,19641.8,7442225.0,-1.01,111.4889
2021-02-15,1.09,,,-0.622,6.2,95.6149,544891.0,-0.7562,19641.8,7442225.0,-1.01,111.4889
2021-02-16,1.17,,,-0.622,6.2,95.6149,544891.0,-0.7562,19641.8,7442225.0,-0.94,111.7879
2021-02-17,1.18,,,-0.622,6.2,95.6149,544891.0,-0.7562,19641.8,7557402.0,-0.92,112.0204
2021-02-18,1.18,,,-0.622,6.2,95.6149,544891.0,-0.7562,19641.8,7557402.0,-0.87,112.1603
2021-02-19,1.23,,,-0.624,6.2,95.6149,544891.0,-0.6471,19641.8,7557402.0,-0.8,111.7058
2021-02-22,1.26,,,-0.624,6.2,95.6149,544891.0,-0.6471,19641.8,7557402.0,-0.79,111.918
2021-02-23,1.26,,,-0.624,6.2,95.6149,544891.0,-0.6471,19641.8,7557402.0,-0.79,111.8981
2021-02-24,1.26,,,-0.624,6.2,95.6149,544891.0,-0.6471,19641.8,7590111.0,-0.79,111.7212
2021-02-25,1.37,,,-0.624,6.2,95.6149,544891.0,-0.6471,19641.8,7590111.0,-0.6,111.9253
2021-02-26,1.3,,,-0.626,6.2,95.6149,544891.0,-0.4386,19641.8,7590111.0,-0.71,112.8306
2021-03-01,1.32,,,-0.626,6.1,98.3856,603581.0,-0.4386,19873.2,7590111.0,-0.71,112.5263
2021-03-02,1.29,,,-0.626,6.1,98.3856,603581.0,-0.4386,19873.2,7590111.0,-0.78,112.5342
2021-03-03,1.33,,,-0.626,6.1,98.3856,603581.0,-0.4386,19873.2,7557524.0,-0.74,112.7617
2021-03-04,1.4,,,-0.626,6.1,98.3856,603581.0,-0.4386,19873.2,7557524.0,-0.66,112.7037
2021-03-05,1.42,,,-0.631,6.1,98.3856,603581.0,-0.3999,19873.2,7557524.0,-0.66,113.7487
2021-03-08,1.42,,,-0.631,6.1,98.3856,603581.0,-0.3999,19873.2,7557524.0,-0.62,114.2678
2021-03-09,1.38,,,-0.631,6.1,98.3856,603581.0,-0.3999,19873.2,7557524.0,-0.66,113.928
2021-03-10,1.37,,,-0.631,6.1,98.3856,603581.0,-0.3999,19873.2,7579901.0,-0.73,113.5881
2021-03-11,1.4,,,-0.631,6.1,98.3856,603581.0,-0.3999,19873.2,7579901.0,-0.74,112.9214
2021-03-12,1.5,,,-0.636,6.1,98.3856,603581.0,-0.4927,19873.2,7579901.0,-0.62,113.0269
2021-03-15,1.48,,,-0.636,6.1,98.3856,603581.0,-0.4927,19873.2,7579901.0,-0.65,113.1928
2021-03-16,1.47,,,-0.636,6.1,98.3856,603581.0,-0.4927,19873.2,7579901.0,-0.68,112.9839
2021-03-17,1.5,,,-0.636,6.1,98.3856,603581.0,-0.4927,19873.2,7693506.0,-0.67,113.1589
2021-03-18,1.55,,,-0.636,6.1,98.3856,603581.0,-0.4927,19873.2,7693506.0,-0.56,112.7744
2021-03-19,1.58,,,-0.641,6.1,98.3856,603581.0,-0.5391,19873.2,7693506.0,-0.57,112.9756
2021-03-22,1.54,,,-0.641,6.1,98.3856,603581.0,-0.5391,19873.2,7693506.0,-0.64,113.0023
2021-03-23,1.48,,,-0.641,6.1,98.3856,603581.0,-0.5391,19873.2,7693506.0,-0.66,113.2916
2021-03-24,1.48,,,-0.641,6.1,98.3856,603581.0,-0.5391,19873.2,7719622.0,-0.69,113.6565
2021-03-25,1.49,,,-0.641,6.1,98.3856,603581.0,-0.5391,19873.2,7719622.0,-0.69,114.0016
2021-03-26,1.53,,,-0.648,6.1,98.3856,603581.0,-0.6177,19873.2,7719622.0,-0.67,113.7406
2021-03-29,1.59,,,-0.648,6.1,98.3856,603581.0,-0.6177,19873.2,7719622.0,-0.63,113.9314
2021-03-30,1.57,,,-0.648,6.1,98.3856,603581.0,-0.6177,19873.2,7719622.0,-0.62,114.203
2021-03-31,1.58,,,-0.648,6.1,98.3856,603581.0,-0.6177,19873.2,7688988.0,-0.63,113.8234
2021-04-01,1.52,,,-0.648,6.1,98.5587,608961.0,-0.6177,20175.4,7688988.0,-0.66,113.7389
2021-04-02,1.53,,,-0.655,6.1,98.5587,608961.0,-0.7106,20175.4,7688988.0,-0.64,113.7315
2021-04-05,1.56,,,-0.655,6.1,98.5587,608961.0,-0.7106,20175.4,7688988.0,-0.62,113.394
2021-04-06,1.51,,,-0.655,6.1,98.5587,608961.0,-0.7106,20175.4,7688988.0,-0.65,113.1464
2021-04-07,1.52,,,-0.655,6.1,98.5587,608961.0,-0.7106,20175.4,7708882.0,-0.66,113.2436
2021-04-08,1.5,,,-0.655,6.1,98.5587,608961.0,-0.7106,20175.4,7708882.0,-0.69,113.0917
2021-04-09,1.51,,,-0.663,6.1,98.5587,608961.0,-0.8092,20175.4,7708882.0,-0.64,113.2028
2021-04-12,1.51,,,-0.663,6.1,98.5587,608961.0,-0.8092,20175.4,7708882.0,-0.64,113.1815
2021-04-13,1.48,,,-0.663,6.1,98.5587,608961.0,-0.8092,20175.4,7708882.0,-0.69,113.0391
2021-04-14,1.48,,,-0.663,6.1,98.5587,608961.0,-0.8092,20175.4,7793104.0,-0.69,112.7849
2021-04-15,1.4,,,-0.663,6.1,98.5587,608961.0,-0.8092,20175.4,7793104.0,-0.77,112.6181
2021-04-16,1.43,,,-0.67,6.1,98.5587,608961.0,-0.7614,20175.4,7793104.0,-0.77,112.4814
2021-04-19,1.45,,,-0.67,6.1,98.5587,608961.0,-0.7614,20175.4,7793104.0,-0.73,112.1835
2021-04-20,1.43,,,-0.67,6.1,98.5587,608961.0,-0.7614,20175.4,7793104.0,-0.74,112.2354
2021-04-21,1.42,,,-0.67,6.1,98.5587,608961.0,-0.7614,20175.4,7820948.0,-0.76,112.1771
2021-04-22,1.41,,,-0.67,6.1,98.5587,608961.0,-0.7614,20175.4,7820948.0,-0.76,112.2297
2021-04-23,1.42,,,-0.676,6.1,98.5587,608961.0,-0.7115,20175.4,7820948.0,-0.76,112.0889
2021-04-26,1.4,,,-0.676,6.1,98.5587,608961.0,-0.7115,20175.4,7820948.0,-0.78,111.8109
2021-04-27,1.46,,,-0.676,6.1,98.5587,608961.0,-0.7115,20175.4,7820948.0,-0.76,111.9097
2021-04-28,1.46,,,-0.676,6.1,98.5587,608961.0,-0.7115,20175.4,7780962.0,-0.78,111.7909
2021-04-29,1.49,,,-0.676,6.1,98.5587,608961.0,-0.7115,20175.4,7780962.0,-0.77,111.7464
2021-04-30,1.49,,,-0.681,6.1,98.5587,608961.0,-0.7994,20175.4,7780962.0,-0.76,112.0839
2021-05-01,1.49,,,-0.681,5.8,99.4333,605282.0,-0.7994,20459.0,7780962.0,-0.76,112.0839
2021-05-03,1.47,,,-0.681,5.8,99.4333,605282.0,-0.7994,20459.0,7780962.0,-0.79,112.005
2021-05-04,1.45,,,-0.681,5.8,99.4333,605282.0,-0.7994,20459.0,7780962.0,-0.81,112.2896
2021-05-05,1.43,,,-0.681,5.8,99.4333,605282.0,-0.7994,20459.0,7810486.0,-0.88,112.1514
2021-05-06,1.42,,,-0.681,5.8,99.4333,605282.0,-0.7994,20459.0,7810486.0,-0.87,111.8401
2021-05-07,1.46,,,-0.686,5.8,99.4333,605282.0,-0.7997,20459.0,7810486.0,-0.89,111.0249
2021-05-10,1.47,,,-0.686,5.8,99.4333,605282.0,-0.7997,20459.0,7810486.0,-0.91,110.7905
2021-05-11,1.48,,,-0.686,5.8,99.4333,605282.0,-0.7997,20459.0,7810486.0,-0.89,110.8921
2021-05-12,1.53,,,-0.686,5.8,99.4333,605282.0,-0.7997,20459.0,7830663.0,-0.85,111.5636
2021-05-13,1.5,,,-0.686,5.8,99.4333,605282.0,-0.7997,20459.0,7830663.0,-0.85,111.5955
2021-05-14,1.47,,,-0.688,5.8,99.4333,605282.0,-0.7419,20459.0,7830663.0,-0.88,111.1353
2021-05-17,1.48,,,-0.688,5.8,99.4333,605282.0,-0.7419,20459.0,7830663.0,-0.9,111.079
2021-05-18,1.48,,,-0.688,5.8,99.4333,605282.0,-0.7419,20459.0,7830663.0,-0.88,110.8317
2021-05-19,1.52,,,-0.688,5.8,99.4333,605282.0,-0.7419,20459.0,7922883.0,-0.8,110.8807
2021-05-20,1.48,,,-0.688,5.8,99.4333,605282.0,-0.7419,20459.0,7922883.0,-0.78,110.8605
2021-05-21,1.46,,,-0.69,5.8,99.4333,605282.0,-0.7076,20459.0,7922883.0,-0.8,111.0576
2021-05-24,1.46,,,-0.69,5.8,99.4333,605282.0,-0.7076,20459.0,7922883.0,-0.83,110.9118
2021-05-25,1.41,,,-0.69,5.8,99.4333,605282.0,-0.7076,20459.0,7922883.0,-0.86,110.842
2021-05-26,1.44,,,-0.69,5.8,99.4333,605282.0,-0.7076,20459.0,7903541.0,-0.82,110.8677
2021-05-27,1.47,,,-0.69,5.8,99.4333,605282.0,-0.7076,20459.0,7903541.0,-0.81,110.8688
2021-05-28,1.44,,,-0.693,5.8,99.4333,605282.0,-0.806,20459.0,7903541.0,-0.84,110.7576
2021-05-31,1.44,,,-0.693,5.8,99.4333,605282.0,-0.806,20459.0,7903541.0,-0.84,110.7576
2021-06-01,1.46,,,-0.693,5.9,99.7987,611950.0,-0.806,20477.1,7903541.0,-0.84,110.5046
2021-06-02,1.46,,,-0.693,5.9,99.7987,611950.0,-0.806,20477.1,7935703.0,-0.85,110.5799
2021-06-03,1.47,,,-0.693,5.9,99.7987,611950.0,-0.806,20477.1,7935703.0,-0.79,111.1782
2021-06-04,1.42,,,-0.693,5.9,99.7987,611950.0,-0.8427,20477.1,7935703.0,-0.84,110.7521
2021-06-07,1.41,,,-0.693,5.9,99.7987,611950.0,-0.8427,20477.1,7935703.0,-0.82,110.5155
2021-06-08,1.39,,,-0.693,5.9,99.7987,611950.0,-0.8427,20477.1,7935703.0,-0.83,110.649
2021-06-09,1.34,,,-0.693,5.9,99.7987,611950.0,-0.8427,20477.1,7952327.0,-0.82,110.5707
2021-06-10,1.31,,,-0.693,5.9,99.7987,611950.0,-0.8427,20477.1,7952327.0,-0.9,110.5456
2021-06-11,1.31,,,-0.693,5.9,99.7987,611950.0,-0.7884,20477.1,7952327.0,-0.85,111.0933
2021-06-14,1.35,,,-0.693,5.9,99.7987,611950.0,-0.7884,20477.1,7952327.0,-0.85,110.9659
2021-06-15,1.35,,,-0.693,5.9,99.7987,611950.0,-0.7884,20477.1,7952327.0,-0.87,111.3507
2021-06-16,1.36,,,-0.693,5.9,99.7987,611950.0,-0.7884,20477.1,8064257.0,-0.75,111.1165
2021-06-17,1.29,,,-0.693,5.9,99.7987,611950.0,-0.7884,20477.1,8064257.0,-0.75,112.5772
2021-06-18,1.19,,,-0.69,5.9,99.7987,611950.0,-0.7679,20477.1,8064257.0,-0.79,113.0408
2021-06-21,1.23,,,-0.69,5.9,99.7987,611950.0,-0.7679,20477.1,8064257.0,-0.75,112.8391
2021-06-22,1.23,,,-0.69,5.9,99.7987,611950.0,-0.7679,20477.1,8064257.0,-0.83,112.9174
2021-06-23,1.24,,,-0.69,5.9,99.7987,611950.0,-0.7679,20477.1,8101945.0,-0.84,112.3819
2021-06-24,1.23,,,-0.69,5.9,99.7987,611950.0,-0.7679,20477.1,8101945.0,-0.81,112.326
2021-06-25,1.26,,,-0.686,5.9,99.7987,611950.0,-0.7983,20477.1,8101945.0,-0.8,111.9655
2021-06-28,1.24,,,-0.686,5.9,99.7987,611950.0,-0.7983,20477.1,8101945.0,-0.84,112.0248
2021-06-29,1.22,,,-0.686,5.9,99.7987,611950.0,-0.7983,20477.1,8101945.0,-0.83,112.2613
2021-06-30,1.2,,,-0.686,5.9,99.7987,611950.0,-0.7983,20477.1,8078544.0,-0.87,112.5533
2021-07-01,1.23,,,-0.686,5.4,100.2519,601817.0,-0.7983,20633.3,8078544.0,-0.87,112.74
2021-07-02,1.2,,,-0.68,5.4,100.2519,601817.0,-0.8387,20633.3,8078544.0,-0.89,112.5425
2021-07-05,1.2,,,-0.68,5.4,100.2519,601817.0,-0.8387,20633.3,8078544.0,-0.89,112.5425
2021-07-06,1.15,,,-0.68,5.4,100.2519,601817.0,-0.8387,20633.3,8078544.0,-0.94,112.9516
2021-07-07,1.11,,,-0.68,5.4,100.2519,601817.0,-0.8387,20633.3,8097773.0,-0.95,113.1048
2021-07-08,1.11,,,-0.68,5.4,100.2519,601817.0,-0.8387,20633.3,8097773.0,-0.92,113.0776
2021-07-09,1.14,,,-0.673,5.4,100.2519,601817.0,-0.7061,20633.3,8097773.0,-0.91,112.8375
2021-07-12,1.15,,,-0.673,5.4,100.2519,601817.0,-0.7061,20633.3,8097773.0,-0.95,112.7611
2021-07-13,1.16,,,-0.673,5.4,100.2519,601817.0,-0.7061,20633.3,8097773.0,-0.94,113.0063
2021-07-14,1.14,,,-0.673,5.4,100.2519,601817.0,-0.7061,20633.3,8201651.0,-0.97,112.8801
2021-07-15,1.08,,,-0.673,5.4,100.2519,601817.0,-0.7061,20633.3,8201651.0,-1.01,113.0041
2021-07-16,1.06,,,-0.666,5.4,100.2519,601817.0,-0.7968,20633.3,8201651.0,-1.02,113.0428
2021-07-19,0.98,,,-0.666,5.4,100.2519,601817.0,-0.7968,20633.3,8201651.0,-1.05,113.5472
2021-07-20,1.03,,,-0.666,5.4,100.2519,601817.0,-0.7968,20633.3,8201651.0,-1.03,113.7502
2021-07-21,1.08,,,-0.666,5.4,100.2519,601817.0,-0.7968,20633.3,8240530.0,-0.98,113.3926
2021-07-22,1.07,,,-0.666,5.4,100.2519,601817.0,-0.7968,20633.3,8240530.0,-1.01,113.4695
2021-07-23,1.08,,,-0.66,5.4,100.2519,601817.0,-0.5636,20633.3,8240530.0,-1.05,113.4398
2021-07-26,1.07,,,-0.66,5.4,100.2519,601817.0,-0.5636,20633.3,8240530.0,-1.11,113.2238
2021-07-27,1.05,,,-0.66,5.4,100.2519,601817.0,-0.5636,20633.3,8240530.0,-1.13,113.2227
2021-07-28,1.06,,,-0.66,5.4,100.2519,601817.0,-0.5636,20633.3,8221473.0,-1.15,113.1807
2021-07-29,1.08,,,-0.66,5.4,100.2519,601817.0,-0.5636,20633.3,8221473.0,-1.15,112.4834
2021-07-30,1.05,,,-0.654,5.4,100.2519,601817.0,-0.7601,20633.3,8221473.0,-1.16,112.6714
2021-08-01,1.05,,,-0.654,5.1,100.0437,605533.0,-0.7601,20840.7,8221473.0,-1.16,112.6714
2021-08-02,1.03,,,-0.654,5.1,100.0437,605533.0,-0.7601,20840.7,8221473.0,-1.17,112.6691
2021-08-03,1.02,,,-0.654,5.1,100.0437,605533.0,-0.7601,20840.7,8221473.0,-1.19,112.8228
2021-08-04,1.02,,,-0.654,5.1,100.0437,605533.0,-0.7601,20840.7,8235073.0,-1.16,112.8953
2021-08-05,1.02,,,-0.654,5.1,100.0437,605533.0,-0.7601,20840.7,8235073.0,-1.1,112.7674
2021-08-06,1.1,,,-0.65,5.1,100.0437,605533.0,-0.6717,20840.7,8235073.0,-1.06,113.3088
2021-08-09,1.1,,,-0.65,5.1,100.0437,605533.0,-0.6717,20840.7,8235073.0,-1.04,113.4521
2021-08-10,1.12,,,-0.65,5.1,100.0437,605533.0,-0.6717,20840.7,8235073.0,-1.04,113.4973
2021-08-11,1.12,,,-0.65,5.1,100.0437,605533.0,-0.6717,20840.7,8257159.0,-1.07,113.282
2021-08-12,1.13,,,-0.65,5.1,100.0437,605533.0,-0.6717,20840.7,8257159.0,-1.05,113.2691
2021-08-13,1.06,,,-0.647,5.1,100.0437,605533.0,-0.8576,20840.7,8257159.0,-1.08,113.0615
2021-08-16,1.05,,,-0.647,5.1,100.0437,605533.0,-0.8576,20840.7,8257159.0,-1.1,113.1698
2021-08-17,1.03,,,-0.647,5.1,100.0437,605533.0,-0.8576,20840.7,8257159.0,-1.07,113.6174
2021-08-18,1.04,,,-0.647,5.1,100.0437,605533.0,-0.8576,20840.7,8342598.0,-1.05,113.6959
2021-08-19,1.02,,,-0.647,5.1,100.0437,605533.0,-0.8576,20840.7,8342598.0,-1.04,114.1106
2021-08-20,1.03,,,-0.645,5.1,100.0437,605533.0,-0.6146,20840.7,8342598.0,-1.01,114.5009
2021-08-23,1.02,,,-0.645,5.1,100.0437,605533.0,-0.6146,20840.7,8342598.0,-1.02,113.9418
2021-08-24,1.05,,,-0.645,5.1,100.0437,605533.0,-0.6146,20840.7,8342598.0,-1.01,113.6795
2021-08-25,1.12,,,-0.645,5.1,100.0437,605533.0,-0.6146,20840.7,8332743.0,-1.0,113.6322
2021-08-26,1.09,,,-0.645,5.1,100.0437,605533.0,-0.6146,20840.7,8332743.0,-0.99,113.7883
2021-08-27,1.09,,,-0.646,5.1,100.0437,605533.0,-0.7635,20840.7,8332743.0,-1.08,113.3404
2021-08-30,1.09,,,-0.646,5.1,100.0437,605533.0,-0.7635,20840.7,8332743.0,-1.08,113.246
2021-08-31,1.1,,,-0.646,5.1,100.0437,605533.0,-0.7635,20840.7,8332743.0,-1.03,113.1076
2021-09-01,1.11,,,-0.646,4.7,98.8579,609671.0,-0.7635,20981.0,8349173.0,-1.03,112.8732
2021-09-02,1.09,,,-0.646,4.7,98.8579,609671.0,-0.7635,20981.0,8349173.0,-1.03,112.7863
2021-09-03,1.12,,,-0.647,4.7,98.8579,609671.0,-0.7567,20981.0,8349173.0,-1.01,112.5476
2021-09-06,1.12,,,-0.647,4.7,98.8579,609671.0,-0.7567,20981.0,8349173.0,-1.01,112.5476
2021-09-07,1.16,,,-0.647,4.7,98.8579,609671.0,-0.7567,20981.0,8349173.0,-0.98,112.9795
2021-09-08,1.13,,,-0.647,4.7,98.8579,609671.0,-0.7567,20981.0,8357314.0,-1.03,113.2319
2021-09-09,1.07,,,-0.647,4.7,98.8579,609671.0,-0.7567,20981.0,8357314.0,-1.08,113.043
2021-09-10,1.12,,,-0.649,4.7,98.8579,609671.0,-0.7081,20981.0,8357314.0,-1.05,112.9425
2021-09-13,1.12,,,-0.649,4.7,98.8579,609671.0,-0.7081,20981.0,8357314.0,-1.04,113.0341
2021-09-14,1.07,,,-0.649,4.7,98.8579,609671.0,-0.7081,20981.0,8357314.0,-1.05,113.0061
2021-09-15,1.1,,,-0.649,4.7,98.8579,609671.0,-0.7081,20981.0,8448770.0,-1.04,112.9773
2021-09-16,1.11,,,-0.649,4.7,98.8579,609671.0,-0.7081,20981.0,8448770.0,-1.01,113.3036
2021-09-17,1.14,,,-0.651,4.7,98.8579,609671.0,-0.6746,20981.0,8448770.0,-0.96,113.5989
2021-09-20,1.08,,,-0.651,4.7,98.8579,609671.0,-0.6746,20981.0,8448770.0,-0.98,113.9422
2021-09-21,1.11,,,-0.651,4.7,98.8579,609671.0,-0.6746,20981.0,8448770.0,-0.96,113.8179
2021-09-22,1.07,,,-0.651,4.7,98.8579,609671.0,-0.6746,20981.0,8489824.0,-0.96,113.6223
2021-09-23,1.14,,,-0.651,4.7,98.8579,609671.0,-0.6746,20981.0,8489824.0,-0.9,113.513
2021-09-24,1.18,,,-0.652,4.7,98.8579,609671.0,-0.5405,20981.0,8489824.0,-0.87,113.7597
2021-09-27,1.17,,,-0.652,4.7,98.8579,609671.0,-0.5405,20981.0,8489824.0,-0.87,113.7432
2021-09-28,1.23,,,-0.652,4.7,98.8579,609671.0,-0.5405,20981.0,8489824.0,-0.84,114.2469
2021-09-29,1.25,,,-0.652,4.7,98.8579,609671.0,-0.5405,20981.0,8447981.0,-0.82,114.7092
2021-09-30,1.24,,,-0.652,4.7,98.8579,609671.0,-0.5405,20981.0,8447981.0,-0.85,114.6403
2021-10-01,1.21,,,-0.653,4.5,100.1861,618573.0,-0.6276,21160.7,8447981.0,-0.9,114.3798
2021-10-04,1.22,,,-0.653,4.5,100.1861,618573.0,-0.6276,21160.7,8447981.0,-0.89,114.2739
2021-10-05,1.26,,,-0.653,4.5,100.1861,618573.0,-0.6276,21160.7,8447981.0,-0.91,114.3654
2021-10-06,1.23,,,-0.653,4.5,100.1861,618573.0,-0.6276,21160.7,8464032.0,-0.9,114.7185
2021-10-07,1.26,,,-0.653,4.5,100.1861,618573.0,-0.6276,21160.7,8464032.0,-0.88,114.5044
2021-10-08,1.29,,,-0.651,4.5,100.1861,618573.0,-0.6342,21160.7,8464032.0,-0.89,114.5986
2021-10-11,1.29,,,-0.651,4.5,100.1861,618573.0,-0.6342,21160.7,8464032.0,-0.89,114.5986
2021-10-12,1.24,,,-0.651,4.5,100.1861,618573.0,-0.6342,21160.7,8464032.0,-0.9,114.7542
2021-10-13,1.19,,,-0.651,4.5,100.1861,618573.0,-0.6342,21160.7,8480942.0,-0.96,114.4705
2021-10-14,1.16,,,-0.651,4.5,100.1861,618573.0,-0.6342,21160.7,8480942.0,-1.0,114.2053
2021-10-15,1.18,,,-0.645,4.5,100.1861,618573.0,-0.7274,21160.7,8480942.0,-0.97,114.0905
2021-10-18,1.15,,,-0.645,4.5,100.1861,618573.0,-0.7274,21160.7,8480942.0,-0.95,113.9899
2021-10-19,1.24,,,-0.645,4.5,100.1861,618573.0,-0.7274,21160.7,8480942.0,-0.89,113.647
2021-10-20,1.25,,,-0.645,4.5,100.1861,618573.0,-0.7274,21160.7,8564943.0,-0.92,113.5083
2021-10-21,1.23,,,-0.645,4.5,100.1861,618573.0,-0.7274,21160.7,8564943.0,-0.96,113.6188
2021-10-22,1.18,,,-0.635,4.5,100.1861,618573.0,-0.9018,21160.7,8564943.0,-0.98,113.67
2021-10-25,1.17,,,-0.635,4.5,100.1861,618573.0,-0.9018,21160.7,8564943.0,-1.02,113.605
2021-10-26,1.16,,,-0.635,4.5,100.1861,618573.0,-0.9018,21160.7,8564943.0,-1.06,113.674
2021-10-27,1.04,,,-0.635,4.5,100.1861,618573.0,-0.9018,21160.7,8556181.0,-1.11,113.6218
2021-10-28,1.07,,,-0.635,4.5,100.1861,618573.0,-0.9018,21160.7,8556181.0,-1.0,113.4389
2021-10-29,1.07,,,-0.621,4.5,100.1861,618573.0,-0.808,21160.7,8556181.0,-0.96,114.1349
2021-11-01,1.08,,,-0.621,4.1,100.8654,624874.0,-0.808,21335.9,8556181.0,-0.92,114.2067
2021-11-02,1.1,,,-0.621,4.1,100.8654,624874.0,-0.808,21335.9,8556181.0,-0.95,114.2847
2021-11-03,1.13,,,-0.621,4.1,100.8654,624874.0,-0.808,21335.9,8574871.0,-0.93,114.3593
2021-11-04,1.12,,,-0.621,4.1,100.8654,624874.0,-0.808,21335.9,8574871.0,-1.03,114.3558
2021-11-05,1.06,,,-0.603,4.1,100.8654,624874.0,-0.679,21335.9,8574871.0,-1.09,114.0732
2021-11-08,1.06,,,-0.603,4.1,100.8654,624874.0,-0.679,21335.9,8574871.0,-1.11,113.8256
2021-11-09,1.05,,,-0.603,4.1,100.8654,624874.0,-0.679,21335.9,8574871.0,-1.17,113.762
2021-11-10,1.05,,,-0.603,4.1,100.8654,624874.0,-0.679,21335.9,8663117.0,-1.14,114.1484
2021-11-11,1.05,,,-0.603,4.1,100.8654,624874.0,-0.679,21335.9,8663117.0,-1.14,114.1484
2021-11-12,1.05,,,-0.584,4.1,100.8654,624874.0,-0.7852,21335.9,8663117.0,-1.15,114.5144
2021-11-15,1.1,,,-0.584,4.1,100.8654,624874.0,-0.7852,21335.9,8663117.0,-1.13,114.5876
2021-11-16,1.09,,,-0.584,4.1,100.8654,624874.0,-0.7852,21335.9,8663117.0,-1.1,115.136
2021-11-17,1.08,,,-0.584,4.1,100.8654,624874.0,-0.7852,21335.9,8674970.0,-1.1,115.0263
2021-11-18,1.07,,,-0.584,4.1,100.8654,624874.0,-0.7852,21335.9,8674970.0,-1.14,115.0678
2021-11-19,1.02,,,-0.566,4.1,100.8654,624874.0,-0.686,21335.9,8674970.0,-1.11,115.2187
2021-11-22,1.0,,,-0.566,4.1,100.8654,624874.0,-0.686,21335.9,8674970.0,-0.98,115.6481
2021-11-23,1.07,,,-0.566,4.1,100.8654,624874.0,-0.686,21335.9,8674970.0,-0.95,116.0118
2021-11-24,1.0,,,-0.566,4.1,100.8654,624874.0,-0.686,21335.9,8681771.0,-0.97,116.2711
2021-11-25,1.0,,,-0.566,4.1,100.8654,624874.0,-0.686,21335.9,8681771.0,-0.97,116.2711
2021-11-26,0.98,,,-0.55,4.1,100.8654,624874.0,-0.4852,21335.9,8681771.0,-1.07,116.5103
2021-11-29,1.01,,,-0.55,4.1,100.8654,624874.0,-0.4852,21335.9,8681771.0,-1.02,116.581
2021-11-30,0.91,,,-0.55,4.1,100.8654,624874.0,-0.4852,21335.9,8681771.0,-1.07,116.2071
2021-12-01,0.87,,,-0.55,3.9,100.5726,619938.0,-0.4852,21498.8,8650402.0,-1.01,115.889
2021-12-02,0.81,,,-0.55,3.9,100.5726,619938.0,-0.4852,21498.8,8650402.0,-1.03,116.018
2021-12-03,0.75,,,-0.539,3.9,100.5726,619938.0,-0.1659,21498.8,8650402.0,-1.08,116.2377
2021-12-06,0.78,,,-0.539,3.9,100.5726,619938.0,-0.1659,21498.8,8650402.0,-1.01,116.1538
2021-12-07,0.78,,,-0.539,3.9,100.5726,619938.0,-0.1659,21498.8,8650402.0,-0.99,115.8555
2021-12-08,0.84,,,-0.539,3.9,100.5726,619938.0,-0.1659,21498.8,8664524.0,-1.0,115.4418
2021-12-09,0.79,,,-0.539,3.9,100.5726,619938.0,-0.1659,21498.8,8664524.0,-0.98,115.7784
2021-12-10,0.81,,,-0.537,3.9,100.5726,619938.0,-0.7038,21498.8,8664524.0,-0.96,115.5732
2021-12-13,0.76,,,-0.537,3.9,100.5726,619938.0,-0.7038,21498.8,8664524.0,-0.98,115.842
2021-12-14,0.77,,,-0.537,3.9,100.5726,619938.0,-0.7038,21498.8,8664524.0,-0.93,116.2397
2021-12-15,0.78,,,-0.537,3.9,100.5726,619938.0,-0.7038,21498.8,8756666.0,-0.92,116.4219
2021-12-16,0.8,,,-0.537,3.9,100.5726,619938.0,-0.7038,21498.8,8756666.0,-0.98,115.7146
2021-12-17,0.75,,,-0.54,3.9,100.5726,619938.0,-0.4962,21498.8,8756666.0,-0.97,115.791
2021-12-20,0.78,,,-0.54,3.9,100.5726,619938.0,-0.4962,21498.8,8756666.0,-0.96,116.0092
2021-12-21,0.78,,,-0.54,3.9,100.5726,619938.0,-0.4962,21498.8,8756666.0,-0.96,116.1089
2021-12-22,0.78,,,-0.54,3.9,100.5726,619938.0,-0.4962,21498.8,8790495.0,-1.01,115.7485
2021-12-23,0.79,,,-0.54,3.9,100.5726,619938.0,-0.4962,21498.8,8790495.0,-0.97,115.5337
2021-12-24,0.79,,,-0.547,3.9,100.5726,619938.0,-0.5786,21498.8,8790495.0,-0.97,115.5337
2021-12-27,0.72,,,-0.547,3.9,100.5726,619938.0,-0.5786,21498.8,8790495.0,-1.02,115.4684
2021-12-28,0.75,,,-0.547,3.9,100.5726,619938.0,-0.5786,21498.8,8790495.0,-1.01,115.4192
2021-12-29,0.8,,,-0.547,3.9,100.5726,619938.0,-0.5786,21498.8,8757460.0,-0.98,115.3678
2021-12-30,0.79,,,-0.547,3.9,100.5726,619938.0,-0.5786,21498.8,8757460.0,-1.06,115.283
2021-12-31,0.79,,,-0.555,3.9,100.5726,619938.0,-0.7675,21498.8,8757460.0,-1.04,115.283
2022-01-01,0.79,,,-0.555,4.0,100.1856,631509.0,-0.7675,21650.0,8757460.0,-1.04,115.283
2022-01-03,0.85,,,-0.555,4.0,100.1856,631509.0,-0.7675,21650.0,8757460.0,-0.97,115.4101
2022-01-04,0.89,,,-0.555,4.0,100.1856,631509.0,-0.7675,21650.0,8757460.0,-0.91,115.3103
2022-01-05,0.88,,,-0.555,4.0,100.1856,631509.0,-0.7675,21650.0,8765721.0,-0.82,115.137
2022-01-06,0.85,,,-0.555,4.0,100.1856,631509.0,-0.7675,21650.0,8765721.0,-0.73,115.4046
2022-01-07,0.89,,,-0.561,4.0,100.1856,631509.0,-0.6994,21650.0,8765721.0,-0.72,115.0451
2022-01-10,0.86,,,-0.561,4.0,100.1856,631509.0,-0.6994,21650.0,8765721.0,-0.7,115.2216
2022-01-11,0.85,,,-0.561,4.0,100.1856,631509.0,-0.6994,21650.0,8765721.0,-0.79,114.8332
2022-01-12,0.82,,,-0.561,4.0,100.1856,631509.0,-0.6994,21650.0,8788278.0,-0.74,114.355
2022-01-13,0.79,,,-0.561,4.0,100.1856,631509.0,-0.6994,21650.0,8788278.0,-0.73,114.177
2022-01-14,0.79,,,-0.561,4.0,100.1856,631509.0,-0.6591,21650.0,8788278.0,-0.66,114.3825
2022-01-17,0.79,,,-0.561,4.0,100.1856,631509.0,-0.6591,21650.0,8788278.0,-0.66,114.3825
2022-01-18,0.81,,,-0.561,4.0,100.1856,631509.0,-0.6591,21650.0,8788278.0,-0.59,114.7373
2022-01-19,0.79,,,-0.561,4.0,100.1856,631509.0,-0.6591,21650.0,8867834.0,-0.57,114.6109
2022-01-20,0.75,,,-0.561,4.0,100.1856,631509.0,-0.6591,21650.0,8867834.0,-0.5,114.4642
2022-01-21,0.74,,,-0.554,4.0,100.1856,631509.0,-0.3821,21650.0,8867834.0,-0.59,114.6125
2022-01-24,0.76,,,-0.554,4.0,100.1856,631509.0,-0.3821,21650.0,8867834.0,-0.63,115.2034
2022-01-25,0.76,,,-0.554,4.0,100.1856,631509.0,-0.3821,21650.0,8867834.0,-0.63,115.1654
2022-01-26,0.72,,,-0.554,4.0,100.1856,631509.0,-0.3821,21650.0,8860485.0,-0.53,115.0922
2022-01-27,0.63,,,-0.554,4.0,100.1856,631509.0,-0.3821,21650.0,8860485.0,-0.59,115.978
2022-01-28,0.63,,,-0.54,4.0,100.1856,631509.0,-0.1998,21650.0,8860485.0,-0.66,116.0393
2022-01-31,0.61,,,-0.54,4.0,100.1856,631509.0,-0.1998,21650.0,8860485.0,-0.65,115.566
2022-02-01,0.63,,,-0.54,3.9,100.8064,638101.0,-0.1998,21724.8,8860485.0,-0.62,115.3685
2022-02-02,0.62,,,-0.54,3.9,100.8064,638101.0,-0.1998,21724.8,8873211.0,-0.63,115.1538
2022-02-03,0.63,,,-0.54,3.9,100.8064,638101.0,-0.1998,21724.8,8873211.0,-0.56,114.9065
2022-02-04,0.62,,,-0.521,3.9,100.8064,638101.0,-0.5117,21724.8,8873211.0,-0.48,115.1362
2022-02-07,0.62,,,-0.521,3.9,100.8064,638101.0,-0.5117,21724.8,8873211.0,-0.48,115.0098
2022-02-08,0.61,,,-0.521,3.9,100.8064,638101.0,-0.5117,21724.8,8873211.0,-0.46,115.0892
2022-02-09,0.58,,,-0.521,3.9,100.8064,638101.0,-0.5117,21724.8,8878009.0,-0.48,114.8232
2022-02-10,0.42,,,-0.521,3.9,100.8064,638101.0,-0.5117,21724.8,8878009.0,-0.42,114.5527
2022-02-11,0.42,,,-0.496,3.9,100.8064,638101.0,-0.5848,21724.8,8878009.0,-0.51,114.8413
2022-02-14,0.4,,,-0.496,3.9,100.8064,638101.0,-0.5848,21724.8,8878009.0,-0.5,115.1946
2022-02-15,0.47,,,-0.496,3.9,100.8064,638101.0,-0.5848,21724.8,8878009.0,-0.43,114.93
2022-02-16,0.51,,,-0.496,3.9,100.8064,638101.0,-0.5848,21724.8,8911033.0,-0.43,114.6886
2022-02-17,0.48,,,-0.496,3.9,100.8064,638101.0,-0.5848,21724.8,8911033.0,-0.46,114.6755
2022-02-18,0.45,,,-0.466,3.9,100.8064,638101.0,-0.1639,21724.8,8911033.0,-0.49,114.7982
2022-02-21,0.45,,,-0.466,3.9,100.8064,638101.0,-0.1639,21724.8,8911033.0,-0.49,114.7982
2022-02-22,0.38,,,-0.466,3.9,100.8064,638101.0,-0.1639,21724.8,8911033.0,-0.51,114.7002
2022-02-23,0.41,,,-0.466,3.9,100.8064,638101.0,-0.1639,21724.8,8928129.0,-0.54,114.6668
2022-02-24,0.42,,,-0.466,3.9,100.8064,638101.0,-0.1639,21724.8,8928129.0,-0.59,115.9419
2022-02-25,0.42,,,-0.437,3.9,100.8064,638101.0,-0.0045,21724.8,8928129.0,-0.57,115.2577
2022-02-28,0.39,,,-0.437,3.9,100.8064,638101.0,-0.0045,21724.8,8928129.0,-0.79,115.2224
2022-03-01,0.41,,,-0.437,3.7,101.3907,651027.0,-0.0045,21786.8,8928129.0,-0.9,115.7962
2022-03-02,0.36,,,-0.437,3.7,101.3907,651027.0,-0.0045,21786.8,8904455.0,-0.85,115.7623
2022-03-03,0.33,,,-0.437,3.7,101.3907,651027.0,-0.0045,21786.8,8904455.0,-0.83,115.9495
2022-03-04,0.24,,,-0.41,3.7,101.3907,651027.0,0.2968,21786.8,8904455.0,-0.93,116.6503
2022-03-07,0.23,,,-0.41,3.7,101.3907,651027.0,0.2968,21786.8,8904455.0,-0.99,117.3278
2022-03-08,0.23,,,-0.41,3.7,101.3907,651027.0,0.2968,21786.8,8904455.0,-1.04,117.6176
2022-03-09,0.26,,,-0.41,3.7,101.3907,651027.0,0.2968,21786.8,8910748.0,-0.9,116.5961
2022-03-10,0.26,,,-0.41,3.7,101.3907,651027.0,0.2968,21786.8,8910748.0,-0.88,116.7401
2022-03-11,0.25,,,-0.39,3.7,101.3907,651027.0,0.1506,21786.8,8910748.0,-0.94,117.0192
2022-03-14,0.27,,,-0.39,3.7,101.3907,651027.0,0.1506,21786.8,8910748.0,-0.79,117.1506
2022-03-15,0.3,,,-0.39,3.7,101.3907,651027.0,0.1506,21786.8,8910748.0,-0.69,117.246
2022-03-16,0.24,,,-0.39,3.7,101.3907,651027.0,0.1506,21786.8,8954306.0,-0.61,116.8073
2022-03-17,0.26,,,-0.39,3.7,101.3907,651027.0,0.1506,21786.8,8954306.0,-0.71,116.0467
2022-03-18,0.17,,,-0.378,3.7,101.3907,651027.0,-0.3075,21786.8,8954306.0,-0.72,116.1378
2022-03-21,0.18,,,-0.378,3.7,101.3907,651027.0,-0.3075,21786.8,8954306.0,-0.58,115.9398
2022-03-22,0.2,,,-0.378,3.7,101.3907,651027.0,-0.3075,21786.8,8954306.0,-0.53,116.0824
2022-03-23,0.19,,,-0.378,3.7,101.3907,651027.0,-0.3075,21786.8,8962474.0,-0.62,116.005
2022-03-24,0.21,,,-0.378,3.7,101.3907,651027.0,-0.3075,21786.8,8962474.0,-0.58,115.9599
2022-03-25,0.18,,,-0.372,3.7,101.3907,651027.0,-0.61,21786.8,8962474.0,-0.47,115.7921
2022-03-28,0.11,,,-0.372,3.7,101.3907,651027.0,-0.61,21786.8,8962474.0,-0.49,116.1911
2022-03-29,0.06,,,-0.372,3.7,101.3907,651027.0,-0.61,21786.8,8962474.0,-0.45,115.5679
2022-03-30,0.04,,,-0.372,3.7,101.3907,651027.0,-0.61,21786.8,8937142.0,-0.51,115.0818
2022-03-31,0.04,,,-0.372,3.7,101.3907,651027.0,-0.61,21786.8,8937142.0,-0.52,115.2218
2022-04-01,-0.05,,,-0.37,3.7,101.44,660194.0,-0.4741,21769.5,8937142.0,-0.41,115.4814
2022-04-04,-0.01,,,-0.37,3.7,101.44,660194.0,-0.4741,21769.5,8937142.0,-0.38,115.4112
2022-04-05,0.03,,,-0.37,3.7,101.44,660194.0,-0.4741,21769.5,8937142.0,-0.3,115.73
2022-04-06,0.11,,,-0.37,3.7,101.44,660194.0,-0.4741,21769.5,8937592.0,-0.22,115.9995
2022-04-07,0.19,,,-0.37,3.7,101.44,660194.0,-0.4741,21769.5,8937592.0,-0.16,116.3512
2022-04-08,0.19,,,-0.367,3.7,101.44,660194.0,-0.3694,21769.5,8937592.0,-0.15,116.4176
2022-04-11,0.29,,,-0.367,3.7,101.44,660194.0,-0.3694,21769.5,8937592.0,-0.12,116.5401
2022-04-12,0.33,,,-0.367,3.7,101.44,660194.0,-0.3694,21769.5,8937592.0,-0.14,116.3866
2022-04-13,0.33,,,-0.367,3.7,101.44,660194.0,-0.3694,21769.5,8965487.0,-0.1,116.2796
2022-04-14,0.36,,,-0.367,3.7,101.44,660194.0,-0.3694,21769.5,8965487.0,-0.06,116.7558
2022-04-15,0.36,,,-0.36,3.7,101.44,660194.0,-0.2797,21769.5,8965487.0,-0.06,116.7017
2022-04-18,0.39,,,-0.36,3.7,101.44,660194.0,-0.2797,21769.5,8965487.0,-0.07,116.8441
2022-04-19,0.32,,,-0.36,3.7,101.44,660194.0,-0.2797,21769.5,8965487.0,0.0,117.1324
2022-04-20,0.25,,,-0.36,3.7,101.44,660194.0,-0.2797,21769.5,8955851.0,-0.07,116.7306
2022-04-21,0.22,,,-0.36,3.7,101.44,660194.0,-0.2797,21769.5,8955851.0,-0.12,117.1432
2022-04-22,0.18,,,-0.35,3.7,101.44,660194.0,-0.385,21769.5,8955851.0,-0.08,118.0186
2022-04-25,0.18,,,-0.35,3.7,101.44,660194.0,-0.385,21769.5,8955851.0,-0.1,118.6271
2022-04-26,0.23,,,-0.35,3.7,101.44,660194.0,-0.385,21769.5,8955851.0,-0.08,118.9624
2022-04-27,0.24,,,-0.35,3.7,101.44,660194.0,-0.385,21769.5,8939199.0,-0.06,119.4708
2022-04-28,0.22,,,-0.35,3.7,101.44,660194.0,-0.385,21769.5,8939199.0,-0.12,120.0675
2022-04-29,0.19,,,-0.335,3.7,101.44,660194.0,0.1827,21769.5,8939199.0,0.01,119.4933
2022-05-01,0.19,,,-0.335,3.6,101.3335,659847.0,0.1827,21719.5,8939199.0,0.01,119.4933
2022-05-02,0.26,,,-0.335,3.6,101.3335,659847.0,0.1827,21719.5,8939199.0,0.18,119.8825
2022-05-03,0.19,,,-0.335,3.6,101.3335,659847.0,0.1827,21719.5,8939199.0,0.14,119.7043
2022-05-04,0.27,,,-0.335,3.6,101.3335,659847.0,0.1827,21719.5,8939972.0,0.07,119.5592
2022-05-05,0.34,,,-0.335,3.6,101.3335,659847.0,0.1827,21719.5,8939972.0,0.18,120.0068
2022-05-06,0.4,,,-0.317,3.6,101.3335,659847.0,0.2106,21719.5,8939972.0,0.26,119.8577
2022-05-09,0.44,,,-0.317,3.6,101.3335,659847.0,0.2106,21719.5,8939972.0,0.3,120.4972
2022-05-10,0.37,,,-0.317,3.6,101.3335,659847.0,0.2106,21719.5,8939972.0,0.34,120.7742
2022-05-11,0.25,,,-0.317,3.6,101.3335,659847.0,0.2106,21719.5,8942008.0,0.21,120.3925
2022-05-12,0.28,,,-0.317,3.6,101.3335,659847.0,0.2106,21719.5,8942008.0,0.25,121.2796
2022-05-13,0.32,,,-0.298,3.6,101.3335,659847.0,0.5618,21719.5,8942008.0,0.24,120.8442
2022-05-16,0.3,,,-0.298,3.6,101.3335,659847.0,0.5618,21719.5,8942008.0,0.2,120.6881
2022-05-17,0.27,,,-0.298,3.6,101.3335,659847.0,0.5618,21719.5,8942008.0,0.27,119.8871
2022-05-18,0.21,,,-0.298,3.6,101.3335,659847.0,0.5618,21719.5,8945898.0,0.17,120.0274
2022-05-19,0.21,,,-0.298,3.6,101.3335,659847.0,0.5618,21719.5,8945898.0,0.25,119.4278
2022-05-20,0.18,,,-0.279,3.6,101.3335,659847.0,0.3066,21719.5,8945898.0,0.23,119.3677
2022-05-23,0.21,,,-0.279,3.6,101.3335,659847.0,0.3066,21719.5,8945898.0,0.26,118.7169
2022-05-24,0.26,,,-0.279,3.6,101.3335,659847.0,0.3066,21719.5,8945898.0,0.21,118.6245
2022-05-25,0.27,,,-0.279,3.6,101.3335,659847.0,0.3066,21719.5,8914281.0,0.19,118.9598
2022-05-26,0.29,,,-0.279,3.6,101.3335,659847.0,0.3066,21719.5,8914281.0,0.13,118.7687
2022-05-27,0.27,,,-0.257,3.6,101.3335,659847.0,0.2819,21719.5,8914281.0,0.11,118.2834
2022-05-30,0.27,,,-0.257,3.6,101.3335,659847.0,0.2819,21719.5,8914281.0,0.11,118.2834
2022-05-31,0.32,,,-0.257,3.6,101.3335,659847.0,0.2819,21719.5,8914281.0,0.21,118.0704
2022-06-01,0.28,,,-0.257,3.6,101.018,666113.0,0.2819,21651.2,8915050.0,0.29,118.6954
2022-06-02,0.27,,,-0.257,3.6,101.018,666113.0,0.2819,21651.2,8915050.0,0.26,118.0658
2022-06-03,0.3,,,-0.234,3.6,101.018,666113.0,-0.1614,21651.2,8915050.0,0.22,118.2153
2022-06-06,0.31,,,-0.234,3.6,101.018,666113.0,-0.1614,21651.2,8915050.0,0.28,118.3081
2022-06-07,0.23,,,-0.234,3.6,101.018,666113.0,-0.1614,21651.2,8915050.0,0.25,118.4414
2022-06-08,0.25,,,-0.234,3.6,101.018,666113.0,-0.1614,21651.2,8918254.0,0.28,118.3951
2022-06-09,0.21,,,-0.234,3.6,101.018,666113.0,-0.1614,21651.2,8918254.0,0.29,118.9226
2022-06-10,0.09,,,-0.21,3.6,101.018,666113.0,-0.0477,21651.2,8918254.0,0.39,119.9981
2022-06-13,0.03,,,-0.21,3.6,101.018,666113.0,-0.0477,21651.2,8918254.0,0.69,121.1523
2022-06-14,0.04,,,-0.21,3.6,101.018,666113.0,-0.0477,21651.2,8918254.0,0.89,121.6669
2022-06-15,0.13,,,-0.21,3.6,101.018,666113.0,-0.0477,21651.2,8932420.0,0.63,121.6403
2022-06-16,0.14,,,-0.21,3.6,101.018,666113.0,-0.0477,21651.2,8932420.0,0.66,120.6714
2022-06-17,0.08,,,-0.186,3.6,101.018,666113.0,0.0318,21651.2,8932420.0,0.67,121.2369
2022-06-20,0.08,,,-0.186,3.6,101.018,666113.0,0.0318,21651.2,8932420.0,0.67,121.2369
2022-06-21,0.1,,,-0.186,3.6,101.018,666113.0,0.0318,21651.2,8932420.0,0.7,120.6427
2022-06-22,0.1,,,-0.186,3.6,101.018,666113.0,0.0318,21651.2,8934346.0,0.62,120.5197
2022-06-23,0.08,,,-0.186,3.6,101.018,666113.0,0.0318,21651.2,8934346.0,0.59,120.7622
2022-06-24,0.09,,,-0.17,3.6,101.018,666113.0,0.3787,21651.2,8934346.0,0.57,120.4853
2022-06-27,0.12,,,-0.17,3.6,101.018,666113.0,0.3787,21651.2,8934346.0,0.65,120.1736
2022-06-28,0.1,,,-0.17,3.6,101.018,666113.0,0.3787,21651.2,8934346.0,0.72,120.62
2022-06-29,0.04,,,-0.17,3.6,101.018,666113.0,0.3787,21651.2,8913553.0,0.74,120.9616
2022-06-30,0.06,,,-0.17,3.6,101.018,666113.0,0.3787,21651.2,8913553.0,0.65,120.9652
2022-07-01,0.04,,,-0.164,3.5,101.223,659550.0,0.6133,21652.8,8913553.0,0.54,121.5058
2022-07-04,0.04,,,-0.164,3.5,101.223,659550.0,0.6133,21652.8,8913553.0,0.54,121.5058
2022-07-05,0.0,,,-0.164,3.5,101.223,659550.0,0.6133,21652.8,8913553.0,0.52,122.6203
2022-07-06,-0.04,,,-0.164,3.5,101.223,659550.0,0.6133,21652.8,8891851.0,0.64,123.0073
2022-07-07,-0.02,,,-0.164,3.5,101.223,659550.0,0.6133,21652.8,8891851.0,0.68,122.7257
2022-07-08,-0.03,,,-0.167,3.5,101.223,659550.0,0.4275,21652.8,8891851.0,0.72,122.4662
2022-07-11,-0.08,,,-0.167,3.5,101.223,659550.0,0.4275,21652.8,8891851.0,0.67,123.2974
2022-07-12,-0.07,,,-0.167,3.5,101.223,659550.0,0.4275,21652.8,8891851.0,0.64,123.4524
2022-07-13,-0.22,,,-0.167,3.5,101.223,659550.0,0.4275,21652.8,8895867.0,0.6,123.2834
2022-07-14,-0.19,,,-0.167,3.5,101.223,659550.0,0.4275,21652.8,8895867.0,0.62,124.0622
2022-07-15,-0.2,,,-0.181,3.5,101.223,659550.0,0.0669,21652.8,8895867.0,0.57,123.4765
2022-07-18,-0.19,,,-0.181,3.5,101.223,659550.0,0.0669,21652.8,8895867.0,0.59,122.7727
2022-07-19,-0.22,,,-0.181,3.5,101.223,659550.0,0.0669,21652.8,8895867.0,0.62,122.4819
2022-07-20,-0.21,,,-0.181,3.5,101.223,659550.0,0.0669,21652.8,8899213.0,0.66,122.5997
2022-07-21,-0.19,,,-0.181,3.5,101.223,659550.0,0.0669,21652.8,8899213.0,0.58,122.9032
2022-07-22,-0.21,,,-0.2,3.5,101.223,659550.0,-0.2724,21652.8,8899213.0,0.43,122.451
2022-07-25,-0.19,,,-0.2,3.5,101.223,659550.0,-0.2724,21652.8,8899213.0,0.45,122.4594
2022-07-26,-0.21,,,-0.2,3.5,101.223,659550.0,-0.2724,21652.8,8899213.0,0.45,122.7581
2022-07-27,-0.18,,,-0.2,3.5,101.223,659550.0,-0.2724,21652.8,8890004.0,0.36,122.8169
2022-07-28,-0.17,,,-0.2,3.5,101.223,659550.0,-0.2724,21652.8,8890004.0,0.2,122.1161
2022-07-29,-0.22,,,-0.218,3.5,101.223,659550.0,-0.1916,21652.8,8890004.0,0.14,121.7678
2022-08-01,-0.3,,,-0.218,3.6,101.0963,663566.0,-0.1916,21638.2,8890004.0,0.09,121.4109
2022-08-02,-0.31,,,-0.218,3.6,101.0963,663566.0,-0.1916,21638.2,8890004.0,0.27,121.9486
2022-08-03,-0.37,,,-0.218,3.6,101.0963,663566.0,-0.1916,21638.2,8874620.0,0.23,122.3888
2022-08-04,-0.35,,,-0.218,3.6,101.0963,663566.0,-0.1916,21638.2,8874620.0,0.22,121.8333
2022-08-05,-0.41,,,-0.231,3.6,101.0963,663566.0,-0.4821,21638.2,8874620.0,0.37,122.321
2022-08-08,-0.44,,,-0.231,3.6,101.0963,663566.0,-0.4821,21638.2,8874620.0,0.29,121.8783
2022-08-09,-0.48,,,-0.231,3.6,101.0963,663566.0,-0.4821,21638.2,8874620.0,0.33,121.8614
2022-08-10,-0.45,,,-0.231,3.6,101.0963,663566.0,-0.4821,21638.2,8879138.0,0.35,120.7543
2022-08-11,-0.36,,,-0.231,3.6,101.0963,663566.0,-0.4821,21638.2,8879138.0,0.4,120.7163
2022-08-12,-0.41,,,-0.238,3.6,101.0963,663566.0,-0.4036,21638.2,8879138.0,0.37,121.018
2022-08-15,-0.41,,,-0.238,3.6,101.0963,663566.0,-0.4036,21638.2,8879138.0,0.35,121.4315
2022-08-16,-0.43,,,-0.238,3.6,101.0963,663566.0,-0.4036,21638.2,8879138.0,0.38,121.6807
2022-08-17,-0.39,,,-0.238,3.6,101.0963,663566.0,-0.4036,21638.2,8849762.0,0.43,122.0711
2022-08-18,-0.34,,,-0.238,3.6,101.0963,663566.0,-0.4036,21638.2,8849762.0,0.36,122.3627
2022-08-19,-0.27,,,-0.236,3.6,101.0963,663566.0,-0.3679,21638.2,8849762.0,0.43,123.0501
2022-08-22,-0.29,,,-0.236,3.6,101.0963,663566.0,-0.3679,21638.2,8849762.0,0.46,123.605
2022-08-23,-0.24,,,-0.236,3.6,101.0963,663566.0,-0.3679,21638.2,8849762.0,0.47,123.0547
2022-08-24,-0.25,,,-0.236,3.6,101.0963,663566.0,-0.3679,21638.2,8851436.0,0.49,123.109
2022-08-25,-0.32,,,-0.236,3.6,101.0963,663566.0,-0.3679,21638.2,8851436.0,0.43,123.0586
2022-08-26,-0.33,,,-0.224,3.6,101.0963,663566.0,-0.205,21638.2,8851436.0,0.47,123.0656
2022-08-29,-0.3,,,-0.224,3.6,101.0963,663566.0,-0.205,21638.2,8851436.0,0.54,123.4686
2022-08-30,-0.35,,,-0.224,3.6,101.0963,663566.0,-0.205,21638.2,8851436.0,0.56,123.6848
2022-08-31,-0.3,,,-0.224,3.6,101.0963,663566.0,-0.205,21638.2,8826093.0,0.67,123.535
2022-09-01,-0.25,,,-0.224,3.5,101.2918,661854.0,-0.205,21536.5,8826093.0,0.81,124.4006
2022-09-02,-0.2,,,-0.203,3.5,101.2918,661854.0,-0.136,21536.5,8826093.0,0.73,123.7743
2022-09-05,-0.2,,,-0.203,3.5,101.2918,661854.0,-0.136,21536.5,8826093.0,0.73,123.7743
2022-09-06,-0.17,,,-0.203,3.5,101.2918,661854.0,-0.136,21536.5,8826093.0,0.85,124.767
2022-09-07,-0.18,,,-0.203,3.5,101.2918,661854.0,-0.136,21536.5,8822401.0,0.82,124.8408
2022-09-08,-0.19,,,-0.203,3.5,101.2918,661854.0,-0.136,21536.5,8822401.0,0.88,124.578
2022-09-09,-0.23,,,-0.177,3.5,101.2918,661854.0,-0.3101,21536.5,8822401.0,0.91,123.7874
2022-09-12,-0.21,,,-0.177,3.5,101.2918,661854.0,-0.3101,21536.5,8822401.0,0.95,123.3332
2022-09-13,-0.33,,,-0.177,3.5,101.2918,661854.0,-0.3101,21536.5,8822401.0,0.98,124.4242
2022-09-14,-0.37,,,-0.177,3.5,101.2918,661854.0,-0.3101,21536.5,8832759.0,0.95,124.4509
2022-09-15,-0.42,,,-0.177,3.5,101.2918,661854.0,-0.3101,21536.5,8832759.0,1.02,124.8843
2022-09-16,-0.4,,,-0.15,3.5,101.2918,661854.0,-0.4376,21536.5,8832759.0,1.07,124.8794
2022-09-19,-0.46,,,-0.15,3.5,101.2918,661854.0,-0.4376,21536.5,8832759.0,1.15,125.0104
2022-09-20,-0.39,,,-0.15,3.5,101.2918,661854.0,-0.4376,21536.5,8832759.0,1.17,125.1248
2022-09-21,-0.51,,,-0.15,3.5,101.2918,661854.0,-0.4376,21536.5,8816802.0,1.13,125.7399
2022-09-22,-0.41,,,-0.15,3.5,101.2918,661854.0,-0.4376,21536.5,8816802.0,1.29,126.1667
2022-09-23,-0.51,,,-0.124,3.5,101.2918,661854.0,0.1326,21536.5,8816802.0,1.32,127.2853
2022-09-26,-0.39,,,-0.124,3.5,101.2918,661854.0,0.1326,21536.5,8816802.0,1.56,128.4539
2022-09-27,-0.33,,,-0.124,3.5,101.2918,661854.0,0.1326,21536.5,8816802.0,1.64,128.4386
2022-09-28,-0.35,,,-0.124,3.5,101.2918,661854.0,0.1326,21536.5,8795567.0,1.39,128.0884
2022-09-29,-0.4,,,-0.124,3.5,101.2918,661854.0,0.1326,21536.5,8795567.0,1.57,127.5437
2022-09-30,-0.39,,,-0.105,3.5,101.2918,661854.0,0.5206,21536.5,8795567.0,1.68,127.5148
2022-10-01,-0.39,,,-0.105,3.6,101.2529,668671.0,0.5206,21461.5,8795567.0,1.68,127.5148
2022-10-03,-0.45,,,-0.105,3.6,101.2529,668671.0,0.5206,21461.5,8795567.0,1.43,127.0813
2022-10-04,-0.48,,,-0.105,3.6,101.2529,668671.0,0.5206,21461.5,8795567.0,1.38,126.1819
2022-10-05,-0.39,,,-0.105,3.6,101.2529,668671.0,0.5206,21461.5,8759053.0,1.54,126.8616
2022-10-06,-0.4,,,-0.105,3.6,101.2529,668671.0,0.5206,21461.5,8759053.0,1.61,127.2493
2022-10-07,-0.41,,,-0.098,3.6,101.2529,668671.0,0.1675,21461.5,8759053.0,1.62,127.3111
2022-10-10,-0.41,,,-0.098,3.6,101.2529,668671.0,0.1675,21461.5,8759053.0,1.62,127.3111
2022-10-11,-0.37,,,-0.098,3.6,101.2529,668671.0,0.1675,21461.5,8759053.0,1.62,127.6641
2022-10-12,-0.37,,,-0.098,3.6,101.2529,668671.0,0.1675,21461.5,8758969.0,1.62,128.1481
2022-10-13,-0.5,,,-0.098,3.6,101.2529,668671.0,0.1675,21461.5,8758969.0,1.63,127.7286
2022-10-14,-0.48,,,-0.1,3.6,101.2529,668671.0,0.2879,21461.5,8758969.0,1.59,128.3325
2022-10-17,-0.43,,,-0.1,3.6,101.2529,668671.0,0.2879,21461.5,8758969.0,1.57,127.6448
2022-10-18,-0.42,,,-0.1,3.6,101.2529,668671.0,0.2879,21461.5,8758969.0,1.6,127.9153
2022-10-19,-0.41,,,-0.1,3.6,101.2529,668671.0,0.2879,21461.5,8743922.0,1.72,128.3968
2022-10-20,-0.38,,,-0.1,3.6,101.2529,668671.0,0.2879,21461.5,8743922.0,1.73,128.0052
2022-10-21,-0.28,,,-0.11,3.6,101.2529,668671.0,-0.1483,21461.5,8743922.0,1.69,127.6735
2022-10-24,-0.25,,,-0.11,3.6,101.2529,668671.0,-0.1483,21461.5,8743922.0,1.66,128.0304
2022-10-25,-0.32,,,-0.11,3.6,101.2529,668671.0,-0.1483,21461.5,8743922.0,1.59,127.3771
2022-10-26,-0.35,,,-0.11,3.6,101.2529,668671.0,-0.1483,21461.5,8723090.0,1.6,126.4723
2022-10-27,-0.34,,,-0.11,3.6,101.2529,668671.0,-0.1483,21461.5,8723090.0,1.51,126.7028
2022-10-28,-0.39,,,-0.125,3.6,101.2529,668671.0,-0.2924,21461.5,8723090.0,1.51,127.2135
2022-10-31,-0.41,,,-0.125,3.6,101.2529,668671.0,-0.2924,21461.5,8723090.0,1.58,127.6219
2022-11-01,-0.47,,,-0.125,3.6,100.9552,659458.0,-0.2924,21406.5,8723090.0,1.56,127.3987
2022-11-02,-0.51,,,-0.125,3.6,100.9552,659458.0,-0.2924,21406.5,8676870.0,1.57,127.3115
2022-11-03,-0.57,,,-0.125,3.6,100.9552,659458.0,-0.2924,21406.5,8676870.0,1.74,128.1743
2022-11-04,-0.49,,,-0.142,3.6,100.9552,659458.0,-0.3869,21406.5,8676870.0,1.69,127.1468
2022-11-07,-0.5,,,-0.142,3.6,100.9552,659458.0,-0.3869,21406.5,8676870.0,1.69,126.3062
2022-11-08,-0.53,,,-0.142,3.6,100.9552,659458.0,-0.3869,21406.5,8676870.0,1.64,125.633
2022-11-09,-0.49,,,-0.142,3.6,100.9552,659458.0,-0.3869,21406.5,8678886.0,1.7,125.9861
2022-11-10,-0.52,,,-0.142,3.6,100.9552,659458.0,-0.3869,21406.5,8678886.0,1.43,124.7044
2022-11-11,-0.52,,,-0.159,3.6,100.9552,659458.0,-0.322,21406.5,8678886.0,1.43,124.7044
2022-11-14,-0.52,,,-0.159,3.6,100.9552,659458.0,-0.322,21406.5,8678886.0,1.51,123.4277
2022-11-15,-0.57,,,-0.159,3.6,100.9552,659458.0,-0.322,21406.5,8678886.0,1.45,123.039
2022-11-16,-0.68,,,-0.159,3.6,100.9552,659458.0,-0.322,21406.5,8625620.0,1.38,123.2817
2022-11-17,-0.66,,,-0.159,3.6,100.9552,659458.0,-0.322,21406.5,8625620.0,1.49,123.977
2022-11-18,-0.69,,,-0.172,3.6,100.9552,659458.0,-0.222,21406.5,8625620.0,1.57,123.8524
2022-11-21,-0.65,,,-0.172,3.6,100.9552,659458.0,-0.222,21406.5,8625620.0,1.52,124.7009
2022-11-22,-0.71,,,-0.172,3.6,100.9552,659458.0,-0.222,21406.5,8625620.0,1.44,124.2365
2022-11-23,-0.75,,,-0.172,3.6,100.9552,659458.0,-0.222,21406.5,8621390.0,1.39,123.7574
2022-11-24,-0.75,,,-0.172,3.6,100.9552,659458.0,-0.222,21406.5,8621390.0,1.39,123.7574
2022-11-25,-0.74,,,-0.18,3.6,100.9552,659458.0,-0.2266,21406.5,8621390.0,1.36,123.3386
2022-11-28,-0.77,,,-0.18,3.6,100.9552,659458.0,-0.2266,21406.5,8621390.0,1.43,123.6032
2022-11-29,-0.73,,,-0.18,3.6,100.9552,659458.0,-0.2266,21406.5,8621390.0,1.5,123.6615
2022-11-30,-0.7,,,-0.18,3.6,100.9552,659458.0,-0.2266,21406.5,8584576.0,1.34,123.5175
2022-12-01,-0.72,,,-0.18,3.5,99.7664,651763.0,-0.2266,21291.0,8584576.0,1.17,122.0045
2022-12-02,-0.77,,,-0.185,3.5,99.7664,651763.0,-0.1158,21291.0,8584576.0,1.08,122.0102
2022-12-05,-0.81,,,-0.185,3.5,99.7664,651763.0,-0.1158,21291.0,8584576.0,1.21,122.6384
2022-12-06,-0.83,,,-0.185,3.5,99.7664,651763.0,-0.1158,21291.0,8584576.0,1.2,123.0191
2022-12-07,-0.84,,,-0.185,3.5,99.7664,651763.0,-0.1158,21291.0,8582735.0,1.16,122.7608
2022-12-08,-0.83,,,-0.185,3.5,99.7664,651763.0,-0.1158,21291.0,8582735.0,1.2,122.4152
2022-12-09,-0.76,,,-0.188,3.5,99.7664,651763.0,0.1238,21291.0,8582735.0,1.31,122.4201
2022-12-12,-0.78,,,-0.188,3.5,99.7664,651763.0,0.1238,21291.0,8582735.0,1.33,122.7714
2022-12-13,-0.71,,,-0.188,3.5,99.7664,651763.0,0.1238,21291.0,8582735.0,1.27,121.8493
2022-12-14,-0.74,,,-0.188,3.5,99.7664,651763.0,0.1238,21291.0,8583413.0,1.3,121.8226
2022-12-15,-0.79,,,-0.188,3.5,99.7664,651763.0,0.1238,21291.0,8583413.0,1.28,122.5519
2022-12-16,-0.69,,,-0.195,3.5,99.7664,651763.0,0.0087,21291.0,8583413.0,1.35,122.6505
2022-12-19,-0.68,,,-0.195,3.5,99.7664,651763.0,0.0087,21291.0,8583413.0,1.42,122.5275
2022-12-20,-0.56,,,-0.195,3.5,99.7664,651763.0,0.0087,21291.0,8583413.0,1.45,122.1357
2022-12-21,-0.53,,,-0.195,3.5,99.7664,651763.0,0.0087,21291.0,8564411.0,1.41,122.2828
2022-12-22,-0.57,,,-0.195,3.5,99.7664,651763.0,0.0087,21291.0,8564411.0,1.48,122.2419
2022-12-23,-0.56,,,-0.205,3.5,99.7664,651763.0,0.0256,21291.0,8564411.0,1.55,121.9743
2022-12-26,-0.56,,,-0.205,3.5,99.7664,651763.0,0.0256,21291.0,8564411.0,1.55,121.9743
2022-12-27,-0.48,,,-0.205,3.5,99.7664,651763.0,0.0256,21291.0,8564411.0,1.58,121.7539
2022-12-28,-0.43,,,-0.205,3.5,99.7664,651763.0,0.0256,21291.0,8551169.0,1.6,122.0075
2022-12-29,-0.51,,,-0.205,3.5,99.7664,651763.0,0.0256,21291.0,8551169.0,1.56,121.6577
2022-12-30,-0.53,,,-0.222,3.5,99.7664,651763.0,-0.0395,21291.0,8551169.0,1.58,121.4256
2023-01-01,-0.53,,,-0.222,3.5,100.505,680253.0,-0.0395,21279.4,8551169.0,1.58,121.4256
2023-01-02,-0.53,,,-0.222,3.5,100.505,680253.0,-0.0395,21279.4,8551169.0,1.58,121.4256
2023-01-03,-0.61,,,-0.222,3.5,100.505,680253.0,-0.0395,21279.4,8551169.0,1.53,122.0905
2023-01-04,-0.67,,,-0.222,3.5,100.505,680253.0,-0.0395,21279.4,8507429.0,1.47,121.5008
2023-01-05,-0.74,,,-0.222,3.5,100.505,680253.0,-0.0395,21279.4,8507429.0,1.49,122.1017
2023-01-06,-0.69,,,-0.245,3.5,100.505,680253.0,-0.1636,21279.4,8507429.0,1.34,121.0852
2023-01-09,-0.66,,,-0.245,3.5,100.505,680253.0,-0.1636,21279.4,8507429.0,1.31,120.1508
2023-01-10,-0.63,,,-0.245,3.5,100.505,680253.0,-0.1636,21279.4,8507429.0,1.37,120.2483
2023-01-11,-0.66,,,-0.245,3.5,100.505,680253.0,-0.1636,21279.4,8508587.0,1.31,120.1614
2023-01-12,-0.69,,,-0.245,3.5,100.505,680253.0,-0.1636,21279.4,8508587.0,1.22,119.4218
2023-01-13,-0.73,,,-0.269,3.5,100.505,680253.0,-0.4208,21279.4,8508587.0,1.31,119.1673
2023-01-16,-0.73,,,-0.269,3.5,100.505,680253.0,-0.4208,21279.4,8508587.0,1.31,119.1673
2023-01-17,-0.65,,,-0.269,3.5,100.505,680253.0,-0.4208,21279.4,8508587.0,1.36,119.2121
2023-01-18,-0.69,,,-0.269,3.5,100.505,680253.0,-0.4208,21279.4,8489039.0,1.25,119.0755
2023-01-19,-0.7,,,-0.269,3.5,100.505,680253.0,-0.4208,21279.4,8489039.0,1.19,119.6107
2023-01-20,-0.66,,,-0.29,3.5,100.505,680253.0,-0.3896,21279.4,8489039.0,1.25,119.3486
2023-01-23,-0.69,,,-0.29,3.5,100.505,680253.0,-0.3896,21279.4,8489039.0,1.24,119.1434
2023-01-24,-0.66,,,-0.29,3.5,100.505,680253.0,-0.3896,21279.4,8489039.0,1.19,119.0958
2023-01-25,-0.65,,,-0.29,3.5,100.505,680253.0,-0.3896,21279.4,8470557.0,1.17,118.9686
2023-01-26,-0.68,,,-0.29,3.5,100.505,680253.0,-0.3896,21279.4,8470557.0,1.16,119.021
2023-01-27,-0.67,,,-0.306,3.5,100.505,680253.0,-0.5109,21279.4,8470557.0,1.19,118.9223
2023-01-30,-0.7,,,-0.306,3.5,100.505,680253.0,-0.5109,21279.4,8470557.0,1.26,118.8953
2023-01-31,-0.69,,,-0.306,3.5,100.505,680253.0,-0.5109,21279.4,8470557.0,1.28,118.9802
2023-02-01,-0.7,,,-0.306,3.6,100.6416,672152.0,-0.5109,21242.9,8433610.0,1.14,118.6259
2023-02-02,-0.69,,,-0.306,3.6,100.6416,672152.0,-0.5109,21242.9,8433610.0,1.18,118.3421
2023-02-03,-0.77,,,-0.313,3.6,100.6416,672152.0,-0.5502,21242.9,8433610.0,1.31,119.5095
2023-02-06,-0.81,,,-0.313,3.6,100.6416,672152.0,-0.5502,21242.9,8433610.0,1.38,120.541
2023-02-07,-0.8,,,-0.313,3.6,100.6416,672152.0,-0.5502,21242.9,8433610.0,1.36,120.3475
2023-02-08,-0.82,,,-0.313,3.6,100.6416,672152.0,-0.5502,21242.9,8435369.0,1.29,120.1436
2023-02-09,-0.81,,,-0.313,3.6,100.6416,672152.0,-0.5502,21242.9,8435369.0,1.34,119.9781
2023-02-10,-0.76,,,-0.309,3.6,100.6416,672152.0,-0.6116,21242.9,8435369.0,1.41,120.1419
2023-02-13,-0.8,,,-0.309,3.6,100.6416,672152.0,-0.6116,21242.9,8435369.0,1.41,119.9828
2023-02-14,-0.83,,,-0.309,3.6,100.6416,672152.0,-0.6116,21242.9,8435369.0,1.46,119.9229
2023-02-15,-0.81,,,-0.309,3.6,100.6416,672152.0,-0.6116,21242.9,8384767.0,1.46,120.4557
2023-02-16,-0.76,,,-0.309,3.6,100.6416,672152.0,-0.6116,21242.9,8384767.0,1.49,120.4651
2023-02-17,-0.78,,,-0.295,3.6,100.6416,672152.0,-0.47,21242.9,8384767.0,1.46,120.5526
2023-02-20,-0.78,,,-0.295,3.6,100.6416,672152.0,-0.47,21242.9,8384767.0,1.46,120.5526
2023-02-21,-0.72,,,-0.295,3.6,100.6416,672152.0,-0.47,21242.9,8384767.0,1.53,120.6256
2023-02-22,-0.73,,,-0.295,3.6,100.6416,672152.0,-0.47,21242.9,8382190.0,1.52,120.8389
2023-02-23,-0.78,,,-0.295,3.6,100.6416,672152.0,-0.47,21242.9,8382190.0,1.49,121.0896
2023-02-24,-0.83,,,-0.269,3.6,100.6416,672152.0,-0.2317,21242.9,8382190.0,1.57,121.5681
2023-02-27,-0.86,,,-0.269,3.6,100.6416,672152.0,-0.2317,21242.9,8382190.0,1.56,121.3941
2023-02-28,-0.89,,,-0.269,3.6,100.6416,672152.0,-0.2317,21242.9,8382190.0,1.49,121.3341
2023-03-01,-0.88,,,-0.269,3.5,101.0205,665071.0,-0.2317,20946.8,8339684.0,1.57,120.6347
2023-03-02,-0.81,,,-0.269,3.5,101.0205,665071.0,-0.2317,20946.8,8339684.0,1.6,121.1302
2023-03-03,-0.89,,,-0.239,3.5,101.0205,665071.0,-0.4474,20946.8,8339684.0,1.45,120.7742
2023-03-06,-0.91,,,-0.239,3.5,101.0205,665071.0,-0.4474,20946.8,8339684.0,1.49,120.485
2023-03-07,-1.03,,,-0.239,3.5,101.0205,665071.0,-0.4474,20946.8,8339684.0,1.59,121.4623
2023-03-08,-1.07,,,-0.239,3.5,101.0205,665071.0,-0.4474,20946.8,8342283.0,1.66,121.4511
2023-03-09,-0.97,,,-0.239,3.5,101.0205,665071.0,-0.4474,20946.8,8342283.0,1.63,121.4458
2023-03-10,-0.9,,,-0.206,3.5,101.0205,665071.0,-0.0881,20946.8,8342283.0,1.44,121.2421
2023-03-13,-0.48,,,-0.206,3.5,101.0205,665071.0,-0.0881,20946.8,8342283.0,1.31,120.8897
2023-03-14,-0.56,,,-0.206,3.5,101.0205,665071.0,-0.0881,20946.8,8342283.0,1.33,121.0141
2023-03-15,-0.42,,,-0.206,3.5,101.0205,665071.0,-0.0881,20946.8,8639300.0,1.22,122.1079
2023-03-16,-0.58,,,-0.206,3.5,101.0205,665071.0,-0.0881,20946.8,8639300.0,1.34,121.7221
2023-03-17,-0.42,,,-0.175,3.5,101.0205,665071.0,1.1043,20946.8,8639300.0,1.29,121.5643
2023-03-20,-0.45,,,-0.175,3.5,101.0205,665071.0,1.1043,20946.8,8639300.0,1.33,121.0141
2023-03-21,-0.58,,,-0.175,3.5,101.0205,665071.0,1.1043,20946.8,8639300.0,1.36,120.8958
2023-03-22,-0.48,,,-0.175,3.5,101.0205,665071.0,1.1043,20946.8,8733787.0,1.2,120.6217
2023-03-23,-0.38,,,-0.175,3.5,101.0205,665071.0,1.1043,20946.8,8733787.0,1.19,119.7587
2023-03-24,-0.38,,,-0.156,3.5,101.0205,665071.0,0.2695,20946.8,8733787.0,1.16,120.4598
2023-03-27,-0.41,,,-0.156,3.5,101.0205,665071.0,0.2695,20946.8,8733787.0,1.29,120.2541
2023-03-28,-0.47,,,-0.156,3.5,101.0205,665071.0,0.2695,20946.8,8733787.0,1.24,119.7138
2023-03-29,-0.51,,,-0.156,3.5,101.0205,665071.0,0.2695,20946.8,8705942.0,1.24,119.7258
2023-03-30,-0.55,,,-0.156,3.5,101.0205,665071.0,0.2695,20946.8,8705942.0,1.21,119.4078
2023-03-31,-0.58,,,-0.152,3.5,101.0205,665071.0,-0.2721,20946.8,8705942.0,1.16,119.3602
2023-04-01,-0.58,,,-0.152,3.4,101.253,670494.0,-0.2721,20761.4,8705942.0,1.16,119.3602
2023-04-03,-0.54,,,-0.152,3.4,101.253,670494.0,-0.2721,20761.4,8705942.0,1.14,119.3204
2023-04-04,-0.49,,,-0.152,3.4,101.253,670494.0,-0.2721,20761.4,8705942.0,1.1,119.142
2023-04-05,-0.49,,,-0.152,3.4,101.253,670494.0,-0.2721,20761.4,8632384.0,1.07,119.2953
2023-04-06,-0.52,,,-0.152,3.4,101.253,670494.0,-0.2721,20761.4,8632384.0,1.06,119.3072
2023-04-07,-0.58,,,-0.155,3.4,101.253,670494.0,-0.0928,20761.4,8632384.0,1.14,119.3547
2023-04-10,-0.59,,,-0.155,3.4,101.253,670494.0,-0.0928,20761.4,8632384.0,1.14,119.7948
2023-04-11,-0.6,,,-0.155,3.4,101.253,670494.0,-0.0928,20761.4,8632384.0,1.14,119.5248
2023-04-12,-0.54,,,-0.155,3.4,101.253,670494.0,-0.0928,20761.4,8614797.0,1.14,119.003
2023-04-13,-0.51,,,-0.155,3.4,101.253,670494.0,-0.0928,20761.4,8614797.0,1.16,118.3915
2023-04-14,-0.56,,,-0.166,3.4,101.253,670494.0,-0.4846,20761.4,8614797.0,1.22,118.8567
2023-04-17,-0.58,,,-0.166,3.4,101.253,670494.0,-0.4846,20761.4,8614797.0,1.28,119.2787
2023-04-18,-0.61,,,-0.166,3.4,101.253,670494.0,-0.4846,20761.4,8614797.0,1.3,119.1049
2023-04-19,-0.64,,,-0.166,3.4,101.253,670494.0,-0.4846,20761.4,8593263.0,1.32,119.303
2023-04-20,-0.6,,,-0.166,3.4,101.253,670494.0,-0.4846,20761.4,8593263.0,1.28,119.1199
2023-04-21,-0.6,,,-0.18,3.4,101.253,670494.0,-0.6591,20761.4,8593263.0,1.29,119.3117
2023-04-24,-0.6,,,-0.18,3.4,101.253,670494.0,-0.6591,20761.4,8593263.0,1.24,119.2039
2023-04-25,-0.46,,,-0.18,3.4,101.253,670494.0,-0.6591,20761.4,8593263.0,1.15,119.613
2023-04-26,-0.47,,,-0.18,3.4,101.253,670494.0,-0.6591,20761.4,8562768.0,1.18,119.3228
2023-04-27,-0.54,,,-0.18,3.4,101.253,670494.0,-0.6591,20761.4,8562768.0,1.26,119.4298
2023-04-28,-0.6,,,-0.19,3.4,101.253,670494.0,-0.2904,20761.4,8562768.0,1.26,119.2248
2023-05-01,-0.55,,,-0.19,3.6,100.9286,673902.0,-0.2904,20829.7,8562768.0,1.36,119.4435
2023-05-02,-0.53,,,-0.19,3.6,100.9286,673902.0,-0.2904,20829.7,8562768.0,1.24,119.6105
2023-05-03,-0.51,,,-0.19,3.6,100.9286,673902.0,-0.2904,20829.7,8503994.0,1.18,119.1233
2023-05-04,-0.38,,,-0.19,3.6,100.9286,673902.0,-0.2904,20829.7,8503994.0,1.18,119.0465
2023-05-05,-0.48,,,-0.199,3.6,100.9286,673902.0,-0.3309,20829.7,8503994.0,1.23,118.5548
2023-05-08,-0.48,,,-0.199,3.6,100.9286,673902.0,-0.3309,20829.7,8503994.0,1.29,118.5759
2023-05-09,-0.48,,,-0.199,3.6,100.9286,673902.0,-0.3309,20829.7,8503994.0,1.3,118.8239
2023-05-10,-0.47,,,-0.199,3.6,100.9286,673902.0,-0.3309,20829.7,8503017.0,1.26,118.5864
2023-05-11,-0.5,,,-0.199,3.6,100.9286,673902.0,-0.3309,20829.7,8503017.0,1.23,119.0303
2023-05-12,-0.52,,,-0.206,3.6,100.9286,673902.0,-0.5115,20829.7,8503017.0,1.28,119.3671
2023-05-15,-0.49,,,-0.206,3.6,100.9286,673902.0,-0.5115,20829.7,8503017.0,1.31,119.1608
2023-05-16,-0.52,,,-0.206,3.6,100.9286,673902.0,-0.5115,20829.7,8503017.0,1.35,119.1743
2023-05-17,-0.55,,,-0.206,3.6,100.9286,673902.0,-0.5115,20829.7,8456760.0,1.35,119.607
2023-05-18,-0.59,,,-0.206,3.6,100.9286,673902.0,-0.5115,20829.7,8456760.0,1.42,120.0886
2023-05-19,-0.58,,,-0.21,3.6,100.9286,673902.0,-0.4457,20829.7,8456760.0,1.46,119.7751
2023-05-22,-0.57,,,-0.21,3.6,100.9286,673902.0,-0.4457,20829.7,8456760.0,1.48,120.0875
2023-05-23,-0.56,,,-0.21,3.6,100.9286,673902.0,-0.4457,20829.7,8456760.0,1.44,120.3204
2023-05-24,-0.58,,,-0.21,3.6,100.9286,673902.0,-0.4457,20829.7,8436255.0,1.48,120.4752
2023-05-25,-0.67,,,-0.21,3.6,100.9286,673902.0,-0.4457,20829.7,8436255.0,1.58,120.8413
2023-05-26,-0.74,,,-0.212,3.6,100.9286,673902.0,-0.3234,20829.7,8436255.0,1.57,120.6304
2023-05-29,-0.74,4.54,1.75,-0.212,3.6,100.9286,673902.0,-0.3234,20829.7,8436255.0,1.57,120.6304
2023-05-30,-0.77,4.58,1.74,-0.212,3.6,100.9286,673902.0,-0.3234,20829.7,8436255.0,1.47,120.5546
2023-05-31,-0.76,4.69,1.76,-0.212,3.6,100.9286,673902.0,-0.3234,20829.7,8385854.0,1.46,120.9662
2023-06-01,-0.72,4.65,1.76,-0.212,3.6,100.1196,677117.0,-0.3234,20799.3,8385854.0,1.45,120.0491
2023-06-02,-0.81,4.37,1.73,-0.214,3.6,100.1196,677117.0,-0.47,20799.3,8385854.0,1.51,120.0049
2023-06-05,-0.77,4.39,1.73,-0.214,3.6,100.1196,677117.0,-0.47,20799.3,8385854.0,1.5,120.0048
2023-06-06,-0.81,4.39,1.73,-0.214,3.6,100.1196,677117.0,-0.47,20799.3,8385854.0,1.5,119.9718
2023-06-07,-0.77,4.33,1.73,-0.214,3.6,100.1196,677117.0,-0.47,20799.3,8389325.0,1.58,119.859
2023-06-08,-0.79,4.39,1.74,-0.214,3.6,100.1196,677117.0,-0.47,20799.3,8389325.0,1.53,119.5712
2023-06-09,-0.84,4.29,1.73,-0.215,3.6,100.1196,677117.0,-0.6973,20799.3,8389325.0,1.55,119.4322
2023-06-12,-0.82,4.34,1.74,-0.215,3.6,100.1196,677117.0,-0.6973,20799.3,8389325.0,1.56,119.6376
2023-06-13,-0.83,4.18,1.71,-0.215,3.6,100.1196,677117.0,-0.6973,20799.3,8389325.0,1.64,119.1899
2023-06-14,-0.91,4.18,1.7,-0.215,3.6,100.1196,677117.0,-0.6973,20799.3,8388323.0,1.62,118.776
2023-06-15,-0.9,4.21,1.7,-0.215,3.6,100.1196,677117.0,-0.6973,20799.3,8388323.0,1.51,118.5521
2023-06-16,-0.93,4.15,1.67,-0.217,3.6,100.1196,677117.0,-0.6116,20799.3,8388323.0,1.55,118.4184
2023-06-19,-0.93,4.15,1.67,-0.217,3.6,100.1196,677117.0,-0.6116,20799.3,8388323.0,1.55,118.4184
2023-06-20,-0.94,4.22,1.66,-0.217,3.6,100.1196,677117.0,-0.6116,20799.3,8388323.0,1.52,118.938
2023-06-21,-0.96,4.32,1.67,-0.217,3.6,100.1196,677117.0,-0.6116,20799.3,8362060.0,1.51,118.727
2023-06-22,-0.97,4.3,1.66,-0.217,3.6,100.1196,677117.0,-0.6116,20799.3,8362060.0,1.56,118.7552
2023-06-23,-0.97,4.4,1.67,-0.221,3.6,100.1196,677117.0,-0.5877,20799.3,8362060.0,1.53,119.152
2023-06-26,-0.93,4.45,1.67,-0.221,3.6,100.1196,677117.0,-0.5877,20799.3,8362060.0,1.54,119.0761
2023-06-27,-0.97,4.3,1.66,-0.221,3.6,100.1196,677117.0,-0.5877,20799.3,8362060.0,1.57,118.8949
2023-06-28,-1.0,4.27,1.65,-0.221,3.6,100.1196,677117.0,-0.5877,20799.3,8340914.0,1.53,119.3382
2023-06-29,-1.02,4.14,1.62,-0.221,3.6,100.1196,677117.0,-0.5877,20799.3,8340914.0,1.65,119.527
2023-06-30,-1.06,4.05,1.61,-0.227,3.6,100.1196,677117.0,-0.6965,20799.3,8340914.0,1.59,119.3606
2023-07-01,-1.06,4.05,1.61,-0.227,3.5,100.9067,678424.0,-0.6965,20791.2,8340914.0,1.59,119.3606
2023-07-03,-1.08,3.99,1.6,-0.227,3.5,100.9067,678424.0,-0.6965,20791.2,8340914.0,1.61,119.2119
2023-07-04,-1.08,3.99,1.6,-0.227,3.5,100.9067,678424.0,-0.6965,20791.2,8340914.0,1.61,119.2119
2023-07-05,-0.99,4.01,1.58,-0.227,3.5,100.9067,678424.0,-0.6965,20791.2,8298312.0,1.69,119.3483
2023-07-06,-0.94,4.1,1.59,-0.227,3.5,100.9067,678424.0,-0.6965,20791.2,8298312.0,1.78,119.8193
2023-07-07,-0.88,4.08,1.58,-0.236,3.5,100.9067,678424.0,-0.7508,20791.2,8298312.0,1.79,119.0761
2023-07-10,-0.84,4.13,1.59,-0.236,3.5,100.9067,678424.0,-0.7508,20791.2,8298312.0,1.76,118.9548
2023-07-11,-0.89,4.05,1.58,-0.236,3.5,100.9067,678424.0,-0.7508,20791.2,8298312.0,1.75,118.7344
2023-07-12,-0.86,3.95,1.56,-0.236,3.5,100.9067,678424.0,-0.7508,20791.2,8296923.0,1.6,117.6385
2023-07-13,-0.83,3.97,1.56,-0.236,3.5,100.9067,678424.0,-0.7508,20791.2,8296923.0,1.52,117.1831
2023-07-14,-0.91,3.9,1.57,-0.249,3.5,100.9067,678424.0,-0.6923,20791.2,8296923.0,1.59,117.0463
2023-07-17,-0.93,3.97,1.58,-0.249,3.5,100.9067,678424.0,-0.6923,20791.2,8296923.0,1.56,117.1267
2023-07-18,-0.94,3.9,1.58,-0.249,3.5,100.9067,678424.0,-0.6923,20791.2,8296923.0,1.57,117.0264
2023-07-19,-0.99,3.89,1.57,-0.249,3.5,100.9067,678424.0,-0.6923,20791.2,8274552.0,1.53,117.3462
2023-07-20,-0.95,3.9,1.56,-0.249,3.5,100.9067,678424.0,-0.6923,20791.2,8274552.0,1.5,117.5947
2023-07-21,-0.98,3.89,1.55,-0.264,3.5,100.9067,678424.0,-0.7363,20791.2,8274552.0,1.49,117.9418
2023-07-24,-0.95,3.82,1.53,-0.264,3.5,100.9067,678424.0,-0.7363,20791.2,8274552.0,1.48,117.8124
2023-07-25,-0.94,3.84,1.52,-0.264,3.5,100.9067,678424.0,-0.7363,20791.2,8274552.0,1.52,117.8565
2023-07-26,-0.96,3.91,1.52,-0.264,3.5,100.9067,678424.0,-0.7363,20791.2,8243344.0,1.5,117.76
2023-07-27,-0.9,3.78,1.48,-0.264,3.5,100.9067,678424.0,-0.7363,20791.2,8243344.0,1.64,117.8938
2023-07-28,-0.91,3.82,1.48,-0.279,3.5,100.9067,678424.0,-0.7596,20791.2,8243344.0,1.58,117.788
2023-07-31,-0.91,3.79,1.47,-0.279,3.5,100.9067,678424.0,-0.7596,20791.2,8243344.0,1.6,117.8241
2023-08-01,-0.87,3.82,1.47,-0.279,3.7,100.8393,684755.0,-0.7596,20777.2,8243344.0,1.68,118.5738
2023-08-02,-0.8,3.96,1.5,-0.279,3.7,100.8393,684755.0,-0.7596,20777.2,8206764.0,1.72,119.1268
2023-08-03,-0.7,3.98,1.51,-0.279,3.7,100.8393,684755.0,-0.7596,20777.2,8206764.0,1.83,119.3963
2023-08-04,-0.73,4.01,1.51,-0.297,3.7,100.8393,684755.0,-0.718,20777.2,8206764.0,1.67,118.821
2023-08-07,-0.67,3.97,1.51,-0.297,3.7,100.8393,684755.0,-0.718,20777.2,8206764.0,1.68,119.0809
2023-08-08,-0.72,4.0,1.52,-0.297,3.7,100.8393,684755.0,-0.718,20777.2,8206764.0,1.66,119.6407
2023-08-09,-0.79,3.94,1.52,-0.297,3.7,100.8393,684755.0,-0.718,20777.2,8208241.0,1.66,119.476
2023-08-10,-0.73,3.83,1.51,-0.297,3.7,100.8393,684755.0,-0.718,20777.2,8208241.0,1.76,119.1581
2023-08-11,-0.73,3.83,1.51,-0.312,3.7,100.8393,684755.0,-0.6587,20777.2,8208241.0,1.8,119.6268
2023-08-14,-0.77,3.79,1.51,-0.312,3.7,100.8393,684755.0,-0.6587,20777.2,8208241.0,1.83,120.0725
2023-08-15,-0.71,3.85,1.52,-0.312,3.7,100.8393,684755.0,-0.6587,20777.2,8208241.0,1.89,120.2127
2023-08-16,-0.69,3.81,1.53,-0.312,3.7,100.8393,684755.0,-0.6587,20777.2,8145727.0,1.96,120.3551
2023-08-17,-0.64,3.95,1.55,-0.312,3.7,100.8393,684755.0,-0.6587,20777.2,8145727.0,1.97,120.5242
2023-08-18,-0.66,4.02,1.56,-0.324,3.7,100.8393,684755.0,-0.6217,20777.2,8145727.0,1.94,120.4321
2023-08-21,-0.63,3.97,1.55,-0.324,3.7,100.8393,684755.0,-0.6217,20777.2,8145727.0,2.0,120.4627
2023-08-22,-0.68,3.93,1.54,-0.324,3.7,100.8393,684755.0,-0.6217,20777.2,8145727.0,1.99,120.3554
2023-08-23,-0.76,3.92,1.54,-0.324,3.7,100.8393,684755.0,-0.6217,20777.2,8139066.0,1.84,120.0307
2023-08-24,-0.75,3.91,1.52,-0.324,3.7,100.8393,684755.0,-0.6217,20777.2,8139066.0,1.91,120.2354
2023-08-25,-0.78,3.9,1.51,-0.333,3.7,100.8393,684755.0,-0.6793,20777.2,8139066.0,1.92,120.5137
2023-08-28,-0.78,3.86,1.51,-0.333,3.7,100.8393,684755.0,-0.6793,20777.2,8139066.0,1.9,120.3155
2023-08-29,-0.75,3.87,1.51,-0.333,3.7,100.8393,684755.0,-0.6793,20777.2,8139066.0,1.83,120.2669
2023-08-30,-0.78,3.8,1.51,-0.333,3.7,100.8393,684755.0,-0.6793,20777.2,8121316.0,1.86,119.7937
2023-08-31,-0.76,3.85,1.51,-0.333,3.7,100.8393,684755.0,-0.6793,20777.2,8121316.0,1.85,120.225
2023-09-01,-0.69,3.81,1.51,-0.338,3.7,101.0211,689403.0,-0.6907,20747.8,8121316.0,1.92,120.759
2023-09-04,-0.69,3.81,1.51,-0.338,3.7,101.0211,689403.0,-0.6907,20747.8,8121316.0,1.92,120.759
2023-09-05,-0.67,3.83,1.51,-0.338,3.7,101.0211,689403.0,-0.6907,20747.8,8121316.0,1.98,121.4345
2023-09-06,-0.71,3.86,1.52,-0.338,3.7,101.0211,689403.0,-0.6907,20747.8,8101318.0,2.0,121.8671
2023-09-07,-0.67,3.9,1.52,-0.338,3.7,101.0211,689403.0,-0.6907,20747.8,8101318.0,1.95,121.9528
2023-09-08,-0.72,3.85,1.51,-0.338,3.7,101.0211,689403.0,-0.7153,20747.8,8101318.0,1.93,121.9475
2023-09-11,-0.68,3.82,1.51,-0.338,3.7,101.0211,689403.0,-0.7153,20747.8,8101318.0,1.94,121.3386
2023-09-12,-0.71,3.84,1.52,-0.338,3.7,101.0211,689403.0,-0.7153,20747.8,8101318.0,1.93,121.2913
2023-09-13,-0.71,3.85,1.53,-0.338,3.7,101.0211,689403.0,-0.7153,20747.8,8098779.0,1.9,121.0549
2023-09-14,-0.71,3.78,1.51,-0.338,3.7,101.0211,689403.0,-0.7153,20747.8,8098779.0,1.95,121.2395
2023-09-15,-0.69,3.79,1.51,-0.333,3.7,101.0211,689403.0,-0.7121,20747.8,8098779.0,1.98,121.199
2023-09-18,-0.73,3.82,1.51,-0.333,3.7,101.0211,689403.0,-0.7121,20747.8,8098779.0,1.96,121.1938
2023-09-19,-0.71,3.82,1.5,-0.333,3.7,101.0211,689403.0,-0.7121,20747.8,8098779.0,2.0,121.1645
2023-09-20,-0.77,3.77,1.48,-0.333,3.7,101.0211,689403.0,-0.7121,20747.8,8024090.0,2.0,120.9648
2023-09-21,-0.63,3.89,1.48,-0.333,3.7,101.0211,689403.0,-0.7121,20747.8,8024090.0,2.11,121.5528
2023-09-22,-0.66,3.93,1.48,-0.324,3.7,101.0211,689403.0,-0.7183,20747.8,8024090.0,2.07,121.5306
2023-09-25,-0.54,3.97,1.47,-0.324,3.7,101.0211,689403.0,-0.7183,20747.8,8024090.0,2.18,122.1143
2023-09-26,-0.48,4.04,1.48,-0.324,3.7,101.0211,689403.0,-0.7183,20747.8,8024090.0,2.23,122.4742
2023-09-27,-0.49,4.03,1.49,-0.324,3.7,101.0211,689403.0,-0.7183,20747.8,8002064.0,2.27,122.9895
2023-09-28,-0.45,4.09,1.51,-0.324,3.7,101.0211,689403.0,-0.7183,20747.8,8002064.0,2.2,122.5342
2023-09-29,-0.44,4.03,1.51,-0.312,3.7,101.0211,689403.0,-0.4987,20747.8,8002064.0,2.24,122.3077
2023-09-30,-0.44,4.03,1.53,-0.312,3.7,101.0211,689403.0,-0.4987,20747.8,8002064.0,2.24,122.3077
2023-10-01,-0.44,4.03,1.53,-0.312,3.9,100.4689,686148.0,-0.4987,20732.9,8002064.0,2.24,122.3077
2023-10-02,-0.43,4.11,1.54,-0.312,3.9,100.4689,686148.0,-0.4987,20732.9,8002064.0,2.34,123.0545
2023-10-03,-0.34,4.26,1.57,-0.312,3.9,100.4689,686148.0,-0.4987,20732.9,8002064.0,2.45,123.7848
2023-10-04,-0.32,4.37,1.58,-0.312,3.9,100.4689,686148.0,-0.4987,20732.9,7955782.0,2.4,123.5946
2023-10-05,-0.31,4.38,1.59,-0.312,3.9,100.4689,686148.0,-0.4987,20732.9,7955782.0,2.41,123.8993
2023-10-06,-0.3,4.33,1.58,-0.301,3.9,100.4689,686148.0,-0.4272,20732.9,7955782.0,2.47,123.3563
2023-10-09,-0.3,4.34,1.58,-0.301,3.9,100.4689,686148.0,-0.4272,20732.9,7955782.0,2.47,123.3563
2023-10-10,-0.3,4.26,1.58,-0.301,3.9,100.4689,686148.0,-0.4272,20732.9,7955782.0,2.34,122.9282
2023-10-11,-0.41,4.25,1.57,-0.301,3.9,100.4689,686148.0,-0.4272,20732.9,7952054.0,2.26,122.7697
2023-10-12,-0.36,4.25,1.56,-0.301,3.9,100.4689,686148.0,-0.4272,20732.9,7952054.0,2.36,123.2101
2023-10-13,-0.41,4.3,1.57,-0.291,3.9,100.4689,686148.0,-0.5382,20732.9,7952054.0,2.29,123.5954
2023-10-16,-0.38,4.27,1.56,-0.291,3.9,100.4689,686148.0,-0.5382,20732.9,7952054.0,2.33,123.3185
2023-10-17,-0.36,4.25,1.56,-0.291,3.9,100.4689,686148.0,-0.5382,20732.9,7952054.0,2.42,123.1202
2023-10-18,-0.28,4.32,1.58,-0.291,3.9,100.4689,686148.0,-0.5382,20732.9,7933162.0,2.47,123.8148
2023-10-19,-0.16,4.37,1.6,-0.291,3.9,100.4689,686148.0,-0.5382,20732.9,7933162.0,2.49,123.798
2023-10-20,-0.14,4.52,1.63,-0.285,3.9,100.4689,686148.0,-0.3284,20732.9,7933162.0,2.46,123.612
2023-10-23,-0.19,4.51,1.63,-0.285,3.9,100.4689,686148.0,-0.3284,20732.9,7933162.0,2.45,123.2846
2023-10-24,-0.19,4.41,1.6,-0.285,3.9,100.4689,686148.0,-0.3284,20732.9,7933162.0,2.43,123.6416
2023-10-25,-0.13,4.37,1.59,-0.285,3.9,100.4689,686148.0,-0.3284,20732.9,7907830.0,2.52,123.7871
2023-10-26,-0.16,4.5,1.6,-0.285,3.9,100.4689,686148.0,-0.3284,20732.9,7907830.0,2.44,124.0064
2023-10-27,-0.15,4.53,1.61,-0.285,3.9,100.4689,686148.0,-0.3461,20732.9,7907830.0,2.42,123.62
2023-10-30,-0.15,4.5,1.62,-0.285,3.9,100.4689,686148.0,-0.3461,20732.9,7907830.0,2.44,123.4076
2023-10-31,-0.19,4.42,1.62,-0.285,3.9,100.4689,686148.0,-0.3461,20732.9,7907830.0,2.46,123.8364
2023-11-01,-0.18,4.47,1.63,-0.285,3.7,100.8639,685328.0,-0.3461,20746.5,7866664.0,2.36,123.7922
2023-11-02,-0.31,4.15,1.59,-0.285,3.7,100.8639,685328.0,-0.3461,20746.5,7866664.0,2.27,122.8818
2023-11-03,-0.26,4.04,1.58,-0.289,3.7,100.8639,685328.0,-0.6048,20746.5,7866664.0,2.18,121.7564
2023-11-06,-0.26,4.0,1.58,-0.289,3.7,100.8639,685328.0,-0.6048,20746.5,7866664.0,2.25,121.6484
2023-11-07,-0.33,4.08,1.58,-0.289,3.7,100.8639,685328.0,-0.6048,20746.5,7866664.0,2.19,122.0777
2023-11-08,-0.44,4.08,1.58,-0.289,3.7,100.8639,685328.0,-0.6048,20746.5,7860691.0,2.15,122.0926
2023-11-09,-0.41,4.04,1.56,-0.289,3.7,100.8639,685328.0,-0.6048,20746.5,7860691.0,2.29,122.1281
2023-11-10,-0.43,4.03,1.56,-0.298,3.7,100.8639,685328.0,-0.7292,20746.5,7860691.0,2.29,122.1281
2023-11-13,-0.39,4.03,1.55,-0.298,3.7,100.8639,685328.0,-0.7292,20746.5,7860691.0,2.32,122.4264
2023-11-14,-0.36,3.92,1.52,-0.298,3.7,100.8639,685328.0,-0.7292,20746.5,7860691.0,2.16,121.35
2023-11-15,-0.37,3.89,1.51,-0.298,3.7,100.8639,685328.0,-0.7292,20746.5,7814991.0,2.22,121.0749
2023-11-16,-0.38,4.02,1.5,-0.298,3.7,100.8639,685328.0,-0.7292,20746.5,7814991.0,2.18,121.1754
2023-11-17,-0.44,3.99,1.48,-0.309,3.7,100.8639,685328.0,-0.6212,20746.5,7814991.0,2.16,120.8477
2023-11-20,-0.47,3.92,1.46,-0.309,3.7,100.8639,685328.0,-0.6212,20746.5,7814991.0,2.12,120.2533
2023-11-21,-0.45,3.95,1.46,-0.309,3.7,100.8639,685328.0,-0.6212,20746.5,7814991.0,2.16,120.2241
2023-11-22,-0.47,3.9,1.43,-0.309,3.7,100.8639,685328.0,-0.6212,20746.5,7810814.0,2.16,120.6802
2023-11-23,-0.47,3.9,1.43,-0.309,3.7,100.8639,685328.0,-0.6212,20746.5,7810814.0,2.16,120.6802
2023-11-24,-0.45,3.85,1.42,-0.32,3.7,100.8639,685328.0,-0.7327,20746.5,7810814.0,2.21,120.2105
2023-11-27,-0.45,3.89,1.41,-0.32,3.7,100.8639,685328.0,-0.7327,20746.5,7810814.0,2.18,120.173
2023-11-28,-0.39,3.9,1.41,-0.32,3.7,100.8639,685328.0,-0.7327,20746.5,7810814.0,2.12,119.5904
2023-11-29,-0.37,3.8,1.38,-0.32,3.7,100.8639,685328.0,-0.7327,20746.5,7796145.0,2.06,119.8159
2023-11-30,-0.36,3.84,1.39,-0.32,3.7,100.8639,685328.0,-0.7327,20746.5,7796145.0,2.14,120.2434
2023-12-01,-0.34,3.87,1.39,-0.331,3.8,100.6031,686277.0,-0.5313,20777.9,7796145.0,2.0,119.9424
2023-12-04,-0.36,3.8,1.38,-0.331,3.8,100.6031,686277.0,-0.5313,20777.9,7796145.0,2.07,120.4727
2023-12-05,-0.39,3.8,1.39,-0.331,3.8,100.6031,686277.0,-0.5313,20777.9,7796145.0,2.01,120.7913
2023-12-06,-0.48,3.79,1.4,-0.331,3.8,100.6031,686277.0,-0.5313,20777.9,7737385.0,1.98,120.5334
2023-12-07,-0.44,3.77,1.39,-0.331,3.8,100.6031,686277.0,-0.5313,20777.9,7737385.0,1.97,120.6013
2023-12-08,-0.48,3.75,1.38,-0.339,3.8,100.6031,686277.0,-0.4983,20777.9,7737385.0,2.02,120.7607
2023-12-11,-0.48,3.79,1.38,-0.339,3.8,100.6031,686277.0,-0.4983,20777.9,7737385.0,2.04,120.9279
2023-12-12,-0.53,3.76,1.36,-0.339,3.8,100.6031,686277.0,-0.4983,20777.9,7737385.0,2.04,120.6817
2023-12-13,-0.42,3.79,1.35,-0.339,3.8,100.6031,686277.0,-0.4983,20777.9,7739566.0,1.88,121.1571
2023-12-14,-0.45,3.47,1.31,-0.339,3.8,100.6031,686277.0,-0.4983,20777.9,7739566.0,1.7,119.5683
2023-12-15,-0.53,3.51,1.31,-0.348,3.8,100.6031,686277.0,-0.6074,20777.9,7739566.0,1.69,119.7382
2023-12-18,-0.48,3.51,1.31,-0.348,3.8,100.6031,686277.0,-0.6074,20777.9,7739566.0,1.74,119.9102
2023-12-19,-0.48,3.46,1.32,-0.348,3.8,100.6031,686277.0,-0.6074,20777.9,7739566.0,1.74,119.4632
2023-12-20,-0.48,3.43,1.33,-0.348,3.8,100.6031,686277.0,-0.6074,20777.9,7724063.0,1.67,119.5435
2023-12-21,-0.44,3.41,1.33,-0.348,3.8,100.6031,686277.0,-0.6074,20777.9,7724063.0,1.7,119.3168
2023-12-22,-0.41,3.39,1.33,-0.357,3.8,100.6031,686277.0,-0.435,20777.9,7724063.0,1.71,119.0625
2023-12-25,-0.41,3.39,1.33,-0.357,3.8,100.6031,686277.0,-0.435,20777.9,7724063.0,1.71,119.0625
2023-12-26,-0.37,3.37,1.32,-0.357,3.8,100.6031,686277.0,-0.435,20777.9,7724063.0,1.71,118.8875
2023-12-27,-0.41,3.34,1.31,-0.357,3.8,100.6031,686277.0,-0.435,20777.9,7712781.0,1.64,118.4729
2023-12-28,-0.42,3.32,1.29,-0.357,3.8,100.6031,686277.0,-0.435,20777.9,7712781.0,1.68,118.4104
2023-12-29,-0.35,3.34,1.29,-0.366,3.8,100.6031,686277.0,-0.4168,20777.9,7712781.0,1.72,118.4208
2023-12-31,-0.35,3.39,1.29,-0.366,3.8,100.6031,686277.0,-0.4168,20777.9,7712781.0,1.72,118.4208
2024-01-01,-0.35,3.39,1.29,-0.366,3.7,99.2223,680456.0,-0.4168,20843.9,7712781.0,1.72,118.4208
2024-01-02,-0.38,3.54,1.31,-0.366,3.7,99.2223,680456.0,-0.4168,20843.9,7712781.0,1.74,119.2686
2024-01-03,-0.42,3.71,1.34,-0.366,3.7,99.2223,680456.0,-0.4168,20843.9,7681024.0,1.71,119.6958
2024-01-04,-0.39,3.69,1.34,-0.366,3.7,99.2223,680456.0,-0.4168,20843.9,7681024.0,1.77,119.6208
2024-01-05,-0.35,3.68,1.33,-0.374,3.7,99.2223,680456.0,-0.557,20843.9,7681024.0,1.83,119.388
2024-01-08,-0.35,3.63,1.32,-0.374,3.7,99.2223,680456.0,-0.557,20843.9,7681024.0,1.79,119.2506
2024-01-09,-0.34,3.59,1.3,-0.374,3.7,99.2223,680456.0,-0.557,20843.9,7681024.0,1.8,119.6666
2024-01-10,-0.33,3.5,1.28,-0.374,3.7,99.2223,680456.0,-0.557,20843.9,7686710.0,1.82,119.7614
2024-01-11,-0.28,3.55,1.27,-0.374,3.7,99.2223,680456.0,-0.557,20843.9,7686710.0,1.76,119.8916
2024-01-12,-0.18,3.56,1.26,-0.382,3.7,99.2223,680456.0,-0.7092,20843.9,7686710.0,1.69,119.534
2024-01-15,-0.18,3.54,1.26,-0.382,3.7,99.2223,680456.0,-0.7092,20843.9,7686710.0,1.69,119.534
2024-01-16,-0.15,3.58,1.26,-0.382,3.7,99.2223,680456.0,-0.7092,20843.9,7686710.0,1.77,120.5759
2024-01-17,-0.24,3.62,1.26,-0.382,3.7,99.2223,680456.0,-0.7092,20843.9,7673741.0,1.8,121.0402
2024-01-18,-0.2,3.58,1.24,-0.382,3.7,99.2223,680456.0,-0.7092,20843.9,7673741.0,1.8,120.8895
2024-01-19,-0.24,3.54,1.24,-0.389,3.7,99.2223,680456.0,-0.8078,20843.9,7673741.0,1.81,120.6442
2024-01-22,-0.26,3.49,1.24,-0.389,3.7,99.2223,680456.0,-0.8078,20843.9,7673741.0,1.8,120.6178
2024-01-23,-0.17,3.51,1.24,-0.389,3.7,99.2223,680456.0,-0.8078,20843.9,7673741.0,1.85,121.1001
2024-01-24,-0.16,3.44,1.23,-0.389,3.7,99.2223,680456.0,-0.8078,20843.9,7677230.0,1.88,120.4916
2024-01-25,-0.14,3.45,1.22,-0.389,3.7,99.2223,680456.0,-0.8078,20843.9,7677230.0,1.85,120.8311
2024-01-26,-0.19,3.39,1.21,-0.395,3.7,99.2223,680456.0,-0.8322,20843.9,7677230.0,1.85,120.6173
2024-01-29,-0.21,3.41,1.22,-0.395,3.7,99.2223,680456.0,-0.8322,20843.9,7677230.0,1.78,120.8538
2024-01-30,-0.3,3.42,1.23,-0.395,3.7,99.2223,680456.0,-0.8322,20843.9,7677230.0,1.8,120.6025
2024-01-31,-0.28,3.59,1.26,-0.395,3.7,99.2223,680456.0,-0.8322,20843.9,7630124.0,1.73,120.4331
2024-02-01,-0.33,3.56,1.28,-0.395,3.9,100.285,685280.0,-0.8322,20927.4,7630124.0,1.68,120.3335
2024-02-02,-0.33,3.47,1.25,-0.402,3.9,100.285,685280.0,-0.7543,20927.4,7630124.0,1.82,120.902
2024-02-05,-0.29,3.5,1.24,-0.402,3.9,100.285,685280.0,-0.7543,20927.4,7630124.0,1.9,121.349
2024-02-06,-0.3,3.52,1.24,-0.402,3.9,100.285,685280.0,-0.7543,20927.4,7630124.0,1.85,120.9588
2024-02-07,-0.32,3.43,1.24,-0.402,3.9,100.285,685280.0,-0.7543,20927.4,7631300.0,1.86,120.9049
2024-02-08,-0.31,3.38,1.23,-0.402,3.9,100.285,685280.0,-0.7543,20927.4,7631300.0,1.91,121.0798
2024-02-09,-0.31,3.33,1.24,-0.409,3.9,100.285,685280.0,-0.5997,20927.4,7631300.0,1.92,121.039
2024-02-12,-0.29,3.35,1.24,-0.409,3.9,100.285,685280.0,-0.5997,20927.4,7631300.0,1.93,120.9378
2024-02-13,-0.33,3.36,1.22,-0.409,3.9,100.285,685280.0,-0.5997,20927.4,7631300.0,2.02,121.5202
2024-02-14,-0.29,3.38,1.22,-0.409,3.9,100.285,685280.0,-0.5997,20927.4,7633874.0,1.97,121.4002
2024-02-15,-0.32,3.35,1.2,-0.409,3.9,100.285,685280.0,-0.5997,20927.4,7633874.0,1.94,121.2121
2024-02-16,-0.34,3.34,1.19,-0.417,3.9,100.285,685280.0,-0.6443,20927.4,7633874.0,1.97,121.1505
2024-02-19,-0.34,3.34,1.2,-0.417,3.9,100.285,685280.0,-0.6443,20927.4,7633874.0,1.97,121.1505
2024-02-20,-0.32,3.37,1.19,-0.417,3.9,100.285,685280.0,-0.6443,20927.4,7633874.0,1.95,121.0199
2024-02-21,-0.32,3.34,1.18,-0.417,3.9,100.285,685280.0,-0.6443,20927.4,7581683.0,1.98,121.0379
2024-02-22,-0.36,3.22,1.16,-0.417,3.9,100.285,685280.0,-0.6443,20927.4,7581683.0,2.02,121.102
2024-02-23,-0.41,3.23,1.18,-0.425,3.9,100.285,685280.0,-0.672,20927.4,7581683.0,1.96,121.0369
2024-02-26,-0.41,3.23,1.2,-0.425,3.9,100.285,685280.0,-0.672,20927.4,7581683.0,1.97,121.0592
2024-02-27,-0.39,3.26,1.2,-0.425,3.9,100.285,685280.0,-0.672,20927.4,7581683.0,1.99,120.9647
2024-02-28,-0.37,3.31,1.22,-0.425,3.9,100.285,685280.0,-0.672,20927.4,7567807.0,1.94,121.128
2024-02-29,-0.39,3.29,1.24,-0.425,3.9,100.285,685280.0,-0.672,20927.4,7567807.0,1.92,121.1824
2024-03-01,-0.35,3.32,1.25,-0.431,3.9,100.4575,687641.0,-0.7902,20973.9,7567807.0,1.87,121.0111
2024-03-04,-0.39,3.26,1.24,-0.431,3.9,100.4575,687641.0,-0.7902,20973.9,7567807.0,1.88,120.872
2024-03-05,-0.41,3.31,1.25,-0.431,3.9,100.4575,687641.0,-0.7902,20973.9,7567807.0,1.81,120.8846
2024-03-06,-0.44,3.27,1.25,-0.431,3.9,100.4575,687641.0,-0.7902,20973.9,7538857.0,1.81,120.4649
2024-03-07,-0.41,3.27,1.24,-0.431,3.9,100.4575,687641.0,-0.7902,20973.9,7538857.0,1.81,120.1909
2024-03-08,-0.39,3.26,1.23,-0.435,3.9,100.4575,687641.0,-0.7901,20973.9,7538857.0,1.81,119.975
2024-03-11,-0.41,3.26,1.23,-0.435,3.9,100.4575,687641.0,-0.7901,20973.9,7538857.0,1.83,120.0394
2024-03-12,-0.42,3.2,1.21,-0.435,3.9,100.4575,687641.0,-0.7901,20973.9,7538857.0,1.86,120.1668
2024-03-13,-0.42,3.15,1.19,-0.435,3.9,100.4575,687641.0,-0.7901,20973.9,7541969.0,1.89,119.9642
2024-03-14,-0.39,3.15,1.17,-0.435,3.9,100.4575,687641.0,-0.7901,20973.9,7541969.0,1.99,120.241
2024-03-15,-0.41,3.16,1.17,-0.437,3.9,100.4575,687641.0,-0.9236,20973.9,7541969.0,1.99,120.4003
2024-03-18,-0.39,3.13,1.15,-0.437,3.9,100.4575,687641.0,-0.9236,20973.9,7541969.0,2.03,120.5752
2024-03-19,-0.38,3.1,1.15,-0.437,3.9,100.4575,687641.0,-0.9236,20973.9,7541969.0,2.0,120.9332
2024-03-20,-0.32,3.14,1.16,-0.437,3.9,100.4575,687641.0,-0.9236,20973.9,7514348.0,1.96,120.9289
2024-03-21,-0.35,3.05,1.14,-0.437,3.9,100.4575,687641.0,-0.9236,20973.9,7514348.0,1.93,120.8086
2024-03-22,-0.37,3.08,1.15,-0.435,3.9,100.4575,687641.0,-0.942,20973.9,7514348.0,1.87,121.1842
2024-03-25,-0.29,3.11,1.15,-0.435,3.9,100.4575,687641.0,-0.942,20973.9,7514348.0,1.92,121.0295
2024-03-26,-0.32,3.15,1.16,-0.435,3.9,100.4575,687641.0,-0.942,20973.9,7514348.0,1.92,121.0742
2024-03-27,-0.34,3.15,1.16,-0.435,3.9,100.4575,687641.0,-0.942,20973.9,7484739.0,1.88,121.0089
2024-03-28,-0.39,3.12,1.15,-0.435,3.9,100.4575,687641.0,-0.942,20973.9,7484739.0,1.88,121.0635
2024-03-29,-0.39,3.12,1.15,-0.43,3.9,100.4575,687641.0,-0.9327,20973.9,7484739.0,1.88,121.0191
2024-03-31,-0.39,3.15,1.17,-0.43,3.9,100.4575,687641.0,-0.9327,20973.9,7484739.0,1.88,121.0191
2024-04-01,-0.39,3.12,1.16,-0.43,3.9,100.2434,687602.0,-0.9327,20959.7,7484739.0,1.98,121.5151
2024-04-02,-0.34,3.23,1.16,-0.43,3.9,100.2434,687602.0,-0.9327,20959.7,7484739.0,2.0,121.3035
2024-04-03,-0.32,3.23,1.14,-0.43,3.9,100.2434,687602.0,-0.9327,20959.7,7439558.0,2.0,121.0198
2024-04-04,-0.34,3.24,1.15,-0.43,3.9,100.2434,687602.0,-0.9327,20959.7,7439558.0,1.97,120.7613
2024-04-05,-0.34,3.18,1.14,-0.425,3.9,100.2434,687602.0,-0.8446,20959.7,7439558.0,2.02,120.9646
2024-04-08,-0.36,3.15,1.13,-0.425,3.9,100.2434,687602.0,-0.8446,20959.7,7439558.0,2.04,120.7359
2024-04-09,-0.38,3.14,1.13,-0.425,3.9,100.2434,687602.0,-0.8446,20959.7,7439558.0,2.0,120.7048
2024-04-10,-0.42,3.1,1.11,-0.425,3.9,100.2434,687602.0,-0.8446,20959.7,7438176.0,2.15,121.5727
2024-04-11,-0.37,3.16,1.11,-0.425,3.9,100.2434,687602.0,-0.8446,20959.7,7438176.0,2.16,121.6081
2024-04-12,-0.38,3.25,1.13,-0.419,3.9,100.2434,687602.0,-0.795,20959.7,7438176.0,2.11,122.2885
2024-04-15,-0.3,3.28,1.15,-0.419,3.9,100.2434,687602.0,-0.795,20959.7,7438176.0,2.2,122.425
2024-04-16,-0.3,3.36,1.17,-0.419,3.9,100.2434,687602.0,-0.795,20959.7,7438176.0,2.24,123.1234
2024-04-17,-0.34,3.42,1.17,-0.419,3.9,100.2434,687602.0,-0.795,20959.7,7405506.0,2.2,123.0207
2024-04-18,-0.34,3.39,1.17,-0.419,3.9,100.2434,687602.0,-0.795,20959.7,7405506.0,2.24,123.0017
2024-04-19,-0.35,3.37,1.17,-0.414,3.9,100.2434,687602.0,-0.417,20959.7,7405506.0,2.21,123.1075
2024-04-22,-0.35,3.29,1.16,-0.414,3.9,100.2434,687602.0,-0.417,20959.7,7405506.0,2.21,123.0609
2024-04-23,-0.25,3.2,1.14,-0.414,3.9,100.2434,687602.0,-0.417,20959.7,7405506.0,2.2,122.7227
2024-04-24,-0.24,3.19,1.14,-0.414,3.9,100.2434,687602.0,-0.417,20959.7,7402434.0,2.24,122.89
2024-04-25,-0.26,3.24,1.14,-0.414,3.9,100.2434,687602.0,-0.417,20959.7,7402434.0,2.28,122.8384
2024-04-26,-0.29,3.16,1.13,-0.412,3.9,100.2434,687602.0,-0.8399,20959.7,7402434.0,2.24,122.9471
2024-04-29,-0.34,3.12,1.12,-0.412,3.9,100.2434,687602.0,-0.8399,20959.7,7402434.0,2.22,122.5449
2024-04-30,-0.35,3.18,1.14,-0.412,3.9,100.2434,687602.0,-0.8399,20959.7,7402434.0,2.28,122.9853
2024-05-01,-0.33,3.21,1.14,-0.412,3.9,100.863,692774.0,-0.8399,21020.7,7362474.0,2.25,123.0168
2024-05-02,-0.29,3.16,1.13,-0.412,3.9,100.863,692774.0,-0.8399,21020.7,7362474.0,2.21,122.4384
2024-05-03,-0.31,3.08,1.11,-0.411,3.9,100.863,692774.0,-0.8287,21020.7,7362474.0,2.15,122.1375
2024-05-06,-0.33,3.03,1.1,-0.411,3.9,100.863,692774.0,-0.8287,21020.7,7362474.0,2.14,121.8913
2024-05-07,-0.35,3.06,1.1,-0.411,3.9,100.863,692774.0,-0.8287,21020.7,7362474.0,2.15,122.093
2024-05-08,-0.36,3.1,1.11,-0.411,3.9,100.863,692774.0,-0.8287,21020.7,7353408.0,2.17,122.1926
2024-05-09,-0.35,3.14,1.11,-0.411,3.9,100.863,692774.0,-0.8287,21020.7,7353408.0,2.13,122.1634
2024-05-10,-0.37,3.12,1.12,-0.412,3.9,100.863,692774.0,-0.9205,21020.7,7353408.0,2.16,122.014
2024-05-13,-0.37,3.14,1.12,-0.412,3.9,100.863,692774.0,-0.9205,21020.7,7353408.0,2.15,122.0261
2024-05-14,-0.36,3.14,1.12,-0.412,3.9,100.863,692774.0,-0.9205,21020.7,7353408.0,2.12,121.9256
2024-05-15,-0.37,3.13,1.12,-0.412,3.9,100.863,692774.0,-0.9205,21020.7,7304272.0,2.05,121.3543
2024-05-16,-0.4,3.08,1.11,-0.412,3.9,100.863,692774.0,-0.9205,21020.7,7304272.0,2.07,121.2236
2024-05-17,-0.41,3.09,1.11,-0.412,3.9,100.863,692774.0,-0.9085,21020.7,7304272.0,2.1,121.2354
2024-05-20,-0.38,3.07,1.1,-0.412,3.9,100.863,692774.0,-0.9085,21020.7,7304272.0,2.11,121.2289
2024-05-21,-0.41,3.07,1.1,-0.412,3.9,100.863,692774.0,-0.9085,21020.7,7304272.0,2.09,121.3793
2024-05-22,-0.43,3.11,1.11,-0.412,3.9,100.863,692774.0,-0.9085,21020.7,7299566.0,2.1,121.5462
2024-05-23,-0.44,3.1,1.1,-0.412,3.9,100.863,692774.0,-0.9085,21020.7,7299566.0,2.17,121.7477
2024-05-24,-0.47,3.11,1.1,-0.411,3.9,100.863,692774.0,-0.9597,21020.7,7299566.0,2.14,121.6172
2024-05-27,-0.47,3.12,1.1,-0.411,3.9,100.863,692774.0,-0.9597,21020.7,7299566.0,2.14,121.6172
2024-05-28,-0.4,3.09,1.09,-0.411,3.9,100.863,692774.0,-0.9597,21020.7,7299566.0,2.2,121.43
2024-05-29,-0.35,3.15,1.09,-0.411,3.9,100.863,692774.0,-0.9597,21020.7,7284319.0,2.25,122.1641
2024-05-30,-0.37,3.19,1.09,-0.411,3.9,100.863,692774.0,-0.9597,21020.7,7284319.0,2.19,121.9601
2024-05-31,-0.38,3.2,1.1,-0.408,3.9,100.863,692774.0,-0.8504,21020.7,7284319.0,2.16,122.098
2024-06-01,-0.38,3.2,1.1,-0.408,4.1,100.894,692449.0,-0.8504,21068.4,7284319.0,2.16,122.098
2024-06-03,-0.41,3.17,1.1,-0.408,4.1,100.894,692449.0,-0.8504,21068.4,7284319.0,2.08,122.3509
2024-06-04,-0.44,3.22,1.11,-0.408,4.1,100.894,692449.0,-0.8504,21068.4,7284319.0,2.02,122.7256
2024-06-05,-0.43,3.2,1.13,-0.408,4.1,100.894,692449.0,-0.8504,21068.4,7255687.0,1.99,122.5339
2024-06-06,-0.44,3.2,1.13,-0.408,4.1,100.894,692449.0,-0.8504,21068.4,7255687.0,2.0,122.3713
2024-06-07,-0.44,3.15,1.12,-0.402,4.1,100.894,692449.0,-0.8406,21068.4,7255687.0,2.13,123.549
2024-06-10,-0.4,3.15,1.12,-0.402,4.1,100.894,692449.0,-0.8406,21068.4,7255687.0,2.16,123.9125
2024-06-11,-0.42,3.19,1.12,-0.402,4.1,100.894,692449.0,-0.8406,21068.4,7255687.0,2.12,124.0349
2024-06-12,-0.44,3.09,1.12,-0.402,4.1,100.894,692449.0,-0.8406,21068.4,7258974.0,2.09,123.8295
2024-06-13,-0.44,3.2,1.14,-0.402,4.1,100.894,692449.0,-0.8406,21068.4,7258974.0,2.03,124.0235
2024-06-14,-0.47,3.29,1.17,-0.395,4.1,100.894,692449.0,-0.869,21068.4,7258974.0,2.03,124.1694
2024-06-17,-0.47,3.26,1.17,-0.395,4.1,100.894,692449.0,-0.869,21068.4,7258974.0,2.06,124.239
2024-06-18,-0.47,3.24,1.17,-0.395,4.1,100.894,692449.0,-0.869,21068.4,7258974.0,2.01,123.9776
2024-06-19,-0.47,3.24,1.18,-0.395,4.1,100.894,692449.0,-0.869,21068.4,7252542.0,2.01,123.9776
2024-06-20,-0.45,3.23,1.18,-0.395,4.1,100.894,692449.0,-0.869,21068.4,7252542.0,2.0,124.192
2024-06-21,-0.45,3.21,1.18,-0.387,4.1,100.894,692449.0,-0.8296,21068.4,7252542.0,2.02,124.1086
2024-06-24,-0.46,3.19,1.18,-0.387,4.1,100.894,692449.0,-0.8296,21068.4,7252542.0,2.03,123.7125
2024-06-25,-0.42,3.19,1.18,-0.387,4.1,100.894,692449.0,-0.8296,21068.4,7252542.0,2.01,123.9417
2024-06-26,-0.39,3.18,1.18,-0.387,4.1,100.894,692449.0,-0.8296,21068.4,7231163.0,2.06,124.26
2024-06-27,-0.41,3.21,1.18,-0.387,4.1,100.894,692449.0,-0.8296,21068.4,7231163.0,2.03,124.3379
2024-06-28,-0.35,3.18,1.17,-0.38,4.1,100.894,692449.0,-0.8354,21068.4,7231163.0,2.08,124.2103
2024-06-30,-0.35,3.21,1.19,-0.38,4.1,100.894,692449.0,-0.8354,21068.4,7231163.0,2.08,124.2103
2024-07-01,-0.29,3.21,1.16,-0.38,4.2,99.9757,698835.0,-0.8354,21095.3,7231163.0,2.16,124.4667
2024-07-02,-0.31,3.23,1.15,-0.38,4.2,99.9757,698835.0,-0.8354,21095.3,7231163.0,2.13,124.2917
2024-07-03,-0.35,3.25,1.15,-0.38,4.2,99.9757,698835.0,-0.8354,21095.3,7221520.0,2.09,123.7768
2024-07-04,-0.35,3.25,1.15,-0.38,4.2,99.9757,698835.0,-0.8354,21095.3,7221520.0,2.09,123.7768
2024-07-05,-0.32,3.27,1.15,-0.375,4.2,99.9757,698835.0,-0.8275,21095.3,7221520.0,2.0,123.4762
2024-07-08,-0.34,3.2,1.14,-0.375,4.2,99.9757,698835.0,-0.8275,21095.3,7221520.0,2.01,123.3576
2024-07-09,-0.32,3.21,1.14,-0.375,4.2,99.9757,698835.0,-0.8275,21095.3,7221520.0,2.04,123.4071
2024-07-10,-0.34,3.17,1.14,-0.375,4.2,99.9757,698835.0,-0.8275,21095.3,7224079.0,2.01,123.1895
2024-07-11,-0.3,3.18,1.15,-0.375,4.2,99.9757,698835.0,-0.8275,21095.3,7224079.0,1.95,122.769
2024-07-12,-0.27,3.19,1.14,-0.37,4.2,99.9757,698835.0,-0.8294,21095.3,7224079.0,1.94,122.4404
2024-07-15,-0.21,3.13,1.14,-0.37,4.2,99.9757,698835.0,-0.8294,21095.3,7224079.0,1.96,122.6347
2024-07-16,-0.26,3.08,1.14,-0.37,4.2,99.9757,698835.0,-0.8294,21095.3,7224079.0,1.91,122.7264
2024-07-17,-0.26,3.09,1.15,-0.37,4.2,99.9757,698835.0,-0.8294,21095.3,7208247.0,1.9,122.518
2024-07-18,-0.26,3.09,1.15,-0.37,4.2,99.9757,698835.0,-0.8294,21095.3,7208247.0,1.89,122.7909
2024-07-19,-0.24,3.09,1.15,-0.365,4.2,99.9757,698835.0,-0.6624,21095.3,7208247.0,1.93,123.147
2024-07-22,-0.24,3.05,1.15,-0.365,4.2,99.9757,698835.0,-0.6624,21095.3,7208247.0,1.96,123.2172
2024-07-23,-0.15,3.02,1.15,-0.365,4.2,99.9757,698835.0,-0.6624,21095.3,7208247.0,1.96,123.3843
2024-07-24,-0.09,3.1,1.18,-0.365,4.2,99.9757,698835.0,-0.6624,21095.3,7205455.0,2.0,123.5575
2024-07-25,-0.14,3.08,1.17,-0.365,4.2,99.9757,698835.0,-0.6624,21095.3,7205455.0,1.99,123.5286
2024-07-26,-0.16,3.1,1.17,-0.361,4.2,99.9757,698835.0,-0.6214,21095.3,7205455.0,1.93,123.672
2024-07-29,-0.19,3.13,1.17,-0.361,4.2,99.9757,698835.0,-0.6214,21095.3,7205455.0,1.92,124.1392
2024-07-30,-0.2,3.2,1.18,-0.361,4.2,99.9757,698835.0,-0.6214,21095.3,7205455.0,1.9,124.2855
2024-07-31,-0.2,3.25,1.2,-0.361,4.2,99.9757,698835.0,-0.6214,21095.3,7178391.0,1.85,123.6373
2024-08-01,-0.17,3.35,1.23,-0.361,4.2,100.4309,697039.0,-0.6214,21186.8,7178391.0,1.79,123.8693
2024-08-02,-0.08,3.72,1.3,-0.359,4.2,100.4309,697039.0,-0.3373,21186.8,7178391.0,1.76,123.4681
2024-08-05,-0.11,3.93,1.37,-0.359,4.2,100.4309,697039.0,-0.3373,21186.8,7178391.0,1.71,123.5787
2024-08-06,-0.09,3.67,1.32,-0.359,4.2,100.4309,697039.0,-0.3373,21186.8,7178391.0,1.78,123.6532
2024-08-07,-0.04,3.57,1.31,-0.359,4.2,100.4309,697039.0,-0.3373,21186.8,7175256.0,1.85,123.5698
2024-08-08,-0.05,3.48,1.29,-0.359,4.2,100.4309,697039.0,-0.3373,21186.8,7175256.0,1.87,123.4466
2024-08-09,-0.11,3.49,1.28,-0.36,4.2,100.4309,697039.0,-0.1604,21186.8,7175256.0,1.84,122.9276
2024-08-12,-0.11,3.52,1.29,-0.36,4.2,100.4309,697039.0,-0.1604,21186.8,7175256.0,1.79,123.2204
2024-08-13,-0.08,3.54,1.28,-0.36,4.2,100.4309,697039.0,-0.1604,21186.8,7175256.0,1.76,123.0146
2024-08-14,-0.11,3.46,1.26,-0.36,4.2,100.4309,697039.0,-0.1604,21186.8,7177688.0,1.77,122.4297
2024-08-15,-0.16,3.31,1.22,-0.36,4.2,100.4309,697039.0,-0.1604,21186.8,7177688.0,1.8,122.5844
2024-08-16,-0.17,3.29,1.21,-0.369,4.2,100.4309,697039.0,-0.7366,21186.8,7177688.0,1.81,122.3972
2024-08-19,-0.2,3.21,1.21,-0.369,4.2,100.4309,697039.0,-0.7366,21186.8,7177688.0,1.79,121.8788
2024-08-20,-0.17,3.25,1.22,-0.369,4.2,100.4309,697039.0,-0.7366,21186.8,7177688.0,1.75,121.7728
2024-08-21,-0.13,3.27,1.22,-0.369,4.2,100.4309,697039.0,-0.7366,21186.8,7139952.0,1.72,121.8535
2024-08-22,-0.13,3.21,1.21,-0.369,4.2,100.4309,697039.0,-0.7366,21186.8,7139952.0,1.76,122.3626
2024-08-23,-0.09,3.19,1.2,-0.379,4.2,100.4309,697039.0,-0.6464,21186.8,7139952.0,1.68,121.4597
2024-08-26,-0.09,3.15,1.19,-0.379,4.2,100.4309,697039.0,-0.6464,21186.8,7139952.0,1.67,121.6943
2024-08-27,0.0,3.17,1.19,-0.379,4.2,100.4309,697039.0,-0.6464,21186.8,7139952.0,1.68,121.8672
2024-08-28,0.01,3.19,1.19,-0.379,4.2,100.4309,697039.0,-0.6464,21186.8,7123238.0,1.69,121.8943
2024-08-29,0.0,3.15,1.19,-0.379,4.2,100.4309,697039.0,-0.6464,21186.8,7123238.0,1.71,122.2333
2024-08-30,0.0,3.13,1.18,-0.391,4.2,100.4309,697039.0,-0.6488,21186.8,7123238.0,1.76,122.3262
2024-08-31,0.0,3.17,1.19,-0.391,4.2,100.4309,697039.0,-0.6488,21186.8,7123238.0,1.76,122.3262
2024-09-01,0.0,3.17,1.19,-0.391,4.1,99.8084,703055.0,-0.6488,21269.5,7123238.0,1.76,122.3262
2024-09-02,0.0,3.17,1.19,-0.391,4.1,99.8084,703055.0,-0.6488,21269.5,7123238.0,1.76,122.3262
2024-09-03,-0.04,3.31,1.22,-0.391,4.1,99.8084,703055.0,-0.6488,21269.5,7123238.0,1.73,122.7811
2024-09-04,0.01,3.35,1.23,-0.391,4.1,99.8084,703055.0,-0.6488,21269.5,7112567.0,1.7,122.5144
2024-09-05,-0.02,3.29,1.23,-0.391,4.1,99.8084,703055.0,-0.6488,21269.5,7112567.0,1.7,122.4533
2024-09-06,0.06,3.39,1.24,-0.402,4.1,99.8084,703055.0,-0.389,21269.5,7112567.0,1.69,122.4991
2024-09-09,0.02,3.36,1.23,-0.402,4.1,99.8084,703055.0,-0.389,21269.5,7112567.0,1.66,122.7156
2024-09-10,0.06,3.46,1.25,-0.402,4.1,99.8084,703055.0,-0.389,21269.5,7112567.0,1.63,123.0071
2024-09-11,0.03,3.44,1.25,-0.402,4.1,99.8084,703055.0,-0.389,21269.5,7115001.0,1.61,122.7754
2024-09-12,0.04,3.39,1.24,-0.402,4.1,99.8084,703055.0,-0.389,21269.5,7115001.0,1.63,122.4423
2024-09-13,0.09,3.37,1.23,-0.412,4.1,99.8084,703055.0,-0.314,21269.5,7115001.0,1.58,121.6551
2024-09-16,0.07,3.32,1.22,-0.412,4.1,99.8084,703055.0,-0.314,21269.5,7115001.0,1.54,121.4976
2024-09-17,0.06,3.25,1.2,-0.412,4.1,99.8084,703055.0,-0.314,21269.5,7115001.0,1.53,121.6031
2024-09-18,0.09,3.21,1.19,-0.412,4.1,99.8084,703055.0,-0.314,21269.5,7109137.0,1.58,121.5618
2024-09-19,0.14,3.1,1.16,-0.412,4.1,99.8084,703055.0,-0.314,21269.5,7109137.0,1.56,121.3059
2024-09-20,0.18,3.15,1.17,-0.42,4.1,99.8084,703055.0,-0.4426,21269.5,7109137.0,1.58,121.4052
2024-09-23,0.18,3.15,1.16,-0.42,4.1,99.8084,703055.0,-0.4426,21269.5,7109137.0,1.58,121.4303
2024-09-24,0.25,3.21,1.15,-0.42,4.1,99.8084,703055.0,-0.4426,21269.5,7109137.0,1.55,121.1291
2024-09-25,0.26,3.19,1.15,-0.42,4.1,99.8084,703055.0,-0.4426,21269.5,7080059.0,1.61,121.4447
2024-09-26,0.19,3.14,1.15,-0.42,4.1,99.8084,703055.0,-0.4426,21269.5,7080059.0,1.63,121.0785
2024-09-27,0.2,3.14,1.15,-0.426,4.1,99.8084,703055.0,-0.2693,21269.5,7080059.0,1.6,121.1111
2024-09-30,0.15,3.03,1.16,-0.426,4.1,99.8084,703055.0,-0.2693,21269.5,7080059.0,1.63,121.2864
2024-10-01,0.13,3.07,1.16,-0.426,4.1,99.4695,708290.0,-0.2693,21331.9,7080059.0,1.55,121.6881
2024-10-02,0.16,3.06,1.15,-0.426,4.1,99.4695,708290.0,-0.2693,21331.9,7046925.0,1.58,121.5724
2024-10-03,0.15,3.04,1.13,-0.426,4.1,99.4695,708290.0,-0.2693,21331.9,7046925.0,1.64,122.1197
2024-10-04,0.05,2.89,1.1,-0.431,4.1,99.4695,708290.0,-0.6101,21331.9,7046925.0,1.75,122.2197
2024-10-07,0.04,2.95,1.09,-0.431,4.1,99.4695,708290.0,-0.6101,21331.9,7046925.0,1.76,122.4241
2024-10-08,0.06,2.99,1.09,-0.431,4.1,99.4695,708290.0,-0.6101,21331.9,7046925.0,1.77,122.6625
2024-10-09,0.07,2.94,1.08,-0.431,4.1,99.4695,708290.0,-0.6101,21331.9,7046840.0,1.77,122.8821
2024-10-10,0.11,2.99,1.07,-0.431,4.1,99.4695,708290.0,-0.6101,21331.9,7046840.0,1.76,123.0951
2024-10-11,0.13,2.98,1.06,-0.434,4.1,99.4695,708290.0,-0.5888,21331.9,7046840.0,1.75,122.9805
2024-10-14,0.13,2.97,1.06,-0.434,4.1,99.4695,708290.0,-0.5888,21331.9,7046840.0,1.75,122.9805
2024-10-15,0.08,2.93,1.05,-0.434,4.1,99.4695,708290.0,-0.5888,21331.9,7046840.0,1.75,123.5124
2024-10-16,0.09,2.9,1.05,-0.434,4.1,99.4695,708290.0,-0.5888,21331.9,7039284.0,1.75,123.9235
2024-10-17,0.13,2.89,1.04,-0.434,4.1,99.4695,708290.0,-0.5888,21331.9,7039284.0,1.79,124.1122
2024-10-18,0.13,2.88,1.05,-0.439,4.1,99.4695,708290.0,-0.5326,21331.9,7039284.0,1.77,123.9185
2024-10-21,0.17,2.88,1.07,-0.439,4.1,99.4695,708290.0,-0.5326,21331.9,7039284.0,1.88,124.4757
2024-10-22,0.17,2.92,1.07,-0.439,4.1,99.4695,708290.0,-0.5326,21331.9,7039284.0,1.87,124.4107
2024-10-23,0.17,2.95,1.08,-0.439,4.1,99.4695,708290.0,-0.5326,21331.9,7029408.0,1.93,124.6931
2024-10-24,0.14,2.93,1.08,-0.439,4.1,99.4695,708290.0,-0.5326,21331.9,7029408.0,1.91,124.5127
2024-10-25,0.14,2.89,1.07,-0.444,4.1,99.4695,708290.0,-0.3844,21331.9,7029408.0,1.96,124.6105
2024-10-28,0.16,2.82,1.06,-0.444,4.1,99.4695,708290.0,-0.3844,21331.9,7029408.0,1.99,124.8076
2024-10-29,0.17,2.85,1.06,-0.444,4.1,99.4695,708290.0,-0.3844,21331.9,7029408.0,1.98,124.8612
2024-10-30,0.14,2.8,1.06,-0.444,4.1,99.4695,708290.0,-0.3844,21331.9,7013490.0,1.95,124.8153
2024-10-31,0.12,2.88,1.08,-0.444,4.1,99.4695,708290.0,-0.3844,21331.9,7013490.0,1.95,124.7988
2024-11-01,0.16,2.83,1.07,-0.45,4.2,99.2925,711853.0,-0.2938,21452.2,7013490.0,2.04,124.8076
2024-11-04,0.14,2.87,1.07,-0.45,4.2,99.2925,711853.0,-0.2938,21452.2,7013490.0,2.03,124.5903
2024-11-05,0.07,2.86,1.06,-0.45,4.2,99.2925,711853.0,-0.2938,21452.2,7013490.0,1.99,124.5532
2024-11-06,0.15,2.74,1.01,-0.45,4.2,99.2925,711853.0,-0.2938,21452.2,6994299.0,2.04,125.7035
2024-11-07,0.1,2.73,0.99,-0.45,4.2,99.2925,711853.0,-0.2938,21452.2,6994299.0,1.98,124.775
2024-11-08,0.04,2.63,0.98,-0.457,4.2,99.2925,711853.0,-0.5635,21452.2,6994299.0,1.95,125.5811
2024-11-11,0.04,2.63,0.98,-0.457,4.2,99.2925,711853.0,-0.5635,21452.2,6994299.0,1.95,125.5811
2024-11-12,0.09,2.61,0.97,-0.457,4.2,99.2925,711853.0,-0.5635,21452.2,6994299.0,2.08,126.7762
2024-11-13,0.17,2.64,0.99,-0.457,4.2,99.2925,711853.0,-0.5635,21452.2,6967108.0,2.09,126.9572
2024-11-14,0.09,2.6,1.0,-0.457,4.2,99.2925,711853.0,-0.5635,21452.2,6967108.0,2.1,127.0015
2024-11-15,0.12,2.72,1.01,-0.465,4.2,99.2925,711853.0,-0.7995,21452.2,6967108.0,2.1,126.8848
2024-11-18,0.13,2.72,1.0,-0.465,4.2,99.2925,711853.0,-0.7995,21452.2,6967108.0,2.08,126.6045
2024-11-19,0.12,2.69,1.0,-0.465,4.2,99.2925,711853.0,-0.7995,21452.2,6967108.0,2.05,126.3994
2024-11-20,0.1,2.67,1.01,-0.465,4.2,99.2925,711853.0,-0.7995,21452.2,6923731.0,2.06,126.88
2024-11-21,0.09,2.61,1.01,-0.465,4.2,99.2925,711853.0,-0.7995,21452.2,6923731.0,2.09,127.1047
2024-11-22,0.04,2.61,1.0,-0.47,4.2,99.2925,711853.0,-0.6111,21452.2,6923731.0,2.07,127.4712
2024-11-25,0.06,2.64,1.0,-0.47,4.2,99.2925,711853.0,-0.6111,21452.2,6923731.0,1.98,126.9948
2024-11-26,0.09,2.68,1.01,-0.47,4.2,99.2925,711853.0,-0.6111,21452.2,6923731.0,2.02,127.4301
2024-11-27,0.06,2.69,1.02,-0.47,4.2,99.2925,711853.0,-0.6111,21452.2,6905140.0,1.99,126.8205
2024-11-28,0.06,2.69,1.02,-0.47,4.2,99.2925,711853.0,-0.6111,21452.2,6905140.0,1.99,126.8205
2024-11-29,0.05,2.72,1.02,-0.473,4.2,99.2925,711853.0,-0.6161,21452.2,6905140.0,1.92,126.5798
2024-11-30,0.05,2.74,1.03,-0.473,4.2,99.2925,711853.0,-0.6161,21452.2,6905140.0,1.92,126.5798
2024-12-01,0.05,2.74,1.03,-0.473,4.1,100.3273,717265.0,-0.6161,21485.9,6905140.0,1.92,126.5798
2024-12-02,0.02,2.68,1.01,-0.473,4.1,100.3273,717265.0,-0.6161,21485.9,6905140.0,1.93,127.1272
2024-12-03,0.06,2.66,1.0,-0.473,4.1,100.3273,717265.0,-0.6161,21485.9,6905140.0,1.95,126.9565
2024-12-04,0.06,2.66,1.01,-0.473,4.1,100.3273,717265.0,-0.6161,21485.9,6895827.0,1.9,126.7574
2024-12-05,0.02,2.66,1.01,-0.473,4.1,100.3273,717265.0,-0.6161,21485.9,6895827.0,1.92,126.4286
2024-12-06,0.05,2.67,1.02,-0.476,4.1,100.3273,717265.0,-0.5275,21485.9,6895827.0,1.91,126.688
2024-12-09,0.07,2.67,1.01,-0.476,4.1,100.3273,717265.0,-0.5275,21485.9,6895827.0,1.93,126.5981
2024-12-10,0.07,2.67,1.0,-0.476,4.1,100.3273,717265.0,-0.5275,21485.9,6895827.0,1.93,126.957
2024-12-11,0.11,2.64,0.98,-0.476,4.1,100.3273,717265.0,-0.5275,21485.9,6897485.0,1.96,126.8483
2024-12-12,0.14,2.66,0.99,-0.476,4.1,100.3273,717265.0,-0.5275,21485.9,6897485.0,2.0,126.9556
2024-12-13,0.15,2.68,0.98,-0.477,4.1,100.3273,717265.0,-0.5789,21485.9,6897485.0,2.07,127.3096
2024-12-16,0.14,2.69,0.98,-0.477,4.1,100.3273,717265.0,-0.5789,21485.9,6897485.0,2.07,127.2687
2024-12-17,0.15,2.75,0.99,-0.477,4.1,100.3273,717265.0,-0.5789,21485.9,6897485.0,2.09,127.5043
2024-12-18,0.15,2.73,0.98,-0.477,4.1,100.3273,717265.0,-0.5789,21485.9,6889332.0,2.18,127.6418
2024-12-19,0.25,2.91,1.02,-0.477,4.1,100.3273,717265.0,-0.5789,21485.9,6889332.0,2.28,128.6366
2024-12-20,0.22,2.86,1.02,-0.478,4.1,100.3273,717265.0,-0.4965,21485.9,6889332.0,2.23,127.893
2024-12-23,0.29,2.85,1.02,-0.478,4.1,100.3273,717265.0,-0.4965,21485.9,6889332.0,2.27,128.3021
2024-12-24,0.3,2.86,1.01,-0.478,4.1,100.3273,717265.0,-0.4965,21485.9,6889332.0,2.24,128.3377
2024-12-25,0.3,2.86,1.01,-0.478,4.1,100.3273,717265.0,-0.4965,21485.9,6885963.0,2.24,128.3377
2024-12-26,0.28,2.86,1.0,-0.478,4.1,100.3273,717265.0,-0.4965,21485.9,6885963.0,2.23,128.3329
2024-12-27,0.31,2.84,1.0,-0.482,4.1,100.3273,717265.0,-0.6225,21485.9,6885963.0,2.28,128.45
2024-12-30,0.31,2.94,1.01,-0.482,4.1,100.3273,717265.0,-0.6225,21485.9,6885963.0,2.24,128.8205
2024-12-31,0.33,2.92,1.02,-0.482,4.1,100.3273,717265.0,-0.6225,21485.9,6885963.0,2.24,129.2775
2025-01-01,0.33,2.92,1.02,-0.482,4.0,100.0647,711260.0,-0.6225,21548.1,6852491.0,2.24,129.2775
2025-01-02,0.32,2.88,1.02,-0.482,4.0,100.0647,711260.0,-0.6225,21548.1,6852491.0,2.23,129.4598
2025-01-03,0.32,2.81,1.02,-0.487,4.0,100.0647,711260.0,-0.6192,21548.1,6852491.0,2.26,129.4535
2025-01-06,0.34,2.76,1.03,-0.487,4.0,100.0647,711260.0,-0.6192,21548.1,6852491.0,2.28,128.538
2025-01-07,0.37,2.79,1.04,-0.487,4.0,100.0647,711260.0,-0.6192,21548.1,6852491.0,2.29,128.613
2025-01-08,0.39,2.84,1.03,-0.487,4.0,100.0647,711260.0,-0.6192,21548.1,6853554.0,2.27,129.0785
2025-01-09,0.41,2.82,1.03,-0.487,4.0,100.0647,711260.0,-0.6192,21548.1,6853554.0,2.29,129.2827
2025-01-10,0.37,2.81,1.03,-0.493,4.0,100.0647,711260.0,-0.7998,21548.1,6853554.0,2.34,129.8664
2025-01-13,0.39,2.85,1.04,-0.493,4.0,100.0647,711260.0,-0.7998,21548.1,6853554.0,2.34,130.0413
2025-01-14,0.41,2.8,1.04,-0.493,4.0,100.0647,711260.0,-0.7998,21548.1,6853554.0,2.34,129.3812
2025-01-15,0.39,2.72,1.03,-0.493,4.0,100.0647,711260.0,-0.7998,21548.1,6834070.0,2.24,129.2092
2025-01-16,0.38,2.73,1.03,-0.493,4.0,100.0647,711260.0,-0.7998,21548.1,6834070.0,2.19,129.436
2025-01-17,0.34,2.64,1.02,-0.498,4.0,100.0647,711260.0,-0.8243,21548.1,6834070.0,2.2,129.4859
2025-01-20,0.34,2.64,1.02,-0.498,4.0,100.0647,711260.0,-0.8243,21548.1,6834070.0,2.2,129.4859
2025-01-21,0.28,2.61,1.02,-0.498,4.0,100.0647,711260.0,-0.8243,21548.1,6834070.0,2.19,128.4151
2025-01-22,0.31,2.59,1.01,-0.498,4.0,100.0647,711260.0,-0.8243,21548.1,6831760.0,2.2,128.3402
2025-01-23,0.36,2.61,1.0,-0.498,4.0,100.0647,711260.0,-0.8243,21548.1,6831760.0,2.23,128.2162
2025-01-24,0.36,2.6,1.0,-0.503,4.0,100.0647,711260.0,-0.9729,21548.1,6831760.0,2.2,127.4611
2025-01-27,0.36,2.66,1.01,-0.503,4.0,100.0647,711260.0,-0.9729,21548.1,6831760.0,2.13,128.0912
2025-01-28,0.36,2.66,1.0,-0.503,4.0,100.0647,711260.0,-0.9729,21548.1,6831760.0,2.13,128.2817
2025-01-29,0.34,2.68,1.01,-0.503,4.0,100.0647,711260.0,-0.9729,21548.1,6818186.0,2.15,128.3418
2025-01-30,0.34,2.67,1.01,-0.503,4.0,100.0647,711260.0,-0.9729,21548.1,6818186.0,2.14,128.1004
2025-01-31,0.36,2.68,1.02,-0.506,4.0,100.0647,711260.0,-0.76,21548.1,6818186.0,2.16,128.4828
2025-02-01,0.36,2.68,1.02,-0.506,4.2,101.0993,711575.0,-0.76,21613.5,6818186.0,2.16,128.4828
2025-02-03,0.28,2.73,1.03,-0.506,4.2,101.0993,711575.0,-0.76,21613.5,6818186.0,2.09,129.109
2025-02-04,0.31,2.71,1.03,-0.506,4.2,101.0993,711575.0,-0.76,21613.5,6818186.0,2.08,128.1083
2025-02-05,0.26,2.69,1.03,-0.506,4.2,101.0993,711575.0,-0.76,21613.5,6810935.0,2.01,127.9751
2025-02-06,0.24,2.66,1.04,-0.506,4.2,101.0993,711575.0,-0.76,21613.5,6810935.0,2.03,128.2017
2025-02-07,0.2,2.67,1.04,-0.505,4.2,101.0993,711575.0,-0.7819,21613.5,6810935.0,2.07,128.4292
2025-02-10,0.23,2.66,1.04,-0.505,4.2,101.0993,711575.0,-0.7819,21613.5,6810935.0,2.07,128.6382
2025-02-11,0.25,2.66,1.03,-0.505,4.2,101.0993,711575.0,-0.7819,21613.5,6810935.0,2.08,128.4322
2025-02-12,0.26,2.65,1.01,-0.505,4.2,101.0993,711575.0,-0.7819,21613.5,6813513.0,2.16,128.3288
2025-02-13,0.21,2.65,1.0,-0.505,4.2,101.0993,711575.0,-0.7819,21613.5,6813513.0,2.08,127.8931
2025-02-14,0.21,2.62,1.0,-0.501,4.2,101.0993,711575.0,-0.8281,21613.5,6813513.0,2.04,127.1491
2025-02-17,0.21,2.62,1.0,-0.501,4.2,101.0993,711575.0,-0.8281,21613.5,6813513.0,2.04,127.1491
2025-02-18,0.26,2.62,0.98,-0.501,4.2,101.0993,711575.0,-0.8281,21613.5,6813513.0,2.1,127.2906
2025-02-19,0.25,2.68,0.99,-0.501,4.2,101.0993,711575.0,-0.8281,21613.5,6782332.0,2.08,127.7317
2025-02-20,0.22,2.66,0.99,-0.501,4.2,101.0993,711575.0,-0.8281,21613.5,6782332.0,2.05,127.1126
2025-02-21,0.23,2.78,1.01,-0.492,4.2,101.0993,711575.0,-0.7588,21613.5,6782332.0,2.0,127.1408
2025-02-24,0.27,2.78,1.01,-0.492,4.2,101.0993,711575.0,-0.7588,21613.5,6782332.0,1.98,127.1921
2025-02-25,0.23,2.84,1.03,-0.492,4.2,101.0993,711575.0,-0.7588,21613.5,6782332.0,1.92,127.3752
2025-02-26,0.2,2.81,1.04,-0.492,4.2,101.0993,711575.0,-0.7588,21613.5,6766101.0,1.89,127.2822
2025-02-27,0.22,2.81,1.05,-0.492,4.2,101.0993,711575.0,-0.7588,21613.5,6766101.0,1.92,127.9704
2025-02-28,0.25,2.87,1.09,-0.478,4.2,101.0993,711575.0,-0.4514,21613.5,6766101.0,1.86,128.2805
2025-03-01,0.25,2.87,1.09,-0.478,4.2,101.0404,723339.0,-0.4514,21693.7,6766101.0,1.86,128.2805
2025-03-03,0.2,2.94,1.1,-0.478,4.2,101.0404,723339.0,-0.4514,21693.7,6766101.0,1.8,127.75
2025-03-04,0.26,2.99,1.11,-0.478,4.2,101.0404,723339.0,-0.4514,21693.7,6766101.0,1.87,127.9966
2025-03-05,0.29,2.88,1.08,-0.478,4.2,101.0404,723339.0,-0.4514,21693.7,6756764.0,1.94,126.504
2025-03-06,0.33,2.99,1.09,-0.478,4.2,101.0404,723339.0,-0.4514,21693.7,6756764.0,1.95,126.1099
2025-03-07,0.33,2.97,1.1,-0.461,4.2,101.0404,723339.0,-0.352,21693.7,6756764.0,1.99,125.9814
2025-03-10,0.33,3.16,1.13,-0.461,4.2,101.0404,723339.0,-0.352,21693.7,6756764.0,1.91,126.268
2025-03-11,0.34,3.22,1.16,-0.461,4.2,101.0404,723339.0,-0.352,21693.7,6756764.0,1.97,126.0457
2025-03-12,0.31,3.2,1.17,-0.461,4.2,101.0404,723339.0,-0.352,21693.7,6759571.0,1.99,125.8664
2025-03-13,0.33,3.4,1.2,-0.461,4.2,101.0404,723339.0,-0.352,21693.7,6759571.0,1.98,126.0031
2025-03-14,0.29,3.25,1.16,-0.443,4.2,101.0404,723339.0,-0.212,21693.7,6759571.0,2.01,125.6942
2025-03-17,0.25,3.18,1.15,-0.443,4.2,101.0404,723339.0,-0.212,21693.7,6759571.0,2.02,125.3688
2025-03-18,0.25,3.23,1.15,-0.443,4.2,101.0404,723339.0,-0.212,21693.7,6759571.0,1.99,125.488
2025-03-19,0.26,3.19,1.13,-0.443,4.2,101.0404,723339.0,-0.212,21693.7,6755982.0,1.94,125.8006
2025-03-20,0.29,3.17,1.13,-0.443,4.2,101.0404,723339.0,-0.212,21693.7,6755982.0,1.93,125.985
2025-03-21,0.31,3.21,1.14,-0.425,4.2,101.0404,723339.0,-0.6417,21693.7,6755982.0,1.92,126.2679
2025-03-24,0.3,3.05,1.12,-0.425,4.2,101.0404,723339.0,-0.6417,21693.7,6755982.0,1.98,126.1956
2025-03-25,0.35,3.09,1.12,-0.425,4.2,101.0404,723339.0,-0.6417,21693.7,6755982.0,1.96,126.0535
2025-03-26,0.37,3.19,1.13,-0.425,4.2,101.0404,723339.0,-0.6417,21693.7,6740253.0,1.98,126.2364
2025-03-27,0.41,3.27,1.14,-0.425,4.2,101.0404,723339.0,-0.6417,21693.7,6740253.0,1.99,126.3626
2025-03-28,0.38,3.47,1.17,-0.408,4.2,101.0404,723339.0,-0.6217,21693.7,6740253.0,1.9,126.4187
2025-03-31,0.34,3.55,1.2,-0.408,4.2,101.0404,723339.0,-0.6217,21693.7,6740253.0,1.85,126.7075
2025-04-01,0.3,3.5,1.21,-0.408,4.2,101.1279,721903.0,-0.6217,21775.7,6740253.0,1.84,126.4338
2025-04-02,0.29,3.42,1.19,-0.408,4.2,101.1279,721903.0,-0.6217,21775.7,6723452.0,1.88,126.3811
2025-04-03,0.35,4.01,1.3,-0.408,4.2,101.1279,721903.0,-0.6217,21775.7,6723452.0,1.78,124.7316
2025-04-04,0.33,4.45,1.41,-0.393,4.2,101.1279,721903.0,0.1035,21775.7,6723452.0,1.83,125.8129
2025-04-07,0.42,4.61,1.48,-0.393,4.2,101.1279,721903.0,0.1035,21775.7,6723452.0,1.96,126.8282
2025-04-08,0.55,4.57,1.46,-0.393,4.2,101.1279,721903.0,0.1035,21775.7,6723452.0,2.04,126.8668
2025-04-09,0.43,4.37,1.49,-0.393,4.2,101.1279,721903.0,0.1035,21775.7,6727416.0,2.07,126.628
2025-04-10,0.56,4.42,1.46,-0.393,4.2,101.1279,721903.0,0.1035,21775.7,6727416.0,2.21,125.089
2025-04-11,0.52,4.26,1.46,-0.382,4.2,101.1279,721903.0,0.586,21775.7,6727416.0,2.28,124.0163
2025-04-14,0.54,4.14,1.43,-0.382,4.2,101.1279,721903.0,0.586,21775.7,6727416.0,2.15,123.6598
2025-04-15,0.51,4.09,1.42,-0.382,4.2,101.1279,721903.0,0.586,21775.7,6727416.0,2.16,123.776
2025-04-16,0.52,4.16,1.41,-0.382,4.2,101.1279,721903.0,0.586,21775.7,6727113.0,2.12,123.2724
2025-04-17,0.53,4.02,1.39,-0.382,4.2,101.1279,721903.0,0.586,21775.7,6727113.0,2.11,123.1298
2025-04-18,0.53,4.02,1.39,-0.383,4.2,101.1279,721903.0,-0.1983,21775.7,6727113.0,2.11,122.9865
2025-04-21,0.67,4.16,1.4,-0.383,4.2,101.1279,721903.0,-0.1983,21775.7,6727113.0,2.2,122.3145
2025-04-22,0.65,3.99,1.39,-0.383,4.2,101.1279,721903.0,-0.1983,21775.7,6727113.0,2.14,122.4175
2025-04-23,0.59,3.75,1.35,-0.383,4.2,101.1279,721903.0,-0.1983,21775.7,6726930.0,2.11,123.0252
2025-04-24,0.55,3.73,1.33,-0.383,4.2,101.1279,721903.0,-0.1983,21775.7,6726930.0,2.02,122.9251
2025-04-25,0.55,3.67,1.31,-0.389,4.2,101.1279,721903.0,-0.2647,21775.7,6726930.0,2.02,122.8858
2025-04-28,0.56,3.73,1.31,-0.389,4.2,101.1279,721903.0,-0.2647,21775.7,6726930.0,1.98,122.7176
2025-04-29,0.54,3.74,1.33,-0.389,4.2,101.1279,721903.0,-0.2647,21775.7,6726930.0,1.96,122.5944
2025-04-30,0.57,3.94,1.37,-0.389,4.2,101.1279,721903.0,-0.2647,21775.7,6709277.0,1.94,122.5921
2025-05-01,0.55,3.78,1.38,-0.389,4.3,100.9655,716101.0,-0.2647,21834.0,6709277.0,2.0,123.1405
2025-05-02,0.5,3.6,1.34,-0.403,4.3,100.9655,716101.0,-0.3394,21834.0,6709277.0,2.06,122.4962
2025-05-05,0.53,3.6,1.33,-0.403,4.3,100.9655,716101.0,-0.3394,21834.0,6709277.0,2.08,122.2613
2025-05-06,0.52,3.66,1.33,-0.403,4.3,100.9655,716101.0,-0.3394,21834.0,6709277.0,2.04,122.0417
2025-05-07,0.48,3.67,1.32,-0.403,4.3,100.9655,716101.0,-0.3394,21834.0,6710889.0,2.01,122.117
2025-05-08,0.47,3.51,1.29,-0.403,4.3,100.9655,716101.0,-0.3394,21834.0,6710889.0,2.08,122.7568
2025-05-09,0.49,3.53,1.29,-0.42,4.3,100.9655,716101.0,-0.4666,21834.0,6710889.0,2.08,122.5191
2025-05-12,0.47,3.15,1.22,-0.42,4.3,100.9655,716101.0,-0.4666,21834.0,6710889.0,2.16,123.4863
2025-05-13,0.47,3.09,1.19,-0.42,4.3,100.9655,716101.0,-0.4666,21834.0,6710889.0,2.17,122.9583
2025-05-14,0.48,3.1,1.18,-0.42,4.3,100.9655,716101.0,-0.4666,21834.0,6713270.0,2.16,122.6746
2025-05-15,0.49,3.2,1.19,-0.42,4.3,100.9655,716101.0,-0.4666,21834.0,6713270.0,2.11,122.8174
2025-05-16,0.45,3.16,1.17,-0.438,4.3,100.9655,716101.0,-0.8963,21834.0,6713270.0,2.09,123.0737
2025-05-19,0.49,3.21,1.16,-0.438,4.3,100.9655,716101.0,-0.8963,21834.0,6713270.0,2.1,122.4186
2025-05-20,0.51,3.2,1.15,-0.438,4.3,100.9655,716101.0,-0.8963,21834.0,6713270.0,2.13,122.3199
2025-05-21,0.58,3.25,1.15,-0.438,4.3,100.9655,716101.0,-0.8963,21834.0,6688726.0,2.23,121.7496
2025-05-22,0.54,3.32,1.16,-0.438,4.3,100.9655,716101.0,-0.8963,21834.0,6688726.0,2.2,122.0429
2025-05-23,0.51,3.4,1.18,-0.452,4.3,100.9655,716101.0,-0.4988,21834.0,6688726.0,2.18,121.3837
2025-05-26,0.51,3.4,1.18,-0.452,4.3,100.9655,716101.0,-0.4988,21834.0,6688726.0,2.18,121.3837
2025-05-27,0.51,3.24,1.15,-0.452,4.3,100.9655,716101.0,-0.4988,21834.0,6688726.0,2.11,121.6099
2025-05-28,0.51,3.23,1.14,-0.452,4.3,100.9655,716101.0,-0.4988,21834.0,6673244.0,2.15,121.9888
2025-05-29,0.51,3.22,1.14,-0.452,4.3,100.9655,716101.0,-0.4988,21834.0,6673244.0,2.11,121.5617
2025-05-30,0.52,3.31,1.15,-0.464,4.3,100.9655,716101.0,-0.5347,21834.0,6673244.0,2.07,121.7674
2025-05-31,0.52,3.32,1.16,-0.464,4.3,100.9655,716101.0,-0.5347,21834.0,6673244.0,2.07,121.7674
2025-06-01,0.52,3.32,1.16,-0.464,4.1,101.4785,723033.0,-0.5347,21938.8,6673244.0,2.07,121.7674
2025-06-02,0.52,3.27,1.15,-0.464,4.1,101.4785,723033.0,-0.5347,21938.8,6673244.0,2.13,121.1881
2025-06-03,0.5,3.19,1.12,-0.464,4.1,101.4785,723033.0,-0.5347,21938.8,6673244.0,2.14,121.4592
2025-06-04,0.5,3.23,1.12,-0.464,4.1,101.4785,723033.0,-0.5347,21938.8,6672885.0,2.06,121.0539
2025-06-05,0.48,3.18,1.12,-0.464,4.1,101.4785,723033.0,-0.5347,21938.8,6672885.0,2.11,120.9596
2025-06-06,0.47,3.09,1.1,-0.474,4.1,101.4785,723033.0,-0.8052,21938.8,6672885.0,2.2,121.161
2025-06-09,0.48,3.12,1.09,-0.474,4.1,101.4785,723033.0,-0.8052,21938.8,6672885.0,2.18,120.9103
2025-06-10,0.46,3.12,1.09,-0.474,4.1,101.4785,723033.0,-0.8052,21938.8,6672885.0,2.18,121.0485
2025-06-11,0.47,3.12,1.09,-0.474,4.1,101.4785,723033.0,-0.8052,21938.8,6677155.0,2.14,120.587
2025-06-12,0.46,3.17,1.1,-0.474,4.1,101.4785,723033.0,-0.8052,21938.8,6677155.0,2.11,120.1723
2025-06-13,0.45,3.18,1.1,-0.481,4.1,101.4785,723033.0,-0.7823,21938.8,6677155.0,2.13,120.3245
2025-06-16,0.49,3.1,1.08,-0.481,4.1,101.4785,723033.0,-0.7823,21938.8,6677155.0,2.16,120.1565
2025-06-17,0.45,3.17,1.1,-0.481,4.1,101.4785,723033.0,-0.7823,21938.8,6677155.0,2.08,120.5048
2025-06-18,0.44,3.16,1.1,-0.481,4.1,101.4785,723033.0,-0.7823,21938.8,6681056.0,2.07,120.7305
2025-06-19,0.44,3.16,1.1,-0.481,4.1,101.4785,723033.0,-0.7823,21938.8,6681056.0,2.07,120.7305
2025-06-20,0.48,3.13,1.1,-0.488,4.1,101.4785,723033.0,-0.6509,21938.8,6681056.0,2.05,121.0408
2025-06-23,0.5,3.12,1.12,-0.488,4.1,101.4785,723033.0,-0.6509,21938.8,6681056.0,2.04,121.1694
2025-06-24,0.55,3.06,1.1,-0.488,4.1,101.4785,723033.0,-0.6509,21938.8,6681056.0,2.01,120.3645
2025-06-25,0.55,3.04,1.11,-0.488,4.1,101.4785,723033.0,-0.6509,21938.8,6662200.0,2.01,120.3336
2025-06-26,0.56,3.04,1.11,-0.488,4.1,101.4785,723033.0,-0.6509,21938.8,6662200.0,1.98,119.6451
2025-06-27,0.56,3.02,1.1,-0.494,4.1,101.4785,723033.0,-0.7022,21938.8,6662200.0,2.0,119.659
2025-06-30,0.52,2.96,1.08,-0.494,4.1,101.4785,723033.0,-0.7022,21938.8,6662200.0,1.95,119.4088
2025-07-01,0.48,2.91,1.06,-0.494,4.3,101.894,727727.0,-0.7022,22020.0,6662200.0,1.97,119.3436
2025-07-02,0.52,2.88,1.03,-0.494,4.3,101.894,727727.0,-0.7022,22020.0,6659598.0,2.0,119.3037
2025-07-03,0.47,2.8,1.01,-0.494,4.3,101.894,727727.0,-0.7022,22020.0,6659598.0,2.02,119.2382
2025-07-04,0.47,2.8,1.01,-0.501,4.3,101.894,727727.0,-0.878,22020.0,6659598.0,2.02,119.2382
2025-07-07,0.5,2.86,1.02,-0.501,4.3,101.894,727727.0,-0.878,22020.0,6659598.0,2.05,119.6201
2025-07-08,0.52,2.92,1.02,-0.501,4.3,101.894,727727.0,-0.878,22020.0,6659598.0,2.07,119.8371
2025-07-09,0.48,2.94,1.04,-0.501,4.3,101.894,727727.0,-0.878,22020.0,6661912.0,2.01,119.7311
2025-07-10,0.49,2.92,1.03,-0.501,4.3,101.894,727727.0,-0.878,22020.0,6661912.0,2.01,119.8343
2025-07-11,0.53,2.97,1.03,-0.507,4.3,101.894,727727.0,-0.7515,22020.0,6661912.0,2.06,119.9214
2025-07-14,0.53,2.95,1.03,-0.507,4.3,101.894,727727.0,-0.7515,22020.0,6661912.0,2.04,120.2209
2025-07-15,0.55,2.95,1.01,-0.507,4.3,101.894,727727.0,-0.7515,22020.0,6661912.0,2.09,120.5105
2025-07-16,0.58,3.0,1.02,-0.507,4.3,101.894,727727.0,-0.7515,22020.0,6659273.0,2.05,120.4175
2025-07-17,0.56,2.91,1.01,-0.507,4.3,101.894,727727.0,-0.7515,22020.0,6659273.0,2.04,120.6384
2025-07-18,0.56,2.93,1.01,-0.512,4.3,101.894,727727.0,-0.7163,22020.0,6659273.0,2.03,120.356
2025-07-21,0.53,2.89,1.01,-0.512,4.3,101.894,727727.0,-0.7163,22020.0,6659273.0,1.98,119.9961
2025-07-22,0.52,2.9,1.02,-0.512,4.3,101.894,727727.0,-0.7163,22020.0,6659273.0,1.96,119.681
2025-07-23,0.52,2.83,1.0,-0.512,4.3,101.894,727727.0,-0.7163,22020.0,6657715.0,2.03,119.5697
2025-07-24,0.52,2.82,0.99,-0.512,4.3,101.894,727727.0,-0.7163,22020.0,6657715.0,1.98,119.5664
2025-07-25,0.49,2.84,0.99,-0.516,4.3,101.894,727727.0,-0.7997,22020.0,6657715.0,1.96,119.9857
2025-07-28,0.51,2.82,0.98,-0.516,4.3,101.894,727727.0,-0.7997,22020.0,6657715.0,1.98,120.6149
2025-07-29,0.48,2.86,1.0,-0.516,4.3,101.894,727727.0,-0.7997,22020.0,6657715.0,1.91,120.9674
2025-07-30,0.44,2.89,0.99,-0.516,4.3,101.894,727727.0,-0.7997,22020.0,6642578.0,1.96,121.4042
2025-07-31,0.43,2.86,0.99,-0.516,4.3,101.894,727727.0,-0.7997,22020.0,6642578.0,1.98,121.721
2025-08-01,0.54,3.13,1.04,-0.519,4.3,101.6247,731700.0,-0.681,22086.9,6642578.0,1.9,121.2122
2025-08-04,0.53,3.02,1.04,-0.519,4.3,101.6247,731700.0,-0.681,22086.9,6642578.0,1.85,120.9859
2025-08-05,0.5,2.98,1.03,-0.519,4.3,101.6247,731700.0,-0.681,22086.9,6642578.0,1.86,120.9082
2025-08-06,0.53,2.98,1.02,-0.519,4.3,101.6247,731700.0,-0.681,22086.9,6640843.0,1.88,120.5082
2025-08-07,0.51,2.95,1.01,-0.519,4.3,101.6247,731700.0,-0.681,22086.9,6640843.0,1.88,120.5043
2025-08-08,0.51,2.94,1.01,-0.521,4.3,101.6247,731700.0,-0.5703,22086.9,6640843.0,1.88,120.3329
2025-08-11,0.51,2.94,1.01,-0.521,4.3,101.6247,731700.0,-0.5703,22086.9,6640843.0,1.87,120.6892
2025-08-12,0.57,2.93,1.0,-0.521,4.3,101.6247,731700.0,-0.5703,22086.9,6640843.0,1.91,120.2736
2025-08-13,0.57,2.9,0.98,-0.521,4.3,101.6247,731700.0,-0.5703,22086.9,6643615.0,1.87,120.13
2025-08-14,0.55,2.89,0.97,-0.521,4.3,101.6247,731700.0,-0.5703,22086.9,6643615.0,1.9,120.6446
2025-08-15,0.58,2.88,0.96,-0.523,4.3,101.6247,731700.0,-0.8201,22086.9,6643615.0,1.95,120.3377
2025-08-18,0.57,2.88,0.96,-0.523,4.3,101.6247,731700.0,-0.8201,22086.9,6643615.0,1.96,120.5622
2025-08-19,0.55,2.9,0.97,-0.523,4.3,101.6247,731700.0,-0.8201,22086.9,6643615.0,1.95,120.7224
2025-08-20,0.55,2.94,0.98,-0.523,4.3,101.6247,731700.0,-0.8201,22086.9,6618415.0,1.94,120.7757
2025-08-21,0.54,2.95,0.98,-0.523,4.3,101.6247,731700.0,-0.8201,22086.9,6618415.0,1.94,121.0843
2025-08-22,0.58,2.88,0.97,-0.524,4.3,101.6247,731700.0,-0.754,22086.9,6618415.0,1.85,120.2774
2025-08-25,0.55,2.8,0.96,-0.524,4.3,101.6247,731700.0,-0.754,22086.9,6618415.0,1.87,120.4214
2025-08-26,0.65,2.78,0.98,-0.524,4.3,101.6247,731700.0,-0.754,22086.9,6618415.0,1.84,120.5274
2025-08-27,0.65,2.78,0.99,-0.524,4.3,101.6247,731700.0,-0.754,22086.9,6603384.0,1.81,120.7274
2025-08-28,0.6,2.75,0.99,-0.524,4.3,101.6247,731700.0,-0.754,22086.9,6603384.0,1.81,120.2595
2025-08-29,0.64,2.82,1.01,-0.525,4.3,101.6247,731700.0,-0.608,22086.9,6603384.0,1.82,120.2082
2025-08-31,0.64,2.84,1.02,-0.525,4.3,101.6247,731700.0,-0.608,22086.9,6603384.0,1.82,120.2082
2025-09-01,0.64,2.84,1.02,-0.525,4.4,101.668,732192.0,-0.608,22170.3,6603384.0,1.82,120.2082
2025-09-02,0.62,2.92,1.03,-0.525,4.4,101.668,732192.0,-0.608,22170.3,6603384.0,1.87,120.6837
2025-09-03,0.61,2.88,1.02,-0.525,4.4,101.668,732192.0,-0.608,22170.3,6602071.0,1.82,120.5052
2025-09-04,0.58,2.84,1.0,-0.525,4.4,101.668,732192.0,-0.608,22170.3,6602071.0,1.79,120.7629
2025-09-05,0.59,2.83,1.0,-0.525,4.4,101.668,732192.0,-0.4232,22170.3,6602071.0,1.73,120.1282
2025-09-08,0.56,2.84,1.01,-0.525,4.4,101.668,732192.0,-0.4232,22170.3,6602071.0,1.7,120.0971
2025-09-09,0.54,2.87,1.01,-0.525,4.4,101.668,732192.0,-0.4232,22170.3,6602071.0,1.72,120.1569
2025-09-10,0.5,2.84,1.0,-0.525,4.4,101.668,732192.0,-0.4232,22170.3,6605962.0,1.69,120.1223
2025-09-11,0.49,2.78,0.98,-0.525,4.4,101.668,732192.0,-0.4232,22170.3,6605962.0,1.67,119.9534
2025-09-12,0.5,2.79,0.97,-0.525,4.4,101.668,732192.0,-0.5661,22170.3,6605962.0,1.7,120.0611
2025-09-15,0.51,2.75,0.95,-0.525,4.4,101.668,732192.0,-0.5661,22170.3,6605962.0,1.68,119.5644
2025-09-16,0.53,2.79,0.96,-0.525,4.4,101.668,732192.0,-0.5661,22170.3,6605962.0,1.67,119.1348
2025-09-17,0.54,2.79,0.96,-0.525,4.4,101.668,732192.0,-0.5661,22170.3,6608597.0,1.68,119.1582
2025-09-18,0.54,2.71,0.94,-0.525,4.4,101.668,732192.0,-0.5661,22170.3,6608597.0,1.73,119.6616
2025-09-19,0.57,2.72,0.93,-0.524,4.4,101.668,732192.0,-0.5943,22170.3,6608597.0,1.75,119.7858
2025-09-22,0.54,2.69,0.93,-0.524,4.4,101.668,732192.0,-0.5943,22170.3,6608597.0,1.78,119.8152
2025-09-23,0.59,2.71,0.94,-0.524,4.4,101.668,732192.0,-0.5943,22170.3,6608597.0,1.75,119.6202
2025-09-24,0.59,2.7,0.95,-0.524,4.4,101.668,732192.0,-0.5943,22170.3,6608395.0,1.78,120.1707
2025-09-25,0.54,2.76,0.96,-0.524,4.4,101.668,732192.0,-0.5943,22170.3,6608395.0,1.8,120.5419
2025-09-26,0.57,2.75,0.95,-0.523,4.4,101.668,732192.0,-0.5386,22170.3,6608395.0,1.82,120.4349
2025-09-29,0.52,2.74,0.94,-0.523,4.4,101.668,732192.0,-0.5386,22170.3,6608395.0,1.8,120.115
2025-09-30,0.56,2.8,0.97,-0.523,4.4,101.668,732192.0,-0.5386,22170.3,6608395.0,1.8,120.1368
2025-10-01,0.57,2.81,0.97,-0.523,4.4,101.2195,731051.0,-0.5386,22245.1,6587119.0,1.77,120.1502
2025-10-02,0.55,2.81,0.96,-0.523,4.4,101.2195,731051.0,-0.5386,22245.1,6587119.0,1.76,120.4296
2025-10-03,0.55,2.8,0.95,-0.522,4.4,101.2195,731051.0,-0.4969,22245.1,6587119.0,1.8,120.0881
2025-10-06,0.58,2.76,0.94,-0.522,4.4,101.2195,731051.0,-0.4969,22245.1,6587119.0,1.84,120.2722
2025-10-07,0.57,2.82,0.95,-0.522,4.4,101.2195,731051.0,-0.4969,22245.1,6587119.0,1.79,120.4884
2025-10-08,0.55,2.84,0.95,-0.522,4.4,101.2195,731051.0,-0.4969,22245.1,6590815.0,1.78,120.7766
2025-10-09,0.54,2.95,0.98,-0.522,4.4,101.2195,731051.0,-0.4969,22245.1,6590815.0,1.8,121.0902
2025-10-10,0.53,3.18,1.02,-0.52,4.4,101.2195,731051.0,-0.4865,22245.1,6590815.0,1.75,121.1163
2025-10-13,0.53,3.18,1.02,-0.52,4.4,101.2195,731051.0,-0.4865,22245.1,6590815.0,1.75,121.1163
2025-10-14,0.55,3.11,1.02,-0.52,4.4,101.2195,731051.0,-0.4865,22245.1,6590815.0,1.73,121.1822
2025-10-15,0.55,2.95,0.99,-0.52,4.4,101.2195,731051.0,-0.4865,22245.1,6596454.0,1.76,120.8642
2025-10-16,0.58,3.04,1.01,-0.52,4.4,101.2195,731051.0,-0.4865,22245.1,6596454.0,1.71,120.6698
2025-10-17,0.56,3.04,1.01,-0.517,4.4,101.2195,731051.0,-0.3686,22245.1,6596454.0,1.75,120.7028
2025-10-20,0.54,2.99,1.0,-0.517,4.4,101.2195,731051.0,-0.3686,22245.1,6596454.0,1.74,120.6209
2025-10-21,0.53,2.97,1.01,-0.517,4.4,101.2195,731051.0,-0.3686,22245.1,6596454.0,1.7,120.8895
2025-10-22,0.52,3.01,1.02,-0.517,4.4,101.2195,731051.0,-0.3686,22245.1,6589533.0,1.68,120.8958
2025-10-23,0.53,2.96,1.0,-0.517,4.4,101.2195,731051.0,-0.3686,22245.1,6589533.0,1.71,120.9531
2025-10-24,0.54,2.88,0.98,-0.514,4.4,101.2195,731051.0,-0.5108,22245.1,6589533.0,1.73,120.9345
2025-10-27,0.53,2.8,0.97,-0.514,4.4,101.2195,731051.0,-0.5108,22245.1,6589533.0,1.73,120.7988
2025-10-28,0.52,2.82,0.97,-0.514,4.4,101.2195,731051.0,-0.5108,22245.1,6589533.0,1.71,120.6361
2025-10-29,0.49,2.76,0.96,-0.514,4.4,101.2195,731051.0,-0.5108,22245.1,6587034.0,1.78,120.5312
2025-10-30,0.5,2.85,0.98,-0.514,4.4,101.2195,731051.0,-0.5108,22245.1,6587034.0,1.82,121.2832
2025-10-31,0.51,2.94,1.02,-0.511,4.4,101.2195,731051.0,-0.4616,22245.1,6587034.0,1.81,121.3859
2025-11-01,0.51,2.94,1.02,-0.511,4.5,101.0344,734718.0,-0.4616,22277.4,6587034.0,1.81,121.3859
2025-11-03,0.53,3.04,1.04,-0.511,4.5,101.0344,734718.0,-0.4616,22277.4,6587034.0,1.82,121.4512
2025-11-04,0.52,3.13,1.04,-0.511,4.5,101.0344,734718.0,-0.4616,22277.4,6587034.0,1.81,121.8271
2025-11-05,0.54,3.05,1.02,-0.511,4.5,101.0344,734718.0,-0.4616,22277.4,6572732.0,1.87,121.8482
2025-11-06,0.54,3.13,1.04,-0.511,4.5,101.0344,734718.0,-0.4616,22277.4,6572732.0,1.83,121.6948
2025-11-07,0.56,3.15,1.06,-0.507,4.5,101.0344,734718.0,-0.3123,22277.4,6572732.0,1.83,121.388
2025-11-10,0.55,3.02,1.05,-0.507,4.5,101.0344,734718.0,-0.3123,22277.4,6572732.0,1.84,121.2984
2025-11-11,0.55,3.02,1.05,-0.507,4.5,101.0344,734718.0,-0.3123,22277.4,6572732.0,1.84,121.2984
2025-11-12,0.52,3.02,1.05,-0.507,4.5,101.0344,734718.0,-0.3123,22277.4,6580462.0,1.81,121.0458
2025-11-13,0.53,3.09,1.06,-0.507,4.5,101.0344,734718.0,-0.3123,22277.4,6580462.0,1.83,120.7725
2025-11-14,0.52,3.07,1.06,-0.505,4.5,101.0344,734718.0,-0.5077,22277.4,6580462.0,1.86,120.9666
2025-11-17,0.53,3.13,1.06,-0.505,4.5,101.0344,734718.0,-0.5077,22277.4,6580462.0,1.85,121.1146
2025-11-18,0.54,3.2,1.07,-0.505,4.5,101.0344,734718.0,-0.5077,22277.4,6580462.0,1.85,121.2127
2025-11-19,0.55,3.17,1.07,-0.505,4.5,101.0344,734718.0,-0.5077,22277.4,6555283.0,1.86,121.4978
2025-11-20,0.55,3.17,1.08,-0.505,4.5,101.0344,734718.0,-0.5077,22277.4,6555283.0,1.86,121.6889
2025-11-21,0.55,3.19,1.09,-0.505,4.5,101.0344,734718.0,-0.1324,22277.4,6555283.0,1.82,121.8653
2025-11-24,0.58,3.15,1.08,-0.505,4.5,101.0344,734718.0,-0.1324,22277.4,6555283.0,1.81,121.9171
2025-11-25,0.58,3.1,1.07,-0.505,4.5,101.0344,734718.0,-0.1324,22277.4,6555283.0,1.79,121.6335
2025-11-26,0.55,3.0,1.05,-0.505,4.5,101.0344,734718.0,-0.1324,22277.4,6552419.0,1.77,121.2437
2025-11-27,0.55,3.0,1.05,-0.505,4.5,101.0344,734718.0,-0.1324,22277.4,6552419.0,1.77,121.2437
2025-11-28,0.55,2.95,1.04,-0.506,4.5,101.0344,734718.0,-0.3941,22277.4,6552419.0,1.79,121.0527
2025-11-30,0.55,2.92,1.05,-0.506,4.5,101.0344,734718.0,-0.3941,22277.4,6552419.0,1.79,121.0527
2025-12-01,0.55,2.94,1.04,-0.506,4.4,101.5203,734717.0,-0.3941,22353.5,6552419.0,1.85,120.9862
2025-12-02,0.58,2.92,1.03,-0.506,4.4,101.5203,734717.0,-0.3941,22353.5,6552419.0,1.85,121.1467
2025-12-03,0.57,2.89,1.03,-0.506,4.4,101.5203,734717.0,-0.3941,22353.5,6535781.0,1.82,120.7336
2025-12-04,0.59,2.88,1.02,-0.506,4.4,101.5203,734717.0,-0.3941,22353.5,6535781.0,1.85,120.6766
2025-12-05,0.58,2.85,1.01,-0.509,4.4,101.5203,734717.0,-0.4247,22353.5,6535781.0,1.88,120.6863
2025-12-08,0.6,2.89,1.0,-0.509,4.4,101.5203,734717.0,-0.4247,22353.5,6535781.0,1.91,120.776
2025-12-09,0.57,2.89,1.0,-0.509,4.4,101.5203,734717.0,-0.4247,22353.5,6535781.0,1.92,120.6832
2025-12-10,0.59,2.91,1.0,-0.509,4.4,101.5203,734717.0,-0.4247,22353.5,6539303.0,1.88,120.6752
2025-12-11,0.62,2.88,1.0,-0.509,4.4,101.5203,734717.0,-0.4247,22353.5,6539303.0,1.89,119.98
2025-12-12,0.67,2.91,1.01,-0.514,4.4,101.5203,734717.0,-0.358,22353.5,6539303.0,1.93,120.1442
2025-12-15,0.67,2.91,1.02,-0.514,4.4,101.5203,734717.0,-0.358,22353.5,6539303.0,1.93,119.9561
2025-12-16,0.67,2.98,1.03,-0.514,4.4,101.5203,734717.0,-0.358,22353.5,6539303.0,1.92,119.8902
2025-12-17,0.67,2.99,1.03,-0.514,4.4,101.5203,734717.0,-0.358,22353.5,6556861.0,1.92,120.155
2025-12-18,0.66,2.95,1.03,-0.514,4.4,101.5203,734717.0,-0.358,22353.5,6556861.0,1.88,120.0528
2025-12-19,0.68,2.9,1.02,-0.522,4.4,101.5203,734717.0,-0.3376,22353.5,6556861.0,1.92,120.1652
2025-12-22,0.73,2.88,1.02,-0.522,4.4,101.5203,734717.0,-0.3376,22353.5,6556861.0,1.94,119.9912
2025-12-23,0.7,2.83,1.01,-0.522,4.4,101.5203,734717.0,-0.3376,22353.5,6556861.0,1.94,119.7057
2025-12-24,0.68,2.84,1.0,-0.522,4.4,101.5203,734717.0,-0.3376,22353.5,6581231.0,1.91,119.4372
2025-12-25,0.68,2.84,1.0,-0.522,4.4,101.5203,734717.0,-0.3376,22353.5,6581231.0,1.91,119.4372
2025-12-26,0.68,2.86,1.0,-0.534,4.4,101.5203,734717.0,-0.5785,22353.5,6581231.0,1.91,119.4723
2025-12-29,0.67,2.87,1.0,-0.534,4.4,101.5203,734717.0,-0.5785,22353.5,6581231.0,1.9,119.5899
2025-12-30,0.69,2.84,1.01,-0.534,4.4,101.5203,734717.0,-0.5785,22353.5,6581231.0,1.9,119.4939
2025-12-31,0.71,2.81,1.01,-0.534,4.4,101.5203,734717.0,-0.5785,22353.5,6640618.0,1.93,119.7456
2026-01-01,0.71,2.81,1.01,-0.534,4.3,101.4737,734503.0,-0.5785,22429.3,6640618.0,1.93,119.7456
2026-01-02,0.72,2.83,1.01,-0.545,4.3,101.4737,734503.0,-0.5623,22429.3,6640618.0,1.94,119.6059
2026-01-05,0.71,2.81,1.01,-0.545,4.3,101.4737,734503.0,-0.5623,22429.3,6640618.0,1.91,119.6192
2026-01-06,0.71,2.79,1.0,-0.545,4.3,101.4737,734503.0,-0.5623,22429.3,6640618.0,1.91,119.7807
2026-01-07,0.68,2.79,1.01,-0.545,4.3,101.4737,734503.0,-0.5623,22429.3,6573602.0,1.88,119.8719
2026-01-08,0.7,2.76,1.01,-0.545,4.3,101.4737,734503.0,-0.5623,22429.3,6573602.0,1.92,120.0904
2026-01-09,0.64,2.74,0.99,-0.556,4.3,101.4737,734503.0,-0.6612,22429.3,6573602.0,1.9,120.2215
2026-01-12,0.65,2.74,0.99,-0.556,4.3,101.4737,734503.0,-0.6612,22429.3,6573602.0,1.9,119.9958
2026-01-13,0.65,2.75,0.98,-0.556,4.3,101.4737,734503.0,-0.6612,22429.3,6573602.0,1.88,120.1401
2026-01-14,0.64,2.76,0.98,-0.556,4.3,101.4737,734503.0,-0.6612,22429.3,6581700.0,1.86,119.9537
2026-01-15,0.61,2.71,0.97,-0.556,4.3,101.4737,734503.0,-0.6612,22429.3,6581700.0,1.88,119.9951
2026-01-16,0.65,2.65,0.96,-0.562,4.3,101.4737,734503.0,-0.6484,22429.3,6581700.0,1.91,120.0838
2026-01-19,0.65,2.65,0.96,-0.562,4.3,101.4737,734503.0,-0.6484,22429.3,6581700.0,1.91,120.0838
2026-01-20,0.7,2.73,0.96,-0.562,4.3,101.4737,734503.0,-0.6484,22429.3,6581700.0,1.97,119.4455
2026-01-21,0.66,2.69,0.95,-0.562,4.3,101.4737,734503.0,-0.6484,22429.3,6584580.0,1.92,119.3431
2026-01-22,0.65,2.64,0.93,-0.562,4.3,101.4737,734503.0,-0.6484,22429.3,6584580.0,1.95,119.1962
2026-01-23,0.64,2.68,0.94,-0.564,4.3,101.4737,734503.0,-0.7105,22429.3,6584580.0,1.92,118.8976
2026-01-26,0.66,2.69,0.94,-0.564,4.3,101.4737,734503.0,-0.7105,22429.3,6584580.0,1.9,118.0525
2026-01-27,0.71,2.71,0.94,-0.564,4.3,101.4737,734503.0,-0.7105,22429.3,6584580.0,1.9,117.4523
2026-01-28,0.7,2.72,0.93,-0.564,4.3,101.4737,734503.0,-0.7105,22429.3,6587568.0,1.9,117.5117
2026-01-29,0.71,2.77,0.94,-0.564,4.3,101.4737,734503.0,-0.7105,22429.3,6587568.0,1.89,117.4396
2026-01-30,0.74,2.8,0.94,-0.561,4.3,101.4737,734503.0,-0.6757,22429.3,6587568.0,1.9,117.8996
2026-01-31,0.74,2.88,0.95,-0.561,4.3,101.4737,734503.0,-0.6757,22429.3,6587568.0,1.9,117.8996
2026-02-01,0.74,2.88,0.95,-0.561,4.4,102.1009,741278.0,-0.6757,22627.0,6587568.0,1.9,117.8996
2026-02-02,0.72,2.81,0.93,-0.561,4.4,102.1009,741278.0,-0.6757,22627.0,6587568.0,1.94,118.3609
2026-02-03,0.71,2.85,0.94,-0.561,4.4,102.1009,741278.0,-0.6757,22627.0,6587568.0,1.92,117.9764
2026-02-04,0.72,2.86,0.95,-0.561,4.4,102.1009,741278.0,-0.6757,22627.0,6605909.0,1.94,118.2602
2026-02-05,0.74,2.97,0.96,-0.561,4.4,102.1009,741278.0,-0.6757,22627.0,6605909.0,1.89,118.5034
2026-02-06,0.72,2.87,0.96,-0.553,4.4,102.1009,741278.0,-0.6539,22627.0,6605909.0,1.88,118.2407
2026-02-09,0.74,2.84,0.96,-0.553,4.4,102.1009,741278.0,-0.6539,22627.0,6605909.0,1.87,117.6392
2026-02-10,0.71,2.86,0.98,-0.553,4.4,102.1009,741278.0,-0.6539,22627.0,6605909.0,1.84,117.5216
2026-02-11,0.66,2.84,0.98,-0.553,4.4,102.1009,741278.0,-0.6539,22627.0,6622382.0,1.86,117.4601
2026-02-12,0.62,2.92,0.99,-0.553,4.4,102.1009,741278.0,-0.6539,22627.0,6622382.0,1.8,117.5376
2026-02-13,0.64,2.95,1.0,-0.54,4.4,102.1009,741278.0,-0.617,22627.0,6622382.0,1.77,117.5258
2026-02-16,0.64,2.94,1.0,-0.54,4.4,102.1009,741278.0,-0.617,22627.0,6622382.0,1.77,117.5258
2026-02-17,0.62,2.94,1.01,-0.54,4.4,102.1009,741278.0,-0.617,22627.0,6622382.0,1.79,117.7375
2026-02-18,0.62,2.86,0.99,-0.54,4.4,102.1009,741278.0,-0.617,22627.0,6613395.0,1.8,117.8426
2026-02-19,0.61,2.88,0.99,-0.54,4.4,102.1009,741278.0,-0.617,22627.0,6613395.0,1.79,118.2354
2026-02-20,0.6,2.86,0.99,-0.523,4.4,102.1009,741278.0,-0.4856,22627.0,6613395.0,1.8,117.9917
2026-02-23,0.6,2.95,1.01,-0.523,4.4,102.1009,741278.0,-0.4856,22627.0,6613395.0,1.77,117.9395
2026-02-24,0.61,2.97,1.02,-0.523,4.4,102.1009,741278.0,-0.4856,22627.0,6613395.0,1.78,117.9463
2026-02-25,0.6,2.94,1.01,-0.523,4.4,102.1009,741278.0,-0.4856,22627.0,6613797.0,1.77,117.769
2026-02-26,0.6,2.98,1.03,-0.523,4.4,102.1009,741278.0,-0.4856,22627.0,6613797.0,1.74,117.9042
2026-02-27,0.59,3.1,1.07,-0.504,4.4,102.1009,741278.0,-0.4407,22627.0,6613797.0,1.72,117.8223
2026-02-28,0.59,3.12,1.08,-0.504,4.4,102.1009,741278.0,-0.4407,22627.0,6613797.0,1.72,117.8223
2026-03-01,0.59,3.12,1.08,-0.504,4.3,101.806,753370.0,-0.4407,22686.4,6613797.0,1.72,117.8223
2026-03-02,0.58,3.03,1.06,-0.504,4.3,101.806,753370.0,-0.4407,22686.4,6613797.0,1.76,118.667
2026-03-03,0.55,3.08,1.06,-0.504,4.3,101.806,753370.0,-0.4407,22686.4,6613797.0,1.77,119.4341
2026-03-04,0.55,2.97,1.03,-0.504,4.3,101.806,753370.0,-0.4407,22686.4,6628894.0,1.8,119.0705
2026-03-05,0.56,3.0,1.04,-0.504,4.3,101.806,753370.0,-0.4407,22686.4,6628894.0,1.82,119.5683
2026-03-06,0.59,3.13,1.06,-0.484,4.3,101.806,753370.0,-0.4281,22686.4,6628894.0,1.8,119.491
2026-03-09,0.56,3.19,1.07,-0.484,4.3,101.806,753370.0,-0.4281,22686.4,6628894.0,1.78,119.5151
2026-03-10,0.58,3.06,1.06,-0.484,4.3,101.806,753370.0,-0.4281,22686.4,6628894.0,1.82,118.7255
2026-03-11,0.57,3.09,1.09,-0.484,4.3,101.806,753370.0,-0.4281,22686.4,6646344.0,1.85,119.2885
2026-03-12,0.51,3.17,1.12,-0.484,4.3,101.806,753370.0,-0.4281,22686.4,6646344.0,1.89,119.8227
2026-03-13,0.55,3.28,1.15,-0.467,4.3,101.806,753370.0,-0.2987,22686.4,6646344.0,1.92,120.5518
2026-03-16,0.55,3.27,1.16,-0.467,4.3,101.806,753370.0,-0.2987,22686.4,6646344.0,1.87,120.097
2026-03-17,0.52,3.22,1.14,-0.467,4.3,101.806,753370.0,-0.2987,22686.4,6646344.0,1.83,119.8328
2026-03-18,0.5,3.2,1.13,-0.467,4.3,101.806,753370.0,-0.2987,22686.4,6655939.0,1.86,119.9276
2026-03-19,0.46,3.27,1.13,-0.467,4.3,101.806,753370.0,-0.2987,22686.4,6655939.0,1.88,120.1802
2026-03-20,0.51,3.24,1.11,-0.456,4.3,101.806,753370.0,-0.3663,22686.4,6655939.0,2.01,120.2757
2026-03-23,0.51,3.19,1.11,-0.456,4.3,101.806,753370.0,-0.3663,22686.4,6655939.0,2.01,119.9371
2026-03-24,0.49,3.19,1.09,-0.456,4.3,101.806,753370.0,-0.3663,22686.4,6655939.0,2.06,120.1295
2026-03-25,0.49,3.17,1.09,-0.456,4.3,101.806,753370.0,-0.3663,22686.4,6657161.0,2.02,120.1282
2026-03-26,0.46,3.21,1.11,-0.456,4.3,101.806,753370.0,-0.3663,22686.4,6657161.0,2.08,120.389
2026-03-27,0.56,3.42,1.14,-0.451,4.3,101.806,753370.0,-0.181,22686.4,6657161.0,2.13,120.8851
2026-03-30,0.53,3.46,1.16,-0.451,4.3,101.806,753370.0,-0.181,22686.4,6657161.0,2.04,121.2851
2026-03-31,0.51,3.28,1.13,-0.451,4.3,101.806,753370.0,-0.181,22686.4,6657161.0,2.0,121.035
2026-04-01,0.52,3.16,1.1,-0.451,4.3,102.4963,757085.0,-0.181,22804.5,6675344.0,2.02,120.1198
2026-04-02,0.52,3.17,1.09,-0.451,4.3,102.4963,757085.0,-0.181,22804.5,6675344.0,1.97,120.503
2026-04-03,0.51,3.13,1.09,-0.455,4.3,102.4963,757085.0,-0.2382,22804.5,6675344.0,1.99,120.6565
2026-04-06,0.5,3.05,1.07,-0.455,4.3,102.4963,757085.0,-0.2382,22804.5,6675344.0,1.98,120.4302
2026-04-07,0.52,3.12,1.08,-0.455,4.3,102.4963,757085.0,-0.2382,22804.5,6675344.0,1.96,120.32
2026-04-08,0.5,2.94,1.05,-0.455,4.3,102.4963,757085.0,-0.2382,22804.5,6693871.0,1.96,119.0596
2026-04-09,0.51,2.9,1.05,-0.455,4.3,102.4963,757085.0,-0.2382,22804.5,6693871.0,1.95,118.8998
2026-04-10,0.5,2.94,1.04,-0.465,4.3,102.4963,757085.0,-0.6453,22804.5,6693871.0,1.95,118.8552
2026-04-13,0.52,2.95,1.04,-0.465,4.3,102.4963,757085.0,-0.6453,22804.5,6693871.0,1.92,118.9916
2026-04-14,0.5,2.84,1.02,-0.465,4.3,102.4963,757085.0,-0.6453,22804.5,6693871.0,1.89,118.3581
2026-04-15,0.53,2.85,1.01,-0.465,4.3,102.4963,757085.0,-0.6453,22804.5,6705696.0,1.9,118.3623
2026-04-16,0.54,2.86,1.01,-0.465,4.3,102.4963,757085.0,-0.6453,22804.5,6705696.0,1.93,118.3616
2026-04-17,0.55,2.83,1.01,-0.479,4.3,102.4963,757085.0,-0.7559,22804.5,6705696.0,1.9,118.0795
2026-04-20,0.54,2.87,1.01,-0.479,4.3,102.4963,757085.0,-0.7559,22804.5,6705696.0,1.91,118.2374
2026-04-21,0.52,2.85,1.0,-0.479,4.3,102.4963,757085.0,-0.7559,22804.5,6705696.0,1.92,118.4331
2026-04-22,0.51,2.84,0.99,-0.479,4.3,102.4963,757085.0,-0.7559,22804.5,6707419.0,1.92,118.6004
2026-04-23,0.51,2.86,1.0,-0.479,4.3,102.4963,757085.0,-0.7559,22804.5,6707419.0,1.92,118.7155
2026-04-24,0.53,2.86,1.0,-0.492,4.3,102.4963,757085.0,-0.6773,22804.5,6707419.0,1.89,118.7294
2026-04-27,0.57,2.84,1.01,-0.492,4.3,102.4963,757085.0,-0.6773,22804.5,6707419.0,1.91,118.5458
2026-04-28,0.52,2.85,1.02,-0.492,4.3,102.4963,757085.0,-0.6773,22804.5,6707419.0,1.92,118.7717
2026-04-29,0.5,2.82,1.01,-0.492,4.3,102.4963,757085.0,-0.6773,22804.5,6699950.0,1.96,119.0975
2026-04-30,0.52,2.83,1.02,-0.492,4.3,102.4963,757085.0,-0.6773,22804.5,6699950.0,1.94,118.671
2026-05-01,0.51,2.77,1.01,-0.505,4.3,102.4963,757085.0,-0.6703,22804.5,6699950.0,1.91,118.3926
2026-05-04,0.5,2.78,1.01,-0.505,4.3,102.4963,757085.0,-0.6703,22804.5,6699950.0,1.95,118.8264
2026-05-05,0.5,2.77,0.99,-0.505,4.3,102.4963,757085.0,-0.6703,22804.5,6699950.0,1.96,118.6207
2026-05-06,0.49,2.75,0.99,-0.505,4.3,102.4963,757085.0,-0.6703,22804.5,6709505.0,1.94,118.0982
2026-05-07,0.49,2.79,0.99,-0.505,4.3,102.4963,757085.0,-0.6703,22804.5,6709505.0,1.96,118.0116
2026-05-08,0.48,2.81,0.99,-0.516,4.3,102.4963,757085.0,-0.7619,22804.5,6709505.0,1.93,118.0392
2026-05-11,0.47,2.79,0.98,-0.516,4.3,102.4963,757085.0,-0.7619,22804.5,6709505.0,1.95,118.0562
2026-05-12,0.46,2.82,0.97,-0.516,4.3,102.4963,757085.0,-0.7619,22804.5,6709505.0,1.99,118.5238
2026-05-13,0.48,2.82,0.96,-0.516,4.3,102.4963,757085.0,-0.7619,22804.5,6728502.0,1.99,118.4737
2026-05-14,0.47,2.76,0.95,-0.516,4.3,102.4963,757085.0,-0.7619,22804.5,6728502.0,2.0,118.6696
2026-05-15,0.5,2.8,0.94,-0.523,4.3,102.4963,757085.0,-0.7404,22804.5,6728502.0,2.1,119.2825
2026-05-18,0.54,2.83,0.94,-0.523,4.3,102.4963,757085.0,-0.7404,22804.5,6728502.0,2.13,119.0574
2026-05-19,0.54,2.86,0.95,-0.523,4.3,102.4963,757085.0,-0.7404,22804.5,6728502.0,2.18,119.451
2026-05-20,0.53,2.8,0.95,-0.523,4.3,102.4963,757085.0,-0.7404,22804.5,6713643.0,2.13,119.1624
2026-05-21,0.49,2.78,0.94,-0.523,4.3,102.4963,757085.0,-0.7404,22804.5,6713643.0,2.18,119.369
2026-05-22,0.43,2.74,0.93,-0.523,4.3,102.4963,757085.0,-0.7404,22804.5,6713643.0,2.16,119.2868
2026-05-25,0.43,2.74,0.93,-0.523,4.3,102.4963,757085.0,-0.7404,22804.5,6713643.0,2.16,119.2868
2026-05-26,0.49,2.74,0.93,-0.523,4.3,102.4963,757085.0,-0.7404,22804.5,6713643.0,2.16,119.2868
