Date,CSHI,DBMF,GLD,QQQ,SHV,SPY,TLT,^GSPC,^VIX
2000-01-03,,,,79.92744445800781,,91.36752319335938,,1455.219970703125,24.209999084472656
2000-01-04,,,,74.44422149658203,,87.79448699951172,,1399.4200439453125,27.010000228881836
2000-01-05,,,,72.5462417602539,,87.95155334472656,,1402.1099853515625,26.40999984741211
2000-01-06,,,,67.56395721435547,,86.53807830810547,,1403.449951171875,25.729999542236328
2000-01-07,,,,75.92053985595703,,91.56382751464844,,1441.469970703125,21.719999313354492
2000-01-10,,,,78.0294189453125,,91.87793731689453,,1457.5999755859375,21.709999084472656
2000-01-11,,,,74.2333755493164,,90.77860260009766,,1438.56005859375,22.5
2000-01-12,,,,72.59893798828125,,89.87548828125,,1432.25,22.84000015258789
2000-01-13,,,,76.9749526977539,,91.09270477294922,,1449.6800537109375,21.709999084472656
2000-01-14,,,,78.76750183105469,,92.3294906616211,,1465.1500244140625,19.65999984741211
2000-01-18,,,,79.18928527832031,,91.60307312011719,,1455.1400146484375,21.5
2000-01-19,,,,80.98184967041016,,92.34913635253906,,1455.9000244140625,21.719999313354492
2000-01-20,,,,80.19104766845703,,90.93562316894531,,1445.5699462890625,21.75
2000-01-21,,,,81.19278717041016,,90.73931121826172,,1441.3599853515625,20.81999969482422
2000-01-24,,,,77.29129028320312,,88.16749572753906,,1401.530029296875,24.06999969482422
2000-01-25,,,,78.45121765136719,,89.16876220703125,,1410.030029296875,23.020000457763672
2000-01-26,,,,75.28779602050781,,88.46197509765625,,1404.0899658203125,23.030000686645508
2000-01-27,,,,76.3949966430664,,88.1086196899414,,1398.56005859375,23.540000915527344
2000-01-28,,,,72.5462417602539,,85.36016845703125,,1360.1600341796875,26.139999389648438
2000-01-31,,,,75.65689086914062,,87.67674255371094,,1394.4599609375,24.950000762939453
2000-02-01,,,,77.68671417236328,,88.54054260253906,,1409.280029296875,23.450000762939453
2000-02-02,,,,78.34574890136719,,88.6190414428711,,1409.1199951171875,23.1200008392334
2000-02-03,,,,81.40361785888672,,89.95405578613281,,1424.969970703125,22.010000228881836
2000-02-04,,,,81.95721435546875,,89.58100128173828,,1424.3699951171875,21.540000915527344
2000-02-07,,,,83.09076690673828,,89.44356536865234,,1424.239990234375,22.790000915527344
2000-02-08,,,,86.57048797607422,,90.66078186035156,,1441.719970703125,21.25
2000-02-09,,,,83.51253509521484,,88.75643920898438,,1411.7099609375,22.899999618530273
2000-02-10,,,,86.25410461425781,,88.93318939208984,,1416.8299560546875,23.06999969482422
2000-02-11,,,,84.25068664550781,,87.12700653076172,,1387.1199951171875,24.420000076293945
2000-02-14,,,,84.14521026611328,,87.63743591308594,,1389.93994140625,24.3799991607666
2000-02-15,,,,84.75153350830078,,88.62887573242188,,1402.050048828125,22.920000076293945
2000-02-16,,,,84.35613250732422,,87.32333374023438,,1387.6700439453125,23.510000228881836
2000-02-17,,,,86.14869689941406,,86.87179565429688,,1388.260009765625,23.170000076293945
2000-02-18,,,,83.03804779052734,,85.00675201416016,,1346.0899658203125,26.0
2000-02-22,,,,83.3016357421875,,84.79080200195312,,1352.1700439453125,25.860000610351562
2000-02-23,,,,87.94123077392578,,85.7920150756836,,1360.68994140625,23.889999389648438
2000-02-24,,,,89.83924865722656,,84.06440734863281,,1353.4300537109375,24.3799991607666
2000-02-25,,,,87.7830810546875,,83.76009368896484,,1333.3599853515625,25.200000762939453
2000-02-28,,,,87.73035430908203,,85.5172119140625,,1348.050048828125,24.68000030517578
2000-02-29,,,,90.05010986328125,,86.34175109863281,,1366.4200439453125,23.3700008392334
2000-03-01,,,,90.78824615478516,,86.9699478149414,,1379.18994140625,21.639999389648438
2000-03-02,,,,88.68596649169922,,87.02886199951172,,1381.760009765625,21.059999465942383
2000-03-03,,,,93.68800354003906,,88.65833282470703,,1409.1700439453125,19.209999084472656
2000-03-06,,,,94.42607879638672,,87.79448699951172,,1391.280029296875,21.5
2000-03-07,,,,93.00261688232422,,86.09629821777344,,1355.6199951171875,24.309999465942383
2000-03-08,,,,93.84618377685547,,85.98834991455078,,1366.699951171875,23.81999969482422
2000-03-09,,,,97.00951385498047,,88.50126647949219,,1401.68994140625,22.209999084472656
2000-03-10,,,,96.58775329589844,,88.03009033203125,,1395.0699462890625,21.239999771118164
2000-03-13,,,,94.05709075927734,,87.06813049316406,,1383.6199951171875,22.850000381469727
2000-03-14,,,,90.5773696899414,,85.83130645751953,,1359.1500244140625,24.40999984741211
2000-03-15,,,,86.78130340576172,,87.83381652832031,,1392.1400146484375,22.34000015258789
2000-03-16,,,,91.73728942871094,,91.93683624267578,,1458.469970703125,20.770000457763672
2000-03-17,,,,93.47711181640625,,92.54447174072266,,1464.469970703125,22.3700008392334
2000-03-20,,,,90.84099578857422,,92.07209777832031,,1456.6300048828125,22.959999084472656
2000-03-21,,,,94.26795959472656,,93.96160888671875,,1493.8699951171875,21.700000762939453
2000-03-22,,,,96.16596984863281,,94.53231811523438,,1500.6400146484375,21.489999771118164
2000-03-23,,,,97.85310363769531,,96.14627838134766,,1527.3499755859375,22.260000228881836
2000-03-24,,,,99.17117309570312,,96.71707916259766,,1527.4599609375,23.309999465942383
2000-03-27,,,,99.32933044433594,,95.69361877441406,,1523.8599853515625,24.530000686645508
2000-03-28,,,,96.79862213134766,,95.14251708984375,,1507.72998046875,24.860000610351562
2000-03-29,,,,92.79173278808594,,95.24089050292969,,1508.52001953125,24.100000381469727
2000-03-30,,,,90.47190856933594,,93.64669036865234,,1487.9200439453125,25.469999313354492
2000-03-31,,,,92.36994934082031,,94.70945739746094,,1498.5799560546875,24.110000610351562
2000-04-03,,,,86.8340835571289,,95.26055908203125,,1505.969970703125,24.030000686645508
2000-04-04,,,,85.99053192138672,,94.55203247070312,,1494.72998046875,27.1200008392334
2000-04-05,,,,84.4615478515625,,93.96160888671875,,1487.3699951171875,28.40999984741211
2000-04-06,,,,86.46500396728516,,94.77837371826172,,1501.3399658203125,27.149999618530273
2000-04-07,,,,89.94466400146484,,95.37870788574219,,1516.3499755859375,24.389999389648438
2000-04-10,,,,84.4615478515625,,95.0047607421875,,1504.4599609375,25.989999771118164
2000-04-11,,,,82.45811462402344,,94.72917938232422,,1500.5899658203125,27.25
2000-04-12,,,,77.60762786865234,,92.13117218017578,,1467.1700439453125,28.979999542236328
2000-04-13,,,,74.2333755493164,,90.85182189941406,,1440.510009765625,29.399999618530273
2000-04-14,,,,67.80125427246094,,85.65576934814453,,1356.56005859375,33.4900016784668
2000-04-17,,,,75.60417938232422,,88.64744567871094,,1401.43994140625,28.950000762939453
2000-04-18,,,,77.60762786865234,,90.98958587646484,,1441.6099853515625,26.1200008392334
2000-04-19,,,,75.23511505126953,,90.14325714111328,,1427.469970703125,27.020000457763672
2000-04-20,,,,73.60070037841797,,90.57628631591797,,1434.5400390625,25.850000381469727
2000-04-24,,,,71.49181365966797,,89.5921630859375,,1429.8599853515625,27.3700008392334
2000-04-25,,,,76.31587982177734,,93.31205749511719,,1477.43994140625,25.239999771118164
2000-04-26,,,,73.70612335205078,,92.25907135009766,,1460.989990234375,26.969999313354492
2000-04-27,,,,76.9749526977539,,91.95401763916016,,1464.9200439453125,26.190000534057617
2000-04-28,,,,79.92744445800781,,91.38324737548828,,1452.4300537109375,26.200000762939453
2000-05-01,,,,80.66552734375,,92.62317657470703,,1468.25,25.8799991607666
2000-05-02,,,,76.02594757080078,,90.7730712890625,,1446.2900390625,28.5
2000-05-03,,,,75.182373046875,,88.64744567871094,,1415.0999755859375,31.6299991607666
2000-05-04,,,,75.34053802490234,,89.316650390625,,1409.5699462890625,30.770000457763672
2000-05-05,,,,77.13309478759766,,90.399169921875,,1432.6300048828125,27.530000686645508
2000-05-08,,,,74.1279067993164,,89.72012329101562,,1424.1700439453125,28.200000762939453
2000-05-09,,,,72.5462417602539,,89.001708984375,,1412.1400146484375,28.93000030517578
2000-05-10,,,,67.27400207519531,,86.994140625,,1383.050048828125,29.8700008392334
2000-05-11,,,,71.38639831542969,,88.98202514648438,,1407.81005859375,27.760000228881836
2000-05-12,,,,71.38639831542969,,89.94644165039062,,1420.9599609375,26.049999237060547
2000-05-15,,,,74.49700164794922,,91.50130462646484,,1452.3599853515625,24.860000610351562
2000-05-16,,,,76.60590362548828,,92.3870620727539,,1466.0400390625,24.34000015258789
2000-05-17,,,,75.02423095703125,,91.42262268066406,,1447.800048828125,23.979999542236328
2000-05-18,,,,72.33534240722656,,90.30070495605469,,1437.2099609375,23.959999084472656
2000-05-19,,,,68.90837097167969,,88.88365936279297,,1406.949951171875,25.440000534057617
2000-05-22,,,,68.85568237304688,,88.21444702148438,,1400.719970703125,26.0
2000-05-23,,,,63.10892105102539,,86.91543579101562,,1373.8599853515625,25.8700008392334
2000-05-24,,,,67.06312561035156,,88.33255767822266,,1399.050048828125,24.31999969482422
2000-05-25,,,,65.58686065673828,,86.81702423095703,,1381.52001953125,24.579999923706055
2000-05-26,,,,65.58686065673828,,86.91543579101562,,1378.02001953125,24.469999313354492
2000-05-30,,,,72.17720031738281,,89.7496337890625,,1422.449951171875,23.6200008392334
2000-05-31,,,,70.12100982666016,,89.94644165039062,,1420.5999755859375,23.649999618530273
2000-06-01,,,,73.70612335205078,,91.52104949951172,,1448.81005859375,22.360000610351562
2000-06-02,,,,78.97840118408203,,93.11524963378906,,1477.260009765625,21.479999542236328
2000-06-05,,,,79.17610931396484,,92.66261291503906,,1467.6300048828125,22.709999084472656
2000-06-06,,,,76.9749526977539,,92.2492446899414,,1457.8399658203125,23.049999237060547
2000-06-07,,,,79.03112030029297,,92.88890075683594,,1471.3599853515625,22.479999542236328
2000-06-08,,,,78.66207885742188,,92.5248031616211,,1461.6700439453125,22.770000457763672
2000-06-09,,,,79.08386993408203,,92.32796478271484,,1456.949951171875,22.139999389648438
2000-06-12,,,,76.55317687988281,,91.2454605102539,,1446.0,22.31999969482422
2000-06-13,,,,79.50565338134766,,92.95780944824219,,1469.43994140625,21.670000076293945
2000-06-14,,,,77.71307373046875,,93.11524963378906,,1470.5400390625,21.479999542236328
2000-06-15,,,,79.08386993408203,,93.31205749511719,,1478.72998046875,20.68000030517578
2000-06-16,,,,79.50565338134766,,92.54534912109375,,1464.4599609375,20.5
2000-06-19,,,,82.66900634765625,,93.72906494140625,,1486.0,20.6299991607666
2000-06-20,,,,82.3526611328125,,93.39363861083984,,1475.949951171875,20.8799991607666
2000-06-21,,,,83.4071044921875,,93.35423278808594,,1479.1300048828125,20.610000610351562
2000-06-22,,,,80.34922790527344,,91.93376159667969,,1452.1800537109375,22.0
2000-06-23,,,,77.1858901977539,,91.14466857910156,,1441.47998046875,22.34000015258789
2000-06-26,,,,79.29476165771484,,92.31844329833984,,1455.31005859375,22.450000762939453
2000-06-27,,,,78.34574890136719,,91.63787078857422,,1450.550048828125,21.799999237060547
2000-06-28,,,,79.29476165771484,,91.89432525634766,,1454.8199462890625,20.290000915527344
2000-06-29,,,,77.30447387695312,,91.02625274658203,,1442.3900146484375,19.700000762939453
2000-06-30,,,,78.82023620605469,,91.71672821044922,,1454.5999755859375,19.540000915527344
2000-07-03,,,,80.34922790527344,,92.9793701171875,,1469.5400390625,19.829999923706055
2000-07-05,,,,77.23854064941406,,91.30247497558594,,1446.22998046875,21.15999984741211
2000-07-06,,,,79.29476165771484,,92.01268005371094,,1456.6700439453125,20.940000534057617
2000-07-07,,,,80.92916870117188,,93.4923095703125,,1478.9000244140625,19.219999313354492
2000-07-10,,,,79.70332336425781,,93.33448028564453,,1475.6199951171875,20.329999923706055
2000-07-11,,,,80.1383285522461,,93.53175354003906,,1480.8800048828125,20.110000610351562
2000-07-12,,,,82.03630065917969,,94.14335632324219,,1492.9200439453125,20.030000686645508
2000-07-13,,,,83.09076690673828,,94.5576171875,,1495.8399658203125,20.030000686645508
2000-07-14,,,,84.8833999633789,,95.48484802246094,,1509.97998046875,19.31999969482422
2000-07-17,,,,85.83230590820312,,95.3270034790039,,1510.489990234375,19.450000762939453
2000-07-18,,,,83.9343490600586,,94.54780578613281,,1493.739990234375,19.75
2000-07-19,,,,82.03630065917969,,93.78821563720703,,1481.9599609375,19.649999618530273
2000-07-20,,,,84.67247009277344,,95.09031677246094,,1495.5699462890625,18.940000534057617
2000-07-21,,,,81.82542419433594,,93.2358169555664,,1480.18994140625,18.940000534057617
2000-07-24,,,,80.1383285522461,,92.70315551757812,,1464.2900390625,19.920000076293945
2000-07-25,,,,80.77098083496094,,92.99913787841797,,1474.469970703125,19.389999389648438
2000-07-26,,,,80.66552734375,,92.09162902832031,,1452.4200439453125,19.670000076293945
2000-07-27,,,,77.5021743774414,,91.77597045898438,,1449.6199951171875,19.600000381469727
2000-07-28,,,,73.28437805175781,,89.7044906616211,,1419.8900146484375,20.84000015258789
2000-07-31,,,,75.44599914550781,,90.27660369873047,,1430.8299560546875,20.739999771118164
2000-08-01,,,,74.44422149658203,,90.82896423339844,,1438.0999755859375,20.549999237060547
2000-08-02,,,,73.12617492675781,,91.28272247314453,,1438.699951171875,20.0
2000-08-03,,,,76.28955078125,,91.91410064697266,,1452.56005859375,19.989999771118164
2000-08-04,,,,76.02594757080078,,92.40728759765625,,1462.9300537109375,18.6200008392334
2000-08-07,,,,77.81852722167969,,93.51206970214844,,1479.3199462890625,19.030000686645508
2000-08-08,,,,79.40017700195312,,93.86717987060547,,1482.800048828125,18.790000915527344
2000-08-09,,,,77.29129028320312,,93.07801818847656,,1472.8699951171875,19.18000030517578
2000-08-10,,,,75.7623062133789,,92.62425231933594,,1460.25,19.190000534057617
2000-08-11,,,,76.81676483154297,,93.05829620361328,,1471.8399658203125,18.549999237060547
2000-08-14,,,,78.45121765136719,,94.24201202392578,,1491.56005859375,17.8799991607666
2000-08-15,,,,78.45121765136719,,94.16310119628906,,1484.4300537109375,17.979999542236328
2000-08-16,,,,79.24199676513672,,93.82769775390625,,1479.8499755859375,18.020000457763672
2000-08-17,,,,80.77098083496094,,94.81410217285156,,1496.0699462890625,17.479999542236328
2000-08-18,,,,80.34922790527344,,94.49846649169922,,1491.719970703125,17.049999237060547
2000-08-21,,,,80.56006622314453,,95.0113525390625,,1499.47998046875,17.350000381469727
2000-08-22,,,,80.56006622314453,,94.8536148071289,,1498.1300048828125,17.469999313354492
2000-08-23,,,,81.87813568115234,,95.22844696044922,,1505.969970703125,17.3799991607666
2000-08-24,,,,83.14347839355469,,95.5243148803711,,1508.31005859375,17.040000915527344
2000-08-25,,,,82.69537353515625,,95.48484802246094,,1506.449951171875,16.530000686645508
2000-08-28,,,,83.09076690673828,,95.8104019165039,,1514.0899658203125,16.540000915527344
2000-08-29,,,,83.51253509521484,,95.83013916015625,,1509.8399658203125,16.889999389648438
2000-08-30,,,,83.4071044921875,,94.91278076171875,,1502.5899658203125,17.690000534057617
2000-08-31,,,,85.72691345214844,,96.17540740966797,,1517.6800537109375,16.84000015258789
2000-09-01,,,,86.57048797607422,,96.27396392822266,,1520.77001953125,17.530000686645508
2000-09-05,,,,83.9343490600586,,95.50459289550781,,1507.0799560546875,19.81999969482422
2000-09-06,,,,80.98184967041016,,94.41950988769531,,1492.25,20.790000915527344
2000-09-07,,,,82.7744369506836,,95.22844696044922,,1502.510009765625,19.420000076293945
2000-09-08,,,,80.24373626708984,,94.57737731933594,,1494.5,18.459999084472656
2000-09-11,,,,78.29302978515625,,94.43928527832031,,1489.260009765625,18.399999618530273
2000-09-12,,,,77.08041381835938,,93.748779296875,,1481.989990234375,18.59000015258789
2000-09-13,,,,78.87300872802734,,93.99541473388672,,1484.9100341796875,18.31999969482422
2000-09-14,,,,78.45121765136719,,94.46891021728516,,1480.8699951171875,18.260000228881836
2000-09-15,,,,77.0276870727539,,92.40208435058594,,1465.81005859375,18.520000457763672
2000-09-18,,,,75.8150405883789,,91.5516586303711,,1444.510009765625,20.25
2000-09-19,,,,78.60932922363281,,92.38229370117188,,1459.9000244140625,19.540000915527344
2000-09-20,,,,79.82198333740234,,91.69998168945312,,1451.3399658203125,19.93000030517578
2000-09-21,,,,74.02247619628906,,90.3056869506836,,1449.050048828125,20.18000030517578
2000-09-22,,,,78.39844512939453,,91.9471664428711,,1448.719970703125,20.739999771118164
2000-09-25,,,,76.31587982177734,,91.29451751708984,,1439.030029296875,21.40999984741211
2000-09-26,,,,75.44599914550781,,90.12764739990234,,1427.2099609375,21.8799991607666
2000-09-27,,,,75.55145263671875,,90.60230255126953,,1426.5699462890625,21.670000076293945
2000-09-28,,,,77.23854064941406,,91.76919555664062,,1458.2900390625,19.469999313354492
2000-09-29,,,,74.86607360839844,,90.89895629882812,,1436.510009765625,20.56999969482422
2000-10-02,,,,73.17891693115234,,91.03739929199219,,1436.22998046875,21.229999542236328
2000-10-03,,,,70.859130859375,,90.18695068359375,,1426.4599609375,21.850000381469727
2000-10-04,,,,72.22993469238281,,90.93850708007812,,1434.3199462890625,21.540000915527344
2000-10-05,,,,72.44082641601562,,91.25493621826172,,1436.280029296875,21.030000686645508
2000-10-06,,,,70.01560974121094,,89.27718353271484,,1408.989990234375,22.709999084472656
2000-10-09,,,,69.69926452636719,,88.604736328125,,1402.030029296875,24.020000457763672
2000-10-10,,,,66.06137084960938,,87.14118194580078,,1387.02001953125,24.860000610351562
2000-10-11,,,,65.00696563720703,,86.409423828125,,1364.5899658203125,26.56999969482422
2000-10-12,,,,63.372528076171875,,84.25362396240234,,1329.780029296875,30.510000228881836
2000-10-13,,,,68.53933715820312,,87.06206512451172,,1374.1700439453125,27.600000381469727
2000-10-16,,,,69.1719970703125,,87.45764923095703,,1374.6199951171875,26.790000915527344
2000-10-17,,,,66.00868225097656,,85.28206634521484,,1349.969970703125,27.84000015258789
2000-10-18,,,,65.79772186279297,,84.96561431884766,,1342.1300048828125,28.719999313354492
2000-10-19,,,,71.75542449951172,,88.16960906982422,,1388.760009765625,25.09000015258789
2000-10-20,,,,72.80984497070312,,88.54541015625,,1396.9300537109375,24.239999771118164
2000-10-23,,,,72.7044448852539,,88.9409408569336,,1395.780029296875,24.690000534057617
2000-10-24,,,,69.5937728881836,,88.3476333618164,,1398.1300048828125,24.280000686645508
2000-10-25,,,,65.69229125976562,,86.27095031738281,,1364.9000244140625,26.649999618530273
2000-10-26,,,,67.37946319580078,,86.5082778930664,,1364.43994140625,28.6200008392334
2000-10-27,,,,67.24762725830078,,88.14988708496094,,1379.5799560546875,26.469999313354492
2000-10-30,,,,64.75647735595703,,88.9409408569336,,1398.6600341796875,25.459999084472656
2000-10-31,,,,68.92157745361328,,90.47373962402344,,1429.4000244140625,23.6299991607666
2000-11-01,,,,68.32846069335938,,90.16722106933594,,1421.219970703125,24.280000686645508
2000-11-02,,,,69.1719970703125,,90.31554412841797,,1428.3199462890625,23.920000076293945
2000-11-03,,,,70.06830596923828,,90.36495971679688,,1426.68994140625,23.670000076293945
2000-11-06,,,,69.54107666015625,,90.9978256225586,,1432.18994140625,24.520000457763672
2000-11-07,,,,69.27750396728516,,90.97807312011719,,1431.8699951171875,24.90999984741211
2000-11-08,,,,63.86019515991211,,88.96073150634766,,1409.280029296875,25.65999984741211
2000-11-09,,,,63.847042083740234,,88.6245346069336,,1400.1400146484375,27.200000762939453
2000-11-10,,,,60.52552032470703,,86.46873474121094,,1365.97998046875,28.530000686645508
2000-11-13,,,,60.617801666259766,,85.79631042480469,,1351.260009765625,29.059999465942383
2000-11-14,,,,63.97880935668945,,88.05094146728516,,1382.949951171875,26.809999465942383
2000-11-15,,,,65.27053833007812,,88.32786560058594,,1389.81005859375,26.149999618530273
2000-11-16,,,,61.47452163696289,,86.94339752197266,,1372.3199462890625,25.049999237060547
2000-11-17,,,,61.434959411621094,,86.47859191894531,,1367.719970703125,24.809999465942383
2000-11-20,,,,58.93064498901367,,85.24248504638672,,1342.6199951171875,27.43000030517578
2000-11-21,,,,58.83837890625,,85.6776123046875,,1347.3499755859375,26.6200008392334
2000-11-22,,,,56.20225143432617,,83.63062286376953,,1322.3599853515625,27.709999084472656
2000-11-24,,,,59.41831970214844,,85.34138488769531,,1341.77001953125,26.0
2000-11-27,,,,58.680233001708984,,86.09297180175781,,1348.969970703125,26.93000030517578
2000-11-28,,,,55.21370315551758,,84.60960388183594,,1336.0899658203125,27.639999389648438
2000-11-29,,,,53.091636657714844,,84.45137786865234,,1341.9300537109375,27.489999771118164
2000-11-30,,,,53.13118362426758,,83.71961975097656,,1314.949951171875,29.649999618530273
2000-12-01,,,,53.98792266845703,,83.6800765991211,,1315.22998046875,27.479999542236328
2000-12-04,,,,54.83148193359375,,84.39205169677734,,1324.969970703125,27.780000686645508
2000-12-05,,,,59.629215240478516,,87.16097259521484,,1376.5400390625,24.989999771118164
2000-12-06,,,,57.362159729003906,,85.76661682128906,,1351.4599609375,25.06999969482422
2000-12-07,,,,56.09681701660156,,84.58982849121094,,1343.550048828125,25.34000015258789
2000-12-08,,,,57.362159729003906,,84.78759002685547,,1369.8900146484375,22.40999984741211
2000-12-11,,,,62.739864349365234,,87.7345199584961,,1380.199951171875,23.510000228881836
2000-12-12,,,,60.446407318115234,,87.3587417602539,,1371.1800537109375,24.8799991607666
2000-12-13,,,,57.98165512084961,,86.16220092773438,,1359.989990234375,23.6299991607666
2000-12-14,,,,55.14781188964844,,85.06452178955078,,1340.9300537109375,24.860000610351562
2000-12-15,,,,53.88248062133789,,83.14320373535156,,1312.1500244140625,26.549999237060547
2000-12-18,,,,53.98792266845703,,84.25411224365234,,1322.739990234375,27.700000762939453
2000-12-19,,,,49.87553405761719,,82.53812408447266,,1305.5999755859375,27.170000076293945
2000-12-20,,,,47.01536178588867,,80.14755249023438,,1264.739990234375,31.739999771118164
2000-12-21,,,,47.292144775390625,,80.70304870605469,,1274.8599853515625,29.65999984741211
2000-12-22,,,,51.03544616699219,,83.12335205078125,,1305.949951171875,27.549999237060547
2000-12-26,,,,51.351776123046875,,84.0160903930664,,1315.18994140625,28.729999542236328
2000-12-27,,,,51.931732177734375,,84.63113403320312,,1328.9200439453125,28.139999389648438
2000-12-28,,,,51.82627868652344,,84.88896942138672,,1334.219970703125,26.56999969482422
2000-12-29,,,,49.24286651611328,,83.2820816040039,,1320.280029296875,26.850000381469727
2001-01-02,,,,45.07780456542969,,81.77430725097656,,1283.27001953125,29.989999771118164
2001-01-03,,,,52.66984558105469,,85.70235443115234,,1347.56005859375,26.600000381469727
2001-01-04,,,,51.72081756591797,,84.7798843383789,,1333.3399658203125,26.969999313354492
2001-01-05,,,,47.766639709472656,,82.01237487792969,,1298.3499755859375,28.670000076293945
2001-01-08,,,,48.29387664794922,,82.647216796875,,1295.8599853515625,29.84000015258789
2001-01-09,,,,48.29387664794922,,82.42900085449219,,1300.800048828125,27.989999771118164
2001-01-10,,,,50.771827697753906,,83.87716674804688,,1313.27001953125,26.799999237060547
2001-01-11,,,,52.248069763183594,,83.9565658569336,,1326.8199462890625,25.790000915527344
2001-01-12,,,,52.920265197753906,,83.79788208007812,,1318.550048828125,24.559999465942383
2001-01-16,,,,52.28759765625,,84.33348846435547,,1326.6500244140625,25.280000686645508
2001-01-17,,,,53.88248062133789,,84.7203369140625,,1329.469970703125,24.93000030517578
2001-01-18,,,,56.1495361328125,,85.56346893310547,,1347.969970703125,23.3700008392334
2001-01-19,,,,55.93865203857422,,85.07743072509766,,1342.5400390625,23.239999771118164
2001-01-22,,,,55.99137878417969,,85.64278411865234,,1342.9000244140625,23.25
2001-01-23,,,,57.164424896240234,,86.31735229492188,,1360.4000244140625,21.56999969482422
2001-01-24,,,,56.624061584472656,,86.57523345947266,,1364.300048828125,22.030000686645508
2001-01-25,,,,54.40970993041992,,86.35704040527344,,1357.510009765625,22.639999389648438
2001-01-26,,,,55.29280090332031,,86.25785064697266,,1354.949951171875,22.56999969482422
2001-01-29,,,,56.51859664916992,,86.71807098388672,,1364.1700439453125,22.610000610351562
2001-01-30,,,,56.307682037353516,,87.47986602783203,,1373.72998046875,22.56999969482422
2001-01-31,,,,54.240962982177734,,86.9847183227539,,1366.010009765625,22.020000457763672
2001-02-01,,,,54.95802307128906,,87.56239318847656,,1373.469970703125,21.65999984741211
2001-02-02,,,,51.92118453979492,,85.57539367675781,,1349.469970703125,21.950000762939453
2001-02-05,,,,51.879005432128906,,86.2038345336914,,1354.31005859375,22.190000534057617
2001-02-06,,,,51.963375091552734,,85.9499740600586,,1352.260009765625,21.979999542236328
2001-02-07,,,,51.119808197021484,,85.50557708740234,,1340.8900146484375,21.670000076293945
2001-02-08,,,,49.592960357666016,,84.50889587402344,,1332.530029296875,21.459999084472656
2001-02-09,,,,47.576847076416016,,83.6962890625,,1314.760009765625,22.030000686645508
2001-02-12,,,,48.150482177734375,,84.65486907958984,,1330.31005859375,21.920000076293945
2001-02-13,,,,46.60676193237305,,83.96290588378906,,1318.800048828125,21.3700008392334
2001-02-14,,,,48.46260070800781,,83.83596801757812,,1315.9200439453125,21.520000457763672
2001-02-15,,,,49.26397705078125,,84.64850616455078,,1326.6099853515625,20.270000457763672
2001-02-16,,,,46.505523681640625,,82.78208923339844,,1301.530029296875,22.1200008392334
2001-02-20,,,,44.7003288269043,,81.50614929199219,,1278.93994140625,24.690000534057617
2001-02-21,,,,43.443382263183594,,79.74765014648438,,1255.27001953125,25.75
2001-02-22,,,,43.0216178894043,,79.86823272705078,,1252.8199462890625,26.760000228881836
2001-02-23,,,,43.17345428466797,,79.32865142822266,,1245.8599853515625,27.209999084472656
2001-02-26,,,,43.99170684814453,,81.0173110961914,,1267.6500244140625,25.43000030517578
2001-02-27,,,,41.334503173828125,,80.2681655883789,,1257.93994140625,26.489999771118164
2001-02-28,,,,40.0269889831543,,78.68744659423828,,1239.93994140625,28.350000381469727
2001-03-01,,,,41.16578674316406,,79.10009002685547,,1241.22998046875,28.079999923706055
2001-03-02,,,,39.39429473876953,,78.47161102294922,,1234.1800537109375,27.43000030517578
2001-03-05,,,,40.11133575439453,,79.18898010253906,,1241.4100341796875,27.1200008392334
2001-03-06,,,,41.67192840576172,,80.03966522216797,,1253.800048828125,25.889999389648438
2001-03-07,,,,41.688785552978516,,80.61101531982422,,1261.8900146484375,24.1200008392334
2001-03-08,,,,40.91271209716797,,80.69987487792969,,1264.739990234375,24.290000915527344
2001-03-09,,,,38.04460906982422,,78.31292724609375,,1233.4200439453125,25.6200008392334
2001-03-12,,,,35.68262481689453,,74.96098327636719,,1180.1600341796875,30.31999969482422
2001-03-13,,,,37.49629592895508,,76.19255065917969,,1197.6600341796875,27.549999237060547
2001-03-14,,,,36.90579605102539,,74.6879653930664,,1166.7099609375,29.610000610351562
2001-03-15,,,,35.556095123291016,,74.70702362060547,,1173.56005859375,28.559999465942383
2001-03-16,,,,34.754722595214844,,73.2086410522461,,1150.530029296875,29.90999984741211
2001-03-19,,,,36.4924430847168,,74.69813537597656,,1170.81005859375,29.780000686645508
2001-03-20,,,,34.03768539428711,,72.69303894042969,,1142.6199951171875,30.959999084472656
2001-03-21,,,,34.03768539428711,,71.45814514160156,,1122.1400146484375,31.93000030517578
2001-03-22,,,,36.10441207885742,,70.73249053955078,,1117.5799560546875,32.84000015258789
2001-03-23,,,,36.10441207885742,,72.87128448486328,,1139.8299560546875,30.450000762939453
2001-03-26,,,,35.269290924072266,,73.80060577392578,,1152.68994140625,29.040000915527344
2001-03-27,,,,36.48402786254883,,75.30926513671875,,1182.1700439453125,27.040000915527344
2001-03-28,,,,33.489376068115234,,73.2277603149414,,1153.2900390625,28.579999923706055
2001-03-29,,,,32.8567008972168,,73.50779724121094,,1147.949951171875,29.170000076293945
2001-03-30,,,,33.02540969848633,,74.27802276611328,,1160.3299560546875,28.639999389648438
2001-04-02,,,,31.54918670654297,,72.69303894042969,,1145.8699951171875,31.209999084472656
2001-04-03,,,,29.237829208374023,,70.267822265625,,1106.4599609375,34.720001220703125
2001-04-04,,,,28.72325897216797,,70.56061553955078,,1103.25,34.06999969482422
2001-04-05,,,,31.473283767700195,,73.23411560058594,,1151.43994140625,29.940000534057617
2001-04-06,,,,30.326021194458008,,72.1201400756836,,1128.4300537109375,31.690000534057617
2001-04-09,,,,31.253938674926758,,72.92218780517578,,1137.5899658203125,31.90999984741211
2001-04-10,,,,33.57372283935547,,74.25257873535156,,1168.3800048828125,29.440000534057617
2001-04-11,,,,34.58599853515625,,74.30349731445312,,1165.8900146484375,28.459999084472656
2001-04-12,,,,36.10441207885742,,75.65296936035156,,1183.5,26.1200008392334
2001-04-16,,,,33.95334243774414,,74.85728454589844,,1179.6800537109375,26.329999923706055
2001-04-17,,,,34.7968864440918,,75.91395568847656,,1191.81005859375,25.610000610351562
2001-04-18,,,,38.42421340942383,,78.93115234375,,1238.1600341796875,24.1299991607666
2001-04-19,,,,40.74399948120117,,79.98145294189453,,1253.68994140625,24.15999984741211
2001-04-20,,,,40.82837677001953,,79.2493896484375,,1242.97998046875,25.3799991607666
2001-04-23,,,,38.08677673339844,,77.81082916259766,,1224.3599853515625,28.15999984741211
2001-04-24,,,,37.3697624206543,,77.39070129394531,,1209.469970703125,28.489999771118164
2001-04-25,,,,38.04460906982422,,78.4028091430664,,1228.75,27.399999618530273
2001-04-26,,,,37.07451248168945,,78.75288391113281,,1234.52001953125,25.959999084472656
2001-04-27,,,,38.08677673339844,,80.06419372558594,,1253.050048828125,24.020000457763672
2001-04-30,,,,38.93033981323242,,80.62434387207031,,1249.4599609375,25.479999542236328
2001-05-01,,,,40.533111572265625,,80.87257385253906,,1266.43994140625,24.200000762939453
2001-05-02,,,,41.31761932373047,,80.72621154785156,,1267.4300537109375,24.229999542236328
2001-05-03,,,,39.478668212890625,,79.7013931274414,,1248.5799560546875,25.780000686645508
2001-05-04,,,,40.659645080566406,,81.05718231201172,,1266.6099853515625,23.90999984741211
2001-05-07,,,,39.81607437133789,,80.35696411132812,,1263.510009765625,24.860000610351562
2001-05-08,,,,40.659645080566406,,80.31880187988281,,1261.199951171875,24.440000534057617
2001-05-09,,,,39.26777267456055,,79.98145294189453,,1255.5400390625,24.350000381469727
2001-05-10,,,,38.60979461669922,,80.21693420410156,,1255.1800537109375,24.0
2001-05-11,,,,38.42421340942383,,79.66316223144531,,1245.6700439453125,23.540000915527344
2001-05-14,,,,37.808406829833984,,79.82229614257812,,1248.9200439453125,24.260000228881836
2001-05-15,,,,38.08677673339844,,80.1915054321289,,1249.43994140625,23.709999084472656
2001-05-16,,,,39.77391052246094,,82.08197784423828,,1284.989990234375,21.889999389648438
2001-05-17,,,,40.40658187866211,,82.20931243896484,,1288.489990234375,21.469999313354492
2001-05-18,,,,40.52469253540039,,82.58489227294922,,1291.9599609375,21.229999542236328
2001-05-21,,,,43.06379318237305,,83.80064392089844,,1312.8299560546875,20.760000228881836
2001-05-22,,,,42.93726348876953,,83.69247436523438,,1309.3800048828125,21.350000381469727
2001-05-23,,,,41.03926086425781,,82.27301788330078,,1289.050048828125,22.079999923706055
2001-05-24,,,,42.093692779541016,,82.51487731933594,,1293.1700439453125,20.56999969482422
2001-05-25,,,,41.326072692871094,,81.54100036621094,,1277.8900146484375,20.600000381469727
2001-05-29,,,,38.905029296875,,80.89166259765625,,1267.9300537109375,22.139999389648438
2001-05-30,,,,37.479408264160156,,79.75863647460938,,1248.0799560546875,22.760000228881836
2001-05-31,,,,37.73247528076172,,80.17240142822266,,1255.8199462890625,22.639999389648438
2001-06-01,,,,38.84599304199219,,80.66888427734375,,1260.6700439453125,21.59000015258789
2001-06-04,,,,38.660400390625,,81.05718231201172,,1267.1099853515625,21.3799991607666
2001-06-05,,,,40.364410400390625,,81.98650360107422,,1283.5699462890625,19.579999923706055
2001-06-06,,,,40.05229187011719,,81.30545806884766,,1270.030029296875,20.389999389648438
2001-06-07,,,,41.08143997192383,,81.5982437133789,,1276.9599609375,19.670000076293945
2001-06-08,,,,39.94261932373047,,80.84078216552734,,1264.9599609375,19.920000076293945
2001-06-11,,,,38.84599304199219,,80.26789093017578,,1254.3900146484375,20.700000762939453
2001-06-12,,,,38.63508987426758,,80.1278305053711,,1255.8499755859375,20.700000762939453
2001-06-13,,,,37.58063888549805,,79.44036865234375,,1241.5999755859375,21.450000762939453
2001-06-14,,,,35.640464782714844,,77.65807342529297,,1219.8699951171875,23.1200008392334
2001-06-15,,,,35.93570327758789,,77.78316497802734,,1214.3599853515625,22.809999465942383
2001-06-18,,,,35.45486068725586,,77.40655517578125,,1208.4300537109375,23.170000076293945
2001-06-19,,,,35.27773666381836,,77.74491882324219,,1212.5799560546875,22.34000015258789
2001-06-20,,,,36.0791015625,,78.15341186523438,,1223.1400146484375,21.709999084472656
2001-06-21,,,,36.568382263183594,,79.04069519042969,,1237.0400390625,19.3799991607666
2001-06-22,,,,36.48402786254883,,78.4215087890625,,1225.3499755859375,20.020000457763672
2001-06-25,,,,36.576812744140625,,77.70018768310547,,1218.5999755859375,20.670000076293945
2001-06-26,,,,36.70334243774414,,77.5916748046875,,1216.760009765625,21.200000762939453
2001-06-27,,,,36.939544677734375,,77.54698181152344,,1211.0699462890625,20.8799991607666
2001-06-28,,,,37.41191864013672,,77.97467803955078,,1226.199951171875,20.010000228881836
2001-06-29,,,,38.550743103027344,,78.26192474365234,,1224.3800048828125,19.059999465942383
2001-07-02,,,,38.33986282348633,,79.2386474609375,,1236.719970703125,18.760000228881836
2001-07-03,,,,38.50010299682617,,79.21944427490234,,1234.449951171875,18.920000076293945
2001-07-05,,,,36.65272521972656,,77.6746597290039,,1219.239990234375,20.09000015258789
2001-07-06,,,,35.134334564208984,,75.99581146240234,,1190.5899658203125,21.6299991607666
2001-07-09,,,,35.43800735473633,,76.41075134277344,,1198.780029296875,22.479999542236328
2001-07-10,,,,34.16423034667969,,75.49149322509766,,1181.52001953125,23.25
2001-07-11,,,,34.58599853515625,,75.56807708740234,,1180.1800537109375,24.010000228881836
2001-07-12,,,,36.779266357421875,,77.36186981201172,,1208.1400146484375,22.09000015258789
2001-07-13,,,,36.39967727661133,,78.03211975097656,,1215.6800537109375,21.139999389648438
2001-07-16,,,,35.724815368652344,,77.05540466308594,,1202.449951171875,22.90999984741211
2001-07-17,,,,36.52621078491211,,77.77679443359375,,1214.43994140625,22.610000610351562
2001-07-18,,,,35.134334564208984,,77.24693298339844,,1207.7099609375,23.600000381469727
2001-07-19,,,,35.96943664550781,,77.92362976074219,,1215.02001953125,22.510000228881836
2001-07-20,,,,35.134334564208984,,77.4576187133789,,1210.8499755859375,22.34000015258789
2001-07-23,,,,34.257022857666016,,75.93199157714844,,1191.030029296875,23.739999771118164
2001-07-24,,,,33.86897277832031,,75.1978530883789,,1171.6500244140625,25.239999771118164
2001-07-25,,,,34.16423034667969,,76.0277099609375,,1190.489990234375,24.0
2001-07-26,,,,34.67036056518555,,76.82567596435547,,1202.9300537109375,23.010000228881836
2001-07-27,,,,35.38739013671875,,77.11930847167969,,1205.8199462890625,22.0
2001-07-30,,,,35.17649841308594,,77.14482879638672,,1204.52001953125,22.690000534057617
2001-07-31,,,,35.227108001708984,,77.4639892578125,,1211.22998046875,21.6200008392334
2001-08-01,,,,36.35746765136719,,77.94917297363281,,1215.9300537109375,20.559999465942383
2001-08-02,,,,37.040767669677734,,78.26834106445312,,1220.75,20.09000015258789
2001-08-03,,,,36.42497634887695,,77.84064483642578,,1214.3499755859375,19.889999389648438
2001-08-06,,,,35.851356506347656,,76.79376983642578,,1200.47998046875,21.889999389648438
2001-08-07,,,,35.665771484375,,77.09375,,1204.4000244140625,21.010000228881836
2001-08-08,,,,34.16423034667969,,75.6638412475586,,1183.530029296875,22.31999969482422
2001-08-09,,,,34.3076286315918,,75.88726806640625,,1183.4300537109375,21.75
2001-08-10,,,,33.978633880615234,,76.14899444580078,,1190.1600341796875,20.549999237060547
2001-08-13,,,,34.67036056518555,,76.1681900024414,,1191.2900390625,20.420000076293945
2001-08-14,,,,34.24856948852539,,76.13623046875,,1186.72998046875,20.479999542236328
2001-08-15,,,,32.983245849609375,,75.47872924804688,,1178.02001953125,20.90999984741211
2001-08-16,,,,33.37127685546875,,75.7404556274414,,1181.6600341796875,21.540000915527344
2001-08-17,,,,31.852861404418945,,74.527587890625,,1161.969970703125,23.84000015258789
2001-08-20,,,,32.291526794433594,,75.21699523925781,,1171.4100341796875,22.8700008392334
2001-08-21,,,,30.950254440307617,,73.93394470214844,,1157.260009765625,24.399999618530273
2001-08-22,,,,31.793806076049805,,74.69993591308594,,1165.31005859375,22.440000534057617
2001-08-23,,,,31.481698989868164,,74.43182373046875,,1162.0899658203125,22.229999542236328
2001-08-24,,,,33.151954650878906,,75.97667694091797,,1184.9300537109375,19.709999084472656
2001-08-27,,,,33.19414138793945,,75.52340698242188,,1179.2099609375,20.559999465942383
2001-08-28,,,,32.15656280517578,,74.41905212402344,,1161.510009765625,22.0
2001-08-29,,,,31.684165954589844,,73.75519561767578,,1148.56005859375,23.030000686645508
2001-08-30,,,,30.51161003112793,,72.33806610107422,,1129.030029296875,25.40999984741211
2001-08-31,,,,30.899646759033203,,72.86785888671875,,1133.5799560546875,24.920000076293945
2001-09-04,,,,29.921112060546875,,72.40187072753906,,1132.93994140625,25.850000381469727
2001-09-05,,,,29.803016662597656,,72.58061981201172,,1131.739990234375,26.350000381469727
2001-09-06,,,,28.596717834472656,,70.71023559570312,,1106.4000244140625,28.610000610351562
2001-09-07,,,,28.42800521850586,,69.40161895751953,,1085.780029296875,30.989999771118164
2001-09-10,,,,28.765439987182617,,70.2506332397461,,1092.5400390625,31.84000015258789
2001-09-17,,,,26.319103240966797,,66.58010864257812,,1038.77001953125,41.7599983215332
2001-09-18,,,,25.728612899780273,,66.4205322265625,,1032.739990234375,38.869998931884766
2001-09-19,,,,25.28152847290039,,65.07999420166016,,1016.0999755859375,40.560001373291016
2001-09-20,,,,24.437969207763672,,63.0117301940918,,984.5399780273438,43.7400016784668
2001-09-21,,,,23.779985427856445,,62.33187484741211,,965.7999877929688,42.65999984741211
2001-09-24,,,,24.97784996032715,,64.52322387695312,,1003.4500122070312,37.75
2001-09-25,,,,25.05376625061035,,65.19603729248047,,1012.27001953125,35.810001373291016
2001-09-26,,,,24.184892654418945,,64.9653549194336,,1007.0399780273438,35.2599983215332
2001-09-27,,,,24.02462387084961,,65.5291976928711,,1018.6099853515625,34.0
2001-09-28,,,,24.44640350341797,,66.91963195800781,,1040.93994140625,31.93000030517578
2001-10-01,,,,24.235511779785156,,66.81067657470703,,1038.550048828125,32.31999969482422
2001-10-02,,,,24.31143569946289,,67.65008544921875,,1051.3299560546875,31.18000030517578
2001-10-03,,,,26.150390625,,68.7842025756836,,1072.280029296875,31.34000015258789
2001-10-04,,,,26.40345573425293,,68.8418960571289,,1069.6300048828125,31.969999313354492
2001-10-05,,,,26.7914981842041,,68.70733642578125,,1071.3800048828125,33.38999938964844
2001-10-08,,,,26.8758544921875,,68.25878143310547,,1062.43994140625,35.119998931884766
2001-10-09,,,,26.2263240814209,,67.89354705810547,,1056.75,34.83000183105469
2001-10-10,,,,27.415740966796875,,69.4057388305664,,1080.989990234375,31.600000381469727
2001-10-11,,,,29.27157211303711,,70.48221588134766,,1097.4300537109375,31.5
2001-10-12,,,,29.14504623413086,,70.16180419921875,,1091.6500244140625,35.27000045776367
2001-10-15,,,,29.018503189086914,,70.03363037109375,,1089.97998046875,35.310001373291016
2001-10-16,,,,29.490888595581055,,70.47579193115234,,1097.5400390625,32.880001068115234
2001-10-17,,,,27.373573303222656,,68.9764175415039,,1077.0899658203125,35.08000183105469
2001-10-18,,,,28.11589813232422,,68.82906341552734,,1068.6099853515625,34.95000076293945
2001-10-19,,,,28.301485061645508,,68.7842025756836,,1073.47998046875,34.11000061035156
2001-10-22,,,,29.060693740844727,,70.14259338378906,,1089.9000244140625,32.25
2001-10-23,,,,29.212522506713867,,69.78376770019531,,1084.780029296875,32.0
2001-10-24,,,,29.845199584960938,,69.59796142578125,,1085.199951171875,30.950000762939453
2001-10-25,,,,31.043062210083008,,70.84744262695312,,1100.0899658203125,29.459999084472656
2001-10-26,,,,30.37664031982422,,70.68721008300781,,1104.6099853515625,28.420000076293945
2001-10-29,,,,28.714834213256836,,68.8482894897461,,1078.300048828125,31.639999389648438
2001-10-30,,,,28.15806007385254,,68.02173614501953,,1059.7900390625,33.459999084472656
2001-10-31,,,,28.596717834472656,,67.79105377197266,,1059.780029296875,33.560001373291016
2001-11-01,,,,29.811452865600586,,69.52749633789062,,1084.0999755859375,32.310001373291016
2001-11-02,,,,30.030765533447266,,70.0016098022461,,1087.199951171875,30.709999084472656
2001-11-05,,,,31.00929832458496,,70.91789245605469,,1102.8399658203125,30.5
2001-11-06,,,,32.21560287475586,,72.01995086669922,,1118.8599853515625,28.799999237060547
2001-11-07,,,,32.17341995239258,,71.92385864257812,,1115.800048828125,29.1299991607666
2001-11-08,,,,31.844438552856445,,72.14813232421875,,1118.5400390625,28.6200008392334
2001-11-09,,,,31.82757568359375,,72.22502136230469,,1120.31005859375,27.440000534057617
2001-11-12,,,,32.05531311035156,,71.7828598022461,,1118.3299560546875,29.350000381469727
2001-11-13,,,,33.202571868896484,,73.39759063720703,,1139.0899658203125,26.469999313354492
2001-11-14,,,,33.43874740600586,,73.46808624267578,,1141.2099609375,26.559999465942383
2001-11-15,,,,33.30378341674805,,73.60260009765625,,1142.239990234375,25.559999465942383
2001-11-16,,,,33.210994720458984,,73.27587890625,,1138.6500244140625,25.06999969482422
2001-11-19,,,,34.15579605102539,,74.17929077148438,,1151.06005859375,24.459999084472656
2001-11-20,,,,32.57832336425781,,73.55783081054688,,1142.6600341796875,24.1200008392334
2001-11-21,,,,32.40961456298828,,73.07081604003906,,1137.030029296875,24.190000534057617
2001-11-23,,,,33.135066986083984,,74.1216049194336,,1150.3399658203125,23.25
2001-11-26,,,,33.95334243774414,,74.28180694580078,,1157.4200439453125,23.790000915527344
2001-11-27,,,,33.91115951538086,,73.96146392822266,,1149.5,24.0
2001-11-28,,,,32.68799591064453,,72.62227630615234,,1128.52001953125,25.899999618530273
2001-11-29,,,,33.70027542114258,,73.60260009765625,,1140.199951171875,25.18000030517578
2001-11-30,,,,33.44719696044922,,73.07722473144531,,1139.449951171875,23.84000015258789
2001-12-03,,,,32.87357711791992,,72.64151763916016,,1129.9000244140625,25.770000457763672
2001-12-04,,,,34.44261932373047,,73.87173461914062,,1144.800048828125,24.079999923706055
2001-12-05,,,,36.14658737182617,,75.22371673583984,,1170.3499755859375,23.020000457763672
2001-12-06,,,,36.19720458984375,,75.18525695800781,,1167.0999755859375,23.709999084472656
2001-12-07,,,,35.201805114746094,,74.68547821044922,,1158.31005859375,23.489999771118164
2001-12-10,,,,34.58599853515625,,73.28864288330078,,1139.9300537109375,25.6200008392334
2001-12-11,,,,34.78002166748047,,73.14128875732422,,1136.760009765625,25.299999237060547
2001-12-12,,,,35.058406829833984,,73.2245864868164,,1137.0699462890625,24.8700008392334
2001-12-13,,,,33.53998565673828,,71.8021240234375,,1119.3800048828125,25.90999984741211
2001-12-14,,,,33.83523941040039,,72.48770904541016,,1123.0899658203125,24.6299991607666
2001-12-17,,,,34.41728210449219,,73.23741912841797,,1134.3599853515625,24.260000228881836
2001-12-18,,,,34.805335998535156,,73.6730728149414,,1142.9200439453125,23.290000915527344
2001-12-19,,,,34.172672271728516,,74.19210052490234,,1149.56005859375,22.579999923706055
2001-12-20,,,,32.72174072265625,,73.46163940429688,,1139.9300537109375,23.670000076293945
2001-12-21,,,,33.30378341674805,,73.90719604492188,,1144.8900146484375,22.5
2001-12-24,,,,33.1688346862793,,73.76578521728516,,1144.6500244140625,22.6200008392334
2001-12-26,,,,33.48093795776367,,74.17085266113281,,1149.3699951171875,22.290000915527344
2001-12-27,,,,33.750892639160156,,74.62088775634766,,1157.1300048828125,21.59000015258789
2001-12-28,,,,34.02082443237305,,74.58235168457031,,1161.02001953125,21.399999618530273
2001-12-31,,,,32.822975158691406,,73.48932647705078,,1148.0799560546875,23.799999237060547
2002-01-02,,,,33.83523941040039,,74.28015899658203,,1154.6700439453125,22.709999084472656
2002-01-03,,,,35.00780487060547,,75.1224365234375,,1165.27001953125,21.34000015258789
2002-01-04,,,,35.15118408203125,,75.62393951416016,,1172.510009765625,20.450000762939453
2002-01-07,,,,34.763145446777344,,75.09024047851562,,1164.8900146484375,21.940000534057617
2002-01-08,,,,34.99937057495117,,74.9166488647461,,1160.7099609375,21.829999923706055
2002-01-09,,,,34.67879867553711,,74.30585479736328,,1155.1400146484375,22.1299991607666
2002-01-10,,,,34.90653991699219,,74.63372802734375,,1156.550048828125,22.360000610351562
2002-01-11,,,,34.459468841552734,,73.90076446533203,,1145.5999755859375,22.600000381469727
2002-01-14,,,,33.70869064331055,,73.43788146972656,,1138.4100341796875,23.579999923706055
2002-01-15,,,,34.02925491333008,,74.03579711914062,,1146.18994140625,22.700000762939453
2002-01-16,,,,32.71331024169922,,72.5377197265625,,1127.5699462890625,23.450000762939453
2002-01-17,,,,33.44719696044922,,73.0842514038086,,1138.8800048828125,22.25
2002-01-18,,,,32.55302429199219,,72.7499008178711,,1127.5799560546875,22.520000457763672
2002-01-22,,,,31.54918670654297,,72.24842071533203,,1119.31005859375,23.610000610351562
2002-01-23,,,,32.41805648803711,,72.80134582519531,,1128.1800537109375,21.8799991607666
2002-01-24,,,,32.84827423095703,,73.0263900756836,,1132.1500244140625,21.149999618530273
2002-01-25,,,,32.755496978759766,,73.00711059570312,,1133.280029296875,21.010000228881836
2002-01-28,,,,32.94105911254883,,73.20642852783203,,1133.06005859375,21.139999389648438
2002-01-29,,,,32.038448333740234,,70.9046630859375,,1100.6400146484375,24.350000381469727
2002-01-30,,,,32.283077239990234,,71.92695617675781,,1113.5699462890625,23.219999313354492
2002-01-31,,,,32.48551940917969,,72.76921081542969,,1130.199951171875,21.09000015258789
2002-02-01,,,,32.17341995239258,,72.42839813232422,,1122.199951171875,21.1200008392334
2002-02-04,,,,31.144283294677734,,70.62816619873047,,1094.43994140625,24.8700008392334
2002-02-05,,,,30.62969970703125,,70.19094848632812,,1090.02001953125,25.450000762939453
2002-02-06,,,,30.41880989074707,,69.88875579833984,,1083.510009765625,26.09000015258789
2002-02-07,,,,29.68490982055664,,69.4515609741211,,1080.1700439453125,25.110000610351562
2002-02-08,,,,30.51161003112793,,70.782470703125,,1096.219970703125,23.260000228881836
2002-02-11,,,,30.899646759033203,,71.65044403076172,,1111.93994140625,21.780000686645508
2002-02-12,,,,30.646577835083008,,71.42544555664062,,1107.5,21.6200008392334
2002-02-13,,,,31.169599533081055,,72.1841049194336,,1118.510009765625,20.850000381469727
2002-02-14,,,,31.110546112060547,,72.0490951538086,,1116.47998046875,21.770000457763672
2002-02-15,,,,30.182626724243164,,71.29684448242188,,1104.1800537109375,22.3700008392334
2002-02-19,,,,29.25469970703125,,69.92736053466797,,1083.3399658203125,24.43000030517578
2002-02-20,,,,29.65117073059082,,71.10397338867188,,1097.97998046875,22.65999984741211
2002-02-21,,,,28.242422103881836,,69.63159942626953,,1080.949951171875,23.799999237060547
2002-02-22,,,,28.385839462280273,,70.4931411743164,,1089.8399658203125,22.860000610351562
2002-02-25,,,,29.533069610595703,,71.65689086914062,,1109.4300537109375,21.84000015258789
2002-02-26,,,,29.423418045043945,,71.50904846191406,,1109.3800048828125,21.68000030517578
2002-02-27,,,,29.018503189086914,,71.78548431396484,,1109.8900146484375,21.489999771118164
2002-02-28,,,,28.495494842529297,,71.46401977539062,,1106.72998046875,21.59000015258789
2002-03-01,,,,30.148889541625977,,73.12926483154297,,1131.780029296875,19.959999084472656
2002-03-04,,,,31.33827018737793,,74.42160034179688,,1153.8399658203125,20.5
2002-03-05,,,,31.566043853759766,,74.18370819091797,,1146.1400146484375,20.299999237060547
2002-03-06,,,,31.7179012298584,,75.06454467773438,,1162.77001953125,19.940000534057617
2002-03-07,,,,31.78538703918457,,74.9037857055664,,1157.5400390625,20.040000915527344
2002-03-08,,,,32.620506286621094,,75.21885681152344,,1164.31005859375,19.270000457763672
2002-03-11,,,,32.50242614746094,,75.37958526611328,,1168.260009765625,19.84000015258789
2002-03-12,,,,32.05531311035156,,75.33460235595703,,1165.5799560546875,19.59000015258789
2002-03-13,,,,31.279237747192383,,74.60806274414062,,1154.0899658203125,19.459999084472656
2002-03-14,,,,31.093647003173828,,74.50516510009766,,1153.0400390625,19.200000762939453
2002-03-15,,,,31.40578269958496,,75.21505737304688,,1166.1600341796875,18.420000076293945
2002-03-18,,,,31.582927703857422,,75.22798919677734,,1165.550048828125,18.93000030517578
2002-03-19,,,,31.532310485839844,,75.73091125488281,,1170.2900390625,18.15999984741211
2002-03-20,,,,30.41880989074707,,74.30594635009766,,1151.8499755859375,18.459999084472656
2002-03-21,,,,31.2286319732666,,74.33815002441406,,1153.5899658203125,18.149999618530273
2002-03-22,,,,30.941814422607422,,74.1769790649414,,1148.699951171875,17.770000457763672
2002-03-25,,,,29.997026443481445,,73.25492858886719,,1131.8699951171875,18.479999542236328
2002-03-26,,,,30.27541732788086,,73.68048095703125,,1138.489990234375,18.1299991607666
2002-03-27,,,,30.03920555114746,,73.87391662597656,,1144.5799560546875,17.700000762939453
2002-03-28,,,,30.41880989074707,,73.8416519165039,,1147.3900146484375,17.399999618530273
2002-04-01,,,,31.000864028930664,,73.87391662597656,,1146.5400390625,18.729999542236328
2002-04-02,,,,29.600570678710938,,73.46769714355469,,1136.760009765625,19.15999984741211
2002-04-03,,,,29.549955368041992,,72.95185852050781,,1125.4000244140625,20.200000762939453
2002-04-04,,,,29.322175979614258,,72.64881134033203,,1126.3399658203125,19.780000686645508
2002-04-05,,,,28.993194580078125,,72.66172790527344,,1122.72998046875,19.1299991607666
2002-04-08,,,,29.35591697692871,,72.81644439697266,,1125.2900390625,19.610000610351562
2002-04-09,,,,28.335216522216797,,72.30706024169922,,1117.800048828125,19.469999313354492
2002-04-10,,,,28.54611587524414,,73.12596130371094,,1130.469970703125,18.190000534057617
2002-04-11,,,,27.83751678466797,,71.3076400756836,,1103.68994140625,20.299999237060547
2002-04-12,,,,28.276168823242188,,71.84281158447266,,1111.010009765625,19.420000076293945
2002-04-15,,,,28.503936767578125,,71.29472351074219,,1102.550048828125,19.81999969482422
2002-04-16,,,,29.693349838256836,,72.99054718017578,,1128.3699951171875,18.110000610351562
2002-04-17,,,,29.541501998901367,,72.83577728271484,,1126.0699462890625,18.43000030517578
2002-04-18,,,,28.976329803466797,,72.51985931396484,,1124.469970703125,19.290000915527344
2002-04-19,,,,29.069116592407227,,72.78421783447266,,1125.1700439453125,18.299999237060547
2002-04-22,,,,28.335216522216797,,71.57199096679688,,1107.8299560546875,19.770000457763672
2002-04-23,,,,27.845943450927734,,71.26250457763672,,1100.9599609375,20.280000686645508
2002-04-24,,,,27.415740966796875,,70.54678344726562,,1093.1400146484375,20.770000457763672
2002-04-25,,,,27.34825325012207,,70.58547973632812,,1091.47998046875,20.950000762939453
2002-04-26,,,,26.18413543701172,,69.24431610107422,,1076.3199462890625,22.139999389648438
2002-04-29,,,,26.25162124633789,,68.90254974365234,,1065.449951171875,24.049999237060547
2002-04-30,,,,26.766199111938477,,69.54737091064453,,1076.9200439453125,21.90999984741211
2002-05-01,,,,26.62278938293457,,70.39848327636719,,1086.4599609375,20.059999465942383
2002-05-02,,,,25.737058639526367,,70.12767791748047,,1084.56005859375,20.06999969482422
2002-05-03,,,,25.087509155273438,,69.36680603027344,,1073.4300537109375,20.190000534057617
2002-05-06,,,,24.437969207763672,,68.00629425048828,,1052.6700439453125,22.559999465942383
2002-05-07,,,,24.210206985473633,,67.76775360107422,,1049.489990234375,21.940000534057617
2002-05-08,,,,26.799936294555664,,70.28886413574219,,1088.8499755859375,20.389999389648438
2002-05-09,,,,26.108219146728516,,69.47642517089844,,1073.010009765625,21.559999465942383
2002-05-10,,,,24.935665130615234,,68.16746520996094,,1054.989990234375,22.40999984741211
2002-05-13,,,,25.947940826416016,,69.55381774902344,,1074.56005859375,20.719999313354492
2002-05-14,,,,27.474777221679688,,71.069091796875,,1097.280029296875,19.350000381469727
2002-05-15,,,,27.6772403717041,,70.79183959960938,,1091.0699462890625,19.190000534057617
2002-05-16,,,,27.719417572021484,,71.15929412841797,,1098.22998046875,18.5
2002-05-17,,,,27.778465270996094,,71.50755310058594,,1106.5899658203125,17.700000762939453
2002-05-20,,,,27.171112060546875,,70.7337875366211,,1091.8800048828125,19.239999771118164
2002-05-21,,,,26.42877197265625,,70.08895111083984,,1079.8800048828125,20.049999237060547
2002-05-22,,,,26.48781967163086,,70.24371337890625,,1086.02001953125,19.579999923706055
2002-05-23,,,,27.019262313842773,,70.99169158935547,,1097.0799560546875,18.229999542236328
2002-05-24,,,,26.352842330932617,,70.08253479003906,,1083.8199462890625,18.899999618530273
2002-05-28,,,,26.23474884033203,,69.70209503173828,,1074.550048828125,20.309999465942383
2002-05-29,,,,25.54302978515625,,69.1862564086914,,1067.6600341796875,20.389999389648438
2002-05-30,,,,25.762361526489258,,68.9928207397461,,1064.6600341796875,20.610000610351562
2002-05-31,,,,25.340579986572266,,69.13468933105469,,1067.1400146484375,19.979999542236328
2002-06-03,,,,24.44640350341797,,67.29701232910156,,1040.6800537109375,23.3700008392334
2002-06-04,,,,24.766950607299805,,67.46466827392578,,1040.68994140625,23.889999389648438
2002-06-05,,,,25.0200252532959,,68.09654235839844,,1049.9000244140625,22.610000610351562
2002-06-06,,,,24.36203956604004,,66.71027374267578,,1029.1500244140625,24.15999984741211
2002-06-07,,,,23.872774124145508,,66.63288879394531,,1027.530029296875,23.510000228881836
2002-06-10,,,,23.830598831176758,,66.89078521728516,,1030.739990234375,23.719999313354492
2002-06-11,,,,23.1641902923584,,65.74309539794922,,1013.5999755859375,24.450000762939453
2002-06-12,,,,23.50160789489746,,66.1428451538086,,1020.260009765625,24.149999618530273
2002-06-13,,,,23.349775314331055,,65.4787368774414,,1009.5599975585938,25.020000457763672
2002-06-14,,,,23.299156188964844,,65.38200378417969,,1007.27001953125,25.959999084472656
2002-06-17,,,,24.09210777282715,,67.1358413696289,,1036.1700439453125,24.639999389648438
2002-06-18,,,,24.480146408081055,,67.68390655517578,,1037.1400146484375,24.239999771118164
2002-06-19,,,,23.062952041625977,,66.10416412353516,,1019.989990234375,26.059999465942383
2002-06-20,,,,22.320629119873047,,65.25948333740234,,1006.2899780273438,27.479999542236328
2002-06-21,,,,21.7807559967041,,64.23912048339844,,989.1400146484375,27.229999542236328
2002-06-24,,,,22.210966110229492,,64.57555389404297,,992.719970703125,26.979999542236328
2002-06-25,,,,21.47707748413086,,63.12615203857422,,976.1400146484375,27.84000015258789
2002-06-26,,,,21.63734245300293,,63.22970199584961,,973.530029296875,28.420000076293945
2002-06-27,,,,22.10972785949707,,64.33614349365234,,990.6400146484375,26.290000915527344
2002-06-28,,,,22.016952514648438,,64.03205108642578,,989.8200073242188,25.399999618530273
2002-07-01,,,,20.962488174438477,,62.783199310302734,,968.6500244140625,27.110000610351562
2002-07-02,,,,20.203290939331055,,61.45027160644531,,948.0900268554688,28.959999084472656
2002-07-03,,,,20.87813377380371,,61.79970932006836,,953.989990234375,29.420000076293945
2002-07-05,,,,22.219404220581055,,64.25848388671875,,989.030029296875,27.110000610351562
2002-07-08,,,,21.40958595275879,,63.45613098144531,,976.97998046875,28.25
2002-07-09,,,,20.802223205566406,,61.857940673828125,,952.8300170898438,30.219999313354492
2002-07-10,,,,20.161108016967773,,59.606231689453125,,920.469970703125,34.099998474121094
2002-07-11,,,,20.920312881469727,,60.09150695800781,,927.3699951171875,33.849998474121094
2002-07-12,,,,20.920312881469727,,59.43148422241211,,921.3900146484375,32.939998626708984
2002-07-15,,,,21.569862365722656,,59.74854278564453,,917.9299926757812,35.029998779296875
2002-07-16,,,,21.249298095703125,,58.596797943115234,,900.9400024414062,36.650001525878906
2002-07-17,,,,21.63734245300293,,58.71326446533203,,906.0399780273438,35.45000076293945
2002-07-18,,,,20.86126708984375,,56.81096267700195,,881.5599975585938,35.119998931884766
2002-07-19,,,,20.237037658691406,,54.81157302856445,,847.75,38.16999816894531
2002-07-22,,,,19.739334106445312,,53.187477111816406,,819.8499755859375,41.869998931884766
2002-07-23,,,,18.89577293395996,,51.731605529785156,,797.7000122070312,44.91999816894531
2002-07-24,,,,19.9249267578125,,54.81806182861328,,843.4299926757812,39.86000061035156
2002-07-25,,,,18.769229888916016,,54.3521728515625,,838.6799926757812,39.27000045776367
2002-07-26,,,,19.12352752685547,,55.387451171875,,852.8400268554688,35.5099983215332
2002-07-29,,,,20.102060317993164,,58.08565139770508,,898.9600219726562,31.329999923706055
2002-07-30,,,,20.506967544555664,,58.84270095825195,36.10951232910156,902.780029296875,31.920000076293945
2002-07-31,,,,20.11893081665039,,58.98504638671875,36.55690383911133,911.6199951171875,32.029998779296875
2002-08-01,,,,19.174144744873047,,57.44504928588867,36.765071868896484,884.6599731445312,36.95000076293945
2002-08-02,,,,18.769229888916016,,56.15743637084961,37.141571044921875,864.239990234375,41.290000915527344
2002-08-05,,,,18.085948944091797,,54.20335006713867,37.30546569824219,834.5999755859375,45.08000183105469
2002-08-06,,,,18.980134963989258,,56.028045654296875,36.986549377441406,859.5700073242188,42.029998779296875
2002-08-07,,,,19.233196258544922,,57.005069732666016,37.075130462646484,876.77001953125,38.72999954223633
2002-08-08,,,,19.88274383544922,,58.849159240722656,37.075130462646484,905.4600219726562,36.33000183105469
2002-08-09,,,,19.680274963378906,,59.06916427612305,37.597816467285156,908.6400146484375,35.33000183105469
2002-08-12,,,,19.739334106445312,,58.63562774658203,37.82817840576172,903.7999877929688,37.04999923706055
2002-08-13,,,,19.064485549926758,,57.568023681640625,38.29329299926758,884.2100219726562,35.81999969482422
2002-08-14,,,,20.27920913696289,,59.670867919921875,38.4394416809082,919.6199951171875,32.36000061035156
2002-08-15,,,,20.692564010620117,,60.49912643432617,38.102787017822266,930.25,29.43000030517578
2002-08-16,,,,20.83596420288086,,60.31797790527344,37.67756652832031,928.77001953125,28.809999465942383
2002-08-19,,,,21.34209632873535,,61.72853088378906,37.79274368286133,950.7000122070312,28.610000610351562
2002-08-20,,,,21.249298095703125,,61.074981689453125,38.213558197021484,937.4299926757812,29.59000015258789
2002-08-21,,,,21.721691131591797,,61.95501708984375,38.00977325439453,949.3599853515625,28.229999542236328
2002-08-22,,,,22.067562103271484,,62.556766510009766,37.67756652832031,962.7000122070312,27.75
2002-08-23,,,,21.21556854248047,,61.21090316772461,38.04963684082031,940.8599853515625,29.31999969482422
2002-08-26,,,,21.2999210357666,,61.637935638427734,38.08505630493164,947.9500122070312,29.889999389648438
2002-08-27,,,,20.557592391967773,,60.926204681396484,37.845863342285156,934.8200073242188,30.110000610351562
2002-08-28,,,,19.806814193725586,,59.59329605102539,38.03634262084961,917.8699951171875,33.31999969482422
2002-08-29,,,,20.068315505981445,,59.61915969848633,38.34199905395508,917.7999877929688,33.66999816894531
2002-08-30,,,,19.815258026123047,,59.386226654052734,38.57229995727539,916.0700073242188,32.63999938964844
2002-09-03,,,,19.098222732543945,,57.121559143066406,39.165283203125,878.02001953125,39.970001220703125
2002-09-04,,,,19.174144744873047,,57.93681716918945,39.15645217895508,893.4000244140625,37.439998626708984
2002-09-05,,,,18.701745986938477,,57.44504928588867,39.369956970214844,879.1500244140625,38.86000061035156
2002-09-06,,,,19.275371551513672,,58.234466552734375,38.90728759765625,893.9199829101562,36.33000183105469
2002-09-09,,,,19.46939468383789,,58.6615104675293,38.84946060180664,902.9600219726562,36.45000076293945
2002-09-10,,,,19.950227737426758,,59.33442306518555,39.036312103271484,909.5800170898438,35.08000183105469
2002-09-11,,,,19.781513214111328,,58.96561813354492,38.83163833618164,909.4500122070312,34.810001373291016
2002-09-12,,,,19.241626739501953,,57.87861633300781,39.13417053222656,886.9099731445312,37.5
2002-09-13,,,,19.393470764160156,,58.02094268798828,39.49451446533203,889.8099975585938,35.81999969482422
2002-09-16,,,,19.115093231201172,,58.16328811645508,39.56123733520508,891.0999755859375,36.7400016784668
2002-09-17,,,,18.710189819335938,,56.83038330078125,39.63686752319336,873.52001953125,38.0099983215332
2002-09-18,,,,18.49928855895996,,56.26097869873047,39.645748138427734,869.4600219726562,37.52000045776367
2002-09-19,,,,18.204050064086914,,54.80509948730469,39.912696838378906,843.3200073242188,40.650001525878906
2002-09-20,,,,18.279956817626953,,54.82330322265625,39.72584915161133,845.3900146484375,38.97999954223633
2002-09-23,,,,17.731653213500977,,54.37482833862305,40.08171463012695,833.7000122070312,39.68000030517578
2002-09-24,,,,17.740093231201172,,53.49739074707031,40.33974838256836,819.2899780273438,40.52000045776367
2002-09-25,,,,18.44868278503418,,54.82330322265625,39.85041427612305,839.6599731445312,37.33000183105469
2002-09-26,,,,18.220918655395508,,55.720237731933594,39.7569694519043,854.9500122070312,34.599998474121094
2002-09-27,,,,17.97628402709961,,53.78335952758789,40.0550422668457,827.3699951171875,36.970001220703125
2002-09-30,,,,17.478578567504883,,53.15943908691406,40.21520233154297,815.280029296875,39.689998626708984
2002-10-01,,,,18.541481018066406,,55.713714599609375,39.71638870239258,847.9099731445312,34.119998931884766
2002-10-02,,,,17.925678253173828,,54.04336929321289,39.94411087036133,827.9099731445312,36.83000183105469
2002-10-03,,,,17.49545669555664,,53.49739074707031,39.84590148925781,818.9500122070312,37.310001373291016
2002-10-04,,,,17.166475296020508,,52.5159797668457,39.97087097167969,800.5800170898438,39.459999084472656
2002-10-07,,,,17.00618553161621,,51.43056106567383,40.03787612915039,785.280029296875,42.63999938964844
2002-10-08,,,,17.039936065673828,,52.23649978637695,40.05130386352539,798.5499877929688,41.02000045776367
2002-10-09,,,,16.92184066772461,,50.761131286621094,40.2567024230957,776.760009765625,42.130001068115234
2002-10-10,,,,17.782270431518555,,52.40550231933594,39.93966293334961,803.9199829101562,37.54999923706055
2002-10-11,,,,18.743927001953125,,54.69982147216797,39.46627426147461,835.3200073242188,35.70000076293945
2002-10-14,,,,18.963254928588867,,55.00529098510742,39.408260345458984,841.4400024414062,36.040000915527344
2002-10-15,,,,19.874303817749023,,57.65060043334961,38.47494888305664,881.27001953125,34.02000045776367
2002-10-16,,,,19.21632194519043,,56.25318908691406,38.492828369140625,860.02001953125,36.0
2002-10-17,,,,19.865873336791992,,57.371116638183594,38.02397155761719,879.2000122070312,34.099998474121094
2002-10-18,,,,20.085187911987305,,57.61158752441406,38.122188568115234,884.3900146484375,33.529998779296875
2002-10-21,,,,20.490100860595703,,58.60600280761719,37.75153732299805,899.719970703125,33.11000061035156
2002-10-22,,,,20.36357307434082,,58.18352508544922,37.644371032714844,890.1599731445312,34.09000015258789
2002-10-23,,,,20.751596450805664,,58.62549591064453,37.65777587890625,896.1400146484375,33.20000076293945
2002-10-24,,,,20.228595733642578,,57.429622650146484,37.98822021484375,882.5,34.029998779296875
2002-10-25,,,,20.83596420288086,,58.62549591064453,38.12666702270508,897.6500244140625,30.0
2002-10-28,,,,20.658809661865234,,58.242042541503906,38.073081970214844,890.22998046875,31.06999969482422
2002-10-29,,,,20.17798614501953,,57.56608581542969,38.56875228881836,882.1500244140625,32.27000045776367
2002-10-30,,,,20.717863082885742,,58.12504196166992,38.55531692504883,890.7100219726562,31.229999542236328
2002-10-31,,,,20.70941734313965,,57.533607482910156,38.7294807434082,885.760009765625,31.139999389648438
2002-11-01,,,,21.2999210357666,,58.6710205078125,38.56756591796875,900.9600219726562,29.299999237060547
2002-11-04,,,,21.848236083984375,,59.229984283447266,38.39713668823242,908.3499755859375,30.81999969482422
2002-11-05,,,,22.016952514648438,,59.697906494140625,38.24905776977539,915.3900146484375,31.229999542236328
2002-11-06,,,,22.329057693481445,,60.471378326416016,38.40158462524414,923.760009765625,30.729999542236328
2002-11-07,,,,21.5445499420166,,58.9894905090332,39.35255813598633,902.6500244140625,31.420000076293945
2002-11-08,,,,21.148075103759766,,58.268035888671875,39.671016693115234,894.739990234375,29.40999984741211
2002-11-11,,,,20.506967544555664,,57.364601135253906,39.88636016845703,876.1900024414062,31.299999237060547
2002-11-12,,,,21.029970169067383,,57.81957244873047,39.6575927734375,882.9500122070312,30.579999923706055
2002-11-13,,,,21.283042907714844,,57.878047943115234,39.74279022216797,882.530029296875,31.239999771118164
2002-11-14,,,,22.016952514648438,,58.969974517822266,38.91747283935547,904.27001953125,28.670000076293945
2002-11-15,,,,22.303756713867188,,59.40546417236328,39.0744743347168,909.8300170898438,26.649999618530273
2002-11-18,,,,21.974756240844727,,58.807472229003906,39.2493896484375,900.3599853515625,27.65999984741211
2002-11-19,,,,21.63734245300293,,58.72951126098633,39.392940521240234,896.739990234375,27.40999984741211
2002-11-20,,,,22.556819915771484,,60.03589630126953,39.00715255737305,914.1500244140625,25.31999969482422
2002-11-21,,,,23.391948699951172,,61.15380096435547,38.630374908447266,933.760009765625,23.809999465942383
2002-11-22,,,,23.383508682250977,,60.718345642089844,38.5944938659668,930.5499877929688,23.15999984741211
2002-11-25,,,,23.611282348632812,,60.757320404052734,38.5226936340332,932.8699951171875,24.06999969482422
2002-11-26,,,,22.818330764770508,,59.60039138793945,39.00715255737305,913.3099975585938,25.969999313354492
2002-11-27,,,,23.543790817260742,,61.27730941772461,38.127952575683594,938.8699951171875,27.25
2002-11-29,,,,23.383508682250977,,61.08235168457031,38.374698638916016,936.3099975585938,27.5
2002-12-02,,,,23.619709014892578,,61.179786682128906,38.410282135009766,934.530029296875,27.459999084472656
2002-12-03,,,,22.919551849365234,,60.360897064208984,38.464351654052734,920.75,28.329999923706055
2002-12-04,,,,22.41342544555664,,60.087886810302734,38.66264343261719,917.5800170898438,28.920000076293945
2002-12-05,,,,22.10130500793457,,59.424949645996094,38.761741638183594,906.5499877929688,30.100000381469727
2002-12-06,,,,22.329057693481445,,59.81494903564453,38.829341888427734,912.22998046875,28.8799991607666
2002-12-09,,,,21.274614334106445,,58.17055892944336,39.0456657409668,892.0,30.780000686645508
2002-12-10,,,,21.59515380859375,,58.95051574707031,39.149314880371094,904.4500122070312,28.760000228881836
2002-12-11,,,,21.696392059326172,,59.00245666503906,39.410621643066406,904.9600219726562,27.760000228881836
2002-12-12,,,,21.81450080871582,,58.99599075317383,39.37457275390625,901.5800170898438,27.290000915527344
2002-12-13,,,,21.122766494750977,,58.06654739379883,38.99156188964844,889.47998046875,28.18000030517578
2002-12-16,,,,21.806053161621094,,59.56795120239258,38.698665618896484,910.4000244140625,26.239999771118164
2002-12-17,,,,21.873538970947266,,59.048004150390625,38.698665618896484,902.989990234375,26.65999984741211
2002-12-18,,,,21.40958595275879,,58.36553955078125,39.00058364868164,891.1199951171875,28.290000915527344
2002-12-19,,,,21.13963508605957,,57.94956588745117,39.34757614135742,884.25,30.209999084472656
2002-12-20,,,,21.358964920043945,,58.77646255493164,39.37457275390625,895.760009765625,26.709999084472656
2002-12-23,,,,21.65421485900879,,58.7960319519043,39.38360595703125,897.3800048828125,26.200000762939453
2002-12-24,,,,21.384273529052734,,58.358421325683594,39.60441589355469,892.469970703125,26.489999771118164
2002-12-26,,,,21.32523536682129,,58.38456726074219,39.68101119995117,889.6599731445312,27.3700008392334
2002-12-27,,,,20.937185287475586,,57.07173156738281,40.11814498901367,875.4000244140625,29.549999237060547
2002-12-30,,,,20.77691078186035,,57.54854202270508,40.21271896362305,879.3900146484375,29.6200008392334
2002-12-31,,,,20.557592391967773,,57.62691879272461,40.111324310302734,879.8200073242188,28.6200008392334
2003-01-02,,,,21.42645263671875,,59.4818115234375,39.074180603027344,909.030029296875,25.389999389648438
2003-01-03,,,,21.66265296936035,,59.66472625732422,39.164791107177734,908.5900268554688,24.68000030517578
2003-01-06,,,,22.202529907226562,,60.716270446777344,39.06061935424805,929.010009765625,24.90999984741211
2003-01-07,,,,22.480907440185547,,60.566097259521484,39.20098876953125,922.9299926757812,25.1299991607666
2003-01-08,,,,21.848236083984375,,59.69084167480469,39.395713806152344,909.9299926757812,25.530000686645508
2003-01-09,,,,22.523088455200195,,60.6182861328125,38.639442443847656,927.5700073242188,24.25
2003-01-10,,,,22.860511779785156,,60.781578063964844,38.73905944824219,927.5700073242188,24.31999969482422
2003-01-13,,,,22.725536346435547,,60.76198196411133,38.802486419677734,926.260009765625,24.899999618530273
2003-01-14,,,,22.843643188476562,,60.957942962646484,38.9383430480957,931.6599731445312,24.56999969482422
2003-01-15,,,,22.556819915771484,,60.35051345825195,39.128562927246094,918.219970703125,25.510000228881836
2003-01-16,,,,22.303756713867188,,60.10230255126953,39.18288040161133,914.5999755859375,25.010000228881836
2003-01-17,,,,21.35053825378418,,59.214046478271484,39.3776741027832,901.780029296875,25.700000762939453
2003-01-21,,,,21.114334106445312,,58.29312515258789,39.60408401489258,887.6199951171875,27.59000015258789
2003-01-22,,,,21.029970169067383,,57.587703704833984,39.79882049560547,878.3599853515625,29.010000228881836
2003-01-23,,,,21.51925277709961,,57.94042205810547,39.60408401489258,887.3400268554688,27.530000686645508
2003-01-24,,,,20.937185287475586,,56.418601989746094,39.83957290649414,861.4000244140625,31.510000228881836
2003-01-27,,,,20.692564010620117,,55.64788818359375,39.69462203979492,847.47998046875,34.689998626708984
2003-01-28,,,,20.903446197509766,,56.05933380126953,39.69462203979492,858.5399780273438,31.93000030517578
2003-01-29,,,,21.21556854248047,,56.483909606933594,39.47724914550781,864.3599853515625,31.260000228881836
2003-01-30,,,,20.667251586914062,,55.144981384277344,39.771663665771484,844.6099853515625,31.31999969482422
2003-01-31,,,,20.616636276245117,,56.20957565307617,39.88032531738281,855.7000122070312,31.170000076293945
2003-02-03,,,,20.658809661865234,,56.32059860229492,39.938507080078125,860.3200073242188,31.020000457763672
2003-02-04,,,,20.40574836730957,,55.76543045043945,40.115753173828125,848.2000122070312,32.7599983215332
2003-02-05,,,,20.312950134277344,,55.4193000793457,39.77033996582031,843.5900268554688,33.040000915527344
2003-02-06,,,,20.4226131439209,,55.15800476074219,40.092994689941406,838.1500244140625,33.349998474121094
2003-02-07,,,,20.085187911987305,,54.485260009765625,40.183902740478516,829.6900024414062,34.0099983215332
2003-02-10,,,,20.262346267700195,,54.87063217163086,39.90216064453125,835.969970703125,33.9900016784668
2003-02-11,,,,20.371999740600586,,54.49181365966797,39.89303970336914,829.2000122070312,33.68000030517578
2003-02-12,,,,20.093626022338867,,53.62313461303711,40.033912658691406,818.6799926757812,34.33000183105469
2003-02-13,,,,20.19485092163086,,53.786407470703125,40.2520866394043,817.3699951171875,33.70000076293945
2003-02-14,,,,20.658809661865234,,54.96207809448242,39.906681060791016,834.8900146484375,32.619998931884766
2003-02-18,,,,21.2999210357666,,55.92875289916992,39.956687927246094,851.1699829101562,31.110000610351562
2003-02-19,,,,21.15650749206543,,55.634830474853516,40.229347229003906,845.1300048828125,31.309999465942383
2003-02-20,,,,21.072154998779297,,55.079673767089844,40.36567687988281,837.0999755859375,31.15999984741211
2003-02-21,,,,21.23242950439453,,55.634830474853516,40.129364013671875,848.1699829101562,30.25
2003-02-24,,,,20.869701385498047,,54.73347854614258,40.32023620605469,832.5800170898438,31.979999542236328
2003-02-25,,,,20.89500617980957,,55.17109298706055,40.506587982177734,838.5700073242188,31.739999771118164
2003-02-26,,,,20.431047439575195,,54.36773681640625,40.7883415222168,827.5499877929688,31.940000534057617
2003-02-27,,,,20.89500617980957,,55.0861701965332,40.85652542114258,837.280029296875,30.530000686645508
2003-02-28,,,,21.224000930786133,,55.45191955566406,41.11554718017578,841.1500244140625,29.6299991607666
2003-03-03,,,,20.793781280517578,,54.92288589477539,41.16571807861328,834.8099975585938,30.43000030517578
2003-03-04,,,,20.667251586914062,,54.04765701293945,41.19314956665039,821.989990234375,31.829999923706055
2003-03-05,,,,20.70941734313965,,54.5048942565918,41.33000183105469,829.8499755859375,30.3799991607666
2003-03-06,,,,20.658809661865234,,54.04765701293945,41.17033767700195,822.0999755859375,31.3700008392334
2003-03-07,,,,20.70098876953125,,54.41998291015625,41.31170654296875,828.8900146484375,31.079999923706055
2003-03-10,,,,20.253902435302734,,53.113677978515625,41.52615737915039,807.47998046875,33.310001373291016
2003-03-11,,,,20.076749801635742,,52.591156005859375,41.45317459106445,800.72998046875,33.61000061035156
2003-03-12,,,,20.439481735229492,,52.94384765625,41.60369110107422,804.1900024414062,33.5099983215332
2003-03-13,,,,21.61203384399414,,54.77264404296875,40.83730697631836,831.9000244140625,31.760000228881836
2003-03-14,,,,21.696392059326172,,54.948997497558594,41.03800964355469,833.27001953125,30.979999542236328
2003-03-17,,,,22.438722610473633,,56.67987823486328,40.54536056518555,862.7899780273438,31.75
2003-03-18,,,,22.717098236083984,,57.01296615600586,40.16213607788086,866.4500122070312,30.43000030517578
2003-03-19,,,,22.523088455200195,,57.4505615234375,39.865631103515625,874.02001953125,31.540000915527344
2003-03-20,,,,22.607437133789062,,57.57464599609375,39.8017692565918,875.6699829101562,30.440000534057617
2003-03-21,,,,22.919551849365234,,58.803585052490234,39.2543830871582,895.7899780273438,28.670000076293945
2003-03-24,,,,21.966331481933594,,56.849369049072266,39.8747673034668,864.22998046875,30.389999389648438
2003-03-25,,,,22.2784423828125,,57.393638610839844,39.8291130065918,874.739990234375,28.75
2003-03-26,,,,22.404985427856445,,57.1051025390625,39.911277770996094,869.9500122070312,28.229999542236328
2003-03-27,,,,22.244707107543945,,57.15102005004883,39.93862533569336,868.52001953125,27.959999084472656
2003-03-28,,,,22.000078201293945,,56.862457275390625,40.02983474731445,863.5,27.75
2003-03-31,,,,21.2999210357666,,55.570621490478516,40.554447174072266,848.1799926757812,29.149999618530273
2003-04-01,,,,21.468631744384766,,56.42311477661133,40.43901824951172,858.47998046875,28.360000610351562
2003-04-02,,,,22.059127807617188,,57.7871208190918,40.01755142211914,880.9000244140625,28.020000457763672
2003-04-03,,,,22.337495803833008,,57.511722564697266,39.99463653564453,876.4500122070312,28.209999084472656
2003-04-04,,,,21.974756240844727,,57.85272979736328,39.880130767822266,878.8499755859375,29.1299991607666
2003-04-07,,,,22.008501052856445,,57.74123764038086,39.78847885131836,879.9299926757812,28.450000762939453
2003-04-08,,,,21.983211517333984,,57.83302688598633,40.109161376953125,878.2899780273438,27.1299991607666
2003-04-09,,,,21.47707748413086,,57.07232666015625,40.228271484375,865.989990234375,27.110000610351562
2003-04-10,,,,21.738569259643555,,57.38710021972656,40.04043960571289,871.5800170898438,25.600000381469727
2003-04-11,,,,21.51925277709961,,57.15102005004883,39.976314544677734,868.2999877929688,24.440000534057617
2003-04-14,,,,21.95789337158203,,58.3314094543457,39.86634063720703,885.22998046875,23.40999984741211
2003-04-15,,,,22.16878318786621,,58.87574005126953,40.081695556640625,890.8099975585938,22.559999465942383
2003-04-16,,,,22.1181640625,,57.872398376464844,40.24663543701172,879.9099731445312,22.520000457763672
2003-04-17,,,,22.624303817749023,,58.731468200683594,40.31071472167969,893.5800170898438,21.5
2003-04-21,,,,22.70867347717285,,58.790462493896484,40.22370529174805,892.010009765625,21.950000762939453
2003-04-22,,,,23.138877868652344,,59.89873504638672,40.20078659057617,911.3699951171875,20.700000762939453
2003-04-23,,,,23.307586669921875,,60.44956588745117,40.283287048339844,919.02001953125,20.799999237060547
2003-04-24,,,,23.18106460571289,,59.91185760498047,40.645179748535156,911.4299926757812,20.329999923706055
2003-04-25,,,,22.73397445678711,,59.17083740234375,40.736793518066406,898.8099975585938,20.799999237060547
2003-04-28,,,,23.18106460571289,,60.1938362121582,40.67267608642578,914.8400268554688,20.84000015258789
2003-04-29,,,,23.391948699951172,,60.40367126464844,40.603939056396484,917.8400268554688,20.760000228881836
2003-04-30,,,,23.155752182006836,,60.27250289916992,40.979591369628906,916.9199829101562,21.209999084472656
2003-05-01,,,,23.358213424682617,,60.26597213745117,40.999420166015625,916.2999877929688,21.59000015258789
2003-05-02,,,,23.855907440185547,,61.12501525878906,40.677001953125,930.0800170898438,20.6299991607666
2003-05-05,,,,23.830598831176758,,61.00698471069336,40.893497467041016,926.5499877929688,21.1299991607666
2003-05-06,,,,24.134288787841797,,61.58407974243164,41.096126556396484,934.3900146484375,20.799999237060547
2003-05-07,,,,23.864336013793945,,61.24309539794922,41.57511520385742,929.6199951171875,21.0
2003-05-08,,,,23.42569351196289,,60.62662887573242,41.676429748535156,920.27001953125,21.239999771118164
2003-05-09,,,,23.9655704498291,,61.466041564941406,41.717872619628906,933.4099731445312,19.690000534057617
2003-05-12,,,,24.328298568725586,,62.220176696777344,41.980411529541016,945.1099853515625,19.520000457763672
2003-05-13,,,,24.176462173461914,,62.10868835449219,42.07251739501953,942.2999877929688,19.90999984741211
2003-05-14,,,,24.12584686279297,,61.9775276184082,42.71730041503906,939.280029296875,20.0
2003-05-15,,,,24.395788192749023,,62.37101364135742,42.850868225097656,946.6699829101562,19.239999771118164
2003-05-16,,,,24.210206985473633,,62.21364212036133,43.1640625,944.2999877929688,18.399999618530273
2003-05-19,,,,23.358213424682617,,60.757781982421875,43.01667785644531,920.77001953125,20.510000228881836
2003-05-20,,,,23.42569351196289,,60.63319778442383,43.652305603027344,919.72998046875,21.290000915527344
2003-05-21,,,,23.358213424682617,,60.757781982421875,43.64763259887695,923.4199829101562,21.209999084472656
2003-05-22,,,,23.695629119873047,,61.36111068725586,44.0345344543457,931.8699951171875,19.780000686645508
2003-05-23,,,,23.70407485961914,,61.48573303222656,44.14506530761719,933.219970703125,19.170000076293945
2003-05-27,,,,24.54762840270996,,62.56117630004883,43.34828567504883,951.47998046875,19.989999771118164
2003-05-28,,,,24.623554229736328,,62.73823165893555,43.27456283569336,953.219970703125,20.030000686645508
2003-05-29,,,,24.724782943725586,,62.574337005615234,43.652305603027344,949.6400146484375,20.43000030517578
2003-05-30,,,,25.129682540893555,,63.57762908935547,43.569358825683594,963.5900268554688,19.469999313354492
2003-06-02,,,,24.952537536621094,,63.8399772644043,43.24928283691406,967.0,20.850000381469727
2003-06-03,,,,25.188737869262695,,64.10225677490234,43.59618377685547,971.5599975585938,20.84000015258789
2003-06-04,,,,25.661134719848633,,65.02693176269531,43.72565841674805,986.239990234375,20.6200008392334
2003-06-05,,,,25.846710205078125,,65.34823608398438,43.383392333984375,990.1400146484375,20.829999923706055
2003-06-06,,,,25.416492462158203,,65.09252166748047,43.54066848754883,987.760009765625,21.25
2003-06-09,,,,25.07908058166504,,64.43014526367188,43.83205795288086,975.9299926757812,22.149999618530273
2003-06-10,,,,25.45867156982422,,65.08592224121094,44.35472106933594,984.8400268554688,20.639999389648438
2003-06-11,,,,25.7454891204834,,65.77449035644531,44.29918670654297,997.47998046875,20.209999084472656
2003-06-12,,,,25.855146408081055,,65.97782897949219,44.646053314208984,998.510009765625,20.40999984741211
2003-06-13,,,,25.27307891845703,,65.28923034667969,44.946712493896484,988.6099853515625,20.65999984741211
2003-06-16,,,,26.04916763305664,,66.6663818359375,44.52119827270508,1010.739990234375,20.219999313354492
2003-06-17,,,,25.947940826416016,,66.6663818359375,44.16971206665039,1011.6599731445312,20.010000228881836
2003-06-18,,,,26.082908630371094,,66.6073226928711,43.60540008544922,1010.0900268554688,19.760000228881836
2003-06-19,,,,25.661134719848633,,65.59090423583984,43.52220916748047,994.7000122070312,19.799999237060547
2003-06-20,,,,25.627389907836914,,65.44609832763672,43.360267639160156,995.6900024414062,19.139999389648438
2003-06-23,,,,25.23090362548828,,64.77477264404297,43.61930465698242,981.6400146484375,20.579999923706055
2003-06-24,,,,25.03689956665039,,64.84060668945312,44.021697998046875,983.4500122070312,20.75
2003-06-25,,,,24.901920318603516,,64.18902587890625,43.31864929199219,975.3200073242188,20.809999465942383
2003-06-26,,,,25.492406845092773,,65.02483367919922,42.73591232299805,985.8200073242188,19.399999618530273
2003-06-27,,,,25.163436889648438,,64.27461242675781,42.58328628540039,976.219970703125,19.15999984741211
2003-06-30,,,,25.264659881591797,,64.25483703613281,42.782196044921875,974.5,19.520000457763672
2003-07-01,,,,25.60208511352539,,64.84722137451172,42.56999588012695,982.3200073242188,19.459999084472656
2003-07-02,,,,26.12508773803711,,65.66326904296875,42.67677688598633,993.75,19.030000686645508
2003-07-03,,,,25.79610252380371,,64.98540496826172,42.063926696777344,985.7000122070312,19.389999389648438
2003-07-07,,,,26.901161193847656,,66.27533721923828,41.79463195800781,1004.4199829101562,20.059999465942383
2003-07-08,,,,27.230154037475586,,66.57148742675781,41.83177185058594,1007.8400268554688,19.479999542236328
2003-07-09,,,,27.162668228149414,,66.1963882446289,41.9664306640625,1002.2100219726562,18.93000030517578
2003-07-10,,,,26.65653419494629,,65.35395812988281,41.95247268676758,988.7000122070312,19.190000534057617
2003-07-11,,,,26.858983993530273,,65.97262573242188,42.152137756347656,998.1400146484375,18.469999313354492
2003-07-14,,,,27.17953872680664,,66.29508209228516,41.66926574707031,1003.8599853515625,19.59000015258789
2003-07-15,,,,27.213287353515625,,66.15032196044922,40.69424057006836,1000.4199829101562,19.549999237060547
2003-07-16,,,,27.128925323486328,,65.76199340820312,40.926414489746094,994.0900268554688,19.760000228881836
2003-07-17,,,,26.3022403717041,,64.82745361328125,40.80106735229492,981.72998046875,20.219999313354492
2003-07-18,,,,26.3865909576416,,65.49214935302734,40.717506408691406,993.3200073242188,19.110000610351562
2003-07-21,,,,26.04916763305664,,64.68263244628906,39.853939056396484,978.7999877929688,19.780000686645508
2003-07-22,,,,26.437204360961914,,65.26839447021484,40.048919677734375,988.1099853515625,19.170000076293945
2003-07-23,,,,26.65653419494629,,65.31446838378906,40.18356704711914,988.6099853515625,18.639999389648438
2003-07-24,,,,26.3022403717041,,64.82083892822266,39.83072280883789,981.5999755859375,18.600000381469727
2003-07-25,,,,26.82524299621582,,65.96603393554688,39.72393035888672,998.6799926757812,17.75
2003-07-28,,,,26.901161193847656,,65.72250366210938,39.19002914428711,996.52001953125,18.360000610351562
2003-07-29,,,,26.698711395263672,,65.41978454589844,38.65610122680664,989.280029296875,18.670000076293945
2003-07-30,,,,26.50469398498535,,65.26182556152344,39.092525482177734,987.489990234375,18.850000381469727
2003-07-31,,,,26.82524299621582,,65.41317749023438,38.51215362548828,990.3099975585938,19.489999771118164
2003-08-01,,,,26.53843116760254,,64.83402252197266,38.48324966430664,980.1500244140625,20.75
2003-08-04,,,,26.52999496459961,,64.83402252197266,38.814388275146484,982.8200073242188,21.270000457763672
2003-08-05,,,,25.48398208618164,,63.458499908447266,38.25938034057617,965.4600219726562,22.68000030517578
2003-08-06,,,,25.467111587524414,,63.827056884765625,39.01494216918945,967.0800170898438,21.5
2003-08-07,,,,25.56833267211914,,64.49834442138672,39.17820358276367,974.1199951171875,20.260000228881836
2003-08-08,,,,25.365890502929688,,64.68263244628906,39.019630432128906,977.5900268554688,19.59000015258789
2003-08-11,,,,25.644262313842773,,64.92613983154297,38.82375717163086,980.5900268554688,19.75
2003-08-12,,,,26.03230094909668,,65.51849365234375,38.641822814941406,990.3499755859375,17.940000534057617
2003-08-13,,,,26.040739059448242,,65.18284606933594,37.89555358886719,984.030029296875,18.770000457763672
2003-08-14,,,,26.066036224365234,,65.36053466796875,38.268714904785156,990.510009765625,18.469999313354492
2003-08-15,,,,26.293806076049805,,65.56452941894531,38.24536895751953,990.6699829101562,18.270000457763672
2003-08-18,,,,26.968650817871094,,66.13056182861328,38.4225959777832,999.739990234375,18.18000030517578
2003-08-19,,,,27.306074142456055,,66.38064575195312,39.01494216918945,1002.3499755859375,17.860000610351562
2003-08-20,,,,27.23858642578125,,66.1108169555664,38.80506896972656,1000.2999877929688,17.81999969482422
2003-08-21,,,,27.533832550048828,,66.32141876220703,38.711795806884766,1003.27001953125,17.84000015258789
2003-08-22,,,,27.3651180267334,,65.66326904296875,38.884368896484375,993.0599975585938,18.549999237060547
2003-08-25,,,,27.424169540405273,,65.7685775756836,38.581172943115234,993.7100219726562,19.530000686645508
2003-08-26,,,,27.449478149414062,,65.88704681396484,38.884368896484375,996.72998046875,19.489999771118164
2003-08-27,,,,27.668800354003906,,65.90681457519531,38.70711898803711,996.7899780273438,19.1299991607666
2003-08-28,,,,27.91343879699707,,66.3148422241211,39.108219146728516,1002.8400268554688,18.479999542236328
2003-08-29,,,,28.166505813598633,,66.76239013671875,39.01494216918945,1008.010009765625,18.6299991607666
2003-09-02,,,,28.571413040161133,,67.65747833251953,38.44436264038086,1021.989990234375,19.020000457763672
2003-09-03,,,,28.55454444885254,,68.02603149414062,38.5052604675293,1026.27001953125,19.440000534057617
2003-09-04,,,,28.81604766845703,,68.0589370727539,38.720733642578125,1027.969970703125,18.709999084472656
2003-09-05,,,,28.630462646484375,,67.67721557617188,39.386024475097656,1021.3900146484375,18.170000076293945
2003-09-08,,,,29.10284996032715,,68.23664093017578,38.978416442871094,1031.6400146484375,18.260000228881836
2003-09-09,,,,28.756999969482422,,67.78907012939453,39.2595329284668,1023.1699829101562,18.850000381469727
2003-09-10,,,,28.065271377563477,,67.10462188720703,39.6577262878418,1010.9199829101562,20.010000228881836
2003-09-11,,,,28.37740135192871,,67.30207061767578,39.40004348754883,1016.4199829101562,19.25
2003-09-12,,,,28.52922821044922,,67.42713928222656,39.67176818847656,1018.6300048828125,18.68000030517578
2003-09-15,,,,28.250858306884766,,67.19017028808594,39.61086654663086,1014.8099975585938,19.280000686645508
2003-09-16,,,,29.018503189086914,,68.17083740234375,39.54995346069336,1029.3199462890625,18.030000686645508
2003-09-17,,,,28.90040397644043,,68.03922271728516,40.04187774658203,1025.969970703125,18.149999618530273
2003-09-18,,,,29.33905792236328,,68.84214782714844,40.06998062133789,1039.5799560546875,17.56999969482422
2003-09-19,,,,29.170333862304688,,68.4919662475586,40.11684799194336,1036.300048828125,17.540000915527344
2003-09-22,,,,28.613588333129883,,67.75202178955078,39.79827880859375,1022.8200073242188,19.649999618530273
2003-09-23,,,,29.11972427368164,,68.00967407226562,40.06998062133789,1029.030029296875,19.469999313354492
2003-09-24,,,,28.023101806640625,,66.80064392089844,40.41664505004883,1009.3800048828125,21.219999313354492
2003-09-25,,,,27.660362243652344,,66.25227355957031,40.61811447143555,1003.27001953125,22.260000228881836
2003-09-26,,,,27.483230590820312,,66.03422546386719,40.98356246948242,996.8499755859375,22.229999542236328
2003-09-29,,,,27.955615997314453,,66.68171691894531,40.655601501464844,1006.5800170898438,21.670000076293945
2003-09-30,,,,27.34825325012207,,66.03422546386719,41.33022689819336,995.969970703125,22.719999313354492
2003-10-01,,,,27.96404457092285,,67.44151306152344,41.17359161376953,1018.219970703125,21.06999969482422
2003-10-02,,,,28.056842803955078,,67.68596649169922,40.98542022705078,1020.239990234375,20.799999237060547
2003-10-03,,,,28.84134864807129,,68.30697631835938,40.12445831298828,1029.8499755859375,19.5
2003-10-06,,,,29.052242279052734,,68.61748504638672,40.29852294921875,1034.3499755859375,19.510000228881836
2003-10-07,,,,29.22939109802246,,68.8817367553711,39.83278274536133,1039.25,19.40999984741211
2003-10-08,,,,29.0438175201416,,68.70996856689453,39.82338333129883,1033.780029296875,19.18000030517578
2003-10-09,,,,29.26313591003418,,68.8949966430664,39.54115676879883,1038.72998046875,18.81999969482422
2003-10-10,,,,29.533069610595703,,69.08657836914062,39.7763557434082,1038.06005859375,18.450000762939453
2003-10-13,,,,29.72710418701172,,69.30461120605469,39.6211051940918,1045.3499755859375,17.549999237060547
2003-10-14,,,,29.803016662597656,,69.54904174804688,39.3482551574707,1049.47998046875,17.3700008392334
2003-10-15,,,,29.676481246948242,,69.36406707763672,39.155338287353516,1046.760009765625,17.690000534057617
2003-10-16,,,,29.912681579589844,,69.64154815673828,39.00006103515625,1050.0699462890625,17.190000534057617
2003-10-17,,,,29.195648193359375,,68.8817367553711,39.30119705200195,1039.3199462890625,17.6200008392334
2003-10-20,,,,29.558385848999023,,69.3970947265625,39.43291091918945,1044.6800537109375,17.040000915527344
2003-10-21,,,,29.73553466796875,,69.2781753540039,39.5787467956543,1046.030029296875,16.549999237060547
2003-10-22,,,,29.161897659301758,,68.40606689453125,39.96450424194336,1030.3599853515625,17.670000076293945
2003-10-23,,,,28.824495315551758,,68.28057098388672,39.67287826538086,1033.77001953125,17.68000030517578
2003-10-24,,,,28.84978485107422,,68.43250274658203,40.11505889892578,1028.9100341796875,17.709999084472656
2003-10-27,,,,28.858234405517578,,68.46553802490234,40.03507995605469,1031.1300048828125,18.049999237060547
2003-10-28,,,,29.828306198120117,,69.3970947265625,40.246788024902344,1046.7900390625,16.81999969482422
2003-10-29,,,,29.79456329345703,,69.48961639404297,39.88454818725586,1048.1099853515625,16.43000030517578
2003-10-30,,,,29.8536319732666,,69.63495635986328,39.70579528808594,1046.93994140625,16.329999923706055
2003-10-31,,,,29.676481246948242,,69.56887817382812,40.077449798583984,1050.7099609375,16.100000381469727
2003-11-03,,,,30.165742874145508,,70.02473449707031,39.88752365112305,1059.02001953125,16.549999237060547
2003-11-04,,,,29.963294982910156,,69.872802734375,40.11423873901367,1053.25,16.549999237060547
2003-11-05,,,,30.233224868774414,,69.92560577392578,39.84031677246094,1051.81005859375,16.860000610351562
2003-11-06,,,,30.317588806152344,,70.29563903808594,39.467166900634766,1058.050048828125,16.739999771118164
2003-11-07,,,,30.05608367919922,,69.77365112304688,39.443504333496094,1053.2099609375,16.93000030517578
2003-11-10,,,,29.68490982055664,,69.48961639404297,39.41043472290039,1047.1099853515625,17.6200008392334
2003-11-11,,,,29.575252532958984,,69.46976470947266,39.4151725769043,1046.5699462890625,17.540000915527344
2003-11-12,,,,30.207918167114258,,70.2493667602539,39.70334243774414,1058.530029296875,16.75
2003-11-13,,,,30.17418098449707,,70.2691879272461,40.317386627197266,1058.4100341796875,16.469999313354492
2003-11-14,,,,29.558385848999023,,69.67455291748047,40.58665084838867,1050.3499755859375,16.940000534057617
2003-11-17,,,,29.25469970703125,,69.32440948486328,40.64810562133789,1043.6300048828125,18.600000381469727
2003-11-18,,,,28.579858779907227,,68.60425567626953,40.898433685302734,1034.1500244140625,19.110000610351562
2003-11-19,,,,28.858234405517578,,69.1856689453125,40.444923400878906,1042.43994140625,18.799999237060547
2003-11-20,,,,28.579858779907227,,68.56465148925781,40.837005615234375,1033.6500244140625,19.479999542236328
2003-11-21,,,,28.87508773803711,,68.84874725341797,40.860652923583984,1035.280029296875,18.979999542236328
2003-11-24,,,,29.676481246948242,,69.76046752929688,40.5252799987793,1052.0799560546875,17.440000534057617
2003-11-25,,,,29.676481246948242,,70.02473449707031,40.74727249145508,1053.8900146484375,16.709999084472656
2003-11-26,,,,29.811452865600586,,70.2757797241211,40.58191680908203,1058.449951171875,16.229999542236328
2003-11-28,,,,29.845199584960938,,70.32862091064453,40.21347427368164,1058.199951171875,16.31999969482422
2003-12-01,,,,30.283842086791992,,71.0884017944336,39.989402770996094,1070.1199951171875,16.770000457763672
2003-12-02,,,,30.115123748779297,,70.91006469726562,40.16031265258789,1066.6199951171875,16.270000457763672
2003-12-03,,,,29.73553466796875,,70.7977294921875,39.9988899230957,1064.72998046875,16.6299991607666
2003-12-04,,,,30.05608367919922,,71.0884017944336,40.089107513427734,1069.719970703125,16.299999237060547
2003-12-05,,,,29.558385848999023,,70.59288787841797,40.72996139526367,1061.5,17.09000015258789
2003-12-08,,,,29.72710418701172,,71.06857299804688,40.445125579833984,1069.300048828125,16.540000915527344
2003-12-09,,,,29.0438175201416,,70.52025604248047,40.16031265258789,1060.1800537109375,17.6299991607666
2003-12-10,,,,29.153467178344727,,70.51362609863281,40.226776123046875,1059.050048828125,17.8700008392334
2003-12-11,,,,29.777713775634766,,71.30645751953125,40.51630783081055,1071.2099609375,16.729999542236328
2003-12-12,,,,29.72710418701172,,71.4451904296875,40.592288970947266,1074.1400146484375,16.40999984741211
2003-12-15,,,,29.33905792236328,,71.0884017944336,40.568538665771484,1068.0400390625,17.229999542236328
2003-12-16,,,,29.398117065429688,,71.45840454101562,40.70149230957031,1075.1300048828125,15.930000305175781
2003-12-17,,,,29.44870948791504,,71.68302917480469,40.9767951965332,1076.47998046875,15.579999923706055
2003-12-18,,,,29.997026443481445,,72.48906707763672,41.34708786010742,1089.1800537109375,16.15999984741211
2003-12-19,,,,29.912681579589844,,72.28723907470703,41.33282470703125,1088.6600341796875,16.420000076293945
2003-12-22,,,,30.00546646118164,,72.79171752929688,41.21891784667969,1092.93994140625,16.940000534057617
2003-12-23,,,,30.233224868774414,,72.83819580078125,40.75368118286133,1096.02001953125,16.489999771118164
2003-12-24,,,,30.295677185058594,,72.7651596069336,41.13819885253906,1094.0400390625,16.65999984741211
2003-12-26,,,,30.25348663330078,,72.81829071044922,41.29011154174805,1095.8900146484375,17.450000762939453
2003-12-29,,,,30.75139045715332,,73.78742218017578,40.9198112487793,1109.47998046875,17.09000015258789
2003-12-30,,,,30.852642059326172,,73.80071258544922,40.75368118286133,1109.6400146484375,17.68000030517578
2003-12-31,,,,30.768253326416016,,73.86708068847656,40.75370788574219,1111.9200439453125,18.309999465942383
2004-01-02,,,,30.683874130249023,,73.83389282226562,40.27199935913086,1108.47998046875,18.219999313354492
2004-01-05,,,,31.299907684326172,,74.6370849609375,40.16706848144531,1122.219970703125,17.489999771118164
2004-01-06,,,,31.510873794555664,,74.7101058959961,40.6106071472168,1123.6700439453125,16.729999542236328
2004-01-07,,,,31.797809600830078,,74.96232604980469,40.772769927978516,1126.3299560546875,15.5
2004-01-08,,,,32.05097579956055,,75.26103210449219,40.75844955444336,1131.9200439453125,15.609999656677246
2004-01-09,,,,31.840007781982422,,74.60389709472656,41.46912384033203,1121.8599853515625,16.75
2004-01-12,,,,32.34632873535156,,75.15487670898438,41.43570327758789,1127.22998046875,16.81999969482422
2004-01-13,,,,32.025657653808594,,74.71673583984375,41.717098236083984,1121.219970703125,18.040000915527344
2004-01-14,,,,32.13536071777344,,75.3407211303711,41.92219924926758,1130.52001953125,16.75
2004-01-15,,,,32.21975326538086,,75.52655029296875,42.079566955566406,1132.050048828125,15.5600004196167
2004-01-16,,,,32.548866271972656,,75.82525634765625,41.78385925292969,1139.8299560546875,15.0
2004-01-20,,,,32.523563385009766,,75.80537414550781,41.774330139160156,1138.77001953125,15.210000038146973
2004-01-21,,,,32.38853454589844,,76.40276336669922,41.87449645996094,1147.6199951171875,14.34000015258789
2004-01-22,,,,32.1944465637207,,76.20365142822266,42.17972183227539,1143.93994140625,14.710000038146973
2004-01-23,,,,32.076255798339844,,75.95803833007812,41.67417526245117,1141.550048828125,14.84000015258789
2004-01-26,,,,32.56575393676758,,76.91390228271484,41.42141342163086,1155.3699951171875,14.550000190734863
2004-01-27,,,,31.84842872619629,,76.12397766113281,41.678924560546875,1144.050048828125,15.350000381469727
2004-01-28,,,,31.3083553314209,,75.25442504882812,41.311710357666016,1128.47998046875,16.780000686645508
2004-01-29,,,,31.426496505737305,,75.32745361328125,41.22585678100586,1134.1099853515625,17.139999389648438
2004-01-30,,,,31.283021926879883,,75.32745361328125,41.51198959350586,1131.1300048828125,16.6299991607666
2004-02-02,,,,31.19864273071289,,75.65269470214844,41.42487335205078,1135.260009765625,17.110000610351562
2004-02-03,,,,31.164886474609375,,75.52655029296875,41.63555908203125,1136.030029296875,17.34000015258789
2004-02-04,,,,30.658559799194336,,74.90925598144531,41.55418014526367,1126.52001953125,17.8700008392334
2004-02-05,,,,30.77668571472168,,75.12832641601562,41.391319274902344,1128.5899658203125,17.709999084472656
2004-02-06,,,,31.333669662475586,,75.9713134765625,41.846282958984375,1142.760009765625,16.0
2004-02-09,,,,31.325227737426758,,75.99121856689453,41.97080612182617,1139.81005859375,16.389999389648438
2004-02-10,,,,31.375858306884766,,76.23682403564453,41.73615264892578,1145.5400390625,15.9399995803833
2004-02-11,,,,31.713411331176758,,77.04664611816406,42.047447204589844,1157.760009765625,15.390000343322754
2004-02-12,,,,31.434926986694336,,76.76782989501953,41.87022018432617,1152.1099853515625,15.3100004196167
2004-02-13,,,,31.17331886291504,,76.42266082763672,42.047447204589844,1145.81005859375,15.579999923706055
2004-02-17,,,,31.595279693603516,,77.11302947998047,42.01869201660156,1156.989990234375,15.399999618530273
2004-02-18,,,,31.68808937072754,,76.7745132446289,42.076141357421875,1151.8199462890625,15.59000015258789
2004-02-19,,,,31.207082748413086,,76.48908233642578,42.11925506591797,1147.06005859375,15.800000190734863
2004-02-20,,,,31.10580825805664,,76.25674438476562,41.82713317871094,1144.1099853515625,16.040000915527344
2004-02-23,,,,30.759828567504883,,76.06421661376953,42.08573913574219,1140.989990234375,16.290000915527344
2004-02-24,,,,30.683874130249023,,75.93146514892578,42.162353515625,1139.0899658203125,15.899999618530273
2004-02-25,,,,30.869544982910156,,76.2500991821289,42.22939682006836,1143.6700439453125,14.930000305175781
2004-02-26,,,,30.94547462463379,,76.29656982421875,42.095333099365234,1144.9100341796875,14.829999923706055
2004-02-27,,,,30.861095428466797,,76.34964752197266,42.459266662597656,1144.93994140625,14.550000190734863
2004-03-01,,,,31.266141891479492,,77.10640716552734,42.442935943603516,1155.969970703125,14.4399995803833
2004-03-02,,,,30.90327262878418,,76.65503692626953,42.17365264892578,1149.0999755859375,14.859999656677246
2004-03-03,,,,30.734506607055664,,76.79443359375,42.096736907958984,1151.030029296875,14.550000190734863
2004-03-04,,,,31.02140998840332,,76.99356842041016,42.284244537353516,1154.8699951171875,14.399999618530273
2004-03-05,,,,30.911724090576172,,77.25245666503906,43.101661682128906,1156.8599853515625,14.479999542236328
2004-03-08,,,,30.18596839904785,,76.30986022949219,43.35647964477539,1147.199951171875,15.789999961853027
2004-03-09,,,,30.093158721923828,,76.0045166015625,43.64500045776367,1140.5799560546875,16.600000381469727
2004-03-10,,,,29.696504592895508,,74.73004150390625,43.61614227294922,1123.8900146484375,18.670000076293945
2004-03-11,,,,29.426467895507812,,73.76089477539062,43.678688049316406,1106.780029296875,20.670000076293945
2004-03-12,,,,29.966556549072266,,74.73004150390625,43.409366607666016,1120.5699462890625,18.299999237060547
2004-03-15,,,,29.443355560302734,,73.81398010253906,43.48152542114258,1104.489990234375,21.1299991607666
2004-03-16,,,,29.493988037109375,,74.20561218261719,43.8421516418457,1110.699951171875,20.34000015258789
2004-03-17,,,,29.958131790161133,,75.03533935546875,43.77003860473633,1123.75,18.110000610351562
2004-03-18,,,,29.823116302490234,,75.05524444580078,43.539222717285156,1122.3199462890625,18.530000686645508
2004-03-19,,,,29.325197219848633,,73.9794692993164,43.48152542114258,1109.780029296875,19.149999618530273
2004-03-22,,,,28.953889846801758,,73.04027557373047,43.74597930908203,1095.4000244140625,21.579999923706055
2004-03-23,,,,28.717607498168945,,72.9136962890625,43.822940826416016,1093.949951171875,20.670000076293945
2004-03-24,,,,29.046720504760742,,72.9736557006836,43.79885482788086,1091.3299560546875,19.809999465942383
2004-03-25,,,,29.823116302490234,,73.9394760131836,43.63056182861328,1109.18994140625,17.8799991607666
2004-03-26,,,,29.72184181213379,,73.95951080322266,43.16899108886719,1108.06005859375,17.329999923706055
2004-03-29,,,,30.20284652709961,,74.9986343383789,42.88047409057617,1122.469970703125,16.5
2004-03-30,,,,30.30411720275879,,75.2518081665039,42.851627349853516,1127.0,16.280000686645508
2004-03-31,,,,30.245054244995117,,75.33837890625,43.05837631225586,1126.2099609375,16.739999771118164
2004-04-01,,,,30.515090942382812,,75.79135131835938,42.917423248291016,1132.1700439453125,16.649999618530273
2004-04-02,,,,31.3083553314209,,76.36420440673828,41.855499267578125,1141.81005859375,15.640000343322754
2004-04-05,,,,31.60371208190918,,76.78387451171875,41.52725601196289,1150.5699462890625,14.970000267028809
2004-04-06,,,,31.207082748413086,,76.5373764038086,41.754150390625,1148.1600341796875,15.319999694824219
2004-04-07,,,,31.17331886291504,,76.35753631591797,41.657569885253906,1140.530029296875,15.760000228881836
2004-04-08,,,,31.17331886291504,,76.18437957763672,41.53695297241211,1139.3199462890625,16.260000228881836
2004-04-12,,,,31.36741828918457,,76.48411560058594,41.38727951049805,1145.199951171875,15.279999732971191
2004-04-13,,,,30.911724090576172,,75.4116439819336,40.938358306884766,1129.43994140625,17.260000228881836
2004-04-14,,,,31.06363296508789,,75.53160095214844,40.904571533203125,1128.1700439453125,15.619999885559082
2004-04-15,,,,30.506662368774414,,75.2451171875,40.663185119628906,1128.8399658203125,15.739999771118164
2004-04-16,,,,30.45601463317871,,75.82463836669922,40.81763458251953,1134.6099853515625,14.9399995803833
2004-04-19,,,,30.827329635620117,,75.82463836669922,40.73078918457031,1135.8199462890625,15.420000076293945
2004-04-20,,,,30.110021591186523,,74.55236053466797,40.359092712402344,1118.1500244140625,16.670000076293945
2004-04-21,,,,30.371627807617188,,75.05194091796875,40.55699920654297,1124.0899658203125,15.600000381469727
2004-04-22,,,,31.15643882751465,,76.10437774658203,40.79838943481445,1139.9300537109375,14.609999656677246
2004-04-23,,,,31.401182174682617,,76.17770385742188,40.566688537597656,1140.5999755859375,14.010000228881836
2004-04-26,,,,31.17331886291504,,76.07109069824219,40.63423156738281,1135.530029296875,14.770000457763672
2004-04-27,,,,31.114255905151367,,76.1376953125,40.788719177246094,1138.1099853515625,15.069999694824219
2004-04-28,,,,30.548845291137695,,75.15185546875,40.4073600769043,1122.4100341796875,16.290000915527344
2004-04-29,,,,30.076269149780273,,74.49237823486328,40.20944595336914,1113.8900146484375,16.600000381469727
2004-04-30,,,,29.34208869934082,,73.91285705566406,40.37357711791992,1107.300048828125,17.190000534057617
2004-05-03,,,,29.620574951171875,,74.70561218261719,40.4244384765625,1117.489990234375,16.6200008392334
2004-05-04,,,,29.747156143188477,,74.6456069946289,40.14823532104492,1119.550048828125,16.549999237060547
2004-05-05,,,,29.98344612121582,,75.12520599365234,40.036827087402344,1121.530029296875,15.770000457763672
2004-05-06,,,,29.75558853149414,,74.47908020019531,39.93017578125,1113.989990234375,17.049999237060547
2004-05-07,,,,29.510866165161133,,73.24675750732422,39.40681838989258,1098.699951171875,18.1299991607666
2004-05-10,,,,29.257688522338867,,72.4940185546875,39.314754486083984,1087.1199951171875,19.770000457763672
2004-05-11,,,,29.696504592895508,,73.10688018798828,39.49400329589844,1095.449951171875,18.56999969482422
2004-05-12,,,,29.75558853149414,,73.57312774658203,39.23235321044922,1097.280029296875,18.139999389648438
2004-05-13,,,,29.544626235961914,,73.2667465209961,39.08214569091797,1096.43994140625,18.860000610351562
2004-05-14,,,,29.325197219848633,,73.30003356933594,39.4019889831543,1095.699951171875,18.469999313354492
2004-05-17,,,,29.046720504760742,,72.67388916015625,39.75086975097656,1084.0999755859375,19.959999084472656
2004-05-18,,,,29.30832862854004,,73.04027557373047,39.5958137512207,1091.489990234375,19.329999923706055
2004-05-19,,,,29.27457618713379,,72.78713989257812,39.46499252319336,1088.6800537109375,18.93000030517578
2004-05-20,,,,29.40959930419922,,73.02024841308594,39.770263671875,1089.18994140625,18.670000076293945
2004-05-21,,,,29.553056716918945,,73.14683532714844,39.610347747802734,1093.56005859375,18.489999771118164
2004-05-24,,,,29.75558853149414,,73.45325469970703,39.73633575439453,1095.4100341796875,18.079999923706055
2004-05-25,,,,30.346303939819336,,74.50569152832031,39.8526496887207,1113.050048828125,15.960000038146973
2004-05-26,,,,30.540409088134766,,74.7655029296875,40.06585693359375,1114.93994140625,15.970000267028809
2004-05-27,,,,30.734506607055664,,75.18513488769531,40.380828857421875,1121.280029296875,15.279999732971191
2004-05-28,,,,30.844209671020508,,75.178466796875,40.26938247680664,1120.6800537109375,15.5
2004-06-01,,,,30.80201530456543,,75.07857513427734,39.900638580322266,1121.199951171875,16.299999237060547
2004-06-02,,,,30.734506607055664,,75.35835266113281,39.7984733581543,1124.989990234375,16.079999923706055
2004-06-03,,,,30.363201141357422,,74.66561889648438,39.88115692138672,1116.6400146484375,17.030000686645508
2004-06-04,,,,30.540409088134766,,75.25845336914062,39.64763259887695,1122.5,16.780000686645508
2004-06-07,,,,31.266141891479492,,76.40416717529297,39.65739440917969,1140.4200439453125,15.390000343322754
2004-06-08,,,,31.3083553314209,,76.5107650756836,39.73038864135742,1142.1800537109375,15.010000228881836
2004-06-09,,,,30.869544982910156,,75.79800415039062,39.56008529663086,1131.3299560546875,15.390000343322754
2004-06-10,,,,31.08894157409668,,76.1709976196289,39.637977600097656,1136.469970703125,15.039999961853027
2004-06-14,,,,30.650102615356445,,75.4183120727539,39.32172775268555,1125.2900390625,16.06999969482422
2004-06-15,,,,31.046735763549805,,75.95120239257812,40.15359878540039,1132.010009765625,15.050000190734863
2004-06-16,,,,30.996103286743164,,75.93788146972656,39.99789810180664,1133.56005859375,14.789999961853027
2004-06-17,,,,30.709186553955078,,75.82463836669922,40.2606201171875,1132.050048828125,15.149999618530273
2004-06-18,,,,30.75139045715332,,75.96771240234375,40.1730842590332,1135.02001953125,14.989999771118164
2004-06-21,,,,30.506662368774414,,75.6802749633789,40.20226287841797,1130.300048828125,15.260000228881836
2004-06-22,,,,30.95391082763672,,76.06132507324219,40.08063888549805,1134.4100341796875,14.3100004196167
2004-06-23,,,,31.325227737426758,,76.71648406982422,40.15848922729492,1144.06005859375,13.979999542236328
2004-06-24,,,,31.266141891479492,,76.47582244873047,40.40169906616211,1140.6500244140625,14.8100004196167
2004-06-25,,,,31.50244903564453,,76.10810089111328,40.44061279296875,1134.4300537109375,15.1899995803833
2004-06-28,,,,31.240827560424805,,75.84737396240234,40.02711868286133,1133.3499755859375,16.06999969482422
2004-06-29,,,,31.536211013793945,,76.16155242919922,40.28007888793945,1136.199951171875,15.470000267028809
2004-06-30,,,,31.84842872619629,,76.5694580078125,40.693603515625,1140.8399658203125,14.34000015258789
2004-07-01,,,,31.25771141052246,,75.50641632080078,40.76979446411133,1128.93994140625,15.199999809265137
2004-07-02,,,,31.072053909301758,,75.46629333496094,41.199623107910156,1125.3800048828125,15.079999923706055
2004-07-06,,,,30.405372619628906,,74.80441284179688,41.131263732910156,1116.2099609375,16.25
2004-07-07,,,,30.4644718170166,,75.02510833740234,41.14588928222656,1118.3299560546875,15.8100004196167
2004-07-08,,,,30.12689208984375,,74.50357055664062,41.17031478881836,1109.1099853515625,16.200000762939453
2004-07-09,,,,30.169113159179688,,74.69747924804688,41.21427536010742,1112.81005859375,15.779999732971191
2004-07-12,,,,30.042512893676758,,74.73088836669922,41.272884368896484,1114.3499755859375,14.960000038146973
2004-07-13,,,,30.00032615661621,,74.78436279296875,41.150787353515625,1115.1400146484375,14.460000038146973
2004-07-14,,,,29.696504592895508,,74.55706024169922,41.165409088134766,1111.469970703125,13.760000228881836
2004-07-15,,,,29.595260620117188,,74.07571411132812,41.20936584472656,1106.68994140625,14.710000038146973
2004-07-16,,,,29.257688522338867,,74.01556396484375,41.75642776489258,1101.3900146484375,14.34000015258789
2004-07-19,,,,29.198627471923828,,73.7013168334961,41.78573226928711,1100.9000244140625,15.170000076293945
2004-07-20,,,,29.8990535736084,,74.63732147216797,41.4096565246582,1108.6700439453125,14.170000076293945
2004-07-21,,,,29.029848098754883,,73.26008605957031,41.297306060791016,1093.8800048828125,16.40999984741211
2004-07-22,,,,29.426467895507812,,73.46064758300781,41.355934143066406,1096.8399658203125,15.75
2004-07-23,,,,28.869508743286133,,72.8455810546875,41.492679595947266,1086.199951171875,16.5
2004-07-26,,,,28.742921829223633,,72.70516204833984,41.297306060791016,1084.0699462890625,17.299999237060547
2004-07-27,,,,29.139554977416992,,73.38713836669922,40.740482330322266,1094.8299560546875,16.549999237060547
2004-07-28,,,,29.012962341308594,,73.60772705078125,40.7453498840332,1095.4200439453125,16.149999618530273
2004-07-29,,,,29.350521087646484,,73.92195892333984,40.83818054199219,1100.4300537109375,15.680000305175781
2004-07-30,,,,29.443355560302734,,74.10243225097656,41.31681823730469,1101.719970703125,15.319999694824219
2004-08-02,,,,29.502416610717773,,74.25621032714844,41.370750427246094,1106.6199951171875,15.369999885559082
2004-08-03,,,,28.88637351989746,,73.6812515258789,41.5374641418457,1099.68994140625,16.030000686645508
2004-08-04,,,,28.894821166992188,,73.67459869384766,41.5571403503418,1098.6300048828125,16.209999084472656
2004-08-05,,,,28.3547306060791,,72.4712142944336,41.6747932434082,1080.699951171875,18.31999969482422
2004-08-06,,,,27.612106323242188,,71.4349136352539,42.37599563598633,1063.969970703125,19.34000015258789
2004-08-09,,,,27.679609298706055,,71.53519439697266,42.22890090942383,1065.219970703125,18.889999389648438
2004-08-10,,,,28.025611877441406,,72.45780181884766,42.07685470581055,1079.0400390625,17.469999313354492
2004-08-11,,,,27.7808837890625,,72.31073760986328,42.258323669433594,1075.7900390625,18.040000915527344
2004-08-12,,,,27.401138305664062,,71.5218505859375,42.34654235839844,1063.22998046875,19.079999923706055
2004-08-13,,,,27.443334579467773,,71.66219329833984,42.48386001586914,1064.800048828125,17.979999542236328
2004-08-16,,,,27.75556182861328,,72.40434265136719,42.33677673339844,1079.3399658203125,17.56999969482422
2004-08-17,,,,28.06780242919922,,72.8121566772461,42.577030181884766,1081.7099609375,17.020000457763672
2004-08-18,,,,28.56570053100586,,73.56097412109375,42.37111282348633,1095.1700439453125,16.229999542236328
2004-08-19,,,,28.413799285888672,,73.34699249267578,42.47407913208008,1091.22998046875,16.959999084472656
2004-08-20,,,,28.700716018676758,,73.86177062988281,42.43484115600586,1098.3499755859375,16.0
2004-08-23,,,,28.76824378967285,,73.67459869384766,42.18963623046875,1095.6800537109375,15.880000114440918
2004-08-24,,,,28.759803771972656,,73.77486419677734,42.21416091918945,1096.18994140625,15.329999923706055
2004-08-25,,,,29.156429290771484,,74.27627563476562,42.36130142211914,1104.9599609375,14.979999542236328
2004-08-26,,,,29.029848098754883,,74.27627563476562,42.60155487060547,1105.0899658203125,14.90999984741211
2004-08-27,,,,29.164867401123047,,74.51024627685547,42.572120666503906,1107.77001953125,14.710000038146973
2004-08-30,,,,28.67540168762207,,73.8952407836914,42.773155212402344,1099.1500244140625,15.4399995803833
2004-08-31,,,,28.709150314331055,,74.28294372558594,43.0379638671875,1104.239990234375,15.289999961853027
2004-09-01,,,,28.920146942138672,,74.4233627319336,43.082271575927734,1105.9100341796875,14.90999984741211
2004-09-02,,,,29.350521087646484,,75.26573181152344,42.658870697021484,1118.31005859375,14.279999732971191
2004-09-03,,,,28.81043815612793,,74.95819091796875,42.663795471191406,1113.6300048828125,13.90999984741211
2004-09-07,,,,29.05516815185547,,75.45291900634766,42.61952209472656,1121.300048828125,14.069999694824219
2004-09-08,,,,28.945466995239258,,75.26573181152344,42.978904724121094,1116.27001953125,14.0600004196167
2004-09-09,,,,29.190187454223633,,75.19888305664062,42.816444396972656,1118.3800048828125,14.010000228881836
2004-09-10,,,,29.637432098388672,,75.58662414550781,42.880435943603516,1123.9200439453125,13.760000228881836
2004-09-13,,,,30.025653839111328,,75.833984375,43.06752014160156,1125.8199462890625,13.170000076293945
2004-09-14,,,,30.067832946777344,,75.98780059814453,43.1118278503418,1128.3299560546875,13.5600004196167
2004-09-15,,,,29.747156143188477,,75.41283416748047,43.01334762573242,1120.3699951171875,14.640000343322754
2004-09-16,,,,29.806211471557617,,75.64014434814453,43.50075149536133,1123.5,14.390000343322754
2004-09-17,,,,29.8990535736084,,75.96172332763672,43.284122467041016,1128.550048828125,14.029999732971191
2004-09-20,,,,29.8990535736084,,75.50519561767578,43.56966018676758,1122.199951171875,14.430000305175781
2004-09-21,,,,30.01718521118164,,75.8341064453125,43.69766616821289,1129.300048828125,13.65999984741211
2004-09-22,,,,29.493988037109375,,74.8875732421875,44.15058517456055,1113.56005859375,14.739999771118164
2004-09-23,,,,29.46866226196289,,74.48474884033203,43.97336196899414,1108.3599853515625,14.800000190734863
2004-09-24,,,,29.367401123046875,,74.82715606689453,44.027469635009766,1110.1099853515625,14.279999732971191
2004-09-27,,,,29.11423110961914,,74.35047912597656,44.219505310058594,1103.52001953125,14.619999885559082
2004-09-28,,,,29.17329978942871,,74.70629119873047,44.04230880737305,1110.06005859375,13.829999923706055
2004-09-29,,,,29.603673934936523,,75.08223724365234,43.61398696899414,1114.800048828125,13.210000038146973
2004-09-30,,,,29.65432357788086,,75.02851104736328,43.4465446472168,1114.5799560546875,13.34000015258789
2004-10-01,,,,30.4644718170166,,76.2973403930664,43.22956085205078,1131.5,12.75
2004-10-04,,,,30.641677856445312,,76.42487335205078,43.29383087158203,1135.1700439453125,13.40999984741211
2004-10-05,,,,30.683874130249023,,76.4652099609375,43.29383087158203,1134.47998046875,13.949999809265137
2004-10-06,,,,30.928585052490234,,76.98885345458984,43.096092224121094,1142.050048828125,13.279999732971191
2004-10-07,,,,30.582599639892578,,76.1630630493164,42.90827560424805,1130.6500244140625,14.5
2004-10-08,,,,30.025653839111328,,75.53203582763672,43.47675704956055,1122.1400146484375,15.050000190734863
2004-10-11,,,,30.169113159179688,,75.84082794189453,43.5212516784668,1124.3900146484375,14.710000038146973
2004-10-12,,,,30.118446350097656,,75.54549407958984,43.62015914916992,1121.8399658203125,15.050000190734863
2004-10-13,,,,30.050947189331055,,74.88086700439453,43.778282165527344,1113.6500244140625,15.420000076293945
2004-10-14,,,,29.915929794311523,,74.27662658691406,43.98589324951172,1103.2900390625,16.43000030517578
2004-10-15,,,,30.067832946777344,,74.69287109375,43.832664489746094,1108.199951171875,15.039999961853027
2004-10-18,,,,30.498228073120117,,74.97484588623047,43.85242462158203,1114.02001953125,14.710000038146973
2004-10-19,,,,30.27879524230957,,74.34380340576172,43.96611022949219,1103.22998046875,15.130000114440918
2004-10-20,,,,30.422260284423828,,74.19606018066406,44.26769256591797,1103.6600341796875,14.850000381469727
2004-10-21,,,,30.886417388916016,,74.6794204711914,44.297332763671875,1106.489990234375,14.539999961853027
2004-10-22,,,,30.21129035949707,,73.84026336669922,44.401161193847656,1095.739990234375,15.279999732971191
2004-10-25,,,,30.067832946777344,,73.75302124023438,44.43577575683594,1094.800048828125,16.579999923706055
2004-10-26,,,,30.22818946838379,,74.88086700439453,44.30227279663086,1111.0899658203125,16.389999389648438
2004-10-27,,,,30.996103286743164,,75.78043365478516,43.867286682128906,1125.4000244140625,15.720000267028809
2004-10-28,,,,31.19019317626953,,76.0086898803711,44.01061248779297,1127.43994140625,15.390000343322754
2004-10-29,,,,31.13956642150879,,75.99530029296875,44.213294982910156,1130.199951171875,16.270000457763672
2004-11-01,,,,31.25771141052246,,76.20339965820312,43.9383430480957,1130.510009765625,16.270000457763672
2004-11-02,,,,31.35898208618164,,76.230224609375,44.002864837646484,1130.56005859375,16.18000030517578
2004-11-03,,,,31.569944381713867,,77.19023895263672,44.02266311645508,1143.199951171875,14.039999961853027
2004-11-04,,,,31.747159957885742,,78.24427032470703,44.06735610961914,1161.6700439453125,13.970000267028809
2004-11-05,,,,32.034095764160156,,78.73432922363281,43.585899353027344,1166.1700439453125,13.84000015258789
2004-11-08,,,,32.067840576171875,,78.62016296386719,43.43204879760742,1164.8900146484375,13.800000190734863
2004-11-09,,,,32.0003547668457,,78.46575164794922,43.407188415527344,1164.0799560546875,13.609999656677246
2004-11-10,,,,31.89063262939453,,78.52620697021484,43.243412017822266,1162.9100341796875,13.079999923706055
2004-11-11,,,,32.312583923339844,,79.12368774414062,43.14913558959961,1173.47998046875,13.039999961853027
2004-11-12,,,,32.62483215332031,,79.74803161621094,43.61566162109375,1184.1700439453125,13.329999923706055
2004-11-15,,,,32.76826858520508,,79.9439926147461,43.655399322509766,1183.81005859375,13.380000114440918
2004-11-16,,,,32.56575393676758,,79.37165832519531,43.655399322509766,1175.4300537109375,13.210000038146973
2004-11-17,,,,33.00456619262695,,79.84295654296875,44.02765655517578,1181.93994140625,13.210000038146973
2004-11-18,,,44.380001068115234,33.156471252441406,,79.9507064819336,44.16170120239258,1183.550048828125,12.979999542236328
2004-11-19,,,44.779998779296875,32.641685485839844,,79.0619125366211,43.80927276611328,1170.3399658203125,13.5
2004-11-22,,,44.95000076293945,32.95393371582031,,79.4389877319336,44.03758239746094,1177.239990234375,12.970000267028809
2004-11-23,,,44.75,32.90329360961914,,79.5601806640625,44.09222412109375,1176.93994140625,12.670000076293945
2004-11-24,,,45.04999923706055,33.19023132324219,,79.74868774414062,44.09222412109375,1181.760009765625,12.720000267028809
2004-11-26,,,45.290000915527344,33.08895492553711,,79.6880874633789,43.804298400878906,1182.6500244140625,12.779999732971191
2004-11-29,,,45.400001525878906,33.080528259277344,,79.32451629638672,43.33771514892578,1178.5699462890625,13.300000190734863
2004-11-30,,,45.119998931884766,33.013004302978516,,79.3783950805664,43.154075622558594,1173.8199462890625,13.239999771118164
2004-12-01,,,45.380001068115234,33.6880989074707,,80.2806396484375,43.08676528930664,1191.3699951171875,12.970000267028809
2004-12-02,,,44.95000076293945,33.8147087097168,,80.34795379638672,42.91234588623047,1190.3299560546875,12.979999542236328
2004-12-03,,,45.599998474121094,33.8653450012207,,80.29411315917969,43.58018112182617,1191.1700439453125,12.960000038146973
2004-12-06,,,45.16999816894531,33.98347854614258,,80.26719665527344,43.72970962524414,1190.25,13.1899995803833
2004-12-07,,,45.11000061035156,33.40119171142578,,79.5197982788086,43.784542083740234,1177.0699462890625,13.670000076293945
2004-12-08,,,44.0099983215332,33.59529113769531,,79.98438262939453,44.46734619140625,1182.81005859375,13.1899995803833
2004-12-09,,,43.779998779296875,33.79780578613281,,80.26719665527344,44.17326736450195,1189.239990234375,12.880000114440918
2004-12-10,,,43.439998626708984,33.69655227661133,,80.34795379638672,44.28292465209961,1188.0,12.760000228881836
2004-12-13,,,43.90999984741211,33.99190902709961,,81.0481948852539,44.37760543823242,1198.6800537109375,12.539999961853027
2004-12-14,,,43.54999923706055,34.160682678222656,,81.33103942871094,44.55207824707031,1203.3800048828125,12.729999542236328
2004-12-15,,,43.9900016784668,34.03410720825195,,81.39163208007812,44.95575714111328,1205.719970703125,12.350000381469727
2004-12-16,,,43.68000030517578,33.71343994140625,,81.34451293945312,44.292930603027344,1203.2099609375,12.270000457763672
2004-12-17,,,44.189998626708984,33.627403259277344,,80.80194091796875,44.23305892944336,1194.199951171875,11.949999809265137
2004-12-20,,,44.34000015258789,33.39735412597656,,80.82219696044922,44.312843322753906,1194.6500244140625,11.829999923706055
2004-12-21,,,44.220001220703125,33.80630111694336,,81.44462585449219,44.44740295410156,1205.449951171875,11.550000190734863
2004-12-22,,,44.02000045776367,33.84889221191406,,81.64080047607422,44.29787063598633,1209.5699462890625,11.449999809265137
2004-12-23,,,44.27000045776367,33.874454498291016,,81.70169067382812,44.15335464477539,1210.1300048828125,11.229999542236328
2004-12-27,,,44.47999954223633,33.729610443115234,,81.53256225585938,43.809471130371094,1204.9200439453125,12.140000343322754
2004-12-28,,,44.369998931884766,34.05337905883789,,81.97903442382812,43.77460479736328,1213.5400390625,12.0
2004-12-29,,,43.65999984741211,34.09596633911133,,82.100830078125,43.72970962524414,1213.449951171875,11.619999885559082
2004-12-30,,,43.83000183105469,34.07040786743164,,81.94525146484375,44.02378463745117,1213.550048828125,12.5600004196167
2004-12-31,,,43.79999923706055,34.01076126098633,,81.76936340332031,44.30147933959961,1211.9200439453125,13.289999961853027
2005-01-03,,,43.02000045776367,33.652950286865234,,81.38370513916016,44.3964729309082,1202.0799560546875,14.079999923706055
2005-01-04,,,42.7400016784668,33.0395393371582,,80.38927459716797,43.93120193481445,1188.050048828125,13.979999542236328
2005-01-05,,,42.66999816894531,32.835060119628906,,79.83452606201172,44.166351318359375,1183.739990234375,14.09000015258789
2005-01-06,,,42.150001525878906,32.67315673828125,,80.24042510986328,44.19638442993164,1187.8900146484375,13.579999923706055
2005-01-07,,,41.84000015258789,32.84357833862305,,80.12545013427734,44.296424865722656,1186.18994140625,13.489999771118164
2005-01-10,,,41.95000076293945,32.82654571533203,,80.50428771972656,44.366477966308594,1190.25,13.229999542236328
2005-01-11,,,42.209999084472656,32.596492767333984,,79.94953918457031,44.62664031982422,1182.989990234375,13.1899995803833
2005-01-12,,,42.599998474121094,32.86912155151367,,80.21337890625,44.68663787841797,1187.699951171875,12.5600004196167
2005-01-13,,,42.599998474121094,32.43462371826172,,79.57069396972656,45.11692428588867,1177.449951171875,12.84000015258789
2005-01-14,,,42.31999969482422,32.7413444519043,,79.9901123046875,45.111915588378906,1184.52001953125,12.430000305175781
2005-01-18,,,42.31999969482422,32.9884147644043,,80.82219696044922,45.261985778808594,1195.97998046875,12.470000267028809
2005-01-19,,,42.2599983215332,32.443145751953125,,79.97657775878906,45.39209747314453,1184.6300048828125,13.180000305175781
2005-01-20,,,42.25,31.821191787719727,,79.48950958251953,45.482139587402344,1175.4100341796875,13.829999923706055
2005-01-21,,,42.7400016784668,31.565603256225586,,79.00242614746094,45.532142639160156,1167.8699951171875,14.359999656677246
2005-01-24,,,42.77000045776367,31.122581481933594,,78.84681701660156,45.72726058959961,1163.75,14.649999618530273
2005-01-25,,,42.2400016784668,31.275941848754883,,79.07009887695312,45.29701614379883,1168.4100341796875,14.0600004196167
2005-01-26,,,42.689998626708984,31.65080451965332,,79.30686950683594,45.38206481933594,1174.0699462890625,13.4399995803833
2005-01-27,,,42.619998931884766,31.608203887939453,,79.44212341308594,45.29701614379883,1174.550048828125,13.239999771118164
2005-01-28,,,42.689998626708984,31.454851150512695,,79.44212341308594,45.75228500366211,1171.3599853515625,13.239999771118164
2005-01-31,,,42.220001220703125,31.863807678222656,,79.93595886230469,45.88236618041992,1181.27001953125,12.819999694824219
2005-02-01,,,42.099998474121094,31.966049194335938,,80.44338989257812,45.809547424316406,1189.4100341796875,12.029999732971191
2005-02-02,,,42.15999984741211,32.017154693603516,,80.68695831298828,45.91502380371094,1193.18994140625,11.65999984741211
2005-02-03,,,41.68000030517578,31.65080451965332,,80.47721862792969,45.88990020751953,1189.8900146484375,11.789999961853027
2005-02-04,,,41.470001220703125,32.16200637817383,,81.33638000488281,46.527687072753906,1203.030029296875,11.210000038146973
2005-02-07,,,41.27000045776367,32.09383010864258,,81.22815704345703,46.87417221069336,1201.719970703125,11.729999542236328
2005-02-08,,,41.2599983215332,32.15346145629883,,81.32286834716797,47.140350341796875,1202.300048828125,11.600000381469727
2005-02-09,,,41.310001373291016,31.616735458374023,,80.7139892578125,47.26594161987305,1191.989990234375,12.0
2005-02-10,,,41.75,31.65080451965332,,81.00486755371094,46.628116607666016,1197.010009765625,11.510000228881836
2005-02-11,,,42.08000183105469,32.1193733215332,,81.70169067382812,46.59803771972656,1205.300048828125,11.430000305175781
2005-02-14,,,42.54999923706055,32.264225006103516,,81.64080047607422,46.743648529052734,1206.1400146484375,11.520000457763672
2005-02-15,,,42.58000183105469,32.47722244262695,,81.94525146484375,46.507598876953125,1210.1199951171875,11.270000457763672
2005-02-16,,,42.52000045776367,32.357948303222656,,81.99934387207031,46.33183670043945,1210.3399658203125,11.100000381469727
2005-02-17,,,42.72999954223633,31.923450469970703,,81.33638000488281,46.04057312011719,1200.75,11.770000457763672
2005-02-18,,,42.75,31.821191787719727,,81.44462585449219,45.62874984741211,1201.5899658203125,11.180000305175781
2005-02-22,,,43.56999969482422,31.429288864135742,,80.23365020751953,45.42790603637695,1184.1600341796875,13.140000343322754
2005-02-23,,,43.41999816894531,31.471874237060547,,80.80867767333984,45.57854080200195,1190.800048828125,12.390000343322754
2005-02-24,,,43.33000183105469,31.87230110168457,,81.34312438964844,45.478126525878906,1200.199951171875,11.569999694824219
2005-02-25,,,43.5,32.05123519897461,,82.14818572998047,45.699092864990234,1211.3699951171875,11.489999771118164
2005-02-28,,,43.529998779296875,31.710439682006836,,81.60696411132812,45.20695114135742,1203.5999755859375,12.079999923706055
2005-03-01,,,43.220001220703125,32.05975341796875,,82.01287841796875,45.19283676147461,1210.4100341796875,12.039999961853027
2005-03-02,,,43.25,32.04273223876953,,81.97232055664062,45.13236999511719,1210.0799560546875,12.5
2005-03-03,,,42.970001220703125,31.778594970703125,,82.006103515625,45.107200622558594,1210.469970703125,12.930000305175781
2005-03-04,,,43.380001068115234,31.966049194335938,,83.02762603759766,45.595855712890625,1222.1199951171875,11.9399995803833
2005-03-07,,,43.470001220703125,32.42610168457031,,83.06824493408203,45.777164459228516,1225.31005859375,12.260000228881836
2005-03-08,,,44.029998779296875,32.102359771728516,,82.75702667236328,45.343936920166016,1219.4300537109375,12.399999618530273
2005-03-09,,,44.02000045776367,32.00864028930664,,81.83696746826172,44.60343551635742,1207.010009765625,12.699999809265137
2005-03-10,,,44.20000076293945,31.966049194335938,,82.0196533203125,44.87547302246094,1209.25,12.489999771118164
2005-03-11,,,44.43000030517578,31.66785430908203,,81.44462585449219,44.548038482666016,1200.0799560546875,12.800000190734863
2005-03-14,,,44.029998779296875,31.812665939331055,,81.9520034790039,44.815006256103516,1206.8299560546875,12.390000343322754
2005-03-15,,,44.060001373291016,31.55708885192871,,81.27547454833984,44.53290939331055,1197.75,13.149999618530273
2005-03-16,,,44.310001373291016,31.199260711669922,,80.58543395996094,44.80492401123047,1188.0699462890625,13.489999771118164
2005-03-17,,,43.81999969482422,31.275941848754883,,80.747802734375,44.95098114013672,1190.2099609375,13.289999961853027
2005-03-18,,,43.88999938964844,31.105545043945312,,80.50807189941406,44.66889572143555,1189.6500244140625,13.140000343322754
2005-03-21,,,43.09000015258789,31.165199279785156,,80.2092514038086,44.54296875,1183.780029296875,13.609999656677246
2005-03-22,,,42.650001525878906,30.78179168701172,,79.39421081542969,44.1651496887207,1171.7099609375,14.270000457763672
2005-03-23,,,42.41999816894531,30.892559051513672,,79.46215057373047,44.37673568725586,1172.530029296875,14.0600004196167
2005-03-24,,,42.38999938964844,30.90107536315918,,79.55721282958984,44.46742248535156,1171.4200439453125,13.420000076293945
2005-03-28,,,42.540000915527344,30.96072006225586,,79.6727066040039,44.19540023803711,1174.280029296875,13.75
2005-03-29,,,42.560001373291016,30.713624954223633,,79.1429443359375,44.45734786987305,1165.3599853515625,14.489999771118164
2005-03-30,,,42.61000061035156,31.29298210144043,,80.26356506347656,44.67897415161133,1181.4100341796875,13.640000343322754
2005-03-31,,,42.81999969482422,31.156665802001953,,80.11414337158203,45.00138854980469,1180.5899658203125,14.020000457763672
2005-04-01,,,42.619998931884766,30.8414363861084,,79.754150390625,45.15306091308594,1172.9200439453125,14.09000015258789
2005-04-04,,,42.400001525878906,31.062950134277344,,79.89002227783203,45.142967224121094,1176.1199951171875,14.109999656677246
2005-04-05,,,42.45000076293945,31.148141860961914,,80.27033996582031,45.02666091918945,1181.3900146484375,13.680000305175781
2005-04-06,,,42.630001068115234,31.09702491760254,,80.54878997802734,45.183414459228516,1184.0699462890625,13.149999618530273
2005-04-07,,,42.56999969482422,31.471874237060547,,80.98345947265625,44.819366455078125,1191.1400146484375,12.329999923706055
2005-04-08,,,42.689998626708984,31.216306686401367,,80.14131164550781,44.97611999511719,1181.199951171875,12.619999885559082
2005-04-11,,,42.779998779296875,31.07999610900879,,80.20243072509766,45.21881103515625,1181.2099609375,11.979999542236328
2005-04-12,,,42.84000015258789,31.233333587646484,,80.61674499511719,45.63847732543945,1187.760009765625,11.300000190734863
2005-04-13,,,42.900001525878906,30.7221736907959,,79.66590881347656,45.527244567871094,1173.7900390625,13.3100004196167
2005-04-14,,,42.310001373291016,30.287654876708984,,78.62679290771484,45.45645523071289,1162.050048828125,14.529999732971191
2005-04-15,,,42.400001525878906,29.597557067871094,,77.52654266357422,46.05815505981445,1142.6199951171875,17.739999771118164
2005-04-18,,,42.689998626708984,29.606069564819336,,77.76423645019531,46.02277755737305,1145.97998046875,16.559999465942383
2005-04-19,,,43.279998779296875,29.8105525970459,,78.38228607177734,46.467742919921875,1152.780029296875,14.960000038146973
2005-04-20,,,43.400001525878906,29.563474655151367,,77.28887176513672,46.35138702392578,1137.5,16.920000076293945
2005-04-21,,,43.189998626708984,30.347293853759766,,78.7897720336914,45.866024017333984,1159.949951171875,14.40999984741211
2005-04-22,,,43.38999938964844,29.89575958251953,,78.49093627929688,46.25031280517578,1152.1199951171875,15.380000114440918
2005-04-25,,,43.439998626708984,30.142831802368164,,79.00711059570312,46.38683319091797,1162.0999755859375,14.619999885559082
2005-04-26,,,43.63999938964844,29.86165428161621,,78.23965454101562,46.31605529785156,1151.8299560546875,14.90999984741211
2005-04-27,,,43.20000076293945,29.904272079467773,,78.54527282714844,46.47787857055664,1156.3800048828125,14.869999885559082
2005-04-28,,,43.0,29.606069564819336,,77.56049346923828,46.821693420410156,1143.219970703125,16.860000610351562
2005-04-29,,,43.349998474121094,29.802021026611328,,78.6131820678711,46.74074172973633,1156.8499755859375,15.3100004196167
2005-05-02,,,42.880001068115234,29.921293258666992,,79.0546646118164,46.730621337890625,1162.1600341796875,15.119999885559082
2005-05-03,,,42.7599983215332,30.07466697692871,,79.19050598144531,46.857521057128906,1161.1700439453125,14.529999732971191
2005-05-04,,,42.900001525878906,30.440998077392578,,79.8017349243164,46.44645690917969,1175.6500244140625,13.850000381469727
2005-05-05,,,42.90999984741211,30.466556549072266,,79.77456665039062,46.55302810668945,1172.6300048828125,13.979999542236328
2005-05-06,,,42.52000045776367,30.55177879333496,,79.52326202392578,46.20799255371094,1171.3499755859375,14.050000190734863
2005-05-09,,,42.54999923706055,30.696590423583984,,80.0190658569336,46.25362777709961,1178.8399658203125,13.75
2005-05-10,,,42.63999938964844,30.475067138671875,,79.19050598144531,46.583457946777344,1166.219970703125,14.90999984741211
2005-05-11,,,42.689998626708984,30.628435134887695,,79.62516021728516,46.72552490234375,1171.1099853515625,14.449999809265137
2005-05-12,,,42.15999984741211,30.543249130249023,,78.74901580810547,46.908206939697266,1159.3599853515625,16.1200008392334
2005-05-13,,,41.95000076293945,30.875518798828125,,78.59280395507812,47.09089660644531,1154.050048828125,16.31999969482422
2005-05-16,,,41.880001068115234,31.07999610900879,,79.3263168334961,47.03512191772461,1165.68994140625,15.680000305175781
2005-05-17,,,41.86000061035156,31.267425537109375,,79.8560562133789,47.16704177856445,1173.800048828125,14.569999694824219
2005-05-18,,,42.04999923706055,31.693424224853516,,80.67787170410156,47.48164367675781,1185.56005859375,13.630000114440918
2005-05-19,,,41.97999954223633,31.957509994506836,,81.01744079589844,47.359840393066406,1191.0799560546875,13.319999694824219
2005-05-20,,,41.650001525878906,32.08529281616211,,80.9019546508789,47.41569137573242,1189.280029296875,13.140000343322754
2005-05-23,,,41.619998931884766,32.24717712402344,,81.35022735595703,47.78608703613281,1193.8599853515625,12.949999809265137
2005-05-24,,,41.72999954223633,32.34943771362305,,81.16007995605469,47.9180793762207,1194.0699462890625,12.6899995803833
2005-05-25,,,41.869998931884766,32.21311950683594,,81.09895324707031,47.58312225341797,1190.010009765625,12.579999923706055
2005-05-26,,,41.689998626708984,32.536865234375,,81.53360748291016,47.56793212890625,1197.6199951171875,12.239999771118164
2005-05-27,,,41.880001068115234,32.55389404296875,,81.66943359375,47.61865997314453,1198.780029296875,12.149999618530273
2005-05-31,,,41.650001525878906,32.443145751953125,,81.146484375,48.20729064941406,1191.5,13.289999961853027
2005-06-01,,,41.529998779296875,32.70726776123047,,81.8392333984375,48.79762649536133,1202.219970703125,12.359999656677246
2005-06-02,,,42.099998474121094,32.93729019165039,,82.01582336425781,48.91473388671875,1204.2900390625,11.84000015258789
2005-06-03,,,42.16999816894531,32.460174560546875,,81.60152435302734,48.51234817504883,1196.02001953125,12.149999618530273
2005-06-06,,,42.47999954223633,32.46870040893555,,81.52680969238281,48.76704406738281,1197.510009765625,12.279999732971191
2005-06-07,,,42.380001068115234,32.19607162475586,,81.58794403076172,49.15409851074219,1197.260009765625,12.390000343322754
2005-06-08,,,42.34000015258789,32.12791442871094,,81.43851470947266,48.919830322265625,1194.6700439453125,12.699999809265137
2005-06-09,,,42.27000045776367,32.33237838745117,,81.82563018798828,48.87905502319336,1200.9300537109375,12.079999923706055
2005-06-10,,,42.619998931884766,31.991592407226562,,81.6354751586914,48.32899475097656,1198.1099853515625,11.960000038146973
2005-06-13,,,42.779998779296875,32.144962310791016,,81.89358520507812,48.038734436035156,1200.8199462890625,11.649999618530273
2005-06-14,,,42.599998474121094,32.017154693603516,,82.08373260498047,47.722938537597656,1203.9100341796875,11.789999961853027
2005-06-15,,,42.7400016784668,32.1193733215332,,82.23991394042969,47.80949783325195,1206.5799560546875,11.460000038146973
2005-06-16,,,43.459999084472656,32.289791107177734,,82.45044708251953,48.04889678955078,1210.9599609375,11.149999618530273
2005-06-17,,,43.630001068115234,32.29404067993164,,82.7559585571289,48.04379653930664,1216.9599609375,11.479999542236328
2005-06-20,,,43.65999984741211,32.29404067993164,,82.78323364257812,47.96229553222656,1216.0999755859375,11.470000267028809
2005-06-21,,,43.810001373291016,32.27698516845703,,82.83096313476562,48.313690185546875,1213.6099853515625,11.079999923706055
2005-06-22,,,43.720001220703125,32.242897033691406,,82.89915466308594,48.89943313598633,1213.8800048828125,11.050000190734863
2005-06-23,,,44.02000045776367,31.884723663330078,,81.73311614990234,48.848541259765625,1200.72998046875,12.130000114440918
2005-06-24,,,43.900001525878906,31.526567459106445,,81.13307189941406,49.09299087524414,1191.5699462890625,12.180000305175781
2005-06-27,,,43.90999984741211,31.38159942626953,,81.24897766113281,49.2254524230957,1190.68994140625,12.520000457763672
2005-06-28,,,43.45000076293945,31.680063247680664,,81.93084716796875,48.889278411865234,1201.5699462890625,11.579999923706055
2005-06-29,,,43.630001068115234,31.61184310913086,,81.712646484375,48.81288146972656,1199.8499755859375,11.770000457763672
2005-06-30,,,43.439998626708984,31.364551544189453,,81.26944732666016,49.250877380371094,1191.3299560546875,12.039999961853027
2005-07-01,,,42.70000076293945,31.321903228759766,,81.50807189941406,48.653926849365234,1194.43994140625,11.399999618530273
2005-07-05,,,42.279998779296875,31.64595603942871,,82.1626968383789,48.193992614746094,1204.989990234375,11.680000305175781
2005-07-06,,,42.25,31.492460250854492,,81.47399139404297,48.45976257324219,1194.93994140625,12.270000457763672
2005-07-07,,,42.36000061035156,31.60332679748535,,81.79447174072266,48.561988830566406,1197.8699951171875,12.489999771118164
2005-07-08,,,42.2599983215332,32.20877456665039,,82.72867584228516,48.36260986328125,1211.8599853515625,11.449999809265137
2005-07-11,,,42.540000915527344,32.50725173950195,,83.15148162841797,48.36260986328125,1219.43994140625,11.279999732971191
2005-07-12,,,42.63999938964844,32.66073989868164,,83.36968231201172,48.091758728027344,1222.2099609375,10.949999809265137
2005-07-13,,,42.349998474121094,32.73747634887695,,83.4855728149414,48.020198822021484,1223.2900390625,10.84000015258789
2005-07-14,,,41.900001525878906,33.061546325683594,,83.81291961669922,47.89756393432617,1226.5,10.8100004196167
2005-07-15,,,42.04999923706055,33.16385269165039,,83.7651596069336,48.025360107421875,1227.9200439453125,10.329999923706055
2005-07-18,,,42.0099983215332,33.02743148803711,,83.4310531616211,47.66755676269531,1221.1300048828125,10.770000457763672
2005-07-19,,,41.88999938964844,33.41117477416992,,83.88792419433594,47.83625030517578,1229.3499755859375,10.449999809265137
2005-07-20,,,42.20000076293945,33.64993667602539,,84.1743392944336,48.09684371948242,1235.199951171875,10.229999542236328
2005-07-21,,,42.459999084472656,33.65849304199219,,83.68335723876953,47.442718505859375,1227.0400390625,10.970000267028809
2005-07-22,,,42.45000076293945,33.6158332824707,,84.24252319335938,47.81067657470703,1233.6800537109375,10.520000457763672
2005-07-25,,,42.5099983215332,33.4879150390625,,84.00386047363281,47.63691329956055,1229.030029296875,11.100000381469727
2005-07-26,,,42.25,33.6158332824707,,84.10613250732422,47.71361541748047,1231.1600341796875,10.989999771118164
2005-07-27,,,42.439998626708984,33.87164306640625,,84.4129867553711,47.63691329956055,1236.7900390625,10.359999656677246
2005-07-28,,,42.75,34.03368377685547,,84.94488525390625,48.06111526489258,1243.719970703125,10.520000457763672
2005-07-29,,,42.81999969482422,33.752281188964844,,84.37886810302734,47.58582305908203,1234.1800537109375,11.569999694824219
2005-08-01,,,43.130001068115234,33.81196212768555,,84.31753540039062,47.408836364746094,1235.3499755859375,12.079999923706055
2005-08-02,,,43.13999938964844,34.17864227294922,,84.8221206665039,47.254966735839844,1244.1199951171875,11.75
2005-08-03,,,43.529998779296875,34.161617279052734,,85.04717254638672,47.485801696777344,1245.0400390625,11.829999923706055
2005-08-04,,,43.68000030517578,33.82903289794922,,84.36528015136719,47.388328552246094,1235.8599853515625,12.520000457763672
2005-08-05,,,43.599998474121094,33.66701126098633,,83.79243469238281,47.018959045410156,1226.4200439453125,12.479999542236328
2005-08-08,,,43.349998474121094,33.419708251953125,,83.6356201171875,46.931800842285156,1223.1300048828125,13.210000038146973
2005-08-09,,,43.34000015258789,33.64142990112305,,84.14022827148438,47.106224060058594,1231.3800048828125,12.399999618530273
2005-08-10,,,43.650001525878906,33.35149002075195,,84.0993423461914,47.05488586425781,1229.1300048828125,12.380000114440918
2005-08-11,,,44.45000076293945,33.62435531616211,,84.43346405029297,47.38322067260742,1237.81005859375,12.420000076293945
2005-08-12,,,44.4900016784668,33.4367561340332,,83.91520690917969,47.86540222167969,1230.3900146484375,12.739999771118164
2005-08-15,,,44.130001068115234,33.64142990112305,,84.43346405029297,47.74227523803711,1233.8699951171875,12.260000228881836
2005-08-16,,,44.54999923706055,33.09566879272461,,83.33560943603516,48.07569885253906,1219.3399658203125,13.520000457763672
2005-08-17,,,43.90999984741211,33.291770935058594,,83.32876586914062,47.75764846801758,1220.239990234375,13.300000190734863
2005-08-18,,,43.83000183105469,33.12123489379883,,83.32192993164062,48.111629486083984,1219.02001953125,13.420000076293945
2005-08-19,,,43.599998474121094,33.10417938232422,,83.51287841796875,48.10647201538086,1219.7099609375,13.420000076293945
2005-08-22,,,43.70000076293945,33.12123489379883,,83.51287841796875,48.055145263671875,1221.72998046875,13.420000076293945
2005-08-23,,,43.7599983215332,33.02743148803711,,83.35603332519531,48.275733947753906,1217.5899658203125,13.34000015258789
2005-08-24,,,43.59000015258789,32.83129119873047,,82.61274719238281,48.3219108581543,1209.5899658203125,14.170000076293945
2005-08-25,,,43.72999954223633,32.90803527832031,,82.91279602050781,48.475833892822266,1212.3699951171875,13.729999542236328
2005-08-26,,,43.61000061035156,32.79719161987305,,82.34683990478516,48.46044158935547,1205.0999755859375,13.720000267028809
2005-08-29,,,43.56999969482422,33.053016662597656,,82.98098754882812,48.5219612121582,1212.280029296875,13.520000457763672
2005-08-30,,,43.0099983215332,32.93360900878906,,82.54456329345703,48.82976150512695,1208.4100341796875,13.649999618530273
2005-08-31,,,43.400001525878906,33.240623474121094,,83.58792877197266,49.240150451660156,1220.3299560546875,12.600000381469727
2005-09-01,,,44.220001220703125,33.18947219848633,,83.52651977539062,48.943641662597656,1221.5899658203125,13.149999618530273
2005-09-02,,,44.25,33.061546325683594,,83.37649536132812,48.98482894897461,1218.02001953125,13.569999694824219
2005-09-06,,,44.27000045776367,33.547607421875,,84.35159301757812,48.63993835449219,1233.3900146484375,12.930000305175781
2005-09-07,,,44.33000183105469,33.6073112487793,,84.49482727050781,48.181846618652344,1236.3599853515625,12.520000457763672
2005-09-08,,,44.599998474121094,33.59878158569336,,84.21525573730469,48.233245849609375,1231.6700439453125,12.930000305175781
2005-09-09,,,44.84000015258789,33.786373138427734,,84.96534729003906,48.387664794921875,1241.47998046875,11.979999542236328
2005-09-12,,,44.88999938964844,33.88016891479492,,84.79486846923828,48.0530891418457,1240.56005859375,11.649999618530273
2005-09-13,,,44.560001373291016,33.79492950439453,,84.32437133789062,48.305294036865234,1231.199951171875,12.390000343322754
2005-09-14,,,44.959999084472656,33.41117477416992,,84.01751708984375,48.120059967041016,1227.1600341796875,12.90999984741211
2005-09-15,,,45.41999816894531,33.39412307739258,,83.9765625,47.72362518310547,1227.72998046875,12.489999771118164
2005-09-16,,,45.81999969482422,33.59878158569336,,84.57374572753906,47.40961456298828,1237.9100341796875,11.220000267028809
2005-09-19,,,46.25,33.33441162109375,,84.29296112060547,47.51259994506836,1231.02001953125,12.140000343322754
2005-09-20,,,46.22999954223633,33.19797134399414,,83.58074188232422,47.63612365722656,1221.3399658203125,12.640000343322754
2005-09-21,,,47.060001373291016,32.83129119873047,,82.8000717163086,48.078895568847656,1210.199951171875,13.789999961853027
2005-09-22,,,46.36000061035156,32.95066452026367,,83.09453582763672,48.03251266479492,1214.6199951171875,13.329999923706055
2005-09-23,,,46.279998779296875,33.044471740722656,,83.16300964355469,47.672203063964844,1215.2900390625,12.960000038146973
2005-09-26,,,46.56999969482422,33.053016662597656,,83.25887298583984,47.45596694946289,1215.6300048828125,13.039999961853027
2005-09-27,,,46.25,32.976253509521484,,83.23839569091797,47.522891998291016,1215.6600341796875,12.760000228881836
2005-09-28,,,46.79999923706055,32.98479461669922,,83.32054138183594,47.842041015625,1216.8900146484375,12.630000114440918
2005-09-29,,,47.099998474121094,33.42823028564453,,83.9985122680664,47.62583923339844,1227.6800537109375,12.239999771118164
2005-09-30,,,46.70000076293945,33.64993667602539,,84.25873565673828,47.46112060546875,1228.81005859375,11.920000076293945
2005-10-03,,,46.41999816894531,33.73521041870117,,83.95740509033203,47.090084075927734,1226.699951171875,12.460000038146973
2005-10-04,,,46.45000076293945,33.513484954833984,,83.01237487792969,47.2451286315918,1214.469970703125,13.199999809265137
2005-10-05,,,46.36000061035156,33.053016662597656,,81.92351531982422,47.451812744140625,1196.3900146484375,14.550000190734863
2005-10-06,,,47.209999084472656,32.61811828613281,,81.62905883789062,47.27091979980469,1191.489990234375,14.960000038146973
2005-10-07,,,47.36000061035156,32.69484329223633,,81.90980529785156,47.46216583251953,1195.9000244140625,14.59000015258789
2005-10-10,,,47.369998931884766,32.515785217285156,,81.2181625366211,47.43113327026367,1187.3299560546875,15.550000190734863
2005-10-11,,,47.38999938964844,32.353729248046875,,81.1017837524414,47.33299255371094,1184.8699951171875,15.630000114440918
2005-10-12,,,46.849998474121094,31.969985961914062,,80.46487426757812,46.87300109863281,1177.6800537109375,16.219999313354492
2005-10-13,,,47.02000045776367,32.2172966003418,,80.41694641113281,46.702484130859375,1176.8399658203125,16.469999313354492
2005-10-14,,,46.79999923706055,32.45608139038086,,81.26610565185547,46.63010787963867,1186.5699462890625,14.869999885559082
2005-10-17,,,47.2599983215332,32.55840301513672,,81.56743621826172,46.61978530883789,1190.0999755859375,14.670000076293945
2005-10-18,,,47.0,32.32816696166992,,80.68402862548828,46.67147445678711,1178.1400146484375,15.329999923706055
2005-10-19,,,46.34000015258789,32.976253509521484,,82.02627563476562,46.692142486572266,1195.760009765625,13.5
2005-10-20,,,45.97999954223633,32.66926193237305,,80.58129119873047,46.81616973876953,1177.800048828125,16.110000610351562
2005-10-21,,,46.52000045776367,32.873931884765625,,80.89632415771484,47.25028991699219,1179.5899658203125,16.1299991607666
2005-10-24,,,46.38999938964844,33.39412307739258,,82.14952087402344,46.88332748413086,1199.3800048828125,14.739999771118164
2005-10-25,,,47.060001373291016,33.26620864868164,,81.98516082763672,46.480255126953125,1196.5400390625,14.529999732971191
2005-10-26,,,46.93000030517578,33.09566879272461,,81.74549102783203,46.13917922973633,1191.3800048828125,14.59000015258789
2005-10-27,,,47.18000030517578,32.43049240112305,,80.87574005126953,46.30453109741211,1178.9000244140625,16.020000457763672
2005-10-28,,,47.220001220703125,32.67779541015625,,82.03996276855469,46.30972671508789,1198.4100341796875,14.25
2005-10-31,,,46.400001525878906,33.14680480957031,,82.26594543457031,46.39759063720703,1207.010009765625,15.319999694824219
2005-11-01,,,45.72999954223633,33.12123489379883,,82.51245880126953,46.3441047668457,1202.760009765625,14.850000381469727
2005-11-02,,,46.130001068115234,33.5561408996582,,83.37532806396484,46.12607955932617,1214.760009765625,13.479999542236328
2005-11-03,,,45.959999084472656,34.059268951416016,,83.7314453125,45.814640045166016,1219.93994140625,13.0
2005-11-04,,,45.5099983215332,34.17864227294922,,83.62185668945312,45.74195861816406,1220.1400146484375,13.170000076293945
2005-11-07,,,45.77000045776367,34.22128677368164,,83.70402526855469,45.897682189941406,1222.81005859375,13.100000381469727
2005-11-08,,,45.90999984741211,34.229820251464844,,83.70402526855469,46.3441047668457,1218.5899658203125,13.079999923706055
2005-11-09,,,46.560001373291016,34.24687194824219,,83.81360626220703,45.866573333740234,1220.6500244140625,12.800000190734863
2005-11-10,,,46.47999954223633,34.6220817565918,,84.46416473388672,46.427162170410156,1230.9599609375,11.899999618530273
2005-11-11,,,46.79999923706055,34.71589660644531,,84.75179290771484,46.4531135559082,1234.719970703125,11.630000114440918
2005-11-14,,,46.619998931884766,34.71589660644531,,84.7038803100586,46.10533142089844,1233.760009765625,12.180000305175781
2005-11-15,,,46.65999984741211,34.55385971069336,,84.39569854736328,46.4063835144043,1229.010009765625,12.229999542236328
2005-11-16,,,47.779998779296875,34.76707458496094,,84.56686401367188,46.894351959228516,1231.2099609375,12.260000228881836
2005-11-17,,,48.47999954223633,35.227535247802734,,85.35442352294922,47.00849914550781,1242.800048828125,11.25
2005-11-18,,,48.459999084472656,35.34693145751953,,85.6899642944336,46.79050064086914,1248.27001953125,11.119999885559082
2005-11-21,,,48.9900016784668,35.43221664428711,,86.12142181396484,46.9306755065918,1254.8499755859375,10.819999694824219
2005-11-22,,,49.31999969482422,35.56013488769531,,86.49117279052734,46.9929313659668,1261.22998046875,10.600000381469727
2005-11-23,,,49.150001525878906,35.6453971862793,,86.99109649658203,46.8112907409668,1265.6099853515625,10.960000038146973
2005-11-25,,,49.41999816894531,35.722145080566406,,87.05956268310547,46.982608795166016,1268.25,10.880000114440918
2005-11-28,,,49.7400016784668,35.42368698120117,,86.44324493408203,47.21620178222656,1257.4599609375,11.84000015258789
2005-11-29,,,49.79999923706055,35.25313949584961,,86.3473892211914,46.76976776123047,1257.47998046875,11.890000343322754
2005-11-30,,,49.099998474121094,35.1678581237793,,85.8817138671875,46.71788787841797,1249.47998046875,12.0600004196167
2005-12-01,,,50.16999816894531,35.82448196411133,,86.75827026367188,46.644866943359375,1264.6700439453125,11.239999771118164
2005-12-02,,,50.31999969482422,35.90974807739258,,86.86781311035156,46.66053009033203,1265.0799560546875,11.010000228881836
2005-12-05,,,50.779998779296875,35.6453971862793,,86.6829605102539,46.451942443847656,1262.0899658203125,11.600000381469727
2005-12-06,,,50.88999938964844,35.7647819519043,,86.8472900390625,46.926414489746094,1263.699951171875,11.520000457763672
2005-12-07,,,51.31999969482422,35.696571350097656,,86.34052276611328,46.749114990234375,1257.3699951171875,12.180000305175781
2005-12-08,,,51.900001525878906,35.44074630737305,,86.28575897216797,47.05154800415039,1255.8399658203125,12.210000038146973
2005-12-09,,,52.400001525878906,35.57716751098633,,86.51174926757812,46.6813850402832,1259.3699951171875,11.6899995803833
2005-12-12,,,52.560001373291016,35.705116271972656,,86.59390258789062,46.59273147583008,1260.4300537109375,11.470000267028809
2005-12-13,,,51.650001525878906,35.85005187988281,,87.18284606933594,46.76478576660156,1267.4300537109375,11.109999656677246
2005-12-14,,,50.349998474121094,35.730682373046875,,87.52523803710938,47.24443435668945,1272.739990234375,10.479999542236328
2005-12-15,,,50.2400016784668,35.79037094116211,,87.27189636230469,47.12971878051758,1270.93994140625,10.729999542236328
2005-12-16,,,50.09000015258789,35.543338775634766,,86.9909896850586,47.286109924316406,1267.3199462890625,10.680000305175781
2005-12-19,,,50.220001220703125,34.97914123535156,,86.54350280761719,47.33304214477539,1259.9200439453125,11.380000114440918
2005-12-20,,,49.040000915527344,35.00479507446289,,86.62612915039062,47.27570343017578,1259.6199951171875,11.1899995803833
2005-12-21,,,49.369998931884766,35.15866470336914,,86.7637710571289,47.19227600097656,1262.7900390625,10.8100004196167
2005-12-22,,,50.13999938964844,35.38946533203125,,87.21817779541016,47.56763458251953,1268.1199951171875,10.289999961853027
2005-12-23,,,50.119998931884766,35.38946533203125,,87.26637268066406,47.85961151123047,1268.6600341796875,10.270000457763672
2005-12-27,,,50.63999938964844,35.08171844482422,,86.37828826904297,48.250587463378906,1256.5400390625,11.569999694824219
2005-12-28,,,51.470001220703125,35.03899002075195,,86.571044921875,48.1160774230957,1258.1700439453125,11.350000381469727
2005-12-29,,,51.470001220703125,34.80818176269531,,86.18550109863281,48.22077560424805,1254.4200439453125,11.609999656677246
2005-12-30,,,51.58000183105469,34.54319381713867,,85.71737670898438,48.11085891723633,1248.2900390625,12.069999694824219
2006-01-03,,,53.119998931884766,35.31250762939453,,87.22503662109375,48.047996520996094,1268.800048828125,11.140000343322754
2006-01-04,,,53.29999923706055,35.68010711669922,,87.63809204101562,48.16312026977539,1273.4599609375,11.369999885559082
2006-01-05,,,52.34000015258789,35.83396911621094,,87.69318389892578,48.10557556152344,1273.47998046875,11.3100004196167
2006-01-06,,,53.720001220703125,36.4836311340332,,88.42294311523438,48.016639709472656,1285.449951171875,11.0
2006-01-09,,,54.599998474121094,36.62894058227539,,88.65013885498047,48.047996520996094,1290.1500244140625,11.130000114440918
2006-01-10,,,54.060001373291016,36.654598236083984,,88.73963928222656,47.66059112548828,1289.68994140625,10.859999656677246
2006-01-11,,,54.529998779296875,36.93667221069336,,89.02188110351562,47.58211898803711,1294.1800537109375,10.9399995803833
2006-01-12,,,54.43000030517578,36.75716781616211,,88.67078399658203,47.90140151977539,1286.06005859375,11.199999809265137
2006-01-13,,,55.439998626708984,36.740081787109375,,88.58817291259766,48.178871154785156,1287.6099853515625,11.229999542236328
2006-01-17,,,55.2599983215332,36.5007209777832,,88.3471908569336,48.39350891113281,1282.9300537109375,11.90999984741211
2006-01-18,,,54.06999969482422,36.08186721801758,,87.99612426757812,48.3777961730957,1277.9300537109375,12.25
2006-01-19,,,55.59000015258789,36.34686279296875,,88.33342742919922,48.23647689819336,1285.0400390625,11.979999542236328
2006-01-20,,,55.20000076293945,35.26123809814453,,86.72250366210938,48.36213302612305,1261.489990234375,14.5600004196167
2006-01-23,,,55.77000045776367,35.2697868347168,,87.03230285644531,48.346405029296875,1263.8199462890625,13.930000305175781
2006-01-24,,,55.72999954223633,35.423648834228516,,87.12178802490234,48.11085891723633,1266.8599853515625,13.3100004196167
2006-01-25,,,56.13999938964844,35.2697868347168,,87.197509765625,47.58734893798828,1264.6800537109375,12.869999885559082
2006-01-26,,,55.880001068115234,35.51769256591797,,87.6794204711914,47.38312911987305,1273.8299560546875,12.420000076293945
2006-01-27,,,55.630001068115234,35.99637222290039,,88.49177551269531,47.38312911987305,1283.719970703125,11.970000267028809
2006-01-30,,,56.68000030517578,36.064754486083984,,88.42294311523438,47.33603286743164,1285.18994140625,12.390000343322754
2006-01-31,,,56.70000076293945,35.90234375,,87.77580261230469,47.466957092285156,1280.0799560546875,12.949999809265137
2006-02-01,,,56.70000076293945,36.030574798583984,,88.3885269165039,47.30458450317383,1282.4599609375,12.359999656677246
2006-02-02,,,56.97999954223633,35.415103912353516,,87.36275482177734,47.393882751464844,1270.8399658203125,13.229999542236328
2006-02-03,,,56.5,34.97914123535156,,86.92902374267578,47.730106353759766,1264.030029296875,12.960000038146973
2006-02-06,,,56.720001220703125,34.88512420654297,,87.15620422363281,47.82468795776367,1265.02001953125,13.039999961853027
2006-02-07,,,54.599998474121094,34.731258392333984,,86.38516235351562,47.5987663269043,1254.780029296875,13.59000015258789
2006-02-08,,,54.83000183105469,35.13300323486328,,87.16999053955078,47.48845672607422,1265.6500244140625,12.829999923706055
2006-02-09,,,56.18000030517578,34.79963684082031,,87.02537536621094,47.70384979248047,1263.780029296875,13.119999885559082
2006-02-10,,,54.790000915527344,35.01333236694336,,87.18377685546875,47.44114685058594,1266.989990234375,12.869999885559082
2006-02-13,,,53.720001220703125,34.611576080322266,,87.02537536621094,47.44641876220703,1262.8599853515625,13.350000381469727
2006-02-14,,,54.4900016784668,34.962066650390625,,87.94792175292969,47.27827072143555,1275.530029296875,12.25
2006-02-15,,,53.7599983215332,35.18431854248047,,88.25772094726562,47.393882751464844,1280.0,12.3100004196167
2006-02-16,,,54.52000045776367,35.50913619995117,,88.91861724853516,47.40439987182617,1289.3800048828125,11.479999542236328
2006-02-17,,,54.959999084472656,35.227046966552734,,88.67769622802734,47.782649993896484,1287.239990234375,12.010000228881836
2006-02-21,,,55.119998931884766,34.83381271362305,,88.45738220214844,47.70384979248047,1283.030029296875,12.40999984741211
2006-02-22,,,55.34000015258789,35.2697868347168,,88.99433135986328,48.02955627441406,1292.6700439453125,11.880000114440918
2006-02-23,,,54.63999938964844,35.175758361816406,,88.86353302001953,47.908748626708984,1287.7900390625,11.869999885559082
2006-02-24,,,55.63999938964844,35.2697868347168,,89.0907211303711,47.83519744873047,1289.4300537109375,11.460000038146973
2006-02-27,,,55.220001220703125,35.662986755371094,,89.12513732910156,47.75641632080078,1294.1199951171875,11.59000015258789
2006-02-28,,,56.06999969482422,35.13300323486328,,88.27837371826172,47.99281311035156,1280.6600341796875,12.34000015258789
2006-03-01,,,56.099998474121094,35.61170196533203,,89.06318664550781,47.70283126831055,1291.239990234375,11.539999961853027
2006-03-02,,,56.7400016784668,35.6373405456543,,89.0562973022461,47.37069320678711,1289.1400146484375,11.720000267028809
2006-03-03,,,56.279998779296875,35.432193756103516,,88.64324951171875,47.09653854370117,1287.22998046875,11.960000038146973
2006-03-06,,,55.22999954223633,35.124473571777344,,88.23706817626953,46.68529510498047,1278.260009765625,12.739999771118164
2006-03-07,,,54.95000076293945,34.91930389404297,,88.09940338134766,46.71696472167969,1275.8800048828125,12.65999984741211
2006-03-08,,,53.970001220703125,34.936405181884766,,88.2852554321289,46.701148986816406,1278.469970703125,12.319999694824219
2006-03-09,,,54.2400016784668,34.637210845947266,,87.69318389892578,46.71696472167969,1272.22998046875,12.680000305175781
2006-03-10,,,53.83000183105469,34.671409606933594,,88.52620697021484,46.54295349121094,1281.4200439453125,11.850000381469727
2006-03-13,,,54.310001373291016,34.77398681640625,,88.69144439697266,46.50608825683594,1284.1300048828125,11.369999885559082
2006-03-14,,,54.869998931884766,35.36382293701172,,89.6208267211914,46.8171501159668,1297.47998046875,10.739999771118164
2006-03-15,,,55.119998931884766,35.662986755371094,,90.02012634277344,46.56403732299805,1303.02001953125,11.350000381469727
2006-03-16,,,55.34000015258789,35.36382293701172,,90.20600891113281,46.985801696777344,1305.3299560546875,11.979999542236328
2006-03-17,,,55.119998931884766,35.4570426940918,,90.28133392333984,46.843505859375,1307.25,12.119999885559082
2006-03-20,,,55.16999816894531,35.54258728027344,,90.1362075805664,46.917301177978516,1305.0799560546875,11.789999961853027
2006-03-21,,,54.83000183105469,35.16621398925781,,89.56940460205078,46.674747467041016,1297.22998046875,11.619999885559082
2006-03-22,,,54.75,35.25175857543945,,90.11540222167969,46.77491760253906,1305.0400390625,11.210000038146973
2006-03-23,,,54.70000076293945,35.14910125732422,,89.9288101196289,46.6273307800293,1301.6700439453125,11.170000076293945
2006-03-24,,,55.709999084472656,35.328739166259766,,89.99796295166016,46.96999740600586,1302.949951171875,11.1899995803833
2006-03-27,,,56.38999938964844,35.33729553222656,,89.86661529541016,46.79602813720703,1301.6099853515625,11.460000038146973
2006-03-28,,,56.060001373291016,35.19186782836914,,89.31365966796875,46.35844421386719,1293.22998046875,11.579999923706055
2006-03-29,,,57.06999969482422,35.85911560058594,,89.87351989746094,46.137001037597656,1302.8900146484375,10.949999809265137
2006-03-30,,,58.599998474121094,35.97031021118164,,89.71456146240234,45.815425872802734,1300.25,11.569999694824219
2006-03-31,,,58.099998474121094,35.86766815185547,,89.73527526855469,45.79958724975586,1294.8699951171875,11.390000343322754
2006-04-03,,,58.470001220703125,35.91044616699219,,89.66620635986328,45.81438064575195,1297.81005859375,11.569999694824219
2006-04-04,,,58.33000183105469,36.107177734375,,90.23983764648438,45.766761779785156,1305.9300537109375,11.140000343322754
2006-04-05,,,58.65999984741211,36.4493293762207,,90.5509033203125,45.83024215698242,1311.56005859375,11.130000114440918
2006-04-06,,,59.279998779296875,36.55198287963867,,90.45410919189453,45.480995178222656,1309.0400390625,11.449999809265137
2006-04-07,,,58.59000015258789,36.2012825012207,,89.53482818603516,45.03643798828125,1295.5,12.260000228881836
2006-04-10,,,59.599998474121094,36.14993667602539,,89.673095703125,45.12116241455078,1296.6199951171875,12.1899995803833
2006-04-11,,,59.0099983215332,35.85911560058594,,88.91280364990234,45.27986145019531,1286.5699462890625,13.0
2006-04-12,,,59.43000030517578,35.86766815185547,,89.07869720458984,45.00466537475586,1288.1199951171875,12.760000228881836
2006-04-13,,,59.5,36.01307678222656,,88.96118927001953,44.687137603759766,1289.1199951171875,12.380000114440918
2006-04-17,,,61.09000015258789,35.63669967651367,,88.9266128540039,44.85123062133789,1285.3299560546875,12.579999923706055
2006-04-18,,,61.849998474121094,36.32102584838867,,90.33663177490234,44.930572509765625,1307.280029296875,11.399999618530273
2006-04-19,,,63.75,36.48356246948242,,90.5093765258789,44.65538787841797,1309.9300537109375,11.319999694824219
2006-04-20,,,60.959999084472656,36.35525131225586,,90.63382720947266,44.618370056152344,1311.4599609375,11.640000343322754
2006-04-21,,,63.20000076293945,35.927528381347656,,90.64762878417969,44.87767791748047,1311.280029296875,11.59000015258789
2006-04-24,,,61.650001525878906,35.893310546875,,90.48175811767578,45.05757141113281,1308.1099853515625,11.75
2006-04-25,,,62.779998779296875,35.81635284423828,,90.10851287841797,44.52306365966797,1301.739990234375,11.75
2006-04-26,,,63.650001525878906,35.807777404785156,,90.12926483154297,44.44902801513672,1305.4100341796875,11.760000228881836
2006-04-27,,,62.959999084472656,36.14993667602539,,90.56473541259766,44.50722122192383,1309.719970703125,11.84000015258789
2006-04-28,,,65.08999633789062,35.799217224121094,,90.86881256103516,44.538970947265625,1310.6099853515625,11.59000015258789
2006-05-01,,,65.16000366210938,35.448490142822266,,90.12926483154297,44.204254150390625,1305.18994140625,12.539999961853027
2006-05-02,,,66.55000305175781,35.54258728027344,,90.80662536621094,44.32115936279297,1313.2099609375,11.989999771118164
2006-05-03,,,66.45999908447266,35.49128723144531,,90.46793365478516,44.22547149658203,1308.1199951171875,11.989999771118164
2006-05-04,,,67.4800033569336,35.782127380371094,,90.7928237915039,44.15109634399414,1312.25,11.859999656677246
2006-05-05,,,67.98999786376953,36.064414978027344,,91.59455108642578,44.416770935058594,1325.760009765625,11.619999885559082
2006-05-08,,,67.55999755859375,36.098628997802734,,91.48397064208984,44.443336486816406,1324.6600341796875,12.0
2006-05-09,,,69.68000030517578,35.96175003051758,,91.66370391845703,44.416770935058594,1325.1400146484375,11.989999771118164
2006-05-10,,,70.37999725341797,35.64524459838867,,91.61531829833984,44.496482849121094,1322.8499755859375,11.779999732971191
2006-05-11,,,71.02999877929688,34.84971618652344,,90.5093765258789,44.27861022949219,1305.9200439453125,12.489999771118164
2006-05-12,,,71.12000274658203,34.379234313964844,,89.3274917602539,43.91202926635742,1291.239990234375,14.1899995803833
2006-05-15,,,67.41000366210938,34.35356903076172,,89.5071792602539,44.08738708496094,1294.5,13.569999694824219
2006-05-16,,,68.61000061035156,34.096927642822266,,89.37589263916016,44.416770935058594,1292.0799560546875,13.350000381469727
2006-05-17,,,68.1500015258789,33.6350212097168,,87.67559814453125,44.1405143737793,1270.3199462890625,16.260000228881836
2006-05-18,,,67.45999908447266,33.40406799316406,,87.23324584960938,44.74089813232422,1261.81005859375,16.989999771118164
2006-05-19,,,65.58000183105469,33.66067886352539,,87.848388671875,44.8577880859375,1267.030029296875,17.18000030517578
2006-05-22,,,65.30000305175781,33.33561325073242,,87.17794036865234,44.953407287597656,1262.0699462890625,17.719999313354492
2006-05-23,,,66.37999725341797,33.01054382324219,,86.51443481445312,44.926841735839844,1256.5799560546875,18.260000228881836
2006-05-24,,,64.05999755859375,33.23298263549805,,87.20559692382812,44.94808578491211,1258.5699462890625,17.360000610351562
2006-05-25,,,64.69999694824219,33.66924285888672,,88.2838363647461,44.77273178100586,1272.8800048828125,15.5
2006-05-26,,,65.0999984741211,33.780418395996094,,88.73310089111328,44.74089813232422,1280.1600341796875,14.260000228881836
2006-05-30,,,65.11000061035156,33.0533447265625,,87.1572265625,44.71958923339844,1259.8699951171875,18.65999984741211
2006-05-31,,,64.2300033569336,33.207313537597656,,88.13175964355469,44.453948974609375,1270.0899658203125,16.440000534057617
2006-06-01,,,62.560001373291016,33.99429702758789,,88.97499084472656,44.65239715576172,1285.7099609375,14.520000457763672
2006-06-02,,,63.5,33.90874481201172,,89.16161346435547,45.228511810302734,1288.219970703125,14.319999694824219
2006-06-05,,,63.290000915527344,33.17308807373047,,87.86221313476562,45.169803619384766,1265.2900390625,16.649999618530273
2006-06-06,,,62.54999923706055,33.147422790527344,,87.64795684814453,45.383209228515625,1263.8499755859375,17.34000015258789
2006-06-07,,,62.279998779296875,32.89937210083008,,86.99134063720703,45.39383316040039,1256.1500244140625,17.799999237060547
2006-06-08,,,60.90999984741211,32.84804153442383,,86.9153060913086,45.48453903198242,1257.9300537109375,18.350000381469727
2006-06-09,,,60.45000076293945,32.634185791015625,,86.63883972167969,45.724578857421875,1252.300048828125,18.1200008392334
2006-06-12,,,60.029998779296875,31.992618560791016,,85.6988296508789,45.76190948486328,1237.43994140625,20.959999084472656
2006-06-13,,,55.91999816894531,31.86429214477539,,84.70353698730469,45.793941497802734,1223.68994140625,23.809999465942383
2006-06-14,,,55.619998931884766,32.189353942871094,,85.36016845703125,45.335205078125,1230.0400390625,21.459999084472656
2006-06-15,,,57.31999969482422,33.0619010925293,,87.17101287841797,45.07382583618164,1256.1600341796875,15.899999618530273
2006-06-16,,,57.68000030517578,32.81877899169922,,86.53580474853516,44.97245407104492,1251.5400390625,17.25
2006-06-19,,,56.36000061035156,32.55342483520508,,85.85546875,44.90840148925781,1240.1300048828125,17.829999923706055
2006-06-20,,,57.29999923706055,32.59623718261719,,86.14703369140625,44.83374786376953,1240.1199951171875,16.690000534057617
2006-06-21,,,58.33000183105469,33.109832763671875,,86.78575897216797,44.84444808959961,1252.199951171875,15.520000457763672
2006-06-22,,,57.72999954223633,32.69038772583008,,86.4039077758789,44.588375091552734,1245.5999755859375,15.880000114440918
2006-06-23,,,57.9900016784668,32.65617370605469,,86.39006042480469,44.49772262573242,1244.5,15.890000343322754
2006-06-26,,,58.279998779296875,32.741756439208984,,86.7718505859375,44.41234588623047,1250.56005859375,15.619999885559082
2006-06-27,,,57.68000030517578,32.125431060791016,,86.0220947265625,44.63105773925781,1239.199951171875,16.399999618530273
2006-06-28,,,57.540000915527344,32.3651123046875,,86.60525512695312,44.3963508605957,1246.0,15.789999961853027
2006-06-29,,,59.52000045776367,33.349517822265625,,88.35468292236328,44.54568862915039,1272.8699951171875,13.029999732971191
2006-06-30,,,61.22999954223633,33.186866760253906,,88.36166381835938,44.97777557373047,1270.199951171875,13.079999923706055
2006-07-03,,,62.18000030517578,33.383731842041016,,88.72262573242188,44.93333053588867,1280.18994140625,13.050000190734863
2006-07-05,,,62.5,32.65617370605469,,88.21585083007812,44.57453155517578,1270.9100341796875,14.149999618530273
2006-07-06,,,63.02000045776367,32.62190246582031,,88.47272491455078,44.847679138183594,1274.0799560546875,13.649999618530273
2006-07-07,,,62.630001068115234,32.26239013671875,,87.89647674560547,45.1368408203125,1265.47998046875,13.970000267028809
2006-07-10,,,62.02000045776367,31.979900360107422,,88.06312561035156,45.17966079711914,1267.3399658203125,14.020000457763672
2006-07-11,,,63.810001373291016,32.21959686279297,,88.4518814086914,45.3242301940918,1272.4300537109375,13.140000343322754
2006-07-12,,,64.91999816894531,31.6118221282959,,87.50776672363281,45.334991455078125,1258.5999755859375,14.489999771118164
2006-07-13,,,65.55000305175781,31.08112907409668,,86.08455657958984,45.511695861816406,1242.280029296875,17.790000915527344
2006-07-14,,,65.8499984741211,30.76439666748047,,85.75132751464844,45.5384635925293,1236.199951171875,18.049999237060547
2006-07-17,,,63.95000076293945,30.841440200805664,,85.62638092041016,45.60807800292969,1234.489990234375,18.639999389648438
2006-07-18,,,62.900001525878906,30.94415855407715,,86.06372833251953,45.2171516418457,1236.8599853515625,17.739999771118164
2006-07-19,,,64.02999877929688,31.34648323059082,,87.25782012939453,45.6455078125,1259.81005859375,15.550000190734863
2006-07-20,,,62.540000915527344,30.884248733520508,,86.66079711914062,45.779415130615234,1249.1300048828125,16.209999084472656
2006-07-21,,,61.709999084472656,30.558961868286133,,86.04983520507812,45.69373321533203,1240.2900390625,17.399999618530273
2006-07-24,,,61.13999938964844,31.166725158691406,,87.61881256103516,45.6669807434082,1260.9100341796875,14.979999542236328
2006-07-25,,,61.54999923706055,31.34648323059082,,87.93121337890625,45.53311538696289,1268.8800048828125,14.850000381469727
2006-07-26,,,62.0,31.320791244506836,,88.04924774169922,45.699092864990234,1268.4000244140625,14.619999885559082
2006-07-27,,,62.900001525878906,31.11534881591797,,87.96591186523438,45.629486083984375,1263.199951171875,14.9399995803833
2006-07-28,,,63.11000061035156,31.76590347290039,,88.84760284423828,45.891841888427734,1278.550048828125,14.329999923706055
2006-07-31,,,63.15999984741211,31.757360458374023,,88.75737762451172,45.95074462890625,1276.6600341796875,14.949999809265137
2006-08-01,,,64.31999969482422,31.22665023803711,,88.31999969482422,45.94647979736328,1270.9200439453125,15.050000190734863
2006-08-02,,,64.75,31.577594757080078,,88.91703033447266,46.11854553222656,1277.4100341796875,14.34000015258789
2006-08-03,,,64.12000274658203,31.77446937561035,,89.15306091308594,46.129276275634766,1280.27001953125,14.460000038146973
2006-08-04,,,64.27999877929688,31.628965377807617,,89.0003433227539,46.40884780883789,1279.3599853515625,14.34000015258789
2006-08-07,,,64.5,31.423511505126953,,88.79206085205078,46.435707092285156,1275.77001953125,15.229999542236328
2006-08-08,,,63.970001220703125,31.22665023803711,,88.4518814086914,46.33355712890625,1271.47998046875,15.229999542236328
2006-08-09,,,64.62999725341797,31.26944923400879,,88.1533432006836,46.18296813964844,1265.949951171875,15.199999809265137
2006-08-10,,,63.25,31.49199676513672,,88.42412567138672,46.11316680908203,1271.81005859375,14.460000038146973
2006-08-11,,,62.709999084472656,31.26944923400879,,88.17420196533203,45.914215087890625,1266.739990234375,14.300000190734863
2006-08-14,,,62.25,31.47486686706543,,88.24365234375,45.83357238769531,1268.2099609375,14.260000228881836
2006-08-15,,,62.0099983215332,32.27094268798828,,89.29881286621094,46.22071075439453,1285.5799560546875,13.420000076293945
2006-08-16,,,62.4900016784668,33.03278732299805,,90.04167938232422,46.532501220703125,1295.4300537109375,12.40999984741211
2006-08-17,,,61.029998779296875,33.152626037597656,,90.27075958251953,46.51634979248047,1297.47998046875,12.239999771118164
2006-08-18,,,61.040000915527344,33.20398712158203,,90.72897338867188,46.6507682800293,1302.300048828125,11.640000343322754
2006-08-21,,,62.439998626708984,32.88727569580078,,90.3402099609375,46.81745910644531,1297.52001953125,12.220000267028809
2006-08-22,,,62.04999923706055,32.89583969116211,,90.33323669433594,46.833587646484375,1298.8199462890625,12.1899995803833
2006-08-23,,,61.83000183105469,32.64757537841797,,90.08332061767578,46.855079650878906,1292.989990234375,12.399999618530273
2006-08-24,,,61.75,32.741756439208984,,90.00696563720703,46.941078186035156,1296.06005859375,12.399999618530273
2006-08-25,,,61.77000045776367,32.80168151855469,,90.1180419921875,47.01100540161133,1295.0899658203125,12.3100004196167
2006-08-28,,,61.0,33.0499153137207,,90.54849243164062,47.053958892822266,1301.780029296875,12.180000305175781
2006-08-29,,,60.939998626708984,33.152626037597656,,90.6525650024414,47.11851119995117,1304.280029296875,12.279999732971191
2006-08-30,,,61.41999816894531,33.30672836303711,,90.7081527709961,47.2421989440918,1305.3699951171875,12.220000267028809
2006-08-31,,,62.290000915527344,33.27246856689453,,90.69422912597656,47.35508346557617,1303.8199462890625,12.3100004196167
2006-09-01,,,62.13999938964844,33.45221710205078,,91.23575592041016,47.37126159667969,1311.010009765625,11.960000038146973
2006-09-05,,,63.36000061035156,33.77749252319336,,91.40930938720703,47.07441711425781,1313.25,12.630000114440918
2006-09-06,,,62.86000061035156,33.10126495361328,,90.6040267944336,47.0096321105957,1300.260009765625,13.739999771118164
2006-09-07,,,61.25,32.947181701660156,,90.1874771118164,47.10136795043945,1294.02001953125,13.880000114440918
2006-09-08,,,60.63999938964844,33.14408493041992,,90.44430541992188,47.13917541503906,1298.9200439453125,13.15999984741211
2006-09-11,,,58.5,33.349517822265625,,90.53459930419922,47.09599304199219,1299.5400390625,12.989999771118164
2006-09-12,,,58.31999969482422,33.965816497802734,,91.42323303222656,47.33348083496094,1313.0,11.920000076293945
2006-09-13,,,58.619998931884766,34.196929931640625,,91.7911605834961,47.355079650878906,1318.0699462890625,11.180000305175781
2006-09-14,,,57.189998626708984,34.231178283691406,,91.79806518554688,47.24711608886719,1316.280029296875,11.550000190734863
2006-09-15,,,57.400001525878906,34.3536491394043,,92.01356506347656,47.209346771240234,1319.6600341796875,11.760000228881836
2006-09-18,,,58.22999954223633,34.362213134765625,,92.1390609741211,47.13376235961914,1321.1800537109375,11.779999732971191
2006-09-19,,,56.91999816894531,34.1309700012207,,91.90894317626953,47.662742614746094,1317.6400146484375,11.979999542236328
2006-09-20,,,57.2599983215332,34.62772750854492,,92.39704132080078,47.73291778564453,1325.1800537109375,11.390000343322754
2006-09-21,,,57.95000076293945,34.41361999511719,,91.95076751708984,48.17011260986328,1318.030029296875,12.25
2006-09-22,,,58.5,34.148101806640625,,91.6718521118164,48.40764236450195,1314.780029296875,12.59000015258789
2006-09-25,,,58.5,34.74764633178711,,92.3760986328125,48.74770736694336,1326.3699951171875,12.119999885559082
2006-09-26,,,58.7400016784668,34.918941497802734,,93.14318084716797,48.54262924194336,1336.3499755859375,11.529999732971191
2006-09-27,,,59.810001373291016,34.87610626220703,,93.25473022460938,48.40225601196289,1336.5899658203125,11.579999923706055
2006-09-28,,,59.790000915527344,34.970333099365234,,93.21985626220703,48.32130813598633,1338.8800048828125,11.720000267028809
2006-09-29,,,59.470001220703125,34.81614685058594,,93.14318084716797,48.26194381713867,1335.8499755859375,11.979999542236328
2006-10-02,,,59.150001525878906,34.37933349609375,,92.79449462890625,48.39417266845703,1331.3199462890625,12.569999694824219
2006-10-03,,,57.11000061035156,34.524940490722656,,92.9897232055664,48.329105377197266,1334.1099853515625,12.239999771118164
2006-10-04,,,56.369998931884766,35.37287521362305,,94.07744598388672,48.68134307861328,1350.199951171875,11.859999656677246
2006-10-05,,,56.91999816894531,35.54417419433594,,94.25878143310547,48.33993911743164,1353.219970703125,11.979999542236328
2006-10-06,,,56.9900016784668,35.46710205078125,,94.14022827148438,47.835975646972656,1349.5899658203125,11.5600004196167
2006-10-09,,,57.20000076293945,35.58699035644531,,94.196044921875,47.9660530090332,1350.6600341796875,11.680000305175781
2006-10-10,,,57.0,35.646942138671875,,94.32154846191406,47.586666107177734,1353.4200439453125,11.520000457763672
2006-10-11,,,56.880001068115234,35.57841110229492,,94.2099838256836,47.445777893066406,1349.949951171875,11.619999885559082
2006-10-12,,,57.4900016784668,36.14372253417969,,95.02581024169922,47.47285079956055,1362.8299560546875,11.09000015258789
2006-10-13,,,58.56999969482422,36.34071731567383,,95.2698745727539,47.23445129394531,1365.6199951171875,10.75
2006-10-16,,,59.16999816894531,36.37495422363281,,95.41629028320312,47.445777893066406,1369.06005859375,11.09000015258789
2006-10-17,,,58.650001525878906,35.9724006652832,,95.1164779663086,47.48373031616211,1364.050048828125,11.729999542236328
2006-10-18,,,58.59000015258789,35.801124572753906,,95.2419662475586,47.58126449584961,1365.800048828125,11.34000015258789
2006-10-19,,,59.40999984741211,35.88676071166992,,95.39539337158203,47.494529724121094,1366.9599609375,10.899999618530273
2006-10-20,,,58.779998779296875,35.9724006652832,,95.41629028320312,47.445777893066406,1368.5999755859375,10.630000114440918
2006-10-23,,,57.7599983215332,36.34071731567383,,95.8555679321289,47.2560920715332,1377.02001953125,11.079999923706055
2006-10-24,,,58.16999816894531,36.09230422973633,,96.14147186279297,47.2560920715332,1377.3800048828125,10.779999732971191
2006-10-25,,,58.7599983215332,36.34071731567383,,96.46917724609375,47.63005065917969,1382.219970703125,10.65999984741211
2006-10-26,,,59.290000915527344,36.674713134765625,,96.76903533935547,47.93894577026367,1389.0799560546875,10.5600004196167
2006-10-27,,,59.400001525878906,36.15227508544922,,96.16239166259766,48.161136627197266,1377.3399658203125,10.800000190734863
2006-10-30,,,59.900001525878906,36.383522033691406,,96.09265899658203,48.29658889770508,1377.9300537109375,11.199999809265137
2006-10-31,,,60.2400016784668,36.46918869018555,,96.07874298095703,48.67050552368164,1377.93994140625,11.100000381469727
2006-11-01,,,61.36000061035156,35.9724006652832,,95.43024444580078,48.939857482910156,1367.81005859375,11.510000228881836
2006-11-02,,,61.91999816894531,36.00667190551758,,95.37446594238281,48.73851013183594,1367.3399658203125,11.420000076293945
2006-11-03,,,62.29999923706055,35.912452697753906,,95.20708465576172,48.16188049316406,1364.300048828125,11.15999984741211
2006-11-06,,,61.88999938964844,36.43491744995117,,96.28092193603516,48.303321838378906,1379.780029296875,11.15999984741211
2006-11-07,,,62.040000915527344,36.683284759521484,,96.65048217773438,48.52638244628906,1382.8399658203125,11.09000015258789
2006-11-08,,,61.11000061035156,36.85459518432617,,96.85965728759766,48.70045852661133,1385.719970703125,10.75
2006-11-09,,,62.95000076293945,36.683284759521484,,96.35063934326172,48.6732292175293,1378.3299560546875,11.010000228881836
2006-11-10,,,62.4900016784668,36.85459518432617,,96.39248657226562,48.885414123535156,1380.9000244140625,10.789999961853027
2006-11-13,,,62.189998626708984,37.23143768310547,,96.62957000732422,48.87454605102539,1384.4200439453125,10.859999656677246
2006-11-14,,,61.630001068115234,37.62541961669922,,97.35474395751953,49.064937591552734,1393.219970703125,10.5
2006-11-15,,,61.84000015258789,37.77959060668945,,97.6336441040039,48.879981994628906,1396.5699462890625,10.3100004196167
2006-11-16,,,61.310001373291016,37.94233322143555,,97.8846664428711,48.656917572021484,1399.760009765625,10.15999984741211
2006-11-17,,,61.779998779296875,37.94233322143555,,97.91259002685547,48.934383392333984,1401.199951171875,10.050000190734863
2006-11-20,,,61.77000045776367,38.01940155029297,,97.96834564208984,49.01056671142578,1400.5,9.970000267028809
2006-11-21,,,62.27000045776367,38.07080841064453,,98.06594848632812,49.13021469116211,1402.81005859375,9.899999618530273
2006-11-22,,,62.5,38.310611724853516,,98.26117706298828,49.21180725097656,1406.0899658203125,10.140000343322754
2006-11-24,,,63.5,38.242095947265625,,97.86372375488281,49.29887771606445,1400.949951171875,10.729999542236328
2006-11-27,,,63.70000076293945,37.377052307128906,,96.51795196533203,49.4783821105957,1381.9599609375,12.300000190734863
2006-11-28,,,63.56999969482422,37.48838424682617,,96.93635559082031,49.5817756652832,1386.719970703125,11.619999885559082
2006-11-29,,,63.15999984741211,37.74535369873047,,97.94744110107422,49.4675178527832,1399.47998046875,10.829999923706055
2006-11-30,,,64.38999938964844,37.71964645385742,,97.98921966552734,49.79393768310547,1400.6300048828125,10.90999984741211
2006-12-01,,,64.12000274658203,37.394203186035156,,97.77306365966797,49.920623779296875,1396.7099609375,11.65999984741211
2006-12-04,,,64.12000274658203,37.90807342529297,,98.51919555664062,50.00799560546875,1409.1199951171875,11.229999542236328
2006-12-05,,,63.810001373291016,38.04511642456055,,98.94454956054688,49.77315902709961,1414.760009765625,11.270000457763672
2006-12-06,,,62.689998626708984,37.90807342529297,,98.8608627319336,49.674903869628906,1412.9000244140625,11.329999923706055
2006-12-07,,,62.72999954223633,37.428443908691406,,98.42854309082031,49.63664627075195,1407.2900390625,12.670000076293945
2006-12-08,,,62.04999923706055,37.599735260009766,,98.60981750488281,49.276248931884766,1409.8399658203125,12.069999694824219
2006-12-11,,,62.56999969482422,37.73678970336914,,98.89570617675781,49.48918914794922,1413.0400390625,10.710000038146973
2006-12-12,,,62.52000045776367,37.51409149169922,,98.81905364990234,49.592979431152344,1411.56005859375,10.649999618530273
2006-12-13,,,62.47999954223633,37.582611083984375,,98.92359924316406,49.15069580078125,1413.2099609375,10.180000305175781
2006-12-14,,,62.119998931884766,38.002281188964844,,99.79521179199219,48.970489501953125,1425.489990234375,9.970000267028809
2006-12-15,,,61.0,38.100032806396484,,99.80435943603516,48.9977912902832,1427.0899658203125,10.050000190734863
2006-12-18,,,61.040000915527344,37.722740173339844,,99.5308837890625,49.0141716003418,1422.47998046875,10.600000381469727
2006-12-19,,,61.79999923706055,37.60268783569336,,99.7201919555664,48.94863510131836,1425.550048828125,10.300000190734863
2006-12-20,,,61.619998931884766,37.465457916259766,,99.66407775878906,48.94319534301758,1423.530029296875,10.260000228881836
2006-12-21,,,61.380001068115234,37.199649810791016,,99.29949951171875,49.18889236450195,1418.300048828125,10.529999732971191
2006-12-22,,,61.650001525878906,36.813751220703125,,98.68950653076172,48.81211471557617,1410.760009765625,11.359999656677246
2006-12-26,,,61.97999954223633,36.96811294555664,,99.27144622802734,48.959556579589844,1416.9000244140625,11.260000228881836
2006-12-27,,,62.220001220703125,37.15676498413086,,99.92353820800781,48.59957504272461,1426.8399658203125,10.640000343322754
2006-12-28,,,62.900001525878906,36.976661682128906,,99.71321868896484,48.49002456665039,1424.72998046875,10.989999771118164
2006-12-29,,,63.209999084472656,37.01097869873047,,99.29949951171875,48.451637268066406,1418.300048828125,11.5600004196167
2007-01-03,,,62.279998779296875,37.07958221435547,,99.12419128417969,48.796810150146484,1416.5999755859375,12.039999961853027
2007-01-04,,,61.650001525878906,37.78276062011719,,99.33454895019531,49.092708587646484,1418.3399658203125,11.510000228881836
2007-01-05,,,60.16999816894531,37.60268783569336,,98.54219055175781,48.878971099853516,1409.7099609375,12.140000343322754
2007-01-08,,,60.47999954223633,37.62840270996094,,98.99801635742188,48.96670150756836,1412.8399658203125,12.0
2007-01-09,,,60.849998474121094,37.81705856323242,,98.9138412475586,48.96670150756836,1412.1099853515625,11.90999984741211
2007-01-10,,,60.59000015258789,38.262969970703125,,99.24340057373047,48.74754333496094,1414.8499755859375,11.470000267028809
2007-01-11,,,60.630001068115234,38.65743637084961,81.57462310791016,99.67815399169922,48.46259307861328,1423.8199462890625,10.869999885559082
2007-01-12,,,62.16999816894531,38.85467529296875,81.61968231201172,100.4354248046875,48.23798751831055,1430.72998046875,10.149999618530273
2007-01-16,,,61.970001220703125,38.82893753051758,81.60466003417969,100.23906707763672,48.34210968017578,1431.9000244140625,10.739999771118164
2007-01-17,,,62.63999938964844,38.511653900146484,81.64971160888672,100.28112030029297,48.19411849975586,1430.6199951171875,10.59000015258789
2007-01-18,,,62.2599983215332,37.79991149902344,81.64218139648438,99.9445571899414,48.34210968017578,1426.3699951171875,10.850000381469727
2007-01-19,,,63.0,37.87708282470703,81.62715148925781,100.14092254638672,48.2105712890625,1430.5,10.399999618530273
2007-01-22,,,62.720001220703125,37.465457916259766,81.6572036743164,99.83236694335938,48.32563400268555,1422.949951171875,10.770000457763672
2007-01-23,,,64.2300033569336,37.37114334106445,81.6646957397461,100.1268539428711,48.00786590576172,1427.989990234375,10.34000015258789
2007-01-24,,,64.33000183105469,37.98858642578125,81.70972442626953,100.93319702148438,48.00236892700195,1440.1300048828125,9.890000343322754
2007-01-25,,,64.05999755859375,37.4997673034668,81.70972442626953,99.7482681274414,47.657169342041016,1423.9000244140625,11.220000267028809
2007-01-26,,,64.16999816894531,37.3625602722168,81.70222473144531,99.65713500976562,47.61881637573242,1422.1800537109375,11.130000114440918
2007-01-29,,,63.77000045776367,37.396854400634766,81.76229095458984,99.60101318359375,47.51470184326172,1420.6199951171875,11.449999809265137
2007-01-30,,,64.22000122070312,37.41402816772461,81.76229095458984,100.11986541748047,47.569515228271484,1428.8199462890625,10.960000038146973
2007-01-31,,,64.83000183105469,37.791324615478516,81.79975891113281,100.79297637939453,47.969486236572266,1438.239990234375,10.420000076293945
2007-02-01,,,65.22000122070312,37.73130798339844,81.80281829833984,101.39601135253906,47.911739349365234,1445.93994140625,10.3100004196167
2007-02-02,,,64.27999877929688,37.868499755859375,81.82539367675781,101.5362319946289,47.972232818603516,1448.3900146484375,10.079999923706055
2007-02-05,,,64.30999755859375,37.834205627441406,81.84794616699219,101.56427001953125,48.03827667236328,1446.989990234375,10.550000190734863
2007-02-06,,,64.79000091552734,37.78276062011719,81.84040069580078,101.59235382080078,48.302364349365234,1448.0,10.649999618530273
2007-02-07,,,64.62999725341797,38.12577819824219,81.88555145263672,101.81668090820312,48.4453239440918,1450.02001953125,10.319999694824219
2007-02-08,,,65.5199966430664,38.1171989440918,81.87808990478516,101.68350982666016,48.483848571777344,1448.31005859375,10.4399995803833
2007-02-09,,,66.12000274658203,37.62840270996094,81.90064239501953,100.92623138427734,48.20880126953125,1438.06005859375,11.100000381469727
2007-02-12,,,65.66999816894531,37.48262405395508,81.90064239501953,100.58263397216797,48.098777770996094,1433.3699951171875,11.609999656677246
2007-02-13,,,65.83999633789062,37.61125946044922,81.90064239501953,101.43106079101562,47.99422836303711,1444.260009765625,10.34000015258789
2007-02-14,,,66.37000274658203,38.245826721191406,81.95333099365234,102.0971450805664,48.45085906982422,1455.300048828125,10.229999542236328
2007-02-15,,,66.41000366210938,38.46879577636719,81.9608383178711,102.23038482666016,48.59389114379883,1456.81005859375,10.220000267028809
2007-02-16,,,66.36000061035156,38.340145111083984,81.97592163085938,102.18132781982422,48.76445007324219,1455.5400390625,10.020000457763672
2007-02-20,,,65.30999755859375,38.63170623779297,81.98342895507812,102.39862060546875,48.87443542480469,1459.6800537109375,10.239999771118164
2007-02-21,,,67.3499984741211,38.751773834228516,82.0135269165039,102.35662078857422,48.79192352294922,1457.6300048828125,10.199999809265137
2007-02-22,,,67.1500015258789,38.948997497558594,82.0135269165039,102.2794418334961,48.52787399291992,1456.3800048828125,10.180000305175781
2007-02-23,,,67.72000122070312,38.81178665161133,82.0511703491211,101.8797836303711,48.87443542480469,1451.18994140625,10.579999923706055
2007-02-26,,,68.0999984741211,38.62314987182617,82.05865478515625,101.78866577148438,49.19901657104492,1449.3699951171875,11.149999618530273
2007-02-27,,,65.41000366210938,37.036712646484375,82.07374572753906,97.81302642822266,49.82072448730469,1399.0400390625,18.309999465942383
2007-02-28,,,66.4800033569336,37.15676498413086,82.12644958496094,98.81570434570312,49.59514236450195,1406.8199462890625,15.420000076293945
2007-03-01,,,65.81999969482422,36.985252380371094,82.12419128417969,98.52120208740234,49.563682556152344,1403.1700439453125,15.819999694824219
2007-03-02,,,63.709999084472656,36.42784881591797,82.16940307617188,97.23106384277344,49.812191009521484,1387.1700439453125,18.610000610351562
2007-03-05,,,62.93000030517578,36.144866943359375,82.15430450439453,96.3055191040039,49.89501190185547,1374.1199951171875,19.6299991607666
2007-03-06,,,64.1500015258789,36.74513626098633,82.16185760498047,97.9532470703125,49.745906829833984,1395.4100341796875,15.960000038146973
2007-03-07,,,64.30000305175781,36.5993766784668,82.19206237792969,97.8550796508789,49.93918228149414,1391.969970703125,15.239999771118164
2007-03-08,,,64.4800033569336,36.84804153442383,82.19957733154297,98.68243408203125,49.89501190185547,1401.8900146484375,14.289999961853027
2007-03-09,,,64.25,36.813751220703125,82.19206237792969,98.71048736572266,49.370426177978516,1402.8399658203125,14.09000015258789
2007-03-12,,,64.37000274658203,37.05385208129883,82.21468353271484,98.8577651977539,49.563682556152344,1406.5999755859375,13.989999771118164
2007-03-13,,,63.720001220703125,36.333534240722656,82.26751708984375,96.93655395507812,49.86187744140625,1377.949951171875,18.1299991607666
2007-03-14,,,63.939998626708984,36.86518859863281,82.27503967285156,97.65872955322266,49.635459899902344,1387.1700439453125,17.270000457763672
2007-03-15,,,63.97999954223633,36.77943801879883,82.26751708984375,97.79200744628906,49.62992858886719,1392.280029296875,16.43000030517578
2007-03-16,,,64.62000274658203,36.75112533569336,82.28254699707031,97.51815032958984,49.6189079284668,1386.949951171875,16.790000915527344
2007-03-19,,,64.73999786376953,37.128684997558594,82.28254699707031,98.69375610351562,49.51396942138672,1402.06005859375,14.59000015258789
2007-03-20,,,65.2699966430664,37.39469528198242,82.30522918701172,99.2358169555664,49.541568756103516,1410.93994140625,13.270000457763672
2007-03-21,,,65.81999969482422,38.11545944213867,82.3580093383789,100.86893463134766,49.563682556152344,1435.0400390625,12.1899995803833
2007-03-22,,,65.76000213623047,37.97817611694336,82.33536529541016,100.79149627685547,49.17156982421875,1434.5400390625,12.930000305175781
2007-03-23,,,65.1500015258789,37.85802459716797,82.36559295654297,100.9393539428711,49.033504486083984,1436.1099853515625,12.949999809265137
2007-03-26,,,65.83999633789062,38.01250457763672,82.37310791015625,100.80560302734375,49.09425354003906,1437.5,13.15999984741211
2007-03-27,,,65.69999694824219,37.74649429321289,82.3957748413086,100.56626892089844,49.011444091796875,1428.6099853515625,13.479999542236328
2007-03-28,,,66.05000305175781,37.34320831298828,82.41836547851562,99.83414459228516,48.912025451660156,1417.22998046875,14.979999542236328
2007-03-29,,,65.6500015258789,37.386104583740234,82.44102478027344,99.9397201538086,48.84577941894531,1422.530029296875,15.140000343322754
2007-03-30,,,65.73999786376953,37.351776123046875,82.44102478027344,99.96083068847656,48.751888275146484,1420.8599853515625,14.640000343322754
2007-04-02,,,65.8499984741211,37.40325927734375,82.44480895996094,100.07350158691406,48.832767486572266,1424.550048828125,14.529999732971191
2007-04-03,,,65.83000183105469,37.89236068725586,82.45989990234375,101.1505126953125,48.771846771240234,1437.77001953125,13.460000038146973
2007-04-04,,,66.80999755859375,38.04682159423828,82.5053482055664,101.26323699951172,48.82168960571289,1439.3699951171875,13.239999771118164
2007-04-05,,,66.86000061035156,38.235595703125,82.49772644042969,101.53768920898438,48.63880920410156,1443.760009765625,13.229999542236328
2007-04-09,,,66.52999877929688,38.141212463378906,82.5053482055664,101.67850494384766,48.31730651855469,1444.6099853515625,13.140000343322754
2007-04-10,,,67.16000366210938,38.338565826416016,82.52799987792969,101.79817962646484,48.461448669433594,1448.3900146484375,12.680000305175781
2007-04-11,,,67.08000183105469,37.935272216796875,82.55070495605469,101.38282012939453,48.42815399169922,1438.8699951171875,13.489999771118164
2007-04-12,,,66.98999786376953,38.235595703125,82.5733871459961,101.8333740234375,48.43925857543945,1447.800048828125,12.710000038146973
2007-04-13,,,67.83999633789062,38.312828063964844,82.58855438232422,102.29794311523438,48.28962326049805,1452.8499755859375,12.199999809265137
2007-04-16,,,68.4000015258789,38.66462326049805,82.60364532470703,103.2693862915039,48.55564880371094,1468.3299560546875,11.979999542236328
2007-04-17,,,68.0,38.75042724609375,82.6112060546875,103.54395294189453,48.82729721069336,1471.47998046875,12.140000343322754
2007-04-18,,,68.37999725341797,38.621734619140625,82.66410827636719,103.67066192626953,49.071197509765625,1472.5,12.420000076293945
2007-04-19,,,67.52999877929688,38.741851806640625,82.67169189453125,103.64249420166016,48.988037109375,1470.72998046875,12.539999961853027
2007-04-20,,,68.69999694824219,38.95637130737305,82.66410827636719,104.6209945678711,48.86051559448242,1484.3499755859375,12.069999694824219
2007-04-23,,,68.26000213623047,39.01642608642578,82.69441223144531,104.22677612304688,49.03790283203125,1480.9300537109375,13.039999961853027
2007-04-24,,,67.7300033569336,39.21379852294922,82.70195770263672,104.26902770996094,49.220767974853516,1480.4100341796875,13.119999885559082
2007-04-25,,,67.88999938964844,39.73720932006836,82.72467041015625,105.22637939453125,49.04893493652344,1495.4200439453125,13.210000038146973
2007-04-26,,,66.87000274658203,39.94314956665039,82.70195770263672,105.3460693359375,48.6942138671875,1494.25,12.789999961853027
2007-04-27,,,67.55999755859375,39.960323333740234,82.732177734375,105.26155853271484,48.683162689208984,1494.0699462890625,12.449999809265137
2007-04-30,,,67.08999633789062,39.43688201904297,82.74734497070312,104.38870239257812,49.19309616088867,1482.3699951171875,14.220000267028809
2007-05-01,,,66.69000244140625,39.40257263183594,82.77086639404297,104.65616607666016,49.22865295410156,1486.300048828125,13.510000228881836
2007-05-02,,,66.66000366210938,39.83160400390625,82.80878448486328,105.26866149902344,49.20087432861328,1495.9200439453125,13.079999923706055
2007-05-03,,,67.48999786376953,39.97745895385742,82.81639099121094,105.8388671875,49.08963394165039,1502.3900146484375,13.09000015258789
2007-05-04,,,68.19000244140625,40.01178741455078,82.83157348632812,106.24010467529297,49.28986358642578,1505.6199951171875,12.90999984741211
2007-05-07,,,68.25,40.01178741455078,82.81639099121094,106.26122283935547,49.423377990722656,1509.47998046875,13.149999618530273
2007-05-08,,,67.87999725341797,40.09759521484375,82.84673309326172,106.12040710449219,49.31216049194336,1507.719970703125,13.210000038146973
2007-05-09,,,67.44999694824219,40.18339538574219,82.89226531982422,106.4090347290039,49.11738967895508,1512.5799560546875,12.880000114440918
2007-05-10,,,66.0,39.634239196777344,82.89982604980469,105.29681396484375,49.234249114990234,1491.469970703125,13.600000381469727
2007-05-11,,,66.44999694824219,40.14049530029297,82.90739440917969,106.19784545898438,49.061767578125,1505.8499755859375,12.949999809265137
2007-05-14,,,66.27999877929688,39.865928649902344,82.91500091552734,105.96559143066406,48.933841705322266,1503.1500244140625,13.960000038146973
2007-05-15,,,66.54000091552734,39.5570182800293,82.94536590576172,105.99366760253906,48.917152404785156,1501.18994140625,14.010000228881836
2007-05-16,,,65.5999984741211,39.94314956665039,82.99088287353516,106.71879577636719,48.883819580078125,1514.1400146484375,13.5
2007-05-17,,,65.05999755859375,39.75437927246094,82.99847412109375,106.5075912475586,48.68349075317383,1512.75,13.510000228881836
2007-05-18,,,65.5199966430664,40.0804557800293,83.00605773925781,107.43682861328125,48.36086654663086,1522.75,12.760000228881836
2007-05-21,,,65.66999816894531,40.33785629272461,83.00605773925781,107.38050079345703,48.50545883178711,1525.0999755859375,13.300000190734863
2007-05-22,,,65.19999694824219,40.3721923828125,83.00605773925781,107.2960205078125,48.255149841308594,1524.1199951171875,13.0600004196167
2007-05-23,,,65.54000091552734,40.18339538574219,83.05152893066406,107.31008911132812,48.11602783203125,1522.280029296875,13.239999771118164
2007-05-24,,,64.75,39.60850524902344,83.06671142578125,106.33863830566406,48.160560607910156,1507.510009765625,14.079999923706055
2007-05-25,,,64.94000244140625,39.85734939575195,83.08192443847656,106.78211212158203,48.04928207397461,1515.72998046875,13.34000015258789
2007-05-29,,,65.06999969482422,40.166255950927734,83.08953094482422,107.16928100585938,48.04372787475586,1518.1099853515625,13.529999732971191
2007-05-30,,,64.72000122070312,40.492313385009766,83.12744140625,108.04217529296875,48.14384460449219,1530.22998046875,12.829999923706055
2007-05-31,,,65.54000091552734,40.681095123291016,83.13502502441406,107.9295654296875,48.05484390258789,1530.6199951171875,13.050000190734863
2007-06-01,,,66.44000244140625,40.70683670043945,83.14797973632812,108.46455383300781,47.80240249633789,1536.3399658203125,12.779999732971191
2007-06-04,,,66.54000091552734,40.826969146728516,83.18603515625,108.47864532470703,48.020206451416016,1539.1800537109375,13.289999961853027
2007-06-05,,,66.37000274658203,40.826969146728516,83.1784439086914,108.04927062988281,47.71864318847656,1530.949951171875,13.630000114440918
2007-06-06,,,66.41000366210938,40.389347076416016,83.19365692138672,106.88773345947266,47.69631576538086,1517.3800048828125,14.869999885559082
2007-06-07,,,65.26000213623047,39.76294708251953,83.2317886352539,104.95890808105469,46.84181213378906,1490.719970703125,17.059999465942383
2007-06-08,,,64.22000122070312,40.25206756591797,83.24700164794922,106.32455444335938,46.802730560302734,1507.6700439453125,14.84000015258789
2007-06-11,,,64.69999694824219,40.17484664916992,83.25459289550781,106.5075912475586,46.668643951416016,1509.1199951171875,14.710000038146973
2007-06-12,,,64.0999984741211,39.934574127197266,83.26220703125,105.3460693359375,45.99287414550781,1493.0,16.670000076293945
2007-06-13,,,64.52999877929688,40.3721923828125,83.24700164794922,106.9228744506836,46.54019546508789,1515.6700439453125,14.729999542236328
2007-06-14,,,64.5999984741211,40.63818359375,83.30791473388672,107.60575103759766,46.42287063598633,1522.969970703125,13.640000343322754
2007-06-15,,,64.8499984741211,41.013450622558594,83.33077239990234,108.21797943115234,46.741249084472656,1532.9100341796875,13.9399995803833
2007-06-18,,,64.94999694824219,41.02204895019531,83.33836364746094,108.09074401855469,46.64628982543945,1531.050048828125,13.420000076293945
2007-06-19,,,65.4800033569336,41.013450622558594,83.36123657226562,108.359375,47.08195877075195,1533.699951171875,12.850000381469727
2007-06-20,,,64.70999908447266,40.62702941894531,83.3840560913086,106.85346221923828,46.70216369628906,1512.8399658203125,14.670000076293945
2007-06-21,,,64.55999755859375,40.996280670166016,83.39167022705078,107.44740295410156,46.47874450683594,1522.18994140625,14.210000038146973
2007-06-22,,,64.77999877929688,40.60985565185547,83.41455078125,106.4364013671875,46.780338287353516,1502.56005859375,15.75
2007-06-25,,,64.43000030517578,40.43811798095703,83.422119140625,105.92737579345703,47.03723907470703,1497.739990234375,16.649999618530273
2007-06-26,,,63.619998931884766,40.206260681152344,83.4297103881836,104.838623046875,47.04844284057617,1492.8900146484375,18.889999389648438
2007-06-27,,,63.66999816894531,40.82455062866211,83.45258331298828,106.3303451538086,47.09310531616211,1506.3399658203125,15.529999732971191
2007-06-28,,,64.26000213623047,40.807350158691406,83.47545623779297,106.3161849975586,47.08195877075195,1505.7099609375,15.539999961853027
2007-06-29,,,64.2699966430664,40.87606430053711,83.49827575683594,106.3515625,47.567867279052734,1503.3499755859375,16.229999542236328
2007-07-02,,,65.0199966430664,41.245323181152344,83.50138092041016,107.31300354003906,47.8178825378418,1519.4300537109375,15.399999618530273
2007-07-03,,,64.73999786376953,41.48577117919922,83.48599243164062,107.70191955566406,47.52634048461914,1524.8699951171875,14.920000076293945
2007-07-05,,,64.41999816894531,41.786319732666016,83.52432250976562,107.58877563476562,46.993736267089844,1525.4000244140625,15.479999542236328
2007-07-06,,,64.95999908447266,41.958091735839844,83.52432250976562,108.15443420410156,46.80311584472656,1530.43994140625,14.720000267028809
2007-07-09,,,65.37999725341797,41.98384094238281,83.54724884033203,108.23919677734375,46.97130584716797,1531.8499755859375,15.15999984741211
2007-07-10,,,65.61000061035156,41.631736755371094,83.57786560058594,106.69801330566406,47.76741409301758,1510.1199951171875,17.56999969482422
2007-07-11,,,65.44000244140625,41.915138244628906,83.57786560058594,107.4544677734375,47.27406692504883,1518.760009765625,16.639999389648438
2007-07-12,,,66.0199966430664,42.55918884277344,83.59309387207031,109.15122985839844,47.111480712890625,1547.699951171875,15.539999961853027
2007-07-13,,,66.02999877929688,42.85115432739258,83.60845947265625,109.47640991210938,47.240413665771484,1552.5,15.149999618530273
2007-07-16,,,65.81999969482422,42.80824661254883,83.61605834960938,109.4622573852539,47.69455337524414,1549.52001953125,15.59000015258789
2007-07-17,,,65.75,43.134544372558594,83.63143157958984,109.40571594238281,47.59361267089844,1549.3699951171875,15.630000114440918
2007-07-18,,,66.62000274658203,43.08301544189453,83.65435791015625,109.2077407836914,47.773075103759766,1546.1700439453125,16.0
2007-07-19,,,67.01000213623047,43.21183395385742,83.66961669921875,109.63201904296875,47.7618293762207,1553.0799560546875,15.229999542236328
2007-07-20,,,67.58000183105469,42.97998046875,83.70024871826172,108.5219955444336,48.193519592285156,1534.0999755859375,16.950000762939453
2007-07-23,,,67.47000122070312,42.99714279174805,83.70024871826172,108.85426330566406,48.115020751953125,1541.5699462890625,16.809999465942383
2007-07-24,,,67.47000122070312,42.36168670654297,83.70787048339844,106.96664428710938,48.29444122314453,1511.0400390625,18.549999237060547
2007-07-25,,,66.9000015258789,42.42178726196289,83.73086547851562,107.185791015625,48.38972473144531,1518.0899658203125,18.100000381469727
2007-07-26,,,65.6500015258789,42.06112289428711,83.77674102783203,104.64771270751953,48.79339599609375,1482.6600341796875,20.739999771118164
2007-07-27,,,65.41000366210938,41.210968017578125,83.77674102783203,102.59041595458984,48.93360137939453,1458.949951171875,24.170000076293945
2007-07-30,,,65.7699966430664,41.69184494018555,83.77674102783203,104.19529724121094,48.79339599609375,1473.9100341796875,20.8700008392334
2007-07-31,,,65.79000091552734,40.815956115722656,83.80732727050781,103.02167510986328,49.146644592285156,1455.27001953125,23.520000457763672
2007-08-01,,,65.93000030517578,41.13368225097656,83.83655548095703,103.52362823486328,49.04025650024414,1465.81005859375,23.670000076293945
2007-08-02,,,65.88999938964844,41.511539459228516,83.86719512939453,104.35078430175781,49.164085388183594,1472.199951171875,21.219999313354492
2007-08-03,,,66.69000244140625,40.72147750854492,83.89020538330078,101.664306640625,49.490509033203125,1433.06005859375,25.15999984741211
2007-08-06,,,66.5199966430664,41.19379425048828,83.88257598876953,103.3681411743164,49.13031768798828,1467.6700439453125,22.940000534057617
2007-08-07,,,66.4800033569336,41.48577117919922,83.89020538330078,104.47100067138672,49.09091567993164,1476.7099609375,21.559999465942383
2007-08-08,,,66.7699966430664,41.94090270996094,83.90560913085938,105.92737579345703,48.494300842285156,1497.489990234375,21.450000762939453
2007-08-09,,,65.45999908447266,40.97052001953125,83.9593505859375,102.788330078125,48.56187057495117,1453.0899658203125,26.479999542236328
2007-08-10,,,66.56999969482422,40.601261138916016,83.97474670410156,102.30760955810547,48.44924545288086,1453.6400146484375,28.299999237060547
2007-08-13,,,66.26000213623047,40.87606430053711,83.99005126953125,102.67526245117188,48.5899543762207,1452.9200439453125,26.56999969482422
2007-08-14,,,66.29000091552734,40.180477142333984,84.03612518310547,101.10574340820312,48.71943664550781,1426.5400390625,27.68000030517578
2007-08-15,,,66.12999725341797,39.416194915771484,84.1205825805664,99.71299743652344,48.5449333190918,1406.699951171875,30.670000076293945
2007-08-16,,,64.68000030517578,39.02975845336914,84.205078125,100.46240234375,49.04587173461914,1411.27001953125,30.829999923706055
2007-08-17,,,65.01000213623047,39.76827621459961,84.23574829101562,102.30760955810547,48.848907470703125,1445.93994140625,29.989999771118164
2007-08-20,,,65.12000274658203,39.957183837890625,84.34327697753906,102.25811767578125,48.8770866394043,1445.550048828125,26.329999923706055
2007-08-21,,,65.06999969482422,40.37797927856445,84.38166046142578,102.46314239501953,49.11347198486328,1447.1199951171875,25.25
2007-08-22,,,65.4000015258789,40.927581787109375,84.38933563232422,103.67914581298828,49.034629821777344,1464.0699462890625,22.889999389648438
2007-08-23,,,65.30999755859375,40.815956115722656,84.38166046142578,103.58726501464844,49.20348358154297,1462.5,22.6200008392334
2007-08-24,,,66.11000061035156,41.391300201416016,84.26649475097656,104.86690521240234,49.44548034667969,1479.3699951171875,20.719999313354492
2007-08-27,,,65.9800033569336,41.11649703979492,84.22809600830078,103.89128875732422,49.704437255859375,1466.7900390625,22.719999313354492
2007-08-28,,,65.58999633789062,40.13753890991211,84.30490112304688,101.60769653320312,49.788814544677734,1432.3599853515625,26.299999237060547
2007-08-29,,,66.06999969482422,41.28825759887695,84.32025146484375,103.60137176513672,49.653743743896484,1463.760009765625,23.809999465942383
2007-08-30,,,65.80000305175781,41.50294876098633,84.37397003173828,103.32569122314453,49.98581314086914,1457.6400146484375,25.059999465942383
2007-08-31,,,66.5199966430664,41.96665954589844,84.35867309570312,104.34375,50.025238037109375,1473.989990234375,23.3799991607666
2007-09-04,,,67.44000244140625,42.6622314453125,84.35711669921875,105.39715576171875,50.0489501953125,1489.4200439453125,22.780000686645508
2007-09-05,,,67.55999755859375,42.23286819458008,84.3956069946289,104.48513793945312,50.45017623901367,1472.2900390625,24.579999923706055
2007-09-06,,,68.86000061035156,42.198516845703125,84.35711669921875,104.72553253173828,50.32020950317383,1478.550048828125,23.989999771118164
2007-09-07,,,69.38999938964844,41.41707229614258,84.45732879638672,103.26911163330078,51.032291412353516,1453.550048828125,26.229999542236328
2007-09-10,,,69.62000274658203,41.391300201416016,84.4649887084961,103.0711669921875,51.427879333496094,1451.699951171875,27.3799991607666
2007-09-11,,,70.5199966430664,42.0181999206543,84.45732879638672,104.27298736572266,51.38835525512695,1471.489990234375,25.270000457763672
2007-09-12,,,70.45999908447266,42.026771545410156,84.50350189208984,104.5416259765625,51.196189880371094,1471.56005859375,24.959999084472656
2007-09-13,,,70.08000183105469,42.23286819458008,84.47270965576172,105.27698516845703,50.73841857910156,1483.949951171875,24.760000228881836
2007-09-14,,,69.98999786376953,42.26722717285156,84.47270965576172,105.26982879638672,50.81190872192383,1484.25,24.920000076293945
2007-09-17,,,70.97000122070312,41.915138244628906,84.49579620361328,104.70428466796875,51.05495071411133,1476.6500244140625,26.479999542236328
2007-09-18,,,71.69999694824219,42.971378326416016,84.52668762207031,107.78677368164062,50.67060852050781,1519.780029296875,20.350000381469727
2007-09-19,,,71.43000030517578,43.08301544189453,84.58063507080078,108.42304992675781,50.201541900634766,1529.030029296875,20.030000686645508
2007-09-20,,,72.72000122070312,42.96279525756836,84.58063507080078,107.65946960449219,49.25212860107422,1518.75,20.450000762939453
2007-09-21,,,72.33999633789062,43.268653869628906,84.60376739501953,107.95001220703125,49.670310974121094,1525.75,19.0
2007-09-24,,,72.27999877929688,43.46628952026367,84.6114730834961,107.75112915039062,49.811580657958984,1517.72998046875,19.3700008392334
2007-09-25,,,72.33000183105469,43.878684997558594,84.63459777832031,107.53805541992188,49.63641357421875,1517.2099609375,18.600000381469727
2007-09-26,,,72.0,44.093482971191406,84.65768432617188,108.10628509521484,49.6816291809082,1525.4200439453125,17.6299991607666
2007-09-27,,,72.69999694824219,44.31689453125,84.66537475585938,108.74560546875,50.02633285522461,1531.3800048828125,17.0
2007-09-28,,,73.51000213623047,44.170814514160156,84.63459777832031,108.38330078125,50.1393928527832,1526.75,18.0
2007-10-01,,,73.9000015258789,44.677730560302734,84.65391540527344,109.60508728027344,50.42588806152344,1547.0400390625,17.84000015258789
2007-10-02,,,72.3499984741211,44.68632888793945,84.66163635253906,109.45590209960938,50.58477020263672,1546.6300048828125,18.489999771118164
2007-10-03,,,71.9000015258789,44.377037048339844,84.70030975341797,109.23572540283203,50.437225341796875,1539.5899658203125,18.799999237060547
2007-10-04,,,72.87000274658203,44.480125427246094,84.70030975341797,109.40621185302734,50.63014602661133,1542.8399658203125,18.440000534057617
2007-10-05,,,73.4000015258789,45.382259368896484,84.67709350585938,110.70613861083984,50.08547592163086,1557.5899658203125,16.90999984741211
2007-10-08,,,72.52999877929688,45.665809631347656,84.66163635253906,110.11656188964844,50.04578399658203,1552.5799560546875,17.459999084472656
2007-10-09,,,73.08999633789062,45.86341094970703,84.69254302978516,111.15361785888672,49.98338317871094,1565.1500244140625,16.1200008392334
2007-10-10,,,73.36000061035156,45.97511291503906,84.72355651855469,110.96896362304688,50.01172637939453,1562.469970703125,16.670000076293945
2007-10-11,,,73.91000366210938,45.244789123535156,84.73124694824219,110.43619537353516,49.96063995361328,1554.4100341796875,18.8799991607666
2007-10-12,,,74.58999633789062,45.99230194091797,84.6847915649414,111.047119140625,49.716732025146484,1561.800048828125,17.729999542236328
2007-10-15,,,75.13999938964844,45.6400260925293,84.6847915649414,110.10939025878906,49.728057861328125,1548.7099609375,19.25
2007-10-16,,,75.12000274658203,45.425209045410156,84.73124694824219,109.23572540283203,49.74506378173828,1538.530029296875,20.020000457763672
2007-10-17,,,74.5,46.00947189331055,84.77765655517578,109.569580078125,50.28971862792969,1541.239990234375,18.540000915527344
2007-10-18,,,76.0,46.20708084106445,84.84730529785156,109.1717758178711,50.5677490234375,1540.0799560546875,18.5
2007-10-19,,,75.69999694824219,45.0557746887207,84.87820434570312,106.31623840332031,51.32231521606445,1500.6300048828125,22.959999084472656
2007-10-22,,,74.5999984741211,45.5970573425293,84.84730529785156,106.93424224853516,51.327999114990234,1506.3299560546875,21.639999389648438
2007-10-23,,,75.2300033569336,46.55075454711914,84.87820434570312,107.80081939697266,51.25986862182617,1519.5899658203125,20.40999984741211
2007-10-24,,,75.5199966430664,46.19851303100586,84.93235778808594,107.6019287109375,51.64003372192383,1515.8800048828125,20.799999237060547
2007-10-25,,,76.02999877929688,45.579872131347656,84.95552062988281,107.85768127441406,51.46413803100586,1514.4000244140625,21.170000076293945
2007-10-26,,,77.69000244140625,46.335975646972656,84.95552062988281,109.1220703125,51.344993591308594,1535.280029296875,19.559999465942383
2007-10-29,,,78.12000274658203,46.524986267089844,84.95552062988281,109.48429870605469,51.54354476928711,1540.97998046875,19.8700008392334
2007-10-30,,,77.3499984741211,46.6195068359375,84.97099304199219,108.72423553466797,51.51523208618164,1531.02001953125,21.06999969482422
2007-10-31,,,78.62000274658203,47.28107833862305,84.96324920654297,109.8537368774414,51.049949645996094,1549.3800048828125,18.530000686645508
2007-11-01,,,77.93000030517578,46.39609909057617,85.02692413330078,107.28229522705078,51.71329116821289,1508.43994140625,23.209999084472656
2007-11-02,,,79.83000183105469,46.756961822509766,85.04243469238281,107.40301513671875,51.87855911254883,1509.6500244140625,23.010000228881836
2007-11-05,,,79.75,46.456233978271484,85.0735092163086,106.58616638183594,51.8557014465332,1502.1700439453125,24.309999465942383
2007-11-06,,,81.43000030517578,46.9803581237793,85.08123779296875,108.02102661132812,51.60498046875,1520.27001953125,21.389999389648438
2007-11-07,,,82.23999786376953,45.83763885498047,85.14332580566406,105.0660629272461,51.69618606567383,1475.6199951171875,26.489999771118164
2007-11-08,,,82.2300033569336,44.44574737548828,85.19768524169922,104.53327178955078,51.60498046875,1474.77001953125,26.15999984741211
2007-11-09,,,82.18000030517578,42.959373474121094,85.25193786621094,103.0984115600586,52.0438117980957,1453.699951171875,28.5
2007-11-12,,,78.30000305175781,41.86820602416992,85.2442626953125,102.07550048828125,52.231842041015625,1439.1800537109375,31.09000015258789
2007-11-13,,,79.12000274658203,43.595176696777344,85.20542907714844,105.18679809570312,52.03809356689453,1481.050048828125,24.100000381469727
2007-11-14,,,80.27999877929688,43.03669357299805,85.25973510742188,104.89556884765625,52.09504318237305,1470.5799560546875,25.940000534057617
2007-11-15,,,77.94999694824219,42.80470275878906,85.31409454345703,103.38250732421875,52.58511734008789,1451.1500244140625,28.059999465942383
2007-11-16,,,77.75,43.1999397277832,85.32186126708984,103.56011199951172,52.659202575683594,1458.739990234375,25.489999771118164
2007-11-19,,,77.23999786376953,42.70161437988281,85.37625885009766,102.11813354492188,53.00110626220703,1433.27001953125,26.010000228881836
2007-11-20,,,79.47000122070312,42.87342834472656,85.39945983886719,102.74320983886719,52.94413757324219,1439.699951171875,24.8799991607666
2007-11-21,,,79.36000061035156,42.36652374267578,85.41495513916016,100.64066314697266,53.251834869384766,1416.77001953125,26.84000015258789
2007-11-23,,,81.25,42.8218994140625,85.43051147460938,102.38099670410156,53.41141891479492,1440.699951171875,25.610000610351562
2007-11-26,,,81.30000305175781,42.08298873901367,85.46156311035156,100.1220932006836,54.46560287475586,1407.219970703125,28.90999984741211
2007-11-27,,,80.0999984741211,42.92498016357422,85.43828582763672,101.2728500366211,53.947086334228516,1428.22998046875,26.280000686645508
2007-11-28,,,79.56999969482422,44.230953216552734,85.44601440429688,104.51199340820312,53.58237075805664,1469.02001953125,24.110000610351562
2007-11-29,,,78.27999877929688,44.419979095458984,85.46932220458984,104.54747009277344,54.04393768310547,1469.719970703125,23.969999313354492
2007-11-30,,,77.31999969482422,44.08491516113281,85.47703552246094,105.59877014160156,53.78180694580078,1481.1400146484375,22.8700008392334
2007-12-03,,,78.27999877929688,43.715450286865234,85.49425506591797,104.90262603759766,54.20859909057617,1472.4200439453125,23.610000610351562
2007-12-04,,,79.4000015258789,43.53500747680664,85.517578125,103.9649887084961,54.202884674072266,1462.7900390625,23.790000915527344
2007-12-05,,,78.62999725341797,44.31689453125,85.517578125,105.70536804199219,53.556400299072266,1485.010009765625,22.530000686645508
2007-12-06,,,79.37000274658203,44.95268249511719,85.50972747802734,107.21837615966797,53.087257385253906,1507.3399658203125,20.959999084472656
2007-12-07,,,78.5999984741211,44.961273193359375,85.50206756591797,107.19705963134766,52.492279052734375,1504.6600341796875,20.850000381469727
2007-12-10,,,80.0,45.14170837402344,85.53314208984375,108.02814483642578,52.17755126953125,1515.9599609375,20.739999771118164
2007-12-11,,,78.83999633789062,44.093482971191406,85.6187973022461,105.0660629272461,53.20164489746094,1477.6500244140625,23.59000015258789
2007-12-12,,,80.48999786376953,44.48870086669922,85.59546661376953,106.1031265258789,52.6524658203125,1486.5899658203125,22.469999313354492
2007-12-13,,,78.5,44.24814224243164,85.59546661376953,105.88290405273438,52.08033752441406,1488.4100341796875,22.559999465942383
2007-12-14,,,78.5199966430664,43.79277038574219,85.57984161376953,104.54041290283203,51.84002685546875,1467.949951171875,23.270000457763672
2007-12-17,,,78.12999725341797,42.72739028930664,85.55652618408203,103.04866027832031,52.303428649902344,1445.9000244140625,24.520000457763672
2007-12-18,,,79.25,42.8648681640625,85.54876708984375,103.6240234375,52.64095687866211,1454.97998046875,22.639999389648438
2007-12-19,,,79.23999786376953,42.85626983642578,85.63433074951172,103.6240234375,53.338966369628906,1453.0,21.68000030517578
2007-12-20,,,78.66999816894531,43.73263168334961,85.6499252319336,104.27755737304688,53.224571228027344,1460.1199951171875,20.579999923706055
2007-12-21,,,80.0999984741211,44.59529113769531,85.6032485961914,105.78080749511719,52.446434020996094,1484.4599609375,18.469999313354492
2007-12-24,,,80.13999938964844,44.93073654174805,85.6032485961914,106.56631469726562,52.20051193237305,1496.449951171875,18.600000381469727
2007-12-26,,,81.5199966430664,45.15433883666992,85.62659454345703,106.79480743408203,51.74275588989258,1497.6600341796875,18.65999984741211
2007-12-27,,,81.55999755859375,44.612491607666016,85.65867614746094,105.45226287841797,52.30681228637695,1476.27001953125,20.260000228881836
2007-12-28,,,83.0,44.56948471069336,85.66646575927734,105.1880874633789,53.12251663208008,1478.489990234375,20.739999771118164
2007-12-31,,,82.45999908447266,44.05344772338867,85.65080261230469,104.4096450805664,53.44420623779297,1468.3599853515625,22.5
2008-01-02,,,84.86000061035156,43.35676956176758,85.73675537109375,103.49561309814453,54.213932037353516,1447.1600341796875,23.170000076293945
2008-01-03,,,85.56999969482422,43.537384033203125,85.69770050048828,103.44562530517578,54.139244079589844,1447.1600341796875,22.489999771118164
2008-01-04,,,85.12999725341797,41.62800598144531,85.76022338867188,100.91055297851562,54.150753021240234,1411.6300048828125,23.940000534057617
2008-01-07,,,84.7699966430664,41.43019485473633,85.71330261230469,100.82484436035156,54.38622283935547,1416.1800537109375,23.790000915527344
2008-01-08,,,86.77999877929688,40.35508728027344,85.76806640625,99.19670867919922,54.32309341430664,1390.18994140625,25.43000030517578
2008-01-09,,,86.55000305175781,41.21518325805664,85.79930114746094,100.23929595947266,54.42643737792969,1409.1300048828125,24.1200008392334
2008-01-10,,,88.25,41.27537536621094,85.8227310180664,100.89629364013672,53.69116973876953,1420.3299560546875,23.450000762939453
2008-01-11,,,88.58000183105469,40.4669189453125,85.86961364746094,100.08219909667969,54.110511779785156,1401.02001953125,23.68000030517578
2008-01-14,,,89.54000091552734,41.17216491699219,85.87745666503906,100.88912963867188,54.31157302856445,1416.25,22.899999618530273
2008-01-15,,,87.98999786376953,40.036861419677734,85.85401153564453,98.66824340820312,54.92045593261719,1380.949951171875,23.34000015258789
2008-01-16,,,86.69999694824219,39.6068115234375,85.87745666503906,97.81843566894531,54.52412796020508,1373.199951171875,24.3799991607666
2008-01-17,,,86.5,39.056339263916016,85.90090942382812,95.28338623046875,55.23063278198242,1333.25,28.459999084472656
2008-01-18,,,87.41999816894531,39.0047607421875,86.00249481201172,94.30504608154297,54.85152816772461,1325.18994140625,27.18000030517578
2008-01-22,,,88.16999816894531,37.998451232910156,86.09626007080078,93.34814453125,55.43743133544922,1310.5,31.010000228881836
2008-01-23,,,87.88999938964844,37.85224533081055,86.10408782958984,95.59046936035156,55.311038970947266,1338.5999755859375,29.020000457763672
2008-01-24,,,90.08000183105469,38.626319885253906,86.11968231201172,96.39742279052734,54.20245361328125,1352.0699462890625,27.780000686645508
2008-01-25,,,90.30000305175781,37.835052490234375,86.16658782958984,95.0048599243164,55.115753173828125,1330.6099853515625,29.079999923706055
2008-01-28,,,91.75,38.127471923828125,86.12751007080078,96.5759506225586,54.90895080566406,1353.9599609375,27.780000686645508
2008-01-29,,,91.1500015258789,38.196266174316406,86.18222045898438,97.05435943603516,54.53562545776367,1362.300048828125,27.31999969482422
2008-01-30,,,92.05999755859375,38.161888122558594,86.23688507080078,96.34025573730469,54.17950439453125,1355.81005859375,27.6200008392334
2008-01-31,,,91.4000015258789,38.81553268432617,86.25257110595703,98.0969467163086,54.564327239990234,1378.550048828125,26.200000762939453
2008-02-01,,,89.3499984741211,39.21117401123047,86.27604675292969,99.67516326904297,54.892311096191406,1395.4200439453125,24.020000457763672
2008-02-04,,,89.0999984741211,38.66073226928711,86.24471282958984,98.41832733154297,54.32740783691406,1380.8199462890625,25.989999771118164
2008-02-05,,,87.68000030517578,37.55979537963867,86.2681884765625,95.78323364257812,54.742462158203125,1336.6400146484375,28.239999771118164
2008-02-06,,,88.94999694824219,36.82014846801758,86.28388977050781,95.01203155517578,54.575252532958984,1326.449951171875,28.969999313354492
2008-02-07,,,89.8499984741211,37.07817077636719,86.28388977050781,95.64041900634766,53.399356842041016,1336.9100341796875,27.65999984741211
2008-02-08,,,91.0,37.49960708618164,86.28388977050781,95.02630615234375,54.010414123535156,1331.2900390625,28.010000228881836
2008-02-11,,,91.33000183105469,37.90385055541992,86.2681884765625,95.51190948486328,54.23521423339844,1339.1300048828125,27.600000381469727
2008-02-12,,,89.33000183105469,37.68882751464844,86.2681884765625,96.39742279052734,53.91238021850586,1348.8599853515625,26.329999923706055
2008-02-13,,,89.44000244140625,38.51449203491211,86.3230972290039,97.3828353881836,53.34172821044922,1367.2099609375,24.8799991607666
2008-02-14,,,89.70999908447266,37.81782150268555,86.3387680053711,96.52593994140625,52.557796478271484,1348.8599853515625,25.540000915527344
2008-02-15,,,89.1500015258789,37.68882751464844,86.3465805053711,96.50450134277344,52.96127700805664,1349.989990234375,25.020000457763672
2008-02-19,,,91.58000183105469,37.62002182006836,86.33094787597656,96.7758560180664,52.425254821777344,1348.780029296875,25.59000015258789
2008-02-20,,,93.23999786376953,37.79203796386719,86.3543930053711,97.06147766113281,52.788421630859375,1360.030029296875,24.399999618530273
2008-02-21,,,93.25,37.430809020996094,86.37798309326172,96.25459289550781,53.34748458862305,1342.530029296875,25.1200008392334
2008-02-22,,,93.38999938964844,37.56840133666992,86.37008666992188,96.84728240966797,53.042022705078125,1353.1099853515625,24.059999465942383
2008-02-25,,,92.73999786376953,37.75763702392578,86.37008666992188,98.0683822631836,52.50017547607422,1371.800048828125,23.030000686645508
2008-02-26,,,93.70999908447266,37.90385055541992,86.39363861083984,98.80390167236328,52.51744842529297,1381.2900390625,21.899999618530273
2008-02-27,,,94.77999877929688,38.09305953979492,86.41710662841797,98.70396423339844,52.5635871887207,1380.02001953125,22.690000534057617
2008-02-28,,,95.98999786376953,37.946834564208984,86.40143585205078,97.73989868164062,53.49739074707031,1367.6800537109375,23.530000686645508
2008-02-29,,,96.18000030517578,36.940555572509766,86.41710662841797,95.56190490722656,54.31592559814453,1330.6300048828125,26.540000915527344
2008-03-03,,,97.23999786376953,36.69972610473633,86.43830871582031,95.3333740234375,54.17580795288086,1331.3399658203125,26.280000686645508
2008-03-04,,,95.18000030517578,36.90616226196289,86.45402526855469,94.96920013427734,53.649383544921875,1326.75,25.520000457763672
2008-03-05,,,97.72000122070312,37.08677291870117,86.50897979736328,95.56900787353516,53.00719451904297,1333.699951171875,24.600000381469727
2008-03-06,,,96.5,36.26968002319336,86.55610656738281,93.59095001220703,53.29072189331055,1304.3399658203125,27.549999237060547
2008-03-07,,,96.08999633789062,36.183685302734375,86.5246810913086,92.6269302368164,53.360130310058594,1293.3699951171875,27.489999771118164
2008-03-10,,,95.87000274658203,35.48701858520508,86.57965087890625,91.40575408935547,54.14697265625,1273.3699951171875,29.3799991607666
2008-03-11,,,95.98999786376953,36.83734130859375,86.5246810913086,94.69066619873047,53.684104919433594,1320.6500244140625,26.360000610351562
2008-03-12,,,97.01000213623047,36.7341194152832,86.58748626708984,93.80518341064453,54.719757080078125,1308.77001953125,27.219999313354492
2008-03-13,,,98.33999633789062,37.01796340942383,86.5953369140625,94.01226806640625,54.291603088378906,1315.47998046875,27.290000915527344
2008-03-14,,,98.70999908447266,36.338504791259766,86.6268081665039,92.5555191040039,54.96269607543945,1288.1400146484375,31.15999984741211
2008-03-17,,,99.16999816894531,35.67623519897461,86.7052993774414,91.61995697021484,55.38504409790039,1276.5999755859375,32.2400016784668
2008-03-18,,,96.5,37.267398834228516,86.72097778320312,95.42623138427734,55.17097091674805,1330.739990234375,25.790000915527344
2008-03-19,,,93.04000091552734,36.34709167480469,86.76026916503906,93.06249237060547,56.08510971069336,1298.4200439453125,29.84000015258789
2008-03-20,,,89.91000366210938,37.08993148803711,86.77598571777344,94.7862777709961,56.223934173583984,1329.510009765625,26.6200008392334
2008-03-24,,,90.0999984741211,38.372459411621094,86.63462829589844,96.68084716796875,55.13628387451172,1349.8800048828125,25.729999542236328
2008-03-25,,,92.7300033569336,38.587650299072266,86.6268081665039,96.77416229248047,55.367698669433594,1352.989990234375,25.719999313354492
2008-03-26,,,93.80000305175781,38.47575378417969,86.64246368408203,95.59005737304688,55.13628387451172,1341.1300048828125,26.079999923706055
2008-03-27,,,93.45999908447266,37.62360763549805,86.6817626953125,95.28862762451172,54.74863815307617,1325.760009765625,25.8799991607666
2008-03-28,,,91.87999725341797,37.434226989746094,86.69746398925781,94.37722778320312,55.2808723449707,1315.219970703125,25.709999084472656
2008-03-31,,,90.41000366210938,37.63220977783203,86.68962860107422,94.70731353759766,55.477596282958984,1322.699951171875,25.610000610351562
2008-04-01,,,86.86000061035156,39.2418212890625,86.6856460571289,98.03722381591797,54.574710845947266,1370.1800537109375,22.68000030517578
2008-04-02,,,89.2699966430664,39.155738830566406,86.66995239257812,98.10179901123047,54.690956115722656,1367.530029296875,23.43000030517578
2008-04-03,,,89.41999816894531,39.2418212890625,86.6856460571289,98.3458023071289,54.812931060791016,1369.31005859375,23.209999084472656
2008-04-04,,,90.25,39.47422409057617,86.69349670410156,98.2381362915039,55.31261444091797,1370.4000244140625,22.450000762939453
2008-04-07,,,91.16999816894531,39.388145446777344,86.66995239257812,98.28837585449219,55.02210998535156,1372.5400390625,22.420000076293945
2008-04-08,,,90.3499984741211,39.086875915527344,86.7013931274414,98.18791961669922,54.830406188964844,1365.5400390625,22.360000610351562
2008-04-09,,,92.29000091552734,38.64788818359375,86.71710968017578,97.47744750976562,55.3997802734375,1354.489990234375,22.809999465942383
2008-04-10,,,91.7699966430664,39.198787689208984,86.76431274414062,97.61383819580078,55.21385955810547,1360.550048828125,21.979999542236328
2008-04-11,,,91.30000305175781,38.114227294921875,86.76431274414062,95.71923065185547,55.5856819152832,1332.8299560546875,23.459999084472656
2008-04-14,,,91.11000061035156,37.94208908081055,86.76431274414062,95.3962631225586,55.26031494140625,1328.3199462890625,23.81999969482422
2008-04-15,,,91.66000366210938,37.99372100830078,86.72508239746094,95.61873626708984,54.574710845947266,1334.4300537109375,22.780000686645508
2008-04-16,,,93.2699966430664,39.052452087402344,86.75643920898438,98.20944213867188,54.04018020629883,1364.7099609375,20.530000686645508
2008-04-17,,,92.55999755859375,38.96637725830078,86.75643920898438,98.35295104980469,53.94719314575195,1365.56005859375,20.3700008392334
2008-04-18,,,90.62000274658203,40.205867767333984,86.72508239746094,99.37918853759766,53.900753021240234,1390.3299560546875,20.1299991607666
2008-04-21,,,90.25,40.48991775512695,86.73285675048828,99.42945098876953,54.115753173828125,1388.1700439453125,20.5
2008-04-22,,,90.2699966430664,39.88739013671875,86.75643920898438,98.99163818359375,54.30165481567383,1375.93994140625,20.8700008392334
2008-04-23,,,89.22000122070312,40.32636642456055,86.75643920898438,98.83379364013672,54.12153625488281,1379.9300537109375,20.260000228881836
2008-04-24,,,87.22000122070312,40.68789291381836,86.75643920898438,99.26435089111328,53.662506103515625,1388.8199462890625,20.059999465942383
2008-04-25,,,87.2699966430664,40.5845947265625,86.7092056274414,100.18295288085938,53.34878158569336,1397.8399658203125,19.59000015258789
2008-04-28,,,87.69000244140625,40.66208267211914,86.71710968017578,100.20452117919922,53.51150131225586,1396.3699951171875,19.639999389648438
2008-04-29,,,85.80999755859375,40.97193908691406,86.74073791503906,99.80974578857422,53.71482467651367,1390.93994140625,20.239999771118164
2008-04-30,,,86.6500015258789,40.63624954223633,86.76431274414062,99.22129821777344,54.09831237792969,1385.5899658203125,20.790000915527344
2008-05-01,,,83.98999786376953,41.91875457763672,86.78486633300781,101.27381896972656,54.1017951965332,1409.3399658203125,18.8799991607666
2008-05-02,,,84.58000183105469,41.97901153564453,86.75332641601562,101.55365753173828,53.4195556640625,1413.9000244140625,18.18000030517578
2008-05-05,,,86.2699966430664,41.858516693115234,86.7612075805664,101.0656509399414,53.4195556640625,1407.489990234375,18.899999618530273
2008-05-06,,,86.62999725341797,42.116737365722656,86.7375717163086,101.94120788574219,53.034671783447266,1418.260009765625,18.209999084472656
2008-05-07,,,85.81999969482422,41.35067367553711,86.78486633300781,100.12551879882812,53.262088775634766,1392.5699462890625,19.729999542236328
2008-05-08,,,87.23999786376953,41.660560607910156,86.79271697998047,99.86722564697266,53.74028396606445,1397.6800537109375,19.399999618530273
2008-05-09,,,87.41999816894531,41.497005462646484,86.78486633300781,99.68063354492188,53.93852996826172,1388.280029296875,19.40999984741211
2008-05-12,,,86.98999786376953,42.254451751708984,86.7612075805664,100.8001480102539,53.85691452026367,1403.5799560546875,17.790000915527344
2008-05-13,,,85.38999938964844,42.36636734008789,86.72970581054688,100.8144760131836,53.26791763305664,1403.0400390625,17.979999542236328
2008-05-14,,,85.19999694824219,42.27167892456055,86.72970581054688,101.02262878417969,53.291236877441406,1408.6600341796875,17.65999984741211
2008-05-15,,,87.0,43.01192855834961,86.7375717163086,102.28565979003906,53.775245666503906,1423.5699462890625,16.299999237060547
2008-05-16,,,89.0999984741211,43.04635238647461,86.77692413330078,102.37895965576172,53.55367660522461,1425.3499755859375,16.469999313354492
2008-05-19,,,89.38999938964844,42.73649215698242,86.78486633300781,102.65884399414062,53.623626708984375,1426.6300048828125,17.010000228881836
2008-05-20,,,90.9000015258789,42.409393310546875,86.78486633300781,101.82634735107422,53.903560638427734,1413.4000244140625,17.579999923706055
2008-05-21,,,91.95999908447266,41.47116470336914,86.76904296875,100.10401153564453,53.91519546508789,1390.7099609375,18.59000015258789
2008-05-22,,,90.9800033569336,41.61751174926758,86.77692413330078,100.1183853149414,53.27958297729492,1394.3499755859375,18.049999237060547
2008-05-23,,,91.2300033569336,41.48839569091797,86.77692413330078,98.77635955810547,53.51282501220703,1375.9300537109375,19.549999237060547
2008-05-27,,,89.36000061035156,42.22002410888672,86.78486633300781,99.50840759277344,53.15128707885742,1385.3499755859375,19.639999389648438
2008-05-28,,,89.13999938964844,42.392181396484375,86.78486633300781,99.96764373779297,52.67898941040039,1390.8399658203125,19.06999969482422
2008-05-29,,,86.51000213623047,42.77091979980469,86.78486633300781,100.47003173828125,52.29996109008789,1398.260009765625,18.139999389648438
2008-05-30,,,87.44999694824219,43.04635238647461,86.77692413330078,100.72119140625,52.64399337768555,1400.3800048828125,17.829999923706055
2008-06-02,,,87.95999908447266,42.521305084228516,86.80537414550781,99.68063354492188,52.84708786010742,1385.6700439453125,19.829999923706055
2008-06-03,,,86.87999725341797,42.28889083862305,86.8211441040039,99.09931945800781,53.227474212646484,1377.6500244140625,20.239999771118164
2008-06-04,,,86.6500015258789,42.8311653137207,86.8211441040039,99.04906463623047,52.7534065246582,1377.199951171875,20.799999237060547
2008-06-05,,,86.44999694824219,43.51116180419922,86.8211441040039,101.02979278564453,52.43738555908203,1404.050048828125,18.6299991607666
2008-06-06,,,89.05999755859375,42.20281219482422,86.82906341552734,97.80757141113281,53.116275787353516,1360.6800537109375,23.559999465942383
2008-06-09,,,87.98999786376953,41.97901153564453,86.78954315185547,98.04436492919922,53.116275787353516,1361.760009765625,23.1200008392334
2008-06-10,,,85.55000305175781,41.78105163574219,86.765869140625,97.556396484375,52.77101516723633,1358.43994140625,23.18000030517578
2008-06-11,,,87.0199966430664,40.773956298828125,86.78166961669922,96.12109375,52.648101806640625,1335.489990234375,24.1200008392334
2008-06-12,,,85.5999984741211,40.81700134277344,86.78166961669922,96.48707580566406,52.121334075927734,1339.8699951171875,23.329999923706055
2008-06-13,,,85.83000183105469,41.63471221923828,86.77377319335938,97.70709228515625,52.010189056396484,1360.030029296875,21.219999313354492
2008-06-16,,,87.01000213623047,42.004844665527344,86.77377319335938,97.76447296142578,52.02191925048828,1360.1400146484375,20.950000762939453
2008-06-17,,,87.25,41.78105163574219,86.81324768066406,97.29084777832031,52.12724685668945,1350.9300537109375,21.1299991607666
2008-06-18,,,88.27999877929688,41.33345413208008,86.8448486328125,96.34355163574219,52.5661506652832,1337.81005859375,22.239999771118164
2008-06-19,,,88.41999816894531,41.97901153564453,86.85269927978516,96.46558380126953,52.25595474243164,1342.8299560546875,21.579999923706055
2008-06-20,,,88.94999694824219,40.84547424316406,86.83694458007812,94.89976501464844,52.56027603149414,1317.9300537109375,22.8700008392334
2008-06-23,,,87.08999633789062,40.52678680419922,86.8448486328125,94.8060302734375,52.671512603759766,1318.0,22.639999389648438
2008-06-24,,,87.47000122070312,40.32004928588867,86.87637329101562,94.6185073852539,53.02264404296875,1314.2900390625,22.420000076293945
2008-06-25,,,87.41999816894531,40.97468185424805,86.90011596679688,95.06565856933594,53.04605484008789,1321.969970703125,21.139999389648438
2008-06-26,,,90.61000061035156,39.32087707519531,86.91590881347656,92.48362731933594,53.40309143066406,1283.1500244140625,23.93000030517578
2008-06-27,,,91.47000122070312,39.32087707519531,86.90796661376953,91.9787826538086,54.02922058105469,1278.3800048828125,23.440000534057617
2008-06-30,,,91.4000015258789,38.90741729736328,86.93954467773438,92.3033447265625,54.04094696044922,1280.0,23.950000762939453
2008-07-01,,,92.66000366210938,39.458675384521484,86.95934295654297,92.59183502197266,53.91291427612305,1284.9100341796875,23.649999618530273
2008-07-02,,,93.16999816894531,38.51122283935547,86.96722412109375,91.005126953125,54.19485855102539,1261.52001953125,25.920000076293945
2008-07-03,,,92.05999755859375,38.44227981567383,86.9751205444336,91.09889221191406,54.07741165161133,1262.9000244140625,24.780000686645508
2008-07-07,,,91.2300033569336,38.674842834472656,86.98307037353516,90.16847229003906,54.324039459228516,1252.31005859375,25.780000686645508
2008-07-08,,,90.86000061035156,39.59649658203125,86.98307037353516,91.76959991455078,54.67650604248047,1273.699951171875,23.149999618530273
2008-07-09,,,91.5,38.54566192626953,87.02261352539062,90.0025863647461,54.91728973388672,1244.68994140625,25.229999542236328
2008-07-10,,,93.52999877929688,39.00215148925781,87.02261352539062,90.3704605102539,54.91143035888672,1253.3900146484375,25.59000015258789
2008-07-11,,,95.16000366210938,38.381988525390625,87.0146484375,89.31742858886719,54.13026428222656,1239.489990234375,27.489999771118164
2008-07-14,,,95.91000366210938,38.09773635864258,87.04634857177734,88.50968933105469,54.60599136352539,1228.300048828125,28.479999542236328
2008-07-15,,,96.16999816894531,38.10634994506836,87.07798767089844,87.26190948486328,54.588409423828125,1214.9100341796875,28.540000915527344
2008-07-16,,,94.44000244140625,39.05385971069336,87.08585357666016,89.40397644042969,53.60159683227539,1245.3599853515625,25.100000381469727
2008-07-17,,,94.22000122070312,39.31226348876953,87.08585357666016,90.29830932617188,53.3255500793457,1260.3199462890625,25.010000228881836
2008-07-18,,,94.16999816894531,38.40784454345703,87.07798767089844,90.86090087890625,53.12588119506836,1260.6800537109375,24.049999237060547
2008-07-21,,,95.12000274658203,38.57148361206055,87.09376525878906,90.91134643554688,53.331459045410156,1260.0,23.049999237060547
2008-07-22,,,93.05999755859375,38.57148361206055,87.07798767089844,91.9427261352539,53.067115783691406,1277.0,21.18000030517578
2008-07-23,,,90.56999969482422,39.079708099365234,87.10173034667969,92.44036102294922,52.9614372253418,1282.18994140625,21.309999465942383
2008-07-24,,,91.33000183105469,38.49396514892578,87.10173034667969,90.52190399169922,53.47829818725586,1252.5400390625,23.440000534057617
2008-07-25,,,91.69000244140625,38.99355697631836,87.10961151123047,90.50023651123047,52.943763732910156,1257.760009765625,22.90999984741211
2008-07-28,,,91.7300033569336,38.26140213012695,87.11749267578125,89.1732177734375,53.47829818725586,1234.3699951171875,24.229999542236328
2008-07-29,,,90.58999633789062,39.05385971069336,87.10961151123047,91.07725524902344,53.260990142822266,1263.199951171875,22.030000686645508
2008-07-30,,,89.5199966430664,39.2519645690918,87.10961151123047,92.69998168945312,53.31378936767578,1284.260009765625,21.209999084472656
2008-07-31,,,90.08000183105469,39.1572151184082,87.14912414550781,91.47392272949219,53.8423957824707,1267.3800048828125,22.940000534057617
2008-08-01,,,89.56999969482422,38.657623291015625,87.13725280761719,90.99069213867188,53.961517333984375,1260.31005859375,22.56999969482422
2008-08-04,,,88.13999938964844,38.27001190185547,87.13725280761719,90.1468505859375,53.8377571105957,1249.010009765625,23.489999771118164
2008-08-05,,,86.08000183105469,39.56209182739258,87.13725280761719,92.57742309570312,53.436851501464844,1284.8800048828125,21.139999389648438
2008-08-06,,,86.63999938964844,40.16498947143555,87.14522552490234,92.9885025024414,53.2187385559082,1289.18994140625,20.229999542236328
2008-08-07,,,86.08999633789062,39.854888916015625,87.1689453125,91.6037368774414,54.085304260253906,1266.0699462890625,21.149999618530273
2008-08-08,,,84.43000030517578,40.75934600830078,87.16104125976562,93.30583953857422,54.232627868652344,1296.3199462890625,20.65999984741211
2008-08-11,,,81.12999725341797,41.129730224609375,87.14522552490234,94.27230834960938,53.71392059326172,1305.3199462890625,20.1200008392334
2008-08-12,,,80.5199966430664,41.172794342041016,87.16104125976562,93.29141998291016,54.215023040771484,1289.5899658203125,21.170000076293945
2008-08-13,,,81.55999755859375,41.08665084838867,87.16104125976562,92.72886657714844,54.02634048461914,1285.8299560546875,21.549999237060547
2008-08-14,,,79.3499984741211,41.56037902832031,87.1689453125,93.42845153808594,54.374141693115234,1292.9300537109375,20.34000015258789
2008-08-15,,,77.62999725341797,41.482879638671875,87.18475341796875,93.88282012939453,54.84574508666992,1298.199951171875,19.579999923706055
2008-08-18,,,78.80000305175781,41.00051498413086,87.15306091308594,92.59903717041016,55.063865661621094,1278.5999755859375,20.979999542236328
2008-08-19,,,80.43000030517578,40.4923210144043,87.19271087646484,91.58931732177734,54.85166549682617,1266.68994140625,21.280000686645508
2008-08-20,,,80.05999755859375,40.56122970581055,87.24028778076172,92.01486206054688,55.0048713684082,1274.5400390625,20.420000076293945
2008-08-21,,,82.30000305175781,40.37171173095703,87.22442626953125,92.17350769042969,54.904701232910156,1277.719970703125,19.81999969482422
2008-08-22,,,81.08000183105469,40.9057731628418,87.22442626953125,93.50776672363281,54.86935043334961,1292.199951171875,18.809999465942383
2008-08-25,,,80.93000030517578,40.04441452026367,87.24028778076172,91.6109619140625,55.417537689208984,1266.8399658203125,20.969999313354492
2008-08-26,,,81.2300033569336,39.99271774291992,87.24028778076172,91.87779998779297,55.46470642089844,1271.510009765625,20.489999771118164
2008-08-27,,,81.36000061035156,40.25114059448242,87.26403045654297,92.77214050292969,55.55902862548828,1281.6600341796875,19.760000228881836
2008-08-28,,,82.18000030517578,40.57845687866211,87.256103515625,93.89725494384766,55.564945220947266,1300.6800537109375,19.43000030517578
2008-08-29,,,81.70999908447266,39.725704193115234,87.256103515625,92.88752746582031,55.317317962646484,1282.8299560546875,20.649999618530273
2008-09-02,,,79.19999694824219,39.23472595214844,87.27192687988281,92.31055450439453,55.83208084106445,1277.5799560546875,21.989999771118164
2008-09-03,,,78.88999938964844,38.86435317993164,87.28783416748047,92.23121643066406,56.0687370300293,1274.97998046875,21.43000030517578
2008-09-04,,,78.38999938964844,37.60679626464844,87.30374145507812,89.45447540283203,56.518367767333984,1236.8299560546875,24.030000686645508
2008-09-05,,,78.9800033569336,37.4258918762207,87.28783416748047,89.73576354980469,56.48874282836914,1242.31005859375,23.059999465942383
2008-09-08,,,78.86000061035156,37.35697937011719,87.27192687988281,91.58931732177734,56.72540283203125,1267.7900390625,22.639999389648438
2008-09-09,,,76.48999786376953,36.564544677734375,87.30374145507812,88.8702621459961,57.287479400634766,1224.510009765625,25.469999313354492
2008-09-10,,,74.22000122070312,36.86601638793945,87.319580078125,89.23088836669922,56.932472229003906,1232.0400390625,24.520000457763672
2008-09-11,,,73.08000183105469,37.55509567260742,87.32752990722656,90.52190399169922,56.902862548828125,1249.050048828125,24.389999389648438
2008-09-12,,,75.55000305175781,37.408660888671875,87.34336853027344,90.94024658203125,56.16927719116211,1251.699951171875,25.65999984741211
2008-09-15,,,77.55999755859375,36.2458381652832,87.4703598022461,86.61280059814453,57.99148178100586,1192.699951171875,31.700000762939453
2008-09-16,,,76.79000091552734,36.530059814453125,87.50205993652344,88.06249237060547,57.97969055175781,1213.5999755859375,30.299999237060547
2008-09-17,,,85.45999908447266,34.63509750366211,87.7004165649414,84.10292053222656,58.26955032348633,1156.3900146484375,36.220001220703125
2008-09-18,,,82.80000305175781,35.80654525756836,87.67666625976562,86.5984115600586,57.417633056640625,1206.510009765625,33.099998474121094
2008-09-19,,,85.9800033569336,36.9770622253418,87.47822570800781,90.03756713867188,55.59540939331055,1255.0799560546875,32.06999969482422
2008-09-22,,,89.18000030517578,35.23594665527344,87.47822570800781,87.99916076660156,55.58946990966797,1207.0899658203125,33.849998474121094
2008-09-23,,,88.31999969482422,34.96873092651367,87.52593994140625,85.99703216552734,55.376548767089844,1188.219970703125,35.720001220703125
2008-09-24,,,86.70999908447266,35.2100830078125,87.5338134765625,86.27269744873047,55.619075775146484,1185.8699951171875,35.189998626708984
2008-09-25,,,86.44999694824219,35.77034378051758,87.6131820678711,87.62191772460938,55.506614685058594,1209.1800537109375,32.81999969482422
2008-09-26,,,86.63999938964844,35.40835189819336,87.58937072753906,87.66545867919922,55.90899658203125,1213.27001953125,34.7400016784668
2008-09-29,,,89.56999969482422,32.59842300415039,87.54969024658203,80.79586029052734,57.53593826293945,1106.4200439453125,46.720001220703125
2008-09-30,,,85.06999969482422,33.537940979003906,87.52593994140625,84.13997650146484,56.13373947143555,1166.3599853515625,39.38999938964844
2008-10-01,,,85.97000122070312,33.184547424316406,87.64910125732422,84.19073486328125,56.83997344970703,1161.06005859375,39.810001373291016
2008-10-02,,,82.33000183105469,31.676156997680664,87.75233459472656,81.13678741455078,57.29694747924805,1114.280029296875,45.2599983215332
2008-10-03,,,82.58999633789062,31.184844970703125,87.65699768066406,80.04142761230469,57.80137634277344,1099.22998046875,45.13999938964844
2008-10-06,,,84.27999877929688,30.047094345092773,87.62519073486328,75.96467590332031,58.85175323486328,1056.8900146484375,52.04999923706055
2008-10-07,,,87.2699966430664,28.1422119140625,87.68876647949219,72.56245422363281,58.673709869384766,996.22998046875,53.68000030517578
2008-10-08,,,89.41999816894531,27.918100357055664,87.75233459472656,70.73445892333984,57.831031799316406,984.9400024414062,57.529998779296875
2008-10-09,,,89.9000015258789,27.168231964111328,87.72052764892578,65.79444122314453,57.34437942504883,909.9199829101562,63.91999816894531
2008-10-10,,,83.22000122070312,26.995830535888672,87.80001831054688,64.1985092163086,56.94088363647461,899.219970703125,69.94999694824219
2008-10-13,,,81.98999786376953,30.279821395874023,87.48216247558594,73.52000427246094,56.21091842651367,1003.3499755859375,54.9900016784668
2008-10-14,,,82.19999694824219,28.969667434692383,87.76028442382812,72.43193054199219,55.84888458251953,998.010009765625,55.130001068115234
2008-10-15,,,83.30999755859375,26.375242233276367,87.83175659179688,65.3011474609375,56.38304138183594,907.8400268554688,69.25
2008-10-16,,,79.29000091552734,27.80605125427246,87.64115905761719,68.02145385742188,56.09221267700195,946.4299926757812,67.61000061035156
2008-10-17,,,77.20999908447266,27.84052848815918,87.64115905761719,67.61520385742188,55.70649337768555,940.5499877929688,70.33000183105469
2008-10-20,,,78.5,28.61627769470215,87.58547973632812,71.6774673461914,56.15160369873047,985.4000244140625,52.970001220703125
2008-10-21,,,76.02999877929688,27.133739471435547,87.57757568359375,69.53758239746094,56.44829177856445,955.0499877929688,53.11000061035156
2008-10-22,,,71.70999908447266,26.383861541748047,87.64910125732422,65.75092315673828,57.59367752075195,896.780029296875,69.6500015258789
2008-10-23,,,70.6500015258789,26.280431747436523,87.6013412475586,66.5125961303711,58.02091598510742,908.1099853515625,67.80000305175781
2008-10-24,,,72.20999908447266,25.435731887817383,87.64115905761719,63.13945388793945,57.403770446777344,876.77001953125,79.12999725341797
2008-10-27,,,72.18000030517578,24.728946685791016,87.72850036621094,60.89792251586914,57.445281982421875,848.9199829101562,80.05999755859375
2008-10-28,,,73.79000091552734,27.461286544799805,87.72850036621094,68.01419067382812,56.6085090637207,940.510009765625,66.95999908447266
2008-10-29,,,74.0,27.392322540283203,87.75233459472656,67.52091979980469,56.32369613647461,930.0900268554688,69.95999908447266
2008-10-30,,,72.70999908447266,28.305973052978516,87.73646545410156,69.85672760009766,55.81330871582031,954.0900268554688,62.900001525878906
2008-10-31,,,71.33999633789062,28.349071502685547,87.69672393798828,70.24116516113281,55.089324951171875,968.75,59.88999938964844
2008-11-03,,,71.0999984741211,28.28873634338379,87.80816650390625,70.4443130493164,55.238285064697266,966.2999877929688,53.68000030517578
2008-11-04,,,75.4800033569336,29.090335845947266,87.72061920166016,72.83814239501953,56.274993896484375,1005.75,47.72999954223633
2008-11-05,,,72.80000305175781,27.57332992553711,87.73648071289062,69.77693176269531,56.942283630371094,952.77001953125,54.560001373291016
2008-11-06,,,72.22000122070312,26.34075927734375,87.85591125488281,65.91046905517578,56.531211853027344,904.8800048828125,63.68000030517578
2008-11-07,,,72.5,26.8837890625,87.86383819580078,68.08670806884766,56.161800384521484,930.989990234375,56.099998474121094
2008-11-10,,,73.58000183105469,26.521766662597656,87.8797836303711,67.1944580078125,56.435855865478516,919.2100219726562,59.97999954223633
2008-11-11,,,72.05000305175781,25.944271087646484,87.89568328857422,65.11979675292969,56.60268020629883,898.9500122070312,61.439998626708984
2008-11-12,,,70.0,24.746177673339844,87.91954040527344,62.25444412231445,56.96611785888672,852.2999877929688,66.45999908447266
2008-11-13,,,72.1500015258789,26.254568099975586,87.89568328857422,66.13536834716797,55.60175704956055,911.2899780273438,59.83000183105469
2008-11-14,,,73.30000305175781,24.978914260864258,87.88775634765625,62.83475875854492,56.703975677490234,873.2899780273438,66.30999755859375
2008-11-17,,,72.6500015258789,24.453121185302734,87.90364074707031,62.000545501708984,56.954227447509766,850.75,69.1500015258789
2008-11-18,,,72.51000213623047,24.42726707458496,87.89568328857422,63.168460845947266,57.68708419799805,859.1199951171875,67.63999938964844
2008-11-19,,,72.26000213623047,23.151609420776367,87.94343566894531,59.120662689208984,59.16471481323242,806.5800170898438,74.26000213623047
2008-11-20,,,73.44999694824219,22.031078338623047,87.95935821533203,54.73198318481445,62.22126388549805,752.4400024414062,80.86000061035156
2008-11-21,,,78.8499984741211,22.987831115722656,88.007080078125,57.68436813354492,61.32157897949219,800.030029296875,72.66999816894531
2008-11-24,,,80.91000366210938,24.392793655395508,87.96731567382812,61.68138122558594,60.362300872802734,851.8099975585938,64.69999694824219
2008-11-25,,,80.87000274658203,24.280736923217773,87.99117279052734,62.13840103149414,62.137855529785156,857.3900146484375,60.900001525878906
2008-11-26,,,80.37999725341797,25.29782485961914,87.99117279052734,64.53947448730469,62.22126388549805,887.6799926757812,54.91999816894531
2008-11-28,,,80.30999755859375,25.099567413330078,88.007080078125,65.3519287109375,62.989803314208984,896.239990234375,55.279998779296875
2008-12-01,,,75.6500015258789,23.211942672729492,88.01110076904297,59.563175201416016,65.40210723876953,816.2100219726562,68.51000213623047
2008-12-02,,,76.94999694824219,23.98767852783203,87.99517059326172,61.85547637939453,65.65321350097656,848.8099975585938,62.97999954223633
2008-12-03,,,76.18000030517578,24.66860008239746,88.03498840332031,63.34254455566406,65.83849334716797,870.739990234375,60.720001220703125
2008-12-04,,,75.5,23.970436096191406,88.0589599609375,61.877227783203125,67.13581085205078,845.219970703125,63.63999938964844
2008-12-05,,,74.5199966430664,24.944429397583008,88.05094909667969,63.785091400146484,66.04776000976562,876.0700073242188,59.93000030517578
2008-12-08,,,76.19999694824219,25.927034378051758,88.01901245117188,66.01207733154297,65.90425109863281,909.7000122070312,58.4900016784668
2008-12-09,,,76.33000183105469,25.86669921875,88.0748062133789,64.92394256591797,67.20748901367188,888.6699829101562,58.90999984741211
2008-12-10,,,79.75,25.780506134033203,88.09080505371094,65.36644744873047,67.04610443115234,899.239990234375,55.72999954223633
2008-12-11,,,80.6500015258789,25.0737247467041,88.0748062133789,63.79228591918945,67.1776123046875,873.5900268554688,55.779998779296875
2008-12-12,,,80.80999755859375,25.5822696685791,88.09880065917969,64.5539779663086,67.1776123046875,879.72998046875,54.279998779296875
2008-12-15,,,82.5999984741211,25.134044647216797,88.09080505371094,63.65449905395508,67.94287109375,868.5700073242188,56.7599983215332
2008-12-16,,,84.45999908447266,26.34075927734375,88.0589599609375,66.65038299560547,69.62271118164062,913.1799926757812,52.369998931884766
2008-12-17,,,85.43000030517578,26.021848678588867,88.01901245117188,66.00480651855469,71.51183319091797,904.4199829101562,49.84000015258789
2008-12-18,,,83.87000274658203,25.565031051635742,88.01901245117188,64.77159118652344,73.01240539550781,885.280029296875,47.34000015258789
2008-12-19,,,82.62999725341797,25.7747745513916,88.0589599609375,64.49298095703125,73.0900650024414,887.8800048828125,44.93000030517578
2008-12-22,,,83.45999908447266,25.21370506286621,88.0589599609375,63.6666145324707,72.52816009521484,871.6300048828125,44.560001373291016
2008-12-23,,,82.62999725341797,25.084230422973633,88.08280181884766,63.00848388671875,72.43250274658203,863.1599731445312,45.02000045776367
2008-12-24,,,83.45999908447266,25.15328025817871,88.0748062133789,63.374088287353516,72.27706146240234,868.1500244140625,44.209999084472656
2008-12-26,,,85.5999984741211,25.144655227661133,88.0589599609375,63.73976135253906,72.51619720458984,872.7999877929688,43.380001068115234
2008-12-29,,,86.3499984741211,24.937482833862305,88.10679626464844,63.556941986083984,72.42922973632812,869.4199829101562,43.900001525878906
2008-12-30,,,85.9000015258789,25.455392837524414,88.09882354736328,65.06340026855469,73.1190414428711,890.6400146484375,41.630001068115234
2008-12-31,,,86.5199966430664,25.671186447143555,88.08283233642578,65.99212646484375,71.58951568603516,903.25,40.0
2009-01-02,,,86.2300033569336,26.78470802307129,87.94720458984375,67.98125457763672,69.79000854492188,931.7999877929688,39.189998626708984
2009-01-05,,,84.4800033569336,26.77607536315918,88.01107788085938,67.90078735351562,67.99050903320312,927.4500122070312,39.08000183105469
2009-01-06,,,85.12999725341797,27.043672561645508,88.0509262084961,68.35420989990234,67.30675506591797,934.7000122070312,38.560001373291016
2009-01-07,,,82.75,26.275426864624023,88.0669174194336,66.30657958984375,67.57064056396484,906.6500244140625,43.38999938964844
2009-01-08,,,84.45999908447266,26.55164337158203,87.97111511230469,66.57717895507812,67.51661682128906,909.72998046875,42.560001373291016
2009-01-09,,,83.91999816894531,25.956043243408203,88.03498840332031,65.151123046875,67.61859130859375,890.3499755859375,42.81999969482422
2009-01-12,,,80.76000213623047,25.481287002563477,88.08283233642578,63.586177825927734,68.32038879394531,870.260009765625,45.84000015258789
2009-01-13,,,80.87999725341797,25.489925384521484,88.08283233642578,63.70318603515625,68.39238739013672,871.7899780273438,43.27000045776367
2009-01-14,,,79.79000091552734,24.713058471679688,88.09882354736328,61.69942855834961,69.52005767822266,842.6199951171875,49.13999938964844
2009-01-15,,,80.38999938964844,25.118757247924805,88.0429458618164,61.72134780883789,69.63407897949219,843.739990234375,51.0
2009-01-16,,,82.70999908447266,25.394975662231445,88.0509262084961,62.204017639160156,68.5603256225586,850.1199951171875,46.11000061035156
2009-01-20,,,84.5199966430664,24.134719848632812,88.0509262084961,58.92050552368164,68.54832458496094,805.219970703125,56.650001525878906
2009-01-21,,,84.1500015258789,25.16191864013672,88.01899719238281,61.465370178222656,66.38298797607422,840.239990234375,46.41999816894531
2009-01-22,,,84.58000183105469,24.825267791748047,88.0429458618164,60.514732360839844,65.10533142089844,827.5,47.290000915527344
2009-01-23,,,88.52999877929688,24.946117401123047,88.07483673095703,60.77800750732422,64.59548950195312,831.9500122070312,47.27000045776367
2009-01-26,,,88.94999694824219,25.12738800048828,88.0429458618164,61.19485855102539,64.03166961669922,836.5700073242188,45.689998626708984
2009-01-27,,,88.37999725341797,25.30866050720215,88.0589370727539,61.816429138183594,65.53720092773438,845.7100219726562,42.25
2009-01-28,,,87.41999816894531,26.197738647460938,88.0589370727539,63.907955169677734,63.899681091308594,874.0900268554688,39.65999984741211
2009-01-29,,,89.5,25.533082962036133,88.03498840332031,61.83108139038086,62.43013381958008,845.1400146484375,42.630001068115234
2009-01-30,,,91.30999755859375,25.084230422973633,88.03498840332031,60.57325744628906,62.23221969604492,825.8800048828125,44.84000015258789
2009-02-02,,,88.83999633789062,25.386337280273438,88.0453872680664,60.390411376953125,63.39002227783203,825.4400024414062,45.52000045776367
2009-02-03,,,88.47000122070312,25.78342056274414,88.02139282226562,61.238704681396484,61.88026809692383,838.510009765625,43.060001373291016
2009-02-04,,,89.18000030517578,25.817935943603516,87.96549987792969,60.938907623291016,61.66377258300781,832.22998046875,43.849998474121094
2009-02-05,,,90.12000274658203,26.38763999938965,88.02139282226562,61.845680236816406,61.7179069519043,845.8499755859375,43.72999954223633
2009-02-06,,,89.58999633789062,27.07818603515625,87.96549987792969,63.60814666748047,61.525413513183594,868.5999755859375,43.369998931884766
2009-02-09,,,88.31999969482422,27.19040298461914,87.9974136352539,63.69585037231445,61.723907470703125,869.8900146484375,43.63999938964844
2009-02-10,,,90.20999908447266,26.189105987548828,88.01343536376953,60.77800750732422,63.065208435058594,827.1599731445312,46.66999816894531
2009-02-11,,,92.29000091552734,26.06825828552246,87.9974136352539,61.1363410949707,63.88321304321289,833.739990234375,44.529998779296875
2009-02-12,,,93.16999816894531,26.38763999938965,87.98153686523438,61.180206298828125,63.281761169433594,835.1900024414062,41.25
2009-02-13,,,92.55000305175781,26.266788482666016,87.98944854736328,60.52204895019531,61.59762954711914,826.8400268554688,42.93000030517578
2009-02-17,,,95.44999694824219,25.222347259521484,87.95755767822266,57.93326950073242,63.51633834838867,789.1699829101562,48.65999984741211
2009-02-18,,,96.91000366210938,25.23959732055664,87.9974136352539,57.7943229675293,62.9749641418457,788.4199829101562,48.459999084472656
2009-02-19,,,95.7699966430664,24.851165771484375,87.90165710449219,57.172733306884766,61.90434646606445,778.9400024414062,47.08000183105469
2009-02-20,,,97.80000305175781,24.920211791992188,87.93363189697266,56.61693572998047,62.505794525146484,770.0499877929688,49.29999923706055
2009-02-23,,,97.7300033569336,24.04840660095215,87.9974136352539,54.591243743896484,63.083248138427734,743.3300170898438,52.619998931884766
2009-02-24,,,94.7300033569336,24.842529296875,87.98944854736328,56.66082000732422,63.01713180541992,773.1400146484375,45.4900016784668
2009-02-25,,,93.1500015258789,24.678529739379883,87.95755767822266,56.2147216796875,62.289276123046875,764.9000244140625,44.66999816894531
2009-02-26,,,93.05999755859375,23.987974166870117,87.96549987792969,55.30059814453125,61.6336784362793,752.8300170898438,44.65999984741211
2009-02-27,,,92.62999725341797,23.763545989990234,87.98153686523438,54.064697265625,61.278812408447266,735.0900268554688,46.349998474121094
2009-03-02,,,90.93000030517578,22.99531364440918,88.00943756103516,51.629493713378906,62.293296813964844,700.8200073242188,52.650001525878906
2009-03-03,,,90.04000091552734,22.978055953979492,88.00943756103516,51.241905212402344,61.877166748046875,696.3300170898438,50.93000030517578
2009-03-04,,,88.98999786376953,23.590917587280273,88.02539825439453,52.455848693847656,61.59367370605469,712.8699951171875,47.560001373291016
2009-03-05,,,91.98999786376953,22.883100509643555,88.01741027832031,50.31315994262695,63.30659866333008,682.5499877929688,50.16999816894531
2009-03-06,,,92.29000091552734,22.701826095581055,88.01741027832031,50.400901794433594,62.8843879699707,683.3800048828125,49.33000183105469
2009-03-09,,,90.56999969482422,22.21844482421875,88.01741027832031,49.80855941772461,62.51649475097656,676.530029296875,49.68000030517578
2009-03-10,,,88.13999938964844,23.590917587280273,88.033447265625,52.777610778808594,61.31621170043945,719.5999755859375,44.369998931884766
2009-03-11,,,89.22000122070312,23.953460693359375,88.033447265625,53.121334075927734,61.979652404785156,721.3599853515625,43.61000061035156
2009-03-12,,,91.0999984741211,24.74758529663086,88.04934692382812,55.21286392211914,62.27524185180664,750.739990234375,41.18000030517578
2009-03-13,,,91.30000305175781,24.808002471923828,88.06537628173828,55.64427185058594,61.9615364074707,756.5499877929688,42.36000061035156
2009-03-16,,,90.80000305175781,24.393672943115234,88.033447265625,55.47612380981445,60.98448944091797,753.8900146484375,43.7400016784668
2009-03-17,,,90.04000091552734,25.31728744506836,88.0413818359375,57.172733306884766,60.652713775634766,778.1199951171875,40.79999923706055
2009-03-18,,,93.08999633789062,25.636667251586914,88.07334899902344,58.452484130859375,62.95081329345703,794.3499755859375,40.060001373291016
2009-03-19,,,94.3499984741211,25.619413375854492,88.05738830566406,57.72848129272461,63.02912902832031,784.0399780273438,43.68000030517578
2009-03-20,,,93.58999633789062,25.229461669921875,88.04934692382812,56.49923324584961,62.679256439208984,768.5399780273438,45.88999938964844
2009-03-23,,,92.08000183105469,26.71660614013672,88.06537628173828,60.55751037597656,62.136505126953125,822.9199829101562,43.22999954223633
2009-03-24,,,90.94999694824219,26.223773956298828,88.05738830566406,59.36431884765625,62.727561950683594,806.1199951171875,42.93000030517578
2009-03-25,,,91.9800033569336,26.344810485839844,88.06537628173828,59.990394592285156,61.88313293457031,813.8800048828125,42.25
2009-03-26,,,91.93000030517578,27.157548904418945,88.07334899902344,61.21303939819336,62.60093307495117,832.8599853515625,40.36000061035156
2009-03-27,,,90.69000244140625,26.647424697875977,88.05738830566406,60.10822677612305,63.06536102294922,815.9400024414062,41.040000915527344
2009-03-30,,,89.9800033569336,25.990327835083008,88.08133697509766,58.03123092651367,63.30659866333008,787.530029296875,45.540000915527344
2009-03-31,,,90.27999877929688,26.215120315551758,88.08133697509766,58.56887435913086,63.75894546508789,797.8699951171875,44.13999938964844
2009-04-01,,,91.02999877929688,26.604198455810547,88.06613159179688,59.70313262939453,64.3408432006836,811.0800170898438,42.279998779296875
2009-04-02,,,88.80000305175781,27.460166931152344,88.05015563964844,61.44871520996094,63.55452346801758,834.3800048828125,42.040000915527344
2009-04-03,,,87.58999633789062,27.970291137695312,88.06613159179688,62.06005096435547,62.2540168762207,842.5,39.70000076293945
2009-04-06,,,85.2699966430664,27.901119232177734,88.05015563964844,61.57390594482422,61.98783874511719,835.47998046875,40.93000030517578
2009-04-07,,,86.73999786376953,27.16619110107422,88.08211517333984,60.13767623901367,62.1451416015625,815.5499877929688,40.38999938964844
2009-04-08,,,86.61000061035156,27.624448776245117,88.08211517333984,60.78582000732422,62.69561004638672,825.1599731445312,38.849998474121094
2009-04-09,,,86.30999755859375,28.480411529541016,88.07418823242188,63.20166015625,61.90920639038086,856.5599975585938,36.529998779296875
2009-04-13,,,87.87999725341797,28.43718147277832,88.08211517333984,63.21638488769531,62.47781753540039,858.72998046875,37.810001373291016
2009-04-14,,,87.37000274658203,28.091337203979492,88.09812927246094,62.12633514404297,62.80448532104492,841.5,37.66999816894531
2009-04-15,,,87.5,28.01351547241211,88.11408996582031,62.7891960144043,62.69561004638672,852.0599975585938,36.16999816894531
2009-04-16,,,85.80999755859375,28.739797592163086,88.11408996582031,63.709842681884766,62.19955825805664,865.2999877929688,35.790000915527344
2009-04-17,,,85.22000122070312,28.80032730102539,88.09812927246094,64.13703918457031,61.51607894897461,869.5999755859375,33.939998626708984
2009-04-20,,,86.94999694824219,27.875181198120117,88.1220703125,61.44871520996094,62.447574615478516,832.3900146484375,39.18000030517578
2009-04-21,,,86.88999938964844,28.264259338378906,88.1060791015625,62.64925765991211,61.830604553222656,850.0800170898438,37.13999938964844
2009-04-22,,,87.37999725341797,28.35072135925293,88.1220703125,62.26622772216797,61.45560836791992,843.5499877929688,38.099998474121094
2009-04-23,,,88.80000305175781,28.627399444580078,88.13007354736328,62.87757873535156,61.449546813964844,851.9199829101562,37.150001525878906
2009-04-24,,,89.72000122070312,29.128868103027344,88.07418823242188,63.827728271484375,60.83257293701172,866.22998046875,36.81999969482422
2009-04-27,,,89.01000213623047,29.163463592529297,88.08211517333984,63.223758697509766,61.09267044067383,857.510009765625,38.31999969482422
2009-04-28,,,87.75,28.947301864624023,88.09008026123047,63.0248908996582,60.09463119506836,855.1599731445312,37.95000076293945
2009-04-29,,,88.33000183105469,29.34502601623535,88.13805389404297,64.36534881591797,59.56231689453125,873.6400146484375,36.08000183105469
2009-04-30,,,87.2699966430664,29.639007568359375,88.13007354736328,64.38748168945312,59.32638931274414,872.8099975585938,36.5
2009-05-01,,,86.94999694824219,29.716806411743164,88.0805435180664,64.73362731933594,58.91813278198242,877.52001953125,35.29999923706055
2009-05-04,,,88.63999938964844,30.304746627807617,88.0725326538086,66.93585968017578,59.11225509643555,907.239990234375,34.529998779296875
2009-05-05,,,88.25,30.2788143157959,88.0564956665039,66.70752716064453,59.039512634277344,903.7999877929688,33.36000061035156
2009-05-06,,,89.54000091552734,30.28746795654297,88.06453704833984,67.86388397216797,58.89988327026367,919.530029296875,32.45000076293945
2009-05-07,,,89.44000244140625,29.57847785949707,88.0564956665039,66.9211196899414,57.462005615234375,907.3900146484375,33.439998626708984
2009-05-08,,,89.9800033569336,29.59575653076172,88.04855346679688,68.4825668334961,57.60154724121094,929.22998046875,32.04999923706055
2009-05-11,,,89.69000244140625,29.699527740478516,88.06453704833984,67.20101165771484,58.420589447021484,909.239990234375,32.869998931884766
2009-05-12,,,90.69999694824219,29.33638572692871,88.0725326538086,67.00215911865234,58.63294982910156,908.3499755859375,31.799999237060547
2009-05-13,,,91.08999633789062,28.549585342407227,88.0805435180664,65.31548309326172,59.27002716064453,883.9199829101562,33.650001525878906
2009-05-14,,,91.02999877929688,28.869487762451172,88.0805435180664,65.87525939941406,59.500526428222656,893.0700073242188,31.3700008392334
2009-05-15,,,91.55000305175781,28.85219383239746,88.08853149414062,65.33760070800781,59.48237228393555,882.8800048828125,33.119998931884766
2009-05-18,,,90.36000061035156,29.60442352294922,88.0725326538086,67.1936264038086,58.56012725830078,909.7100219726562,30.239999771118164
2009-05-19,,,90.95999908447266,29.742752075195312,88.0805435180664,67.11259460449219,58.25067901611328,908.1300048828125,28.799999237060547
2009-05-20,,,92.25,29.639007568359375,88.11246490478516,66.66334533691406,58.86350631713867,903.469970703125,29.030000686645508
2009-05-21,,,93.8499984741211,29.094287872314453,88.11246490478516,65.70582580566406,57.38310623168945,888.3300170898438,31.350000381469727
2009-05-22,,,94.1500015258789,28.99918556213379,88.0805435180664,65.56591033935547,56.7460823059082,887.0,32.630001068115234
2009-05-26,,,93.76000213623047,30.0799617767334,88.06453704833984,67.24520111083984,55.89059829711914,910.3300170898438,30.6200008392334
2009-05-27,,,93.44999694824219,29.872438430786133,88.0805435180664,66.044677734375,54.90168762207031,893.0599975585938,32.36000061035156
2009-05-28,,,94.23999786376953,30.218284606933594,88.14446258544922,66.96529388427734,55.696441650390625,906.8300170898438,31.670000076293945
2009-05-29,,,96.19999694824219,30.590076446533203,88.08853149414062,68.15113067626953,57.13438415527344,919.1400146484375,28.920000076293945
2009-06-01,,,95.7300033569336,31.463336944580078,88.14925384521484,69.80094146728516,55.44524383544922,942.8699951171875,30.040000915527344
2009-06-02,,,96.36000061035156,31.50657081604004,88.07733917236328,69.85990142822266,55.74348831176758,944.739990234375,29.6299991607666
2009-06-03,,,94.41000366210938,31.411449432373047,88.11727905273438,68.9760513305664,56.26698684692383,931.760009765625,31.020000457763672
2009-06-04,,,96.2300033569336,31.765947341918945,88.10128021240234,69.62420654296875,55.10438537597656,942.4600219726562,30.18000030517578
2009-06-05,,,93.70999908447266,31.800537109375,88.06929779052734,69.63893127441406,54.684417724609375,940.0900268554688,29.6200008392334
2009-06-08,,,93.55999755859375,31.705415725708008,88.03732299804688,69.3516616821289,54.54438400268555,939.1400146484375,29.770000457763672
2009-06-09,,,93.83000183105469,31.947521209716797,88.06128692626953,69.70521545410156,54.538307189941406,942.4299926757812,28.270000457763672
2009-06-10,,,93.86000061035156,31.835102081298828,88.10932159423828,69.5284423828125,53.68008041381836,939.1500244140625,28.459999084472656
2009-06-11,,,93.69999694824219,31.835102081298828,88.10932159423828,69.8377914428711,54.276580810546875,944.8900146484375,28.110000610351562
2009-06-12,,,92.16999816894531,31.68813133239746,88.07733917236328,70.02928161621094,54.763553619384766,946.2100219726562,28.149999618530273
2009-06-15,,,91.0999984741211,31.039669036865234,88.07733917236328,68.42364501953125,55.25657653808594,923.719970703125,30.809999465942383
2009-06-16,,,91.93000030517578,30.737056732177734,88.13327026367188,67.49563598632812,56.218265533447266,911.969970703125,32.68000030517578
2009-06-17,,,92.3499984741211,31.031034469604492,88.14125061035156,67.42935180664062,55.901756286621094,910.7100219726562,31.540000915527344
2009-06-18,,,91.61000061035156,30.97050666809082,88.13327026367188,67.92279052734375,55.055702209472656,918.3699951171875,30.030000686645508
2009-06-19,,,91.9000015258789,31.30292510986328,88.12529754638672,68.1731948852539,55.81047058105469,921.22998046875,27.989999771118164
2009-06-22,,,90.54000091552734,30.368003845214844,88.09333801269531,66.12886047363281,56.35218048095703,893.0399780273438,31.170000076293945
2009-06-23,,,90.91999816894531,30.298736572265625,88.0853042602539,66.18072509765625,57.01564407348633,895.0999755859375,30.579999923706055
2009-06-24,,,91.44999694824219,30.80948257446289,88.10128021240234,66.75104522705078,56.44349670410156,900.9400024414062,29.049999237060547
2009-06-25,,,92.30999755859375,31.415456771850586,88.13327026367188,68.20279693603516,57.47828674316406,920.260009765625,26.360000610351562
2009-06-26,,,92.29000091552734,31.48470687866211,88.14125061035156,68.02501678466797,57.57565689086914,918.9000244140625,25.93000030517578
2009-06-29,,,92.04000091552734,31.553977966308594,88.11727905273438,68.66203308105469,57.66089630126953,927.22998046875,25.350000381469727
2009-06-30,,,91.18000030517578,31.493371963500977,88.14125061035156,68.10651397705078,57.56349182128906,919.3200073242188,26.350000381469727
2009-07-01,,,92.38999938964844,31.510679244995117,88.12287902832031,68.387939453125,57.44929504394531,923.3300170898438,26.219999313354492
2009-07-02,,,91.25,30.81813621520996,88.11487579345703,66.52143096923828,57.583621978759766,896.4199829101562,27.950000762939453
2009-07-06,,,90.76000213623047,30.65366554260254,88.11487579345703,66.51402282714844,57.47371292114258,898.719970703125,29.0
2009-07-07,,,90.70999908447266,29.8918514251709,88.12287902832031,65.22522735595703,57.85843276977539,881.030029296875,30.850000381469727
2009-07-08,,,89.2699966430664,30.047677993774414,88.15484619140625,65.18077850341797,58.927040100097656,879.5599975585938,31.299999237060547
2009-07-09,,,89.51000213623047,30.099628448486328,88.15484619140625,65.30669403076172,58.224815368652344,882.6799926757812,29.780000686645508
2009-07-10,,,89.58000183105469,30.229490280151367,88.12287902832031,65.1511459350586,58.76218032836914,879.1300048828125,29.020000457763672
2009-07-13,,,90.19000244140625,30.80948257446289,88.13884735107422,66.7362289428711,58.43241500854492,901.0499877929688,26.309999465942383
2009-07-14,,,90.80999755859375,30.92202377319336,88.13884735107422,67.11399841308594,57.461524963378906,905.8400268554688,25.020000457763672
2009-07-15,,,92.23999786376953,31.96083641052246,88.13086700439453,69.07681274414062,55.98373794555664,932.6799926757812,25.889999389648438
2009-07-16,,,91.9800033569336,32.34175109863281,88.13086700439453,68.9657211303711,56.58823776245117,940.739990234375,25.420000076293945
2009-07-17,,,91.93000030517578,32.514892578125,88.12287902832031,69.72119140625,55.71508026123047,940.3800048828125,24.34000015258789
2009-07-20,,,93.27999877929688,32.8265266418457,88.11487579345703,70.46188354492188,56.00815200805664,951.1300048828125,24.399999618530273
2009-07-21,,,93.12999725341797,33.05159378051758,88.12287902832031,70.78778839111328,57.125675201416016,954.5800170898438,23.8700008392334
2009-07-22,,,93.44000244140625,33.32861328125,88.13086700439453,70.77297973632812,56.61274337768555,954.0700073242188,23.469999313354492
2009-07-23,,,93.26000213623047,34.06443405151367,88.13086700439453,72.33585357666016,55.574623107910156,976.2899780273438,23.43000030517578
2009-07-24,,,93.41000366210938,33.80474853515625,88.12287902832031,72.63213348388672,55.8432731628418,979.260009765625,23.09000015258789
2009-07-27,,,93.70999908447266,34.06443405151367,88.13884735107422,72.846923828125,55.202144622802734,982.1799926757812,24.280000686645508
2009-07-28,,,92.11000061035156,33.830692291259766,88.13086700439453,72.50621795654297,55.69060516357422,979.6199951171875,25.010000228881836
2009-07-29,,,91.19999694824219,34.0557861328125,88.14686584472656,72.32845306396484,55.995948791503906,975.1500244140625,25.610000610351562
2009-07-30,,,91.62000274658203,34.254886627197266,88.13086700439453,73.08394622802734,56.78983688354492,986.75,25.399999618530273
2009-07-31,,,93.3499984741211,34.15101623535156,88.13884735107422,73.1876220703125,57.89505386352539,987.47998046875,25.920000076293945
2009-08-03,,,93.87000274658203,34.661746978759766,88.10523223876953,74.39495086669922,57.01768112182617,1002.6300048828125,25.559999465942383
2009-08-04,,,94.68000030517578,34.661746978759766,88.11323547363281,74.58751678466797,56.56426239013672,1005.6500244140625,24.889999389648438
2009-08-05,,,94.77999877929688,34.393402099609375,88.12928009033203,74.37274932861328,55.7187614440918,1002.719970703125,24.899999618530273
2009-08-06,,,94.5999984741211,34.090415954589844,88.14530944824219,73.98760223388672,55.908695220947266,997.0800170898438,25.670000076293945
2009-08-07,,,93.75,34.52323913574219,88.11323547363281,74.95787811279297,55.443016052246094,1010.47998046875,24.760000228881836
2009-08-10,,,92.93000030517578,34.28086853027344,88.1212387084961,74.80231475830078,56.135353088378906,1007.0999755859375,24.989999771118164
2009-08-11,,,92.79000091552734,33.986534118652344,88.13724517822266,73.86909484863281,56.78483963012695,994.3499755859375,25.989999771118164
2009-08-12,,,92.94999694824219,34.51458740234375,88.13724517822266,74.6615982055664,56.1782341003418,1005.8099975585938,25.450000762939453
2009-08-13,,,93.72000122070312,34.70503234863281,88.14530944824219,75.23196411132812,56.97478103637695,1012.72998046875,24.709999084472656
2009-08-14,,,93.0,34.30683517456055,88.14530944824219,74.6541976928711,57.19536590576172,1004.0900268554688,24.270000457763672
2009-08-17,,,91.61000061035156,33.311302185058594,88.15328216552734,72.81731414794922,58.04084396362305,979.72998046875,27.889999389648438
2009-08-18,,,92.05999755859375,33.78742218017578,88.15328216552734,73.3950424194336,57.703861236572266,989.6699829101562,26.18000030517578
2009-08-19,,,92.52999877929688,34.02115249633789,88.14530944824219,74.03944396972656,58.181800842285156,996.4600219726562,26.260000228881836
2009-08-20,,,92.2699966430664,34.41938018798828,88.14530944824219,74.80231475830078,58.65969467163086,1007.3699951171875,25.09000015258789
2009-08-21,,,93.6500015258789,34.878177642822266,88.15328216552734,76.26892852783203,57.452693939208984,1026.1300048828125,25.010000228881836
2009-08-24,,,92.33999633789062,34.84354782104492,88.14530944824219,76.26151275634766,58.49428176879883,1025.5699462890625,25.139999389648438
2009-08-25,,,92.76000213623047,34.94743728637695,88.15328216552734,76.40966033935547,58.82515335083008,1028.0,24.920000076293945
2009-08-26,,,92.79000091552734,34.88683319091797,88.17726135253906,76.41705322265625,59.09475326538086,1028.1199951171875,24.950000762939453
2009-08-27,,,93.19000244140625,34.9734001159668,88.13724517822266,76.58740234375,58.86191177368164,1030.97998046875,24.68000030517578
2009-08-28,,,93.87000274658203,35.00802993774414,88.14530944824219,76.57258605957031,59.13148498535156,1028.9300537109375,24.760000228881836
2009-08-31,,,93.4000015258789,34.65310287475586,88.17726135253906,75.89118957519531,59.18659591674805,1020.6199951171875,26.010000228881836
2009-09-01,,,93.9000015258789,34.00383758544922,88.11241912841797,74.21719360351562,59.04339599609375,998.0399780273438,29.149999618530273
2009-09-02,,,96.19000244140625,33.97787094116211,88.1844711303711,73.9357681274414,59.90393829345703,994.75,28.899999618530273
2009-09-03,,,97.45999908447266,34.20295715332031,88.1844711303711,74.5505142211914,59.5351676940918,1003.239990234375,27.100000381469727
2009-09-04,,,97.52999877929688,34.93876647949219,88.17646789550781,75.5948715209961,58.52094650268555,1016.4000244140625,25.260000228881836
2009-09-08,,,97.43000030517578,35.26774978637695,88.15248107910156,76.24668884277344,58.10915756225586,1025.3900146484375,25.6200008392334
2009-09-09,,,97.08000183105469,35.570716857910156,88.17646789550781,76.83182525634766,58.04155731201172,1033.3699951171875,24.31999969482422
2009-09-10,,,97.69999694824219,35.9083251953125,88.16049194335938,77.61698150634766,59.11104965209961,1044.1400146484375,23.549999237060547
2009-09-11,,,98.77999877929688,35.94295120239258,88.1925048828125,77.60214233398438,59.436767578125,1042.72998046875,24.149999618530273
2009-09-14,,,97.95999908447266,36.08146667480469,88.16849517822266,77.97991180419922,58.84670639038086,1049.3399658203125,23.860000610351562
2009-09-15,,,98.9000015258789,36.194007873535156,88.17646789550781,78.30581665039062,58.54558181762695,1052.6300048828125,23.420000076293945
2009-09-16,,,99.91000366210938,36.72207260131836,88.16849517822266,79.49092102050781,58.65000915527344,1068.760009765625,23.690000534057617
2009-09-17,,,99.33999633789062,36.713417053222656,88.17646789550781,79.37244415283203,59.387603759765625,1065.489990234375,23.649999618530273
2009-09-18,,,98.66999816894531,36.774932861328125,88.17646789550781,79.42302703857422,58.85900115966797,1068.300048828125,23.920000076293945
2009-09-21,,,98.36000061035156,36.8875846862793,88.16049194335938,79.2220687866211,58.99423599243164,1064.6600341796875,24.059999465942383
2009-09-22,,,99.66999816894531,36.95689010620117,88.17646789550781,79.68347930908203,59.11715316772461,1071.6600341796875,23.079999923706055
2009-09-23,,,98.83000183105469,36.78359603881836,88.17646789550781,79.0211410522461,59.29541015625,1060.8699951171875,23.489999771118164
2009-09-24,,,97.55000305175781,36.45433044433594,88.16849517822266,78.15039825439453,59.46751403808594,1050.780029296875,24.950000762939453
2009-09-25,,,97.0,36.13372802734375,88.16049194335938,77.733642578125,60.223514556884766,1044.3800048828125,25.610000610351562
2009-09-28,,,97.05000305175781,36.74894332885742,88.15248107910156,79.12532043457031,60.75212860107422,1062.97998046875,24.8799991607666
2009-09-29,,,97.43000030517578,36.58428955078125,88.16049194335938,78.88719177246094,60.69679260253906,1060.6099853515625,25.190000534057617
2009-09-30,,,98.8499984741211,36.61030197143555,88.17646789550781,78.58204650878906,60.64151382446289,1057.0799560546875,25.610000610351562
2009-10-01,,,97.88999938964844,35.527156829833984,88.18611145019531,76.6322250366211,61.47199630737305,1029.8499755859375,28.270000457763672
2009-10-02,,,98.37000274658203,35.42317199707031,88.1700668334961,76.27496337890625,61.046607971191406,1025.2099609375,28.68000030517578
2009-10-05,,,99.81999969482422,35.70913314819336,88.1700668334961,77.41361999511719,61.05278778076172,1040.4599609375,26.84000015258789
2009-10-06,,,102.27999877929688,36.34169006347656,88.19409942626953,78.52249908447266,60.44855880737305,1054.719970703125,25.700000762939453
2009-10-07,,,102.36000061035156,36.44567108154297,88.21007537841797,78.73833465576172,61.15758514404297,1057.5799560546875,24.68000030517578
2009-10-08,,,103.63999938964844,36.60163497924805,88.20207214355469,79.34114074707031,60.51633834838867,1065.47998046875,24.18000030517578
2009-10-09,,,102.83999633789062,36.8095817565918,88.17808532714844,79.82491302490234,59.12907409667969,1071.489990234375,23.1200008392334
2009-10-12,,,103.55999755859375,36.8875846862793,88.17808532714844,80.1374740600586,59.22153091430664,1076.18994140625,23.010000228881836
2009-10-13,,,104.26000213623047,36.896244049072266,88.18611145019531,79.97370910644531,59.529842376708984,1073.18994140625,22.989999771118164
2009-10-14,,,104.18000030517578,37.398807525634766,88.18611145019531,81.35052490234375,58.64814376831055,1092.02001953125,22.860000610351562
2009-10-15,,,102.86000061035156,37.31217956542969,88.18611145019531,81.64823150634766,58.37685775756836,1096.56005859375,21.719999313354492
2009-10-16,,,103.18000030517578,37.06955337524414,88.18611145019531,81.03795623779297,58.851646423339844,1087.6800537109375,21.43000030517578
2009-10-19,,,104.2300033569336,37.442138671875,88.19409942626953,81.70775604248047,59.314029693603516,1097.9100341796875,21.489999771118164
2009-10-20,,,103.41999816894531,37.450828552246094,88.19409942626953,81.27607727050781,59.634674072265625,1091.06005859375,20.899999618530273
2009-10-21,,,103.75,37.381492614746094,88.21808624267578,80.54678344726562,59.277000427246094,1081.4000244140625,22.219999313354492
2009-10-22,,,103.91999816894531,37.52880859375,88.22608947753906,81.36542510986328,58.98722457885742,1092.9100341796875,20.690000534057617
2009-10-23,,,103.48999786376953,37.37284469604492,88.21007537841797,80.43514251708984,58.54337692260742,1079.5999755859375,22.270000457763672
2009-10-26,,,101.86000061035156,37.25151443481445,88.19409942626953,79.56439208984375,57.78495407104492,1066.949951171875,24.309999465942383
2009-10-27,,,101.8499984741211,36.68827438354492,88.21808624267578,79.19975280761719,58.57417297363281,1063.4100341796875,24.829999923706055
2009-10-28,,,100.7300033569336,35.86509704589844,88.23408508300781,77.70389556884766,58.851646423339844,1042.6300048828125,27.90999984741211
2009-10-29,,,102.69000244140625,36.471641540527344,88.22608947753906,79.37092590332031,58.21034622192383,1066.1099853515625,24.760000228881836
2009-10-30,,,102.52999877929688,35.49249267578125,88.21808624267578,77.07125854492188,59.05506134033203,1036.18994140625,30.690000534057617
2009-11-02,,,103.94999694824219,35.63980484008789,88.197265625,77.63688659667969,58.79405212402344,1042.8800048828125,29.780000686645508
2009-11-03,,,106.45999908447266,35.7524528503418,88.20529174804688,77.88246154785156,58.206443786621094,1045.4100341796875,28.809999465942383
2009-11-04,,,107.0999984741211,35.8130989074707,88.18126678466797,78.08345794677734,57.67446517944336,1046.5,27.719999313354492
2009-11-05,,,106.9800033569336,36.69695281982422,88.21328735351562,79.5197525024414,57.67446517944336,1066.6300048828125,25.43000030517578
2009-11-06,,,107.43000030517578,36.91359329223633,88.197265625,79.72813415527344,57.73011779785156,1069.300048828125,24.190000534057617
2009-11-09,,,108.19000244140625,37.702117919921875,88.20529174804688,81.5440444946289,57.79820251464844,1093.0799560546875,23.149999618530273
2009-11-10,,,108.38999938964844,37.79743194580078,88.22125244140625,81.55892181396484,57.6929931640625,1093.010009765625,22.84000015258789
2009-11-11,,,109.5999984741211,38.0400505065918,88.20529174804688,81.97567749023438,57.934226989746094,1098.510009765625,23.040000915527344
2009-11-12,,,108.20999908447266,37.82342529296875,88.21328735351562,81.14215087890625,57.829071044921875,1087.239990234375,24.239999771118164
2009-11-13,,,109.73999786376953,38.13536834716797,88.22930908203125,81.58124542236328,58.09511184692383,1093.47998046875,23.360000610351562
2009-11-16,,,111.62999725341797,38.52530288696289,88.21328735351562,82.7645492553711,58.7755126953125,1109.300048828125,22.889999389648438
2009-11-17,,,111.97000122070312,38.646602630615234,88.24528503417969,82.86127471923828,59.09101486206055,1110.3199462890625,22.40999984741211
2009-11-18,,,112.25,38.429988861083984,88.24528503417969,82.8092041015625,58.74454116821289,1109.800048828125,21.6299991607666
2009-11-19,,,112.30000305175781,37.83207702636719,88.23733520507812,81.73008728027344,58.84968948364258,1094.9000244140625,22.6299991607666
2009-11-20,,,112.94000244140625,37.641441345214844,88.25334930419922,81.43982696533203,58.837345123291016,1091.3800048828125,22.190000534057617
2009-11-23,,,114.29000091552734,38.24802017211914,88.20529174804688,82.47432708740234,58.76311111450195,1106.239990234375,21.15999984741211
2009-11-24,,,114.7300033569336,38.118038177490234,88.24528503417969,82.600830078125,59.1342658996582,1105.6500244140625,20.469999313354492
2009-11-25,,,116.62000274658203,38.282684326171875,88.24528503417969,82.89108276367188,59.40639877319336,1110.6300048828125,20.479999542236328
2009-11-27,,,115.05999755859375,37.702117919921875,88.23733520507812,81.5440444946289,59.62909698486328,1091.489990234375,24.739999771118164
2009-11-30,,,115.63999938964844,37.745445251464844,88.22930908203125,81.81938171386719,59.771366119384766,1095.6300048828125,24.510000228881836
2009-12-01,,,117.37999725341797,38.13536834716797,88.2292709350586,82.83155822753906,59.105567932128906,1108.8599853515625,21.920000076293945
2009-12-02,,,119.18000030517578,38.18735122680664,88.21331024169922,82.79430389404297,59.155155181884766,1109.239990234375,21.1200008392334
2009-12-03,,,118.69999694824219,38.03138732910156,88.21331024169922,82.1468505859375,58.54081344604492,1099.9200439453125,22.459999084472656
2009-12-04,,,113.75,38.23069763183594,88.22125244140625,82.6156997680664,57.92033004760742,1105.97998046875,21.25
2009-12-07,,,113.11000061035156,38.04872131347656,88.19725036621094,82.48917388916016,57.99482345581055,1103.25,22.100000381469727
2009-12-08,,,110.94999694824219,37.81475067138672,88.21331024169922,81.57382202148438,58.081668853759766,1091.93994140625,23.690000534057617
2009-12-09,,,110.83999633789062,38.19602584838867,88.22125244140625,81.87889862060547,57.8148193359375,1095.949951171875,22.65999984741211
2009-12-10,,,110.81999969482422,38.38665771484375,88.19725036621094,82.34032440185547,57.1508674621582,1102.3499755859375,22.31999969482422
2009-12-11,,,109.31999969482422,38.239356994628906,88.19725036621094,82.69010925292969,57.1446533203125,1106.4100341796875,21.59000015258789
2009-12-14,,,110.23999786376953,38.603275299072266,88.19725036621094,83.25574493408203,57.212894439697266,1114.1099853515625,21.149999618530273
2009-12-15,,,110.20999908447266,38.38665771484375,88.21331024169922,82.86874389648438,56.95847702026367,1107.9300537109375,21.489999771118164
2009-12-16,,,111.58999633789062,38.43864822387695,88.21331024169922,82.9952621459961,56.89023971557617,1109.1800537109375,20.540000915527344
2009-12-17,,,107.33999633789062,37.97072982788086,88.19725036621094,81.9980239868164,57.827247619628906,1096.0799560546875,22.510000228881836
2009-12-18,,,108.94999694824219,38.5895881652832,88.2052993774414,82.46192169189453,57.57902526855469,1102.469970703125,21.68000030517578
2009-12-21,,,106.94999694824219,39.02356719970703,88.22125244140625,83.29993438720703,56.55515670776367,1114.050048828125,20.489999771118164
2009-12-22,,,106.16999816894531,39.257911682128906,88.22125244140625,83.59922790527344,56.23868179321289,1118.02001953125,19.540000915527344
2009-12-23,,,106.55000305175781,39.544342041015625,88.22125244140625,83.76384735107422,56.25111770629883,1120.5899658203125,19.709999084472656
2009-12-24,,,108.36000061035156,39.908878326416016,88.2052993774414,84.16040802001953,55.66779327392578,1126.47998046875,19.469999313354492
2009-12-28,,,108.55000305175781,40.1171989440918,88.2373275756836,84.33995819091797,55.51262664794922,1127.780029296875,19.93000030517578
2009-12-29,,,107.47000122070312,39.95228958129883,88.23245239257812,84.22025299072266,55.87883377075195,1126.199951171875,20.010000228881836
2009-12-30,,,106.93000030517578,40.073795318603516,88.23245239257812,84.19031524658203,56.24625778198242,1126.4200439453125,19.959999084472656
2009-12-31,,,107.30999755859375,39.70924377441406,88.2245101928711,83.38221740722656,55.97849655151367,1115.0999755859375,21.68000030517578
2010-01-04,,,109.80000305175781,40.29078674316406,88.23245239257812,84.7963638305664,55.92866516113281,1132.989990234375,20.040000915527344
2010-01-05,,,109.69999694824219,40.29078674316406,88.20045471191406,85.02085876464844,56.28982925415039,1136.52001953125,19.350000381469727
2010-01-06,,,111.51000213623047,40.04776382446289,88.20845794677734,85.08069610595703,55.53636169433594,1137.1400146484375,19.15999984741211
2010-01-07,,,110.81999969482422,40.073795318603516,88.20845794677734,85.4398422241211,55.629737854003906,1141.68994140625,19.059999465942383
2010-01-08,,,111.37000274658203,40.40361785888672,88.240478515625,85.72420501708984,55.60483169555664,1144.97998046875,18.1299991607666
2010-01-11,,,112.8499984741211,40.238704681396484,88.240478515625,85.84392547607422,55.299705505371094,1146.97998046875,17.549999237060547
2010-01-12,,,110.48999786376953,39.73527526855469,88.23245239257812,85.04329681396484,56.24625778198242,1136.219970703125,18.25
2010-01-13,,,111.54000091552734,40.23001480102539,88.2245101928711,85.7615966796875,55.59233856201172,1145.6800537109375,17.850000381469727
2010-01-14,,,112.02999877929688,40.26475143432617,88.2245101928711,85.9935302734375,56.37080764770508,1148.4599609375,17.6299991607666
2010-01-15,,,110.86000061035156,39.79605484008789,88.21650695800781,85.02832794189453,56.71955871582031,1136.030029296875,17.90999984741211
2010-01-19,,,111.5199966430664,40.438358306884766,88.23245239257812,86.09081268310547,56.55764389038086,1150.22998046875,17.579999923706055
2010-01-20,,,108.94000244140625,39.856807708740234,88.23245239257812,85.2153549194336,57.13050842285156,1138.0400390625,18.68000030517578
2010-01-21,,,107.37000274658203,39.48358154296875,88.23245239257812,83.57673645019531,57.392112731933594,1116.47998046875,22.270000457763672
2010-01-22,,,107.16999816894531,38.32920455932617,88.21650695800781,81.71365356445312,57.292503356933594,1091.760009765625,27.309999465942383
2010-01-25,,,107.4800033569336,38.459381103515625,88.24856567382812,82.1326904296875,57.030879974365234,1096.780029296875,25.40999984741211
2010-01-26,,,107.55999755859375,38.49411392211914,88.24856567382812,81.78851318359375,57.049564361572266,1092.1700439453125,24.549999237060547
2010-01-27,,,106.52999877929688,38.79789733886719,88.21650695800781,82.1775894165039,57.0184440612793,1097.5,23.139999389648438
2010-01-28,,,106.4800033569336,37.79973220825195,88.21650695800781,81.23482513427734,56.98729705810547,1084.530029296875,23.729999542236328
2010-01-29,,,105.95999908447266,37.140079498291016,88.24856567382812,80.35194396972656,57.48554229736328,1073.8699951171875,24.6200008392334
2010-02-01,,,108.3499984741211,37.548038482666016,88.22610473632812,81.60145568847656,56.96370315551758,1089.18994140625,22.59000015258789
2010-02-02,,,109.12999725341797,37.886539459228516,88.24207305908203,82.589111328125,57.12617111206055,1103.3199462890625,21.479999542236328
2010-02-03,,,108.69999694824219,38.0948486328125,88.23407745361328,82.1775894165039,56.46372985839844,1097.280029296875,21.600000381469727
2010-02-04,,,104.37000274658203,36.99253845214844,88.23407745361328,79.64109802246094,57.35740280151367,1063.1099853515625,26.079999923706055
2010-02-05,,,104.68000030517578,37.30500411987305,88.21810913085938,79.80570220947266,57.482421875,1066.18994140625,26.110000610351562
2010-02-08,,,104.04000091552734,37.03593444824219,88.2501449584961,79.22956848144531,57.5573616027832,1056.739990234375,26.510000228881836
2010-02-09,,,105.41000366210938,37.41783142089844,88.2501449584961,80.22472381591797,56.98243713378906,1070.52001953125,26.0
2010-02-10,,,105.12000274658203,37.33971405029297,88.24207305908203,80.06759643554688,56.43871307373047,1068.1300048828125,25.399999618530273
2010-02-11,,,107.12999725341797,37.903892517089844,88.2501449584961,80.9056167602539,56.13248825073242,1078.469970703125,23.959999084472656
2010-02-12,,,107.04000091552734,37.98200988769531,88.2501449584961,80.83828735351562,56.36372756958008,1075.510009765625,22.729999542236328
2010-02-16,,,109.62000274658203,38.46807861328125,88.22610473632812,82.11022186279297,56.469993591308594,1094.8699951171875,22.25
2010-02-17,,,109.25,38.685054779052734,88.24207305908203,82.49932861328125,55.82626724243164,1099.510009765625,21.719999313354492
2010-02-18,,,109.9800033569336,38.9280891418457,88.2501449584961,82.98566436767578,55.601318359375,1106.75,20.6299991607666
2010-02-19,,,109.47000122070312,38.91074752807617,88.23407745361328,83.15776062011719,55.90127944946289,1109.1700439453125,20.020000457763672
2010-02-22,,,109.06999969482422,38.83260726928711,88.24207305908203,83.17271423339844,55.670005798339844,1108.010009765625,19.940000534057617
2010-02-23,,,107.88999938964844,38.32920455932617,88.24207305908203,82.1626205444336,56.53870391845703,1094.5999755859375,21.3700008392334
2010-02-24,,,107.36000061035156,38.71977996826172,88.23407745361328,82.9183349609375,56.67621994018555,1105.239990234375,20.270000457763672
2010-02-25,,,108.30999755859375,38.711090087890625,88.25812530517578,82.80606842041016,56.99492263793945,1102.93994140625,20.100000381469727
2010-02-26,,,109.43000030517578,38.84999465942383,88.2501449584961,82.85850524902344,57.28862762451172,1104.489990234375,19.5
2010-03-01,,,109.43000030517578,39.414146423339844,88.24853515625,83.71895599365234,57.263545989990234,1115.7099609375,19.260000228881836
2010-03-02,,,111.0199966430664,39.53567123413086,88.20846557617188,83.95091247558594,57.188350677490234,1118.31005859375,19.059999465942383
2010-03-03,,,111.62999725341797,39.57905960083008,88.23246765136719,84.02570343017578,57.04413986206055,1118.7900390625,18.829999923706055
2010-03-04,,,110.83000183105469,39.70924377441406,88.24049377441406,84.28008270263672,57.34510040283203,1122.969970703125,18.719999313354492
2010-03-05,,,110.80999755859375,40.30811309814453,88.23246765136719,85.4847640991211,56.592769622802734,1138.699951171875,17.420000076293945
2010-03-08,,,109.87999725341797,40.386268615722656,88.24853515625,85.49970245361328,56.298072814941406,1138.5,17.790000915527344
2010-03-09,,,109.72000122070312,40.6119384765625,88.24049377441406,85.64188385009766,56.31060028076172,1140.449951171875,17.920000076293945
2010-03-10,,,108.47000122070312,40.941768646240234,88.23246765136719,86.0234603881836,56.16642379760742,1145.6099853515625,18.56999969482422
2010-03-11,,,108.5999984741211,41.09800720214844,88.22452545166016,86.38261413574219,56.373348236083984,1150.239990234375,18.059999465942383
2010-03-12,,,107.94999694824219,41.106666564941406,88.24049377441406,86.39010620117188,56.724422454833984,1149.989990234375,17.579999923706055
2010-03-15,,,108.36000061035156,41.002525329589844,88.24049377441406,86.41252899169922,56.649200439453125,1150.510009765625,18.0
2010-03-16,,,110.4000015258789,41.26288986206055,88.21650695800781,87.10092163085938,57.1005744934082,1159.4599609375,17.690000534057617
2010-03-17,,,109.58999633789062,41.3757438659668,88.24049377441406,87.61717224121094,57.34510040283203,1166.2099609375,16.90999984741211
2010-03-18,,,110.33999633789062,41.51461410522461,88.24049377441406,87.57230377197266,57.15700912475586,1165.8299560546875,16.6200008392334
2010-03-19,,,108.27999877929688,41.263511657714844,88.24049377441406,87.12903594970703,57.213382720947266,1159.9000244140625,16.969999313354492
2010-03-22,,,107.75,41.63712692260742,88.24049377441406,87.59481811523438,57.276126861572266,1165.81005859375,16.8700008392334
2010-03-23,,,108.31999969482422,41.92385482788086,88.24853515625,88.21089935302734,57.00654220581055,1174.1700439453125,16.350000381469727
2010-03-24,,,106.30000305175781,41.72401428222656,88.23246765136719,87.78263854980469,55.96585464477539,1167.719970703125,17.549999237060547
2010-03-25,,,106.77999877929688,41.66320037841797,88.23246765136719,87.6399154663086,55.60850524902344,1165.72998046875,18.399999618530273
2010-03-26,,,108.58999633789062,41.70664596557617,88.22452545166016,87.5873031616211,55.7652473449707,1166.5899658203125,17.770000457763672
2010-03-29,,,108.75,41.9064826965332,88.22452545166016,88.1432876586914,55.55206298828125,1173.219970703125,17.59000015258789
2010-03-30,,,107.97000122070312,42.045509338378906,88.24853515625,88.20336151123047,55.72762680053711,1173.27001953125,17.1299991607666
2010-03-31,,,108.94999694824219,41.84566879272461,88.24049377441406,87.90286254882812,56.11005401611328,1169.4300537109375,17.59000015258789
2010-04-01,,,110.26000213623047,41.84566879272461,88.21089172363281,88.50389862060547,55.972843170166016,1178.0999755859375,17.469999313354492
2010-04-05,,,110.88999938964844,42.236663818359375,88.20286560058594,89.22518920898438,55.04154968261719,1187.43994140625,17.020000457763672
2010-04-06,,,111.02999877929688,42.35829544067383,88.21888732910156,89.435546875,55.12962341308594,1189.43994140625,16.229999542236328
2010-04-07,,,112.48999786376953,42.25405502319336,88.21089172363281,88.92462158203125,55.83442306518555,1182.449951171875,16.6200008392334
2010-04-08,,,112.6500015258789,42.34960174560547,88.21089172363281,89.23267364501953,55.85960006713867,1186.43994140625,16.479999542236328
2010-04-09,,,113.63999938964844,42.601593017578125,88.21888732910156,89.81869506835938,55.991737365722656,1194.3699951171875,16.139999389648438
2010-04-12,,,113.01000213623047,42.636356353759766,88.2269058227539,89.96143341064453,56.287471771240234,1196.47998046875,15.579999923706055
2010-04-13,,,112.69000244140625,42.85356903076172,88.21888732910156,90.029052734375,56.46996307373047,1197.300048828125,16.200000762939453
2010-04-14,,,113.02999877929688,43.36621856689453,88.21888732910156,91.05083465576172,56.07350540161133,1210.6500244140625,15.59000015258789
2010-04-15,,,113.6500015258789,43.557369232177734,88.21888732910156,91.1259536743164,56.13643264770508,1211.6700439453125,15.890000343322754
2010-04-16,,,111.23999786376953,43.0360221862793,88.25092315673828,89.67595672607422,56.54545593261719,1192.1300048828125,18.360000610351562
2010-04-19,,,111.1500015258789,43.00997543334961,88.21089172363281,90.01403045654297,56.407066345214844,1197.52001953125,17.34000015258789
2010-04-20,,,111.45999908447266,43.227203369140625,88.2348861694336,90.8179702758789,56.60840606689453,1207.1700439453125,15.729999542236328
2010-04-21,,,112.30999755859375,43.47049331665039,88.2269058227539,90.65263366699219,57.07404708862305,1205.93994140625,16.31999969482422
2010-04-22,,,111.83999633789062,43.713768005371094,88.2348861694336,90.9231185913086,56.90415573120117,1208.6700439453125,16.469999313354492
2010-04-23,,,113.19000244140625,43.89624786376953,88.2348861694336,91.51667022705078,56.702796936035156,1217.280029296875,16.6200008392334
2010-04-26,,,112.75,43.800655364990234,88.2348861694336,91.17105865478516,56.76570129394531,1212.050048828125,17.469999313354492
2010-04-27,,,114.62999725341797,42.87095642089844,88.2348861694336,89.01477813720703,57.56489181518555,1183.7099609375,22.809999465942383
2010-04-28,,,114.30999755859375,42.89701843261719,88.21888732910156,89.69096374511719,57.07404708862305,1191.3599853515625,21.079999923706055
2010-04-29,,,114.27999877929688,43.64425277709961,88.2269058227539,90.80290985107422,57.313209533691406,1206.780029296875,18.440000534057617
2010-04-30,,,115.36000061035156,42.784053802490234,88.2348861694336,89.26271057128906,57.97392272949219,1186.68994140625,22.049999237060547
2010-05-03,,,115.7300033569336,43.38359832763672,88.2156753540039,90.41973114013672,57.89815139770508,1202.260009765625,20.190000534057617
2010-05-04,,,114.87000274658203,42.08025360107422,88.20767211914062,88.29354858398438,58.9400520324707,1173.5999755859375,23.84000015258789
2010-05-05,,,115.08999633789062,41.863037109375,88.231689453125,87.76763916015625,59.28733444213867,1165.8699951171875,24.90999984741211
2010-05-06,,,118.48999786376953,40.46411895751953,88.231689453125,84.85256958007812,61.1185302734375,1128.1500244140625,32.79999923706055
2010-05-07,,,118.2699966430664,39.45622253417969,88.22366333007812,83.5903549194336,60.3544807434082,1110.8800048828125,40.95000076293945
2010-05-10,,,117.56999969482422,41.50680923461914,88.2156753540039,87.27176666259766,59.104225158691406,1159.72998046875,28.84000015258789
2010-05-11,,,120.66000366210938,41.46334457397461,88.22366333007812,87.02383422851562,58.95268249511719,1155.7900390625,28.31999969482422
2010-05-12,,,121.4000015258789,42.2453498840332,88.231689453125,88.24095916748047,58.50429153442383,1171.6700439453125,25.520000457763672
2010-05-13,,,120.55999755859375,41.5763053894043,88.23973083496094,87.14405822753906,58.889556884765625,1157.43994140625,26.68000030517578
2010-05-14,,,120.37000274658203,40.77693557739258,88.24774169921875,85.56629943847656,59.91241455078125,1135.6800537109375,31.239999771118164
2010-05-17,,,119.36000061035156,40.90725326538086,88.22366333007812,85.61135864257812,59.69147872924805,1136.93994140625,30.84000015258789
2010-05-18,,,119.48999786376953,40.34247589111328,88.22366333007812,84.44684600830078,60.607086181640625,1120.800048828125,33.54999923706055
2010-05-19,,,116.62999725341797,40.02098846435547,88.23973083496094,83.96603393554688,60.80916976928711,1115.050048828125,35.31999969482422
2010-05-20,,,115.83999633789062,38.53520584106445,88.24774169921875,80.79549407958984,62.09093475341797,1071.5899658203125,45.790000915527344
2010-05-21,,,115.22000122070312,38.96096420288086,88.24774169921875,81.97505187988281,62.15410232543945,1087.68994140625,40.099998474121094
2010-05-24,,,116.83999633789062,38.804542541503906,88.24774169921875,80.9232177734375,61.93948745727539,1073.6500244140625,38.31999969482422
2010-05-25,,,117.36000061035156,38.83931350708008,88.23973083496094,81.00586700439453,62.24257278442383,1074.030029296875,34.61000061035156
2010-05-26,,,118.47000122070312,38.404850006103516,88.22366333007812,80.51749420166016,62.06574249267578,1067.949951171875,35.02000045776367
2010-05-27,,,118.69000244140625,39.855918884277344,88.24774169921875,83.21470642089844,60.6576042175293,1103.06005859375,29.68000030517578
2010-05-28,,,118.87999725341797,39.621307373046875,88.24774169921875,82.17040252685547,60.935394287109375,1089.4100341796875,32.06999969482422
2010-06-01,,,119.91000366210938,39.256385803222656,88.24453735351562,80.78800201416016,61.363792419433594,1070.7099609375,35.540000915527344
2010-06-02,,,119.77999877929688,40.18608856201172,88.25251770019531,82.89167022705078,60.78084945678711,1098.3800048828125,30.170000076293945
2010-06-03,,,117.95999908447266,40.56840515136719,88.23649597167969,83.1771240234375,60.33731460571289,1102.8299560546875,29.459999084472656
2010-06-04,,,119.19000244140625,39.178157806396484,88.26850128173828,80.25457000732422,61.95932388305664,1064.8800048828125,35.47999954223633
2010-06-07,,,121.48999786376953,38.46567916870117,88.23649597167969,79.25531768798828,62.434471130371094,1050.469970703125,36.56999969482422
2010-06-08,,,121.0,38.39616012573242,88.26850128173828,80.10430908203125,62.12407302856445,1062.0,33.70000076293945
2010-06-09,,,120.55999755859375,38.07468795776367,88.24453735351562,79.67607116699219,62.05435562133789,1055.68994140625,33.72999954223633
2010-06-10,,,118.97000122070312,39.16079330444336,88.26850128173828,82.00509643554688,60.94559097290039,1086.8399658203125,30.56999969482422
2010-06-11,,,120.01000213623047,39.5344123840332,88.27654266357422,82.40328216552734,61.71854782104492,1091.5999755859375,28.790000915527344
2010-06-14,,,119.5999984741211,39.525733947753906,88.26850128173828,82.2756118774414,61.40176010131836,1089.6300048828125,28.579999923706055
2010-06-15,,,120.98999786376953,40.58576202392578,88.23649597167969,84.1463394165039,61.1483039855957,1115.22998046875,25.8700008392334
2010-06-16,,,120.33000183105469,40.750850677490234,88.25251770019531,84.11627197265625,61.4968147277832,1114.6099853515625,25.920000076293945
2010-06-17,,,121.9000015258789,40.88117980957031,88.26850128173828,84.25151824951172,61.997344970703125,1116.0400390625,25.049999237060547
2010-06-18,,,122.83000183105469,40.9151496887207,88.25251770019531,84.3428726196289,61.895992279052734,1117.510009765625,23.950000762939453
2010-06-21,,,120.38999938964844,40.56692886352539,88.26850128173828,84.101318359375,61.71854782104492,1113.199951171875,24.8799991607666
2010-06-22,,,121.44999694824219,40.2535400390625,88.24453735351562,82.71231079101562,62.453548431396484,1095.31005859375,27.049999237060547
2010-06-23,,,120.94999694824219,40.088130950927734,88.25251770019531,82.45563507080078,62.87803268432617,1092.0400390625,26.90999984741211
2010-06-24,,,121.30000305175781,39.478763580322266,88.25251770019531,81.08930969238281,62.50424575805664,1073.68994140625,29.739999771118164
2010-06-25,,,122.76000213623047,39.486602783203125,88.26850128173828,81.42901611328125,62.757625579833984,1076.760009765625,28.530000686645508
2010-06-28,,,121.08999633789062,39.34706115722656,88.26051330566406,81.17236328125,63.34688186645508,1074.5699462890625,29.0
2010-06-29,,,121.2699966430664,37.829345703125,88.26051330566406,78.66618347167969,64.03749084472656,1041.239990234375,34.130001068115234
2010-06-30,,,121.68000030517578,37.253662109375,88.27654266357422,77.91883087158203,64.46837615966797,1030.7099609375,34.540000915527344
2010-07-01,,,117.04000091552734,37.148990631103516,88.24209594726562,77.571533203125,64.57001495361328,1027.3699951171875,32.86000061035156
2010-07-02,,,118.48999786376953,37.04433059692383,88.25808715820312,77.1488265991211,64.05525207519531,1022.5800170898438,30.1200008392334
2010-07-06,,,116.51000213623047,37.15772247314453,88.24209594726562,77.65460205078125,64.58280181884766,1028.06005859375,29.649999618530273
2010-07-07,,,117.7300033569336,38.343955993652344,88.26610565185547,80.10041809082031,63.82649230957031,1060.27001953125,26.84000015258789
2010-07-08,,,117.20999908447266,38.55330276489258,88.28211975097656,80.8930435180664,63.41975402832031,1070.25,25.709999084472656
2010-07-09,,,118.36000061035156,38.919647216796875,88.28211975097656,81.49693298339844,63.0574951171875,1077.9599609375,24.979999542236328
2010-07-12,,,117.33999633789062,39.03305435180664,88.28211975097656,81.54978942871094,63.032073974609375,1078.75,24.43000030517578
2010-07-13,,,118.36000061035156,39.53895568847656,88.25808715820312,82.78024291992188,62.4918098449707,1095.3399658203125,24.559999465942383
2010-07-14,,,118.30000305175781,39.739566802978516,88.29017639160156,82.77272033691406,63.12099838256836,1095.1700439453125,24.889999389648438
2010-07-15,,,118.2300033569336,39.77445983886719,88.26610565185547,82.79534912109375,63.750213623046875,1096.47998046875,25.139999389648438
2010-07-16,,,116.66999816894531,38.675411224365234,88.27415466308594,80.51557159423828,64.06157684326172,1064.8800048828125,26.25
2010-07-19,,,115.7300033569336,39.00688171386719,88.25808715820312,80.9911880493164,63.66759490966797,1071.25,25.969999313354492
2010-07-20,,,116.6500015258789,39.47788619995117,88.26610565185547,81.8895034790039,63.76292037963867,1083.47998046875,23.93000030517578
2010-07-21,,,115.8499984741211,38.93709182739258,88.25808715820312,80.8250732421875,64.84330749511719,1069.5899658203125,25.639999389648438
2010-07-22,,,116.86000061035156,39.92274475097656,88.27415466308594,82.62926483154297,64.0934066772461,1093.6700439453125,24.6299991607666
2010-07-23,,,116.08999633789062,40.1756706237793,88.25808715820312,83.34638977050781,63.41337966918945,1102.6600341796875,23.469999313354492
2010-07-26,,,115.5199966430664,40.507137298583984,88.25015258789062,84.21453094482422,63.30534744262695,1115.010009765625,22.729999542236328
2010-07-27,,,113.51000213623047,40.48970413208008,88.26610565185547,84.20699310302734,62.69527053833008,1113.8399658203125,23.190000534057617
2010-07-28,,,113.77999877929688,40.16696548461914,88.28211975097656,83.6634750366211,62.898555755615234,1106.1300048828125,24.25
2010-07-29,,,114.29000091552734,39.87041091918945,88.25808715820312,83.25582122802734,62.87956237792969,1101.530029296875,24.1299991607666
2010-07-30,,,115.48999786376953,39.957637786865234,88.25808715820312,83.24073028564453,63.858245849609375,1101.5999755859375,23.5
2010-08-02,,,115.54000091552734,40.7077522277832,88.25653839111328,85.12036895751953,62.96178436279297,1125.8599853515625,22.010000228881836
2010-08-03,,,115.98999786376953,40.53330993652344,88.25653839111328,84.71276092529297,63.325191497802734,1120.4599609375,22.6299991607666
2010-08-04,,,116.72000122070312,40.94327163696289,88.28853607177734,85.27888488769531,62.84067916870117,1127.239990234375,22.209999084472656
2010-08-05,,,116.9800033569336,40.847320556640625,88.26449584960938,85.18833923339844,63.133949279785156,1125.81005859375,22.100000381469727
2010-08-06,,,117.83999633789062,40.786277770996094,88.26449584960938,84.84107971191406,63.82252502441406,1121.6400146484375,21.739999771118164
2010-08-09,,,117.4000015258789,41.06538009643555,88.26449584960938,85.29398345947266,63.58668899536133,1127.7900390625,22.139999389648438
2010-08-10,,,117.7300033569336,40.7077522277832,88.26449584960938,84.83353424072266,63.720497131347656,1121.06005859375,22.3700008392334
2010-08-11,,,117.33999633789062,39.60001754760742,88.27249908447266,82.50850677490234,64.57490539550781,1089.469970703125,25.389999389648438
2010-08-12,,,118.7699966430664,39.2859992980957,88.28853607177734,82.00271606445312,64.41549682617188,1083.6099853515625,25.729999542236328
2010-08-13,,,118.73999786376953,39.00688171386719,88.26449584960938,81.76119232177734,65.21883392333984,1079.25,26.239999771118164
2010-08-16,,,119.7300033569336,39.076663970947266,88.27249908447266,81.72342681884766,66.85107421875,1079.3800048828125,26.100000381469727
2010-08-17,,,119.75,39.5738410949707,88.28054809570312,82.72738647460938,66.46853637695312,1092.5400390625,24.329999923706055
2010-08-18,,,120.22000122070312,39.73084259033203,88.29656219482422,82.87840270996094,66.64706420898438,1094.1600341796875,24.59000015258789
2010-08-19,,,120.38999938964844,39.12897872924805,88.27249908447266,81.43658447265625,67.68634033203125,1075.6300048828125,26.440000534057617
2010-08-20,,,119.97000122070312,39.181339263916016,88.29656219482422,81.17236328125,67.6098403930664,1071.68994140625,25.489999771118164
2010-08-23,,,119.77999877929688,38.79753494262695,88.27249908447266,80.86285400390625,67.62256622314453,1067.3599853515625,25.65999984741211
2010-08-24,,,120.36000061035156,38.07356262207031,88.26449584960938,79.66263580322266,68.70645904541016,1051.8699951171875,27.459999084472656
2010-08-25,,,121.36000061035156,38.439903259277344,88.27249908447266,79.97210693359375,68.4832763671875,1055.3299560546875,26.700000762939453
2010-08-26,,,120.95999908447266,37.97761535644531,88.26449584960938,79.43614196777344,69.12728881835938,1047.219970703125,27.3700008392334
2010-08-27,,,121.01000213623047,38.439903259277344,88.28853607177734,80.66661071777344,67.16987609863281,1064.5899658203125,24.450000762939453
2010-08-30,,,120.91000366210938,38.0386962890625,88.27249908447266,79.49652099609375,68.45781707763672,1048.9200439453125,27.209999084472656
2010-08-31,,,122.08000183105469,37.90785598754883,88.28054809570312,79.49652099609375,69.21653747558594,1049.3299560546875,26.049999237060547
2010-09-01,,,121.69000244140625,39.04179000854492,88.27970886230469,81.8743896484375,67.78535461425781,1080.2900390625,23.889999389648438
2010-09-02,,,122.29000091552734,39.47788619995117,88.27970886230469,82.63682556152344,67.06917572021484,1090.0999755859375,23.190000534057617
2010-09-03,,,121.86000061035156,40.1320686340332,88.28775787353516,83.708740234375,66.23780822753906,1104.510009765625,21.309999465942383
2010-09-07,,,122.69999694824219,39.86167907714844,88.27172088623047,82.7651596069336,67.59349822998047,1091.8399658203125,23.799999237060547
2010-09-08,,,122.70999908447266,40.34141540527344,88.27172088623047,83.34638977050781,67.05633544921875,1098.8699951171875,23.25
2010-09-09,,,121.55999755859375,40.498409271240234,88.27172088623047,83.73141479492188,65.73258972167969,1104.1800537109375,22.809999465942383
2010-09-10,,,121.7300033569336,40.646690368652344,88.27172088623047,84.15413665771484,65.43211364746094,1109.550048828125,21.989999771118164
2010-09-13,,,121.62000274658203,41.21367263793945,88.30377960205078,85.09020233154297,65.75180053710938,1121.9000244140625,21.209999084472656
2010-09-14,,,124.0199966430664,41.38810348510742,88.27970886230469,85.03736114501953,66.38492584228516,1121.0999755859375,21.559999465942383
2010-09-15,,,123.94000244140625,41.6497917175293,88.29574584960938,85.36195373535156,65.4001235961914,1125.0699462890625,22.100000381469727
2010-09-16,,,124.62999725341797,41.81552505493164,88.30377960205078,85.33930206298828,64.75423431396484,1124.6600341796875,21.719999313354492
2010-09-17,,,124.54000091552734,41.957157135009766,88.28775787353516,85.37118530273438,65.01637268066406,1125.5899658203125,22.010000228881836
2010-09-20,,,124.87000274658203,42.69156265258789,88.28775787353516,86.676513671875,65.3936767578125,1142.7099609375,21.5
2010-09-21,,,126.01000213623047,42.68280792236328,88.28775787353516,86.50194549560547,66.30180358886719,1139.780029296875,22.350000381469727
2010-09-22,,,126.19999694824219,42.56916809082031,88.28775787353516,86.07697296142578,66.89649963378906,1134.280029296875,22.510000228881836
2010-09-23,,,126.30000305175781,42.551666259765625,88.31179809570312,85.37877655029297,67.08834838867188,1124.8299560546875,23.8700008392334
2010-09-24,,,126.69000244140625,43.41720962524414,88.28775787353516,87.13948822021484,66.1866455078125,1148.6700439453125,21.709999084472656
2010-09-27,,,126.72000122070312,43.18115234375,88.30377960205078,86.72207641601562,67.33771514892578,1142.1600341796875,22.540000915527344
2010-09-28,,,127.8499984741211,43.163658142089844,88.30377960205078,87.02561950683594,67.79812622070312,1147.699951171875,22.600000381469727
2010-09-29,,,127.94999694824219,43.09373474121094,88.29574584960938,86.87384033203125,67.51679229736328,1144.72998046875,23.25
2010-09-30,,,127.91000366210938,42.9013786315918,88.30377960205078,86.61579895019531,67.4720230102539,1141.199951171875,23.700000762939453
2010-10-01,,,128.91000366210938,42.848915100097656,88.29496765136719,86.98008728027344,67.1459732055664,1146.239990234375,22.5
2010-10-04,,,128.4600067138672,42.38555145263672,88.2789306640625,86.32740020751953,67.31925964355469,1137.030029296875,23.530000686645508
2010-10-05,,,130.99000549316406,43.41720962524414,88.29496765136719,88.06535339355469,66.91493225097656,1160.75,21.760000228881836
2010-10-06,,,131.80999755859375,43.041263580322266,88.29496765136719,88.05776977539062,67.75576782226562,1159.969970703125,21.489999771118164
2010-10-07,,,130.3699951171875,43.19863510131836,88.2869644165039,87.9515151977539,67.19088745117188,1158.06005859375,21.559999465942383
2010-10-08,,,131.66000366210938,43.49589920043945,88.31901550292969,88.44481658935547,66.89564514160156,1165.1500244140625,20.709999084472656
2010-10-11,,,132.2899932861328,43.51337814331055,88.2869644165039,88.5282974243164,66.90843200683594,1165.3199462890625,18.959999084472656
2010-10-12,,,131.9600067138672,43.81064224243164,88.29496765136719,88.801513671875,66.24737548828125,1169.77001953125,18.93000030517578
2010-10-13,,,134.07000732421875,44.16911697387695,88.31100463867188,89.49214172363281,66.14470672607422,1178.0999755859375,19.06999969482422
2010-10-14,,,134.75,44.08165740966797,88.2869644165039,89.14303588867188,65.15621948242188,1173.81005859375,19.8799991607666
2010-10-15,,,133.67999267578125,45.017173767089844,88.31100463867188,89.32513427734375,64.36021423339844,1176.18994140625,19.030000686645508
2010-10-18,,,134.27999877929688,44.85104751586914,88.29496765136719,89.76535034179688,64.88013458251953,1184.7099609375,19.09000015258789
2010-10-19,,,130.11000061035156,44.431396484375,88.31901550292969,88.58902740478516,65.27172088623047,1165.9000244140625,20.6299991607666
2010-10-20,,,131.32000732421875,44.75489044189453,88.31100463867188,89.45419311523438,65.41293334960938,1178.1700439453125,19.790000915527344
2010-10-21,,,129.47000122070312,44.842308044433594,88.30302429199219,89.65150451660156,64.63626098632812,1180.260009765625,19.270000457763672
2010-10-22,,,129.72999572753906,45.1483039855957,88.31901550292969,89.81843566894531,65.07270050048828,1183.0799560546875,18.780000686645508
2010-10-25,,,130.85000610351562,45.366878509521484,88.30302429199219,90.08409881591797,65.25885772705078,1185.6199951171875,19.850000381469727
2010-10-26,,,130.8800048828125,45.48927688598633,88.31901550292969,90.0992660522461,64.25114440917969,1185.6400146484375,20.219999313354492
2010-10-27,,,129.52000427246094,45.62915802001953,88.29496765136719,89.84123992919922,63.6862678527832,1182.449951171875,20.709999084472656
2010-10-28,,,131.24000549316406,45.725337982177734,88.30302429199219,89.85641479492188,63.859596252441406,1183.780029296875,20.8799991607666
2010-10-29,,,132.6199951171875,45.620445251464844,88.30302429199219,89.92467498779297,64.45655059814453,1183.260009765625,21.200000762939453
2010-11-01,,,131.9199981689453,45.6553840637207,88.27816009521484,89.95506286621094,64.17900848388672,1184.3800048828125,21.829999923706055
2010-11-02,,,132.49000549316406,46.14499282836914,88.294189453125,90.66844940185547,65.02249145507812,1193.5699462890625,21.56999969482422
2010-11-03,,,131.57000732421875,46.35483169555664,88.32622528076172,91.03272247314453,63.696044921875,1197.9599609375,19.559999465942383
2010-11-04,,,136.02999877929688,46.92311477661133,88.32622528076172,92.78583526611328,64.19184112548828,1221.06005859375,18.520000457763672
2010-11-05,,,136.3800048828125,46.92311477661133,88.30217742919922,93.13497161865234,63.09077835083008,1225.8499755859375,18.260000228881836
2010-11-08,,,137.77999877929688,46.984310150146484,88.30217742919922,92.96038055419922,63.374088287353516,1223.25,18.290000915527344
2010-11-09,,,135.58999633789062,46.73077392578125,88.294189453125,92.29257202148438,61.976802825927734,1213.4000244140625,19.079999923706055
2010-11-10,,,137.24000549316406,46.96682357788086,88.294189453125,92.66439819335938,62.06050109863281,1218.7099609375,18.469999313354492
2010-11-11,,,137.66000366210938,46.66956329345703,88.28614807128906,92.31533813476562,62.02831268310547,1213.5400390625,18.639999389648438
2010-11-12,,,133.69000244140625,45.90895080566406,88.294189453125,91.22247314453125,61.693458557128906,1199.2099609375,20.610000610351562
2010-11-15,,,132.4199981689453,45.734073638916016,88.294189453125,91.09346771240234,60.405616760253906,1197.75,20.200000762939453
2010-11-16,,,130.97000122070312,44.982208251953125,88.294189453125,89.67427062988281,61.90595245361328,1178.3399658203125,22.579999923706055
2010-11-17,,,130.3800048828125,45.11333084106445,88.30217742919922,89.71979522705078,61.5647087097168,1178.5899658203125,21.760000228881836
2010-11-18,,,132.08999633789062,45.83900451660156,88.294189453125,91.04029083251953,61.815834045410156,1196.68994140625,18.75
2010-11-19,,,132.1999969482422,45.87397384643555,88.3102035522461,91.29075622558594,62.19573974609375,1199.72998046875,18.040000915527344
2010-11-22,,,133.47999572753906,46.25865173339844,88.3182144165039,91.21488189697266,62.4597282409668,1197.8399658203125,18.3700008392334
2010-11-23,,,134.41000366210938,45.52425003051758,88.28614807128906,89.89435577392578,62.768821716308594,1180.72998046875,20.6299991607666
2010-11-24,,,134.17999267578125,46.44224548339844,88.294189453125,91.22247314453125,61.6484489440918,1198.3499755859375,19.559999465942383
2010-11-26,,,133.11000061035156,46.136260986328125,88.294189453125,90.15999603271484,62.50484085083008,1189.4000244140625,22.219999313354492
2010-11-29,,,133.50999450683594,46.10128402709961,88.27816009521484,90.43317413330078,63.03923034667969,1187.760009765625,21.530000686645508
2010-11-30,,,135.4199981689453,45.5417366027832,88.30217742919922,89.92467498779297,63.367713928222656,1180.550048828125,23.540000915527344
2010-12-01,,,135.3800048828125,46.50345993041992,88.28536987304688,91.83720397949219,61.95906448364258,1206.0699462890625,21.360000610351562
2010-12-02,,,135.1999969482422,46.97557067871094,88.30139923095703,93.0135269165039,61.79755401611328,1221.530029296875,19.389999389648438
2010-12-03,,,138.07000732421875,47.09796905517578,88.30936431884766,93.26398468017578,61.31290054321289,1224.7099609375,18.010000228881836
2010-12-06,,,139.11000061035156,47.08049011230469,88.31742858886719,93.16529083251953,62.17877960205078,1223.1199951171875,18.020000457763672
2010-12-07,,,136.5,47.10671615600586,88.31742858886719,93.21845245361328,60.8476448059082,1223.75,17.989999771118164
2010-12-08,,,134.7899932861328,47.28157424926758,88.31742858886719,93.55994415283203,60.25968933105469,1228.280029296875,17.739999771118164
2010-12-09,,,135.3699951171875,47.325294494628906,88.31742858886719,93.92423248291016,60.55696487426758,1233.0,17.25
2010-12-10,,,135.41000366210938,47.64002227783203,88.30139923095703,94.47063446044922,60.1886100769043,1240.4000244140625,17.610000610351562
2010-12-13,,,136.0500030517578,47.473907470703125,88.30139923095703,94.53133392333984,60.414791107177734,1240.4599609375,17.549999237060547
2010-12-14,,,136.17999267578125,47.561363220214844,88.31742858886719,94.61483001708984,59.5360107421875,1241.5899658203125,17.610000610351562
2010-12-15,,,134.6999969482422,47.35151290893555,88.31742858886719,94.18224334716797,58.7606086730957,1235.22998046875,17.940000534057617
2010-12-16,,,133.80999755859375,47.71872329711914,88.31742858886719,94.72869873046875,59.167724609375,1242.8699951171875,17.389999389648438
2010-12-17,,,134.1999969482422,47.76077651977539,88.30139923095703,94.83015441894531,60.246788024902344,1243.9100341796875,16.110000610351562
2010-12-20,,,135.11000061035156,47.79581832885742,88.32542419433594,95.05904388427734,60.18216323852539,1247.0799560546875,16.40999984741211
2010-12-21,,,135.32000732421875,48.08488082885742,88.32542419433594,95.66172790527344,60.60215759277344,1254.5999755859375,16.489999771118164
2010-12-22,,,135.0500030517578,48.07615280151367,88.30139923095703,95.95926666259766,60.16925811767578,1258.8399658203125,15.449999809265137
2010-12-23,,,134.66000366210938,47.9535026550293,88.29337310791016,95.82198333740234,60.04646301269531,1256.77001953125,16.469999313354492
2010-12-27,,,135.02000427246094,47.97977066040039,88.29337310791016,95.86011505126953,60.582759857177734,1257.5400390625,17.670000076293945
2010-12-28,,,137.22000122070312,47.892173767089844,88.33344268798828,95.99737548828125,59.39625930786133,1258.510009765625,17.520000457763672
2010-12-29,,,137.7100067138672,47.99729537963867,88.33344268798828,96.0660629272461,60.40122985839844,1259.780029296875,17.280000686645508
2010-12-30,,,137.02999877929688,47.88340759277344,88.325439453125,95.91350555419922,60.35588455200195,1257.8800048828125,17.520000457763672
2010-12-31,,,138.72000122070312,47.70820617675781,88.33344268798828,95.93637084960938,61.023658752441406,1257.6400146484375,17.75
2011-01-03,,,138.0,48.45281982421875,88.325439453125,96.92819213867188,60.56330108642578,1271.8699951171875,17.610000610351562
2011-01-04,,,134.75,48.417781829833984,88.33344268798828,96.87478637695312,60.634666442871094,1270.199951171875,17.3799991607666
2011-01-05,,,134.3699951171875,48.82952117919922,88.33344268798828,97.37831115722656,59.29900360107422,1276.56005859375,17.020000457763672
2011-01-06,,,133.8300018310547,48.987186431884766,88.33344268798828,97.18754577636719,59.558311462402344,1273.8499755859375,17.399999618530273
2011-01-07,,,133.5800018310547,48.94340133666992,88.33344268798828,96.99684143066406,59.87607192993164,1271.5,17.139999389648438
2011-01-10,,,134.1199951171875,49.127357482910156,88.3013916015625,96.87478637695312,60.200218200683594,1269.75,17.540000915527344
2011-01-11,,,134.91000366210938,49.19744873046875,88.3013916015625,97.2180404663086,59.86307144165039,1274.47998046875,16.889999389648438
2011-01-12,,,135.4600067138672,49.54784393310547,88.30938720703125,98.09539794921875,59.39625930786133,1285.9599609375,16.239999771118164
2011-01-13,,,134.0500030517578,49.56536865234375,88.3013916015625,97.93519592285156,59.927886962890625,1283.760009765625,16.389999389648438
2011-01-14,,,132.69000244140625,49.93330383300781,88.3013916015625,98.64472961425781,59.545387268066406,1293.239990234375,15.460000038146973
2011-01-18,,,133.42999267578125,50.073463439941406,88.3013916015625,98.81256866455078,59.26660919189453,1295.02001953125,15.869999885559082
2011-01-19,,,133.72000122070312,49.50405502319336,88.30938720703125,97.84365844726562,59.69449996948242,1281.9200439453125,17.309999465942383
2011-01-20,,,131.1999969482422,49.153648376464844,88.30938720703125,97.7139892578125,58.871097564697266,1280.260009765625,17.989999771118164
2011-01-21,,,131.02999877929688,48.77695083618164,88.3013916015625,97.93519592285156,59.337921142578125,1283.3499755859375,18.469999313354492
2011-01-24,,,130.36000061035156,49.45148468017578,88.31739807128906,98.49215698242188,59.36387252807617,1290.8399658203125,17.649999618530273
2011-01-25,,,130.10000610351562,49.52156448364258,88.3013916015625,98.5455551147461,59.927886962890625,1291.1800537109375,17.59000015258789
2011-01-26,,,131.16000366210938,49.78437042236328,88.30938720703125,98.927001953125,59.02020263671875,1296.6300048828125,16.639999389648438
2011-01-27,,,127.93000030517578,50.090980529785156,88.30938720703125,99.17115783691406,59.286041259765625,1299.5400390625,16.149999618530273
2011-01-28,,,130.27999877929688,48.820743560791016,88.31739807128906,97.43929290771484,59.597259521484375,1276.3399658203125,20.040000915527344
2011-01-31,,,129.8699951171875,49.05727767944336,88.31739807128906,98.17171478271484,59.14342498779297,1286.1199951171875,19.530000686645508
2011-02-01,,,130.8000030517578,49.977088928222656,88.33345794677734,99.74333190917969,58.850608825683594,1307.5899658203125,17.6299991607666
2011-02-02,,,130.4499969482422,49.89825439453125,88.31741333007812,99.55260467529297,58.8636360168457,1304.030029296875,17.299999237060547
2011-02-03,,,132.1999969482422,49.985862731933594,88.33345794677734,99.77384948730469,58.37563705444336,1307.0999755859375,16.690000534057617
2011-02-04,,,131.66000366210938,50.266204833984375,88.30937957763672,100.05615234375,57.78358840942383,1310.8699951171875,15.930000305175781
2011-02-07,,,131.67999267578125,50.502716064453125,88.32540893554688,100.6816635131836,58.08287048339844,1319.050048828125,16.280000686645508
2011-02-08,,,133.13999938964844,50.83560562133789,88.32540893554688,101.13948822021484,57.5493278503418,1324.5699462890625,15.8100004196167
2011-02-09,,,133.07000732421875,50.748016357421875,88.33345794677734,100.91060638427734,58.050315856933594,1320.8800048828125,15.869999885559082
2011-02-10,,,132.85000610351562,50.82683563232422,88.33345794677734,100.94874572753906,57.38018035888672,1321.8699951171875,16.09000015258789
2011-02-11,,,132.32000732421875,51.19477462768555,88.32540893554688,101.55140686035156,58.20648193359375,1329.1500244140625,15.6899995803833
2011-02-14,,,132.9499969482422,51.31742477416992,88.33345794677734,101.79552459716797,58.24555587768555,1332.3199462890625,15.949999809265137
2011-02-15,,,133.97000122070312,51.24734115600586,88.31741333007812,101.47512817382812,58.50578308105469,1328.010009765625,16.3700008392334
2011-02-16,,,134.10000610351562,51.580223083496094,88.33345794677734,102.115966796875,58.31708908081055,1336.3199462890625,16.719999313354492
2011-02-17,,,135.0399932861328,51.562713623046875,88.34144592285156,102.42115783691406,58.40816116333008,1340.4300537109375,16.59000015258789
2011-02-18,,,135.41000366210938,51.448814392089844,88.31741333007812,102.63475036621094,58.225982666015625,1343.010009765625,16.43000030517578
2011-02-22,,,136.2899932861328,49.959590911865234,88.32540893554688,100.57485961914062,59.09788513183594,1315.43994140625,20.799999237060547
2011-02-23,,,137.50999450683594,49.54784393310547,88.30937957763672,99.9569320678711,59.31258773803711,1307.4000244140625,22.1299991607666
2011-02-24,,,136.47999572753906,49.81065368652344,88.31741333007812,99.8882827758789,59.6899299621582,1306.0999755859375,21.31999969482422
2011-02-25,,,137.3800048828125,50.502716064453125,88.33345794677734,100.95634460449219,60.041282653808594,1319.8800048828125,19.219999313354492
2011-02-28,,,137.66000366210938,50.60784149169922,88.32540893554688,101.58193969726562,60.11935043334961,1327.219970703125,18.350000381469727
2011-03-01,,,140.02999877929688,49.79314041137695,88.31661224365234,99.8882827758789,60.293643951416016,1306.3299560546875,21.010000228881836
2011-03-02,,,139.9199981689453,50.05595779418945,88.31661224365234,100.10189056396484,59.36677169799805,1308.43994140625,20.700000762939453
2011-03-03,,,138.08999633789062,51.045867919921875,88.31661224365234,101.82608795166016,58.78579330444336,1330.969970703125,18.600000381469727
2011-03-04,,,139.35000610351562,50.78303909301758,88.31661224365234,101.06315612792969,59.275367736816406,1321.1500244140625,19.059999465942383
2011-03-07,,,139.72000122070312,50.09975051879883,88.31661224365234,100.26971435546875,58.89678955078125,1310.1300048828125,20.65999984741211
2011-03-08,,,139.36000061035156,50.301239013671875,88.31661224365234,101.14706420898438,58.53778839111328,1321.8199462890625,19.81999969482422
2011-03-09,,,139.41000366210938,49.959590911865234,88.34867858886719,101.00214385986328,59.10568618774414,1320.02001953125,20.219999313354492
2011-03-10,,,137.77000427246094,49.1799201965332,88.356689453125,99.13300323486328,60.097835540771484,1295.1099853515625,21.8799991607666
2011-03-11,,,138.22000122070312,49.48653793334961,88.34867858886719,99.81964111328125,59.75841522216797,1304.280029296875,20.079999923706055
2011-03-14,,,138.86000061035156,49.31133270263672,88.356689453125,99.21692657470703,59.73230743408203,1296.3900146484375,21.1299991607666
2011-03-15,,,136.27000427246094,48.61052703857422,88.34867858886719,98.0801773071289,60.6265754699707,1281.8699951171875,24.31999969482422
2011-03-16,,,136.24000549316406,47.43663787841797,88.33258819580078,96.2644271850586,61.31199264526367,1256.8800048828125,29.399999618530273
2011-03-17,,,136.97000122070312,47.874664306640625,88.33258819580078,97.53849029541016,60.84191131591797,1273.719970703125,26.3700008392334
2011-03-18,,,138.3699951171875,47.76674270629883,88.356689453125,97.89326477050781,61.00511169433594,1279.2099609375,24.440000534057617
2011-03-21,,,139.13999938964844,48.687870025634766,88.34867858886719,99.41038513183594,60.646141052246094,1298.3800048828125,20.610000610351562
2011-03-22,,,139.0500030517578,48.60013961791992,88.33258819580078,99.06559753417969,60.84846115112305,1293.77001953125,20.209999084472656
2011-03-23,,,140.33999633789062,48.872100830078125,88.356689453125,99.3490982055664,60.77016830444336,1297.5400390625,19.170000076293945
2011-03-24,,,139.22000122070312,49.74058151245117,88.34066772460938,100.2991943359375,60.31322479248047,1309.6600341796875,18.0
2011-03-25,,,139.25999450683594,49.863399505615234,88.34867858886719,100.605712890625,60.16312026977539,1313.800048828125,17.90999984741211
2011-03-28,,,138.5399932861328,49.59143829345703,88.34867858886719,100.36053466796875,60.247982025146484,1310.18994140625,19.440000534057617
2011-03-29,,,138.2100067138672,50.073936462402344,88.33258819580078,101.0348129272461,59.78450393676758,1319.43994140625,18.15999984741211
2011-03-30,,,138.6699981689453,50.310791015625,88.33258819580078,101.73204803466797,60.260982513427734,1328.260009765625,17.709999084472656
2011-03-31,,,139.86000061035156,50.3809814453125,88.34066772460938,101.5941162109375,60.13695526123047,1325.8299560546875,17.739999771118164
2011-04-01,,,139.1999969482422,50.40729522705078,88.36469268798828,102.0232162475586,60.42933654785156,1332.4100341796875,17.399999618530273
2011-04-04,,,139.83999633789062,50.2406120300293,88.35669708251953,102.10752868652344,60.49490737915039,1332.8699951171875,17.5
2011-04-05,,,142.0500030517578,50.10903549194336,88.33263397216797,102.0921859741211,60.25236892700195,1332.6300048828125,17.25
2011-04-06,,,142.3800048828125,50.23184585571289,88.34064483642578,102.41399383544922,59.34777069091797,1335.5400390625,16.899999618530273
2011-04-07,,,142.50999450683594,50.196754455566406,88.36469268798828,102.15349578857422,59.22981262207031,1333.510009765625,17.110000610351562
2011-04-08,,,143.66000366210938,49.95989227294922,88.35669708251953,101.80101776123047,58.9151496887207,1328.1700439453125,17.8700008392334
2011-04-11,,,142.63999938964844,49.793212890625,88.34867095947266,101.4945297241211,58.9676399230957,1324.4599609375,16.59000015258789
2011-04-12,,,141.61000061035156,49.45109558105469,88.3726806640625,100.73597717285156,59.6034049987793,1314.1600341796875,17.09000015258789
2011-04-13,,,141.89999389648438,49.872169494628906,88.3726806640625,100.72832489013672,59.97700881958008,1314.4100341796875,16.920000076293945
2011-04-14,,,143.80999755859375,49.784446716308594,88.3807373046875,100.8049087524414,59.931114196777344,1314.52001953125,16.270000457763672
2011-04-15,,,145.0500030517578,49.69670867919922,88.36469268798828,101.17272186279297,60.74398422241211,1319.6800537109375,15.319999694824219
2011-04-18,,,145.92999267578125,49.3458251953125,88.3726806640625,100.03868865966797,60.881649017333984,1305.1400146484375,16.959999084472656
2011-04-19,,,145.92999267578125,49.652862548828125,88.38871002197266,100.61338806152344,61.1438102722168,1312.6199951171875,15.829999923706055
2011-04-20,,,146.5,50.77574920654297,88.3807373046875,101.98494720458984,60.750492095947266,1330.3599853515625,15.069999694824219
2011-04-21,,,146.74000549316406,51.17928695678711,88.396728515625,102.50592803955078,60.698097229003906,1337.3800048828125,14.6899995803833
2011-04-25,,,146.8699951171875,51.310882568359375,88.35669708251953,102.39868927001953,60.92750549316406,1335.25,15.770000457763672
2011-04-26,,,146.3800048828125,51.60036087036133,88.36469268798828,103.27983856201172,61.51743698120117,1347.239990234375,15.619999885559082
2011-04-27,,,149.1999969482422,51.95127487182617,88.38871002197266,103.95413970947266,60.88814926147461,1355.6600341796875,15.350000381469727
2011-04-28,,,149.82000732421875,51.8723258972168,88.36469268798828,104.29129791259766,61.353599548339844,1360.47998046875,14.619999885559082
2011-04-29,,,152.3699951171875,51.828453063964844,88.38871002197266,104.53645324707031,61.54363250732422,1363.6099853515625,14.75
2011-05-02,,,150.41000366210938,51.731964111328125,88.37191009521484,104.37556457519531,61.64244079589844,1361.219970703125,15.989999771118164
2011-05-03,,,149.8800048828125,51.48633575439453,88.38793182373047,104.00011444091797,61.99128723144531,1356.6199951171875,16.700000762939453
2011-05-04,,,147.72999572753906,51.40738296508789,88.39592742919922,103.31049346923828,62.267799377441406,1347.3199462890625,17.079999923706055
2011-05-05,,,143.47000122070312,51.12663650512695,88.38793182373047,102.37569427490234,62.860252380371094,1335.0999755859375,18.200000762939453
2011-05-06,,,145.3000030517578,51.2933349609375,88.39592742919922,102.82776641845703,62.583770751953125,1340.199951171875,18.399999618530273
2011-05-09,,,147.3800048828125,51.48633575439453,88.35588073730469,103.22623443603516,62.51795959472656,1346.2900390625,17.15999984741211
2011-05-10,,,147.89999389648438,51.92495346069336,88.37989807128906,104.10737609863281,62.07030487060547,1357.1600341796875,15.90999984741211
2011-05-11,,,146.5399932861328,51.5477409362793,88.35588073730469,103.01167297363281,62.42578125,1342.0799560546875,16.950000762939453
2011-05-12,,,146.58999633789062,51.85478210449219,88.3638916015625,103.5020523071289,62.030792236328125,1348.6500244140625,16.030000686645508
2011-05-13,,,145.6300048828125,51.24068832397461,88.39592742919922,102.7052001953125,62.59035873413086,1337.77001953125,17.06999969482422
2011-05-16,,,145.3699951171875,50.35466384887695,88.35588073730469,102.05391693115234,62.93920135498047,1329.469970703125,18.239999771118164
2011-05-17,,,144.74000549316406,50.49504089355469,88.38793182373047,102.03853607177734,63.58440399169922,1328.97998046875,17.549999237060547
2011-05-18,,,145.60000610351562,50.91611099243164,88.37191009521484,102.95036315917969,62.74174499511719,1340.6800537109375,16.229999542236328
2011-05-19,,,145.64999389648438,51.06524658203125,88.37191009521484,103.19557189941406,62.7154541015625,1343.5999755859375,15.520000457763672
2011-05-20,,,147.49000549316406,50.67924880981445,88.35588073730469,102.37569427490234,62.748355865478516,1333.27001953125,17.43000030517578
2011-05-23,,,147.8300018310547,49.933570861816406,88.37989807128906,101.18806457519531,63.051204681396484,1317.3699951171875,18.270000457763672
2011-05-24,,,148.58999633789062,49.62653350830078,88.3638916015625,101.103759765625,63.28817367553711,1316.280029296875,17.81999969482422
2011-05-25,,,148.5800018310547,49.819522857666016,88.37989807128906,101.44091033935547,62.99190139770508,1320.469970703125,17.06999969482422
2011-05-26,,,148.22000122070312,50.1265869140625,88.37191009521484,101.9083023071289,63.53166198730469,1325.68994140625,16.09000015258789
2011-05-27,,,149.6999969482422,50.3809814453125,88.38793182373047,102.29905700683594,63.505409240722656,1331.0999755859375,15.979999542236328
2011-05-31,,,149.63999938964844,51.19683074951172,88.37989807128906,103.3641357421875,63.65019989013672,1345.199951171875,15.449999809265137
2011-06-01,,,149.91000366210938,50.08269500732422,88.37907409667969,101.04248809814453,64.51042175292969,1314.550048828125,18.299999237060547
2011-06-02,,,149.5,50.18799591064453,88.37907409667969,100.93518829345703,63.281585693359375,1312.93994140625,18.09000015258789
2011-06-03,,,150.22000122070312,49.433536529541016,88.37907409667969,99.93144226074219,63.64495086669922,1300.1600341796875,17.950000762939453
2011-06-06,,,150.47999572753906,49.03000259399414,88.36309051513672,98.87403106689453,63.16264724731445,1286.1700439453125,18.489999771118164
2011-06-07,,,150.4199981689453,48.942264556884766,88.36309051513672,98.8127212524414,63.45329284667969,1284.93994140625,18.06999969482422
2011-06-08,,,149.80999755859375,48.59137725830078,88.35508728027344,98.39898681640625,63.9488410949707,1279.56005859375,18.790000915527344
2011-06-09,,,150.55999755859375,48.67911148071289,88.35508728027344,99.14984893798828,63.691165924072266,1289.0,17.770000457763672
2011-06-10,,,149.24000549316406,47.93341064453125,88.36309051513672,97.7706527709961,64.18013000488281,1270.97998046875,18.860000610351562
2011-06-13,,,147.77000427246094,47.93341064453125,88.34706115722656,97.84727478027344,63.85627746582031,1271.8299560546875,19.610000610351562
2011-06-14,,,148.6699981689453,48.54751205444336,88.35508728027344,99.08857727050781,62.89168930053711,1287.8699951171875,18.260000228881836
2011-06-15,,,149.1199951171875,47.62638854980469,88.36309051513672,97.32625579833984,64.03473663330078,1265.4200439453125,21.31999969482422
2011-06-16,,,148.97000122070312,47.442169189453125,88.3711166381836,97.54080963134766,64.32542419433594,1267.6400146484375,22.729999542236328
2011-06-17,,,149.94000244140625,47.29358673095703,88.3711166381836,97.83189392089844,64.02153778076172,1271.5,21.850000381469727
2011-06-20,,,150.02999877929688,47.53975296020508,88.37907409667969,98.3323745727539,64.100830078125,1278.3599853515625,19.989999771118164
2011-06-21,,,150.75999450683594,48.55966567993164,88.38709259033203,99.679931640625,63.81671905517578,1295.52001953125,18.860000610351562
2011-06-22,,,150.99000549316406,48.207969665527344,88.38709259033203,99.07933044433594,63.85627746582031,1287.1400146484375,18.520000457763672
2011-06-23,,,148.33999633789062,48.6563606262207,88.38709259033203,98.79439544677734,64.34526824951172,1283.5,19.290000915527344
2011-06-24,,,146.25999450683594,47.81230163574219,88.3711166381836,97.64707946777344,64.07434844970703,1268.449951171875,21.100000381469727
2011-06-27,,,145.72999572753906,48.577247619628906,88.36309051513672,98.51719665527344,63.195648193359375,1280.0999755859375,20.559999465942383
2011-06-28,,,146.24000549316406,49.29819869995117,88.3711166381836,99.80313110351562,62.686912536621094,1296.6700439453125,19.170000076293945
2011-06-29,,,147.17999267578125,49.500423431396484,88.38709259033203,100.65787506103516,62.27065658569336,1307.4100341796875,17.270000457763672
2011-06-30,,,146.0,50.159847259521484,88.39514923095703,101.62036895751953,62.17155838012695,1320.6400146484375,16.520000457763672
2011-07-01,,,144.92999267578125,50.915985107421875,88.3935317993164,103.12197875976562,62.07212829589844,1339.6700439453125,15.869999885559082
2011-07-05,,,147.6300048828125,51.17096710205078,88.3935317993164,103.03724670410156,62.211341857910156,1337.8800048828125,16.059999465942383
2011-07-06,,,148.91000366210938,51.3380241394043,88.40152740478516,103.16046905517578,62.52956771850586,1339.219970703125,16.34000015258789
2011-07-07,,,149.14999389648438,52.0413818359375,88.38549041748047,104.23081970214844,62.34392166137695,1353.219970703125,15.949999809265137
2011-07-08,,,150.25,51.90072250366211,88.37753295898438,103.4915771484375,63.225650787353516,1343.800048828125,15.949999809265137
2011-07-11,,,151.58999633789062,50.95994186401367,88.37753295898438,101.62036895751953,64.17365264892578,1319.489990234375,18.389999389648438
2011-07-12,,,152.77000427246094,50.573081970214844,88.3695068359375,101.18147277832031,64.39242553710938,1313.6400146484375,19.8700008392334
2011-07-13,,,154.13999938964844,50.78409957885742,88.37753295898438,101.52030181884766,64.57144927978516,1317.719970703125,19.90999984741211
2011-07-14,,,154.5399932861328,50.19501495361328,88.38549041748047,100.819580078125,63.64995574951172,1308.8699951171875,20.799999237060547
2011-07-15,,,155.1999969482422,50.86323165893555,88.37753295898438,101.4048080444336,63.75600051879883,1316.1400146484375,19.530000686645508
2011-07-18,,,156.57000732421875,50.59067153930664,88.37753295898438,100.57316589355469,63.13945388793945,1305.43994140625,20.950000762939453
2011-07-19,,,154.66000366210938,51.742454528808594,88.37753295898438,102.20563507080078,64.45210266113281,1326.72998046875,19.209999084472656
2011-07-20,,,156.02000427246094,51.522640228271484,88.36148071289062,102.1440200805664,63.689720153808594,1325.8399658203125,19.09000015258789
2011-07-21,,,154.8300018310547,51.86555099487305,88.36148071289062,103.56090545654297,63.199134826660156,1343.800048828125,17.559999465942383
2011-07-22,,,156.1199951171875,52.40188980102539,88.35346984863281,103.63018035888672,63.67647933959961,1345.02001953125,17.520000457763672
2011-07-25,,,157.33999633789062,52.2963752746582,88.37753295898438,103.05266571044922,62.98039627075195,1337.4300537109375,19.350000381469727
2011-07-26,,,157.77000427246094,52.428245544433594,88.34544372558594,102.66764068603516,63.41127014160156,1331.93994140625,20.229999542236328
2011-07-27,,,157.19000244140625,51.07424545288086,88.36148071289062,100.56548309326172,63.41789245605469,1304.8900146484375,22.979999542236328
2011-07-28,,,157.32000732421875,51.16217803955078,88.33740997314453,100.27285766601562,63.65657424926758,1300.6700439453125,23.739999771118164
2011-07-29,,,158.2899932861328,50.9951171875,88.34544372558594,99.58751678466797,64.91615295410156,1292.280029296875,25.25
2011-08-01,,,157.72000122070312,50.75772476196289,88.3333969116211,99.16398620605469,65.57133483886719,1286.93994140625,23.65999984741211
2011-08-02,,,161.52000427246094,49.474056243896484,88.38152313232422,96.63060760498047,67.54019165039062,1254.050048828125,24.790000915527344
2011-08-03,,,161.49000549316406,49.94883346557617,88.3895034790039,97.15424346923828,67.67328643798828,1260.3399658203125,23.3799991607666
2011-08-04,,,160.63999938964844,47.62767028808594,88.3895034790039,92.60340118408203,70.08114624023438,1200.0699462890625,31.65999984741211
2011-08-05,,,161.75,47.32876205444336,88.3895034790039,92.46480560302734,68.05906677246094,1199.3800048828125,32.0
2011-08-08,,,167.1199951171875,44.48005676269531,88.37351989746094,86.44318389892578,70.20755767822266,1119.4599609375,48.0
2011-08-09,,,168.61000061035156,46.625343322753906,88.40556335449219,90.46270751953125,70.42036437988281,1172.530029296875,35.060001373291016
2011-08-10,,,174.5800018310547,44.71744155883789,88.38152313232422,86.46629333496094,72.51564025878906,1120.760009765625,42.9900016784668
2011-08-11,,,170.75,46.68690490722656,88.3895034790039,90.34721374511719,68.85725402832031,1172.6400146484375,39.0
2011-08-12,,,169.97000122070312,47.10015869140625,88.38152313232422,90.95553588867188,70.22083282470703,1178.81005859375,36.36000061035156
2011-08-15,,,171.8000030517578,47.79473114013672,88.38152313232422,92.880615234375,69.50908660888672,1204.489990234375,31.8700008392334
2011-08-16,,,173.9199981689453,47.39029312133789,88.3895034790039,92.08747100830078,70.65979766845703,1192.760009765625,32.849998474121094
2011-08-17,,,174.4199981689453,47.108943939208984,88.3895034790039,92.14910125732422,71.89697265625,1193.8900146484375,31.579999923706055
2011-08-18,,,177.72000122070312,44.796566009521484,88.3895034790039,88.17574310302734,73.37370300292969,1140.6500244140625,42.66999816894531
2011-08-19,,,179.9499969482422,43.9876708984375,88.40556335449219,86.73577117919922,73.96565246582031,1123.530029296875,43.04999923706055
2011-08-22,,,184.58999633789062,44.14594650268555,88.40556335449219,86.80508422851562,73.77938842773438,1123.8199462890625,42.439998626708984
2011-08-23,,,177.6699981689453,45.965938568115234,88.40556335449219,89.6618881225586,72.76171875,1162.3499755859375,36.27000045776367
2011-08-24,,,171.64999389648438,46.3264274597168,88.40556335449219,90.92475128173828,70.6930923461914,1177.5999755859375,35.900001525878906
2011-08-25,,,172.36000061035156,45.57029342651367,88.3895034790039,89.53865814208984,71.45797729492188,1159.27001953125,39.7599983215332
2011-08-26,,,177.47000122070312,46.713287353515625,88.3895034790039,90.84003448486328,72.16312408447266,1176.800048828125,35.59000015258789
2011-08-29,,,173.88999938964844,48.01454162597656,88.41356658935547,93.45042419433594,71.16536712646484,1210.0799560546875,32.279998779296875
2011-08-30,,,179.10000610351562,48.33103561401367,88.3895034790039,93.69683074951172,72.30941009521484,1212.9200439453125,32.88999938964844
2011-08-31,,,177.72000122070312,48.41018295288086,88.38152313232422,94.11263275146484,71.19192504882812,1218.8900146484375,31.6200008392334
2011-09-01,,,177.8699951171875,47.9705810546875,88.385498046875,93.12702178955078,72.70113372802734,1204.4200439453125,31.81999969482422
2011-09-02,,,183.24000549316406,46.84516525268555,88.37753295898438,90.74763488769531,75.0628662109375,1173.969970703125,33.91999816894531
2011-09-06,,,182.89999389648438,46.85395050048828,88.40155029296875,90.08541870117188,75.84343719482422,1165.239990234375,37.0
2011-09-07,,,177.0800018310547,48.040916442871094,88.37753295898438,92.62647247314453,74.39571380615234,1198.6199951171875,33.380001068115234
2011-09-08,,,181.80999755859375,47.821109771728516,88.37753295898438,91.6639633178711,75.0628662109375,1185.9000244140625,34.31999969482422
2011-09-09,,,180.6999969482422,46.75723648071289,88.37753295898438,89.26148986816406,75.86341094970703,1154.22998046875,38.52000045776367
2011-09-12,,,176.6699981689453,47.35512161254883,88.37753295898438,89.83897399902344,75.94351959228516,1162.27001953125,38.59000015258789
2011-09-13,,,178.5399932861328,47.98817443847656,88.39351654052734,90.66292572021484,74.8626937866211,1172.8699951171875,36.90999984741211
2011-09-14,,,177.2100067138672,48.673973083496094,88.37753295898438,91.91805267333984,75.49651336669922,1188.6800537109375,34.599998474121094
2011-09-15,,,174.39999389648438,49.394901275634766,88.40155029296875,93.50432586669922,74.34227752685547,1209.1099853515625,31.969999313354492
2011-09-16,,,176.02999877929688,49.84767150878906,88.385498046875,94.05774688720703,74.8827133178711,1216.010009765625,30.979999542236328
2011-09-19,,,173.30999755859375,49.86530303955078,88.385498046875,93.12120056152344,76.31045532226562,1204.0899658203125,32.72999954223633
2011-09-20,,,175.77999877929688,49.64509582519531,88.385498046875,93.01283264160156,76.6307373046875,1202.0899658203125,32.86000061035156
2011-09-21,,,173.58999633789062,48.781837463378906,88.37753295898438,90.2728271484375,79.16596221923828,1166.760009765625,37.31999969482422
2011-09-22,,,169.0500030517578,47.196311950683594,88.39351654052734,87.35480499267578,82.1414794921875,1129.56005859375,41.349998474121094
2011-09-23,,,159.8000030517578,47.69839859008789,88.385498046875,87.88116455078125,80.61369323730469,1136.4300537109375,41.25
2011-09-26,,,157.5800018310547,48.25334167480469,88.40155029296875,89.97097778320312,79.31938934326172,1162.949951171875,39.02000045776367
2011-09-27,,,160.6300048828125,48.75541687011719,88.385498046875,90.97716522216797,78.10511016845703,1175.3800048828125,37.709999084472656
2011-09-28,,,156.22000122070312,48.033119201660156,88.385498046875,89.11956787109375,78.0783920288086,1151.06005859375,41.08000183105469
2011-09-29,,,157.6999969482422,47.460567474365234,88.37753295898438,89.82391357421875,78.61882781982422,1160.4000244140625,38.84000015258789
2011-09-30,,,158.05999755859375,46.236175537109375,88.39351654052734,87.57929229736328,80.59368133544922,1131.4200439453125,42.959999084472656
2011-10-03,,,160.9600067138672,45.04701614379883,88.37431335449219,85.08695220947266,82.81159210205078,1099.22998046875,45.45000076293945
2011-10-04,,,157.63999938964844,45.9719123840332,88.39031219482422,86.95232391357422,81.76152801513672,1123.949951171875,40.81999969482422
2011-10-05,,,159.4600067138672,47.15227127075195,88.39031219482422,88.56224822998047,81.17288970947266,1144.030029296875,37.810001373291016
2011-10-06,,,160.49000549316406,47.945045471191406,88.39031219482422,90.16446685791016,79.67463684082031,1164.969970703125,36.27000045776367
2011-10-07,,,159.17999267578125,47.62792205810547,88.38229370117188,89.5607681274414,79.08602142333984,1155.4599609375,36.20000076293945
2011-10-10,,,163.27000427246094,49.2751350402832,88.39835357666016,92.55616760253906,77.96898651123047,1194.8900146484375,33.02000045776367
2011-10-11,,,162.10000610351562,49.6098518371582,88.37431335449219,92.64904022216797,77.70818328857422,1195.5400390625,32.86000061035156
2011-10-12,,,163.25999450683594,49.85647964477539,88.37431335449219,93.46175384521484,76.57783508300781,1207.25,31.260000228881836
2011-10-13,,,162.3000030517578,50.314537048339844,88.37431335449219,93.27596282958984,77.34029388427734,1203.6600341796875,30.700000762939453
2011-10-14,,,163.39999389648438,51.24825668334961,88.38229370117188,94.8704605102539,76.21663665771484,1224.5799560546875,28.239999771118164
2011-10-17,,,162.6199951171875,50.455467224121094,88.39031219482422,93.05926513671875,77.53429412841797,1200.8599853515625,33.38999938964844
2011-10-18,,,161.83999633789062,51.08087158203125,88.39031219482422,94.87815856933594,77.052734375,1225.3800048828125,31.559999465942383
2011-10-19,,,159.8699951171875,50.094322204589844,88.39031219482422,93.7558822631836,77.02593994140625,1209.8800048828125,34.439998626708984
2011-10-20,,,157.77000427246094,49.84767150878906,88.37431335449219,94.16609954833984,76.47747039794922,1215.3900146484375,34.779998779296875
2011-10-21,,,159.52000427246094,50.47309875488281,88.39031219482422,95.95408630371094,75.66817474365234,1238.25,31.31999969482422
2011-10-24,,,161.02000427246094,51.52132034301758,88.37431335449219,97.13056182861328,75.79527282714844,1254.18994140625,29.260000228881836
2011-10-25,,,165.58999633789062,50.50832748413086,88.37431335449219,95.24198150634766,77.7215805053711,1229.050048828125,32.220001220703125
2011-10-26,,,167.39999389648438,50.44667053222656,88.37431335449219,96.20951080322266,76.36376190185547,1242.0,29.860000610351562
2011-10-27,,,169.5500030517578,51.83842086791992,88.36627197265625,99.56094360351562,73.77529907226562,1284.5899658203125,25.459999084472656
2011-10-28,,,169.6199951171875,51.91770553588867,88.36627197265625,99.53778839111328,74.55113220214844,1285.0899658203125,24.530000686645508
2011-10-31,,,167.33999633789062,51.045658111572266,88.38229370117188,97.13827514648438,77.5075454711914,1253.300048828125,29.959999084472656
2011-11-01,,,167.3800048828125,49.71556091308594,88.3695068359375,94.42926788330078,80.1020736694336,1218.280029296875,34.77000045776367
2011-11-02,,,169.05999755859375,50.138370513916016,88.3695068359375,95.96954345703125,79.10282897949219,1237.9000244140625,32.7400016784668
2011-11-03,,,171.72000122070312,51.17777633666992,88.37753295898438,97.71880340576172,78.01654052734375,1261.1500244140625,30.5
2011-11-04,,,170.85000610351562,50.913516998291016,88.39351654052734,97.12283325195312,78.11040496826172,1253.22998046875,30.15999984741211
2011-11-07,,,174.97999572753906,51.27467727661133,88.39351654052734,97.7265396118164,78.6066665649414,1261.1199951171875,29.850000381469727
2011-11-08,,,173.52999877929688,51.86484909057617,88.38548278808594,98.98043823242188,77.60076141357422,1275.9200439453125,27.479999542236328
2011-11-09,,,172.07000732421875,50.041465759277344,88.37753295898438,95.3271255493164,79.21016693115234,1229.0999755859375,36.15999984741211
2011-11-10,,,171.13999938964844,50.015045166015625,88.37753295898438,96.2249755859375,78.02995300292969,1239.699951171875,32.810001373291016
2011-11-11,,,173.9600067138672,50.95756530761719,88.39351654052734,98.0361328125,77.55384063720703,1263.8499755859375,30.040000915527344
2011-11-14,,,173.1999969482422,50.64044952392578,88.37753295898438,97.10734558105469,78.80113220214844,1251.780029296875,31.1299991607666
2011-11-15,,,173.36000061035156,51.2042121887207,88.37753295898438,97.58723449707031,78.6938247680664,1257.81005859375,31.219999313354492
2011-11-16,,,171.50999450683594,50.35858154296875,88.40153503417969,96.03919219970703,79.411376953125,1236.9100341796875,33.5099983215332
2011-11-17,,,167.10000610351562,49.178226470947266,88.38548278808594,94.51438903808594,80.04838562011719,1216.1300048828125,34.5099983215332
2011-11-18,,,167.6199951171875,48.79946517944336,88.39351654052734,94.4137954711914,80.02835083007812,1215.6500244140625,32.0
2011-11-21,,,163.5,47.86576461791992,88.40153503417969,92.6180648803711,80.50439453125,1192.97998046875,32.90999984741211
2011-11-22,,,165.30999755859375,48.02430725097656,88.37753295898438,92.2542953491211,81.40302276611328,1188.0400390625,31.969999313354492
2011-11-23,,,164.8300018310547,46.94084548950195,88.38548278808594,90.21863555908203,82.20098876953125,1161.7900390625,33.97999954223633
2011-11-25,,,163.39999389648438,46.5797004699707,88.3695068359375,90.04837036132812,81.00736999511719,1158.6700439453125,34.470001220703125
2011-11-28,,,166.6300048828125,48.20048904418945,88.38548278808594,92.65676879882812,80.96711730957031,1192.550048828125,32.130001068115234
2011-11-29,,,166.8800048828125,47.9009895324707,88.38548278808594,92.91996002197266,80.30322265625,1195.18994140625,30.639999389648438
2011-11-30,,,170.1300048828125,49.6715087890625,88.3695068359375,96.74356079101562,79.04924011230469,1246.9599609375,27.799999237060547
2011-12-01,,,169.6300048828125,50.015045166015625,88.39028930664062,96.72810363769531,78.65259552001953,1244.5799560546875,27.40999984741211
2011-12-02,,,169.82000732421875,49.87413024902344,88.39028930664062,96.6429443359375,79.75509643554688,1244.280029296875,27.520000457763672
2011-12-05,,,167.32000732421875,50.42022705078125,88.37432861328125,97.69558715820312,79.59373474121094,1257.0799560546875,27.84000015258789
2011-12-06,,,168.17999267578125,50.279319763183594,88.37432861328125,97.7265396118164,78.8341064453125,1258.469970703125,28.1299991607666
2011-12-07,,,169.39999389648438,50.279319763183594,88.38229370117188,98.09033203125,79.1164321899414,1261.010009765625,28.670000076293945
2011-12-08,,,165.97999572753906,49.433685302734375,88.39028930664062,95.93858337402344,80.10462951660156,1234.3499755859375,30.59000015258789
2011-12-09,,,166.39999389648438,50.22646713256836,88.39028930664062,97.5639877319336,78.45762634277344,1255.18994140625,26.3799991607666
2011-12-12,,,161.99000549316406,49.66270446777344,88.39028930664062,96.13980865478516,79.33159637451172,1236.469970703125,25.670000076293945
2011-12-13,,,158.4499969482422,49.116554260253906,88.39834594726562,95.24198150634766,80.07101440429688,1225.72998046875,25.40999984741211
2011-12-14,,,152.88999938964844,48.35023880004883,88.39028930664062,94.22801208496094,81.58360290527344,1211.8199462890625,26.040000915527344
2011-12-15,,,152.3300018310547,48.21809768676758,88.39028930664062,94.56857299804688,81.28112030029297,1215.75,25.110000610351562
2011-12-16,,,155.22999572753906,48.466331481933594,88.39028930664062,94.70878601074219,82.22897338867188,1219.6600341796875,24.290000915527344
2011-12-19,,,154.8699951171875,47.989295959472656,88.39834594726562,93.69615936279297,83.27094268798828,1205.3499755859375,24.920000076293945
2011-12-20,,,156.97999572753906,49.41163635253906,88.38229370117188,96.53145599365234,81.19369506835938,1241.300048828125,23.219999313354492
2011-12-21,,,157.16000366210938,48.70487976074219,88.38229370117188,96.7184066772461,80.0643539428711,1243.719970703125,21.43000030517578
2011-12-22,,,156.0399932861328,49.1201057434082,88.38229370117188,97.57518005371094,80.400390625,1254.0,21.15999984741211
2011-12-23,,,156.30999755859375,49.54416275024414,88.36627197265625,98.44759368896484,79.50630187988281,1265.3299560546875,20.729999542236328
2011-12-27,,,154.91000366210938,49.728965759277344,88.3767318725586,98.5254898071289,79.88402557373047,1265.4300537109375,21.90999984741211
2011-12-28,,,151.02999877929688,49.15422058105469,88.3767318725586,97.23249816894531,81.3609619140625,1249.6400146484375,23.520000457763672
2011-12-29,,,150.33999633789062,49.50791931152344,88.3767318725586,98.23729705810547,81.50936889648438,1263.02001953125,22.649999618530273
2011-12-30,,,151.99000549316406,49.3664436340332,88.39273834228516,97.75436401367188,81.77237701416016,1257.5999755859375,23.399999618530273
2012-01-03,,,155.9199981689453,50.31258010864258,88.3767318725586,99.31216430664062,80.54496765136719,1277.06005859375,22.969999313354492
2012-01-04,,,156.7100067138672,50.5247802734375,88.3767318725586,99.46797180175781,79.58727264404297,1277.300048828125,22.219999313354492
2012-01-05,,,157.77999877929688,50.94036102294922,88.3767318725586,99.73280334472656,79.44567108154297,1281.06005859375,21.479999542236328
2012-01-06,,,157.1999969482422,51.11721420288086,88.38472747802734,99.47578430175781,80.0728759765625,1277.81005859375,20.6299991607666
2012-01-09,,,156.5,50.94921112060547,88.39273834228516,99.7172622680664,79.93122100830078,1280.699951171875,21.06999969482422
2012-01-10,,,158.63999938964844,51.32057571411133,88.39273834228516,100.58184814453125,79.79634857177734,1292.0799560546875,20.690000534057617
2012-01-11,,,159.6699981689453,51.42669677734375,88.39273834228516,100.6363525390625,80.83491516113281,1292.47998046875,21.049999237060547
2012-01-12,,,160.3800048828125,51.630062103271484,88.3767318725586,100.87781524658203,80.72032165527344,1295.5,20.469999313354492
2012-01-13,,,159.25999450683594,51.44437026977539,88.38472747802734,100.35594940185547,81.52281951904297,1289.0899658203125,20.90999984741211
2012-01-17,,,160.5,51.91299819946289,88.38472747802734,100.74541473388672,81.90052032470703,1293.6700439453125,22.200000762939453
2012-01-18,,,161.60000610351562,52.60271072387695,88.38472747802734,101.8592758178711,80.90913391113281,1308.0400390625,20.889999389648438
2012-01-19,,,161.22000122070312,52.929866790771484,88.38472747802734,102.39674377441406,79.79634857177734,1314.5,19.8700008392334
2012-01-20,,,162.07000732421875,52.85029602050781,88.36866760253906,102.77838897705078,78.8926010131836,1315.3800048828125,18.280000686645508
2012-01-23,,,163.16000366210938,52.86796951293945,88.3767318725586,102.51358032226562,78.39358520507812,1316.0,18.670000076293945
2012-01-24,,,162.00999450683594,52.77070999145508,88.38472747802734,102.39674377441406,78.53523254394531,1314.6500244140625,18.90999984741211
2012-01-25,,,166.4199981689453,53.43388748168945,88.39273834228516,103.2535400390625,78.34634399414062,1326.06005859375,18.309999465942383
2012-01-26,,,167.27000427246094,53.248207092285156,88.39273834228516,102.72389221191406,79.38494873046875,1318.4300537109375,18.56999969482422
2012-01-27,,,168.97000122070312,53.40734100341797,88.38472747802734,102.67713928222656,79.63452911376953,1316.3299560546875,18.530000686645508
2012-01-30,,,168.02999877929688,53.451576232910156,88.3767318725586,102.32658386230469,80.5719223022461,1313.010009765625,19.399999618530273
2012-01-31,,,169.30999755859375,53.52231216430664,88.3767318725586,102.28768157958984,81.50259399414062,1312.4100341796875,19.440000534057617
2012-02-01,,,169.55999755859375,53.9555778503418,88.36866760253906,103.18343353271484,80.56901550292969,1324.0899658203125,18.549999237060547
2012-02-02,,,171.0500030517578,54.12359619140625,88.36067199707031,103.34699249267578,80.53524017333984,1325.5400390625,17.979999542236328
2012-02-03,,,167.63999938964844,54.86632537841797,88.35262298583984,104.79579162597656,78.80459594726562,1344.9000244140625,17.100000381469727
2012-02-06,,,167.17999267578125,54.82210922241211,88.36067199707031,104.72569274902344,79.58879852294922,1344.3299560546875,17.760000228881836
2012-02-07,,,169.6999969482422,54.93707275390625,88.36067199707031,104.99050903320312,78.601806640625,1347.050048828125,17.649999618530273
2012-02-08,,,168.5,55.22888946533203,88.36067199707031,105.30209350585938,78.6626205444336,1349.9599609375,18.15999984741211
2012-02-09,,,168.02000427246094,55.626766204833984,88.35262298583984,105.43451690673828,78.07445526123047,1351.949951171875,18.6299991607666
2012-02-10,,,167.13999938964844,55.237709045410156,88.35262298583984,104.65560150146484,79.08848571777344,1342.6400146484375,20.790000915527344
2012-02-13,,,167.50999450683594,55.750553131103516,88.35262298583984,105.43451690673828,79.1899185180664,1351.77001953125,19.040000915527344
2012-02-14,,,167.1199951171875,55.89203643798828,88.35262298583984,105.30209350585938,79.60906982421875,1350.5,19.540000915527344
2012-02-15,,,168.11000061035156,55.50297546386719,88.36067199707031,104.8113784790039,79.46712493896484,1343.22998046875,21.139999389648438
2012-02-16,,,168.0,56.2634162902832,88.35262298583984,105.97197723388672,78.8316421508789,1358.0400390625,19.219999313354492
2012-02-17,,,167.35000610351562,56.08656692504883,88.35262298583984,106.25234985351562,78.81137084960938,1361.22998046875,17.780000686645508
2012-02-21,,,171.02000427246094,56.245723724365234,88.35262298583984,106.29912567138672,77.93925476074219,1362.2099609375,18.190000534057617
2012-02-22,,,172.94000244140625,55.98929214477539,88.36866760253906,105.95639038085938,78.91948699951172,1357.6600341796875,18.190000534057617
2012-02-23,,,173.02000427246094,56.360679626464844,88.36866760253906,106.42376708984375,78.91948699951172,1363.4599609375,16.799999237060547
2012-02-24,,,172.22999572753906,56.555206298828125,88.36866760253906,106.65742492675781,79.43325805664062,1365.739990234375,17.309999465942383
2012-02-27,,,171.6999969482422,56.63479995727539,88.35262298583984,106.8365707397461,80.13640594482422,1367.5899658203125,18.190000534057617
2012-02-28,,,173.49000549316406,57.209537506103516,88.36866760253906,107.14810943603516,79.87271881103516,1372.1800537109375,17.959999084472656
2012-02-29,,,164.2899932861328,56.95311737060547,88.36866760253906,106.72750854492188,79.38591766357422,1365.6800537109375,18.43000030517578
2012-03-01,,,166.61000061035156,57.40404510498047,88.35262298583984,107.28056335449219,78.63861083984375,1374.0899658203125,17.260000228881836
2012-03-02,,,166.33999633789062,57.35985565185547,88.35262298583984,106.95337677001953,79.37712860107422,1369.6300048828125,17.290000915527344
2012-03-05,,,165.64999389648438,56.76742172241211,88.36866760253906,106.51720428466797,78.74703979492188,1364.3299560546875,18.049999237060547
2012-03-06,,,162.6999969482422,56.210365295410156,88.36866760253906,104.95935821533203,79.70240783691406,1343.3599853515625,20.8700008392334
2012-03-07,,,163.6300048828125,56.64363479614258,88.36067199707031,105.6915283203125,79.21453094482422,1352.6300048828125,19.06999969482422
2012-03-08,,,165.27999877929688,57.253746032714844,88.36067199707031,106.74308013916016,78.4217758178711,1365.9100341796875,17.950000762939453
2012-03-09,,,166.3800048828125,57.49248123168945,88.36866760253906,107.15589141845703,78.57763671875,1370.8699951171875,17.110000610351562
2012-03-12,,,165.07000732421875,57.51901626586914,88.36866760253906,107.16370391845703,78.56407928466797,1371.0899658203125,15.640000343322754
2012-03-13,,,162.3000030517578,58.588932037353516,88.36866760253906,109.09542083740234,77.18180084228516,1395.949951171875,14.800000190734863
2012-03-14,,,159.57000732421875,58.79228591918945,88.36866760253906,108.97856140136719,75.23719787597656,1394.280029296875,15.3100004196167
2012-03-15,,,161.0800018310547,58.960304260253906,88.36067199707031,109.60952758789062,75.35236358642578,1402.5999755859375,15.420000076293945
2012-03-16,,,161.3000030517578,58.918670654296875,88.35262298583984,109.76132202148438,75.50141143798828,1404.1700439453125,14.470000267028809
2012-03-19,,,161.58999633789062,59.33498764038086,88.35262298583984,110.19158935546875,74.60029602050781,1409.75,15.039999961853027
2012-03-20,,,160.1300048828125,59.441246032714844,88.35262298583984,109.87083435058594,74.89845275878906,1405.52001953125,15.579999923706055
2012-03-21,,,160.2100067138672,59.45010757446289,88.35262298583984,109.69086456298828,75.74535369873047,1402.8900146484375,15.130000114440918
2012-03-22,,,159.57000732421875,59.32612228393555,88.36067199707031,108.90072631835938,75.98933410644531,1392.780029296875,15.569999694824219
2012-03-23,,,161.52999877929688,59.29070281982422,88.36067199707031,109.25279235839844,76.70751953125,1397.1099853515625,14.819999694824219
2012-03-26,,,164.39999389648438,60.32697296142578,88.35262298583984,110.78617095947266,76.31455993652344,1416.510009765625,14.260000228881836
2012-03-27,,,163.24000549316406,60.41557693481445,88.35262298583984,110.44190216064453,76.86335754394531,1412.52001953125,15.59000015258789
2012-03-28,,,161.50999450683594,60.1764030456543,88.36866760253906,109.89427185058594,76.75499725341797,1405.5400390625,15.470000267028809
2012-03-29,,,161.27999877929688,59.94612503051758,88.36067199707031,109.7065200805664,77.33087158203125,1403.280029296875,15.479999542236328
2012-03-30,,,162.1199951171875,59.83099365234375,88.36067199707031,110.16029357910156,76.02317810058594,1408.469970703125,15.5
2012-04-02,,,162.94000244140625,60.45096969604492,88.36866760253906,110.966064453125,76.44438171386719,1419.0400390625,15.640000343322754
2012-04-03,,,159.88999938964844,60.433292388916016,88.35262298583984,110.51232147216797,75.11968994140625,1413.3800048828125,15.65999984741211
2012-04-04,,,157.2100067138672,59.60955810546875,88.35262298583984,109.41706085205078,76.15226745605469,1398.9599609375,16.440000534057617
2012-04-05,,,158.30999755859375,59.9815559387207,88.35262298583984,109.36227416992188,76.70252990722656,1398.0799560546875,16.700000762939453
2012-04-09,,,159.3699951171875,59.52981948852539,88.35262298583984,108.13404846191406,78.49594116210938,1382.199951171875,18.809999465942383
2012-04-10,,,161.10000610351562,58.5732421875,88.36067199707031,106.31902313232422,79.3858413696289,1358.5899658203125,20.389999389648438
2012-04-11,,,161.07000732421875,58.856658935546875,88.36067199707031,107.1795883178711,78.43482971191406,1368.7099609375,20.020000457763672
2012-04-12,,,162.6999969482422,59.52981948852539,88.36866760253906,108.57999420166016,78.10875701904297,1387.5699462890625,17.200000762939453
2012-04-13,,,160.85000610351562,58.62639617919922,88.38472747802734,107.28910064697266,79.37226104736328,1370.260009765625,19.549999237060547
2012-04-16,,,160.4600067138672,57.9709587097168,88.3767318725586,107.21870422363281,79.25678253173828,1369.5699462890625,19.549999237060547
2012-04-17,,,160.25,59.14895248413086,88.3767318725586,108.80684661865234,79.209228515625,1390.780029296875,18.459999084472656
2012-04-18,,,159.30999755859375,58.998390197753906,88.36866760253906,108.43917083740234,79.44020080566406,1385.1400146484375,18.639999389648438
2012-04-19,,,159.42999267578125,58.33409118652344,88.36866760253906,107.74287414550781,79.51493072509766,1376.9200439453125,18.360000610351562
2012-04-20,,,159.5399932861328,58.17466735839844,88.36067199707031,107.92280578613281,79.52852630615234,1378.530029296875,17.440000534057617
2012-04-23,,,159.07000732421875,57.643211364746094,88.36067199707031,107.01530456542969,80.1059341430664,1366.93994140625,18.969999313354492
2012-04-24,,,159.3000030517578,57.333229064941406,88.36067199707031,107.422119140625,79.5421142578125,1371.969970703125,18.100000381469727
2012-04-25,,,159.6199951171875,58.856658935546875,88.36067199707031,108.8929214477539,79.13446044921875,1390.68994140625,16.81999969482422
2012-04-26,,,161.02999877929688,59.20209884643555,88.36067199707031,109.6517333984375,79.61003875732422,1399.97998046875,16.239999771118164
2012-04-27,,,161.3800048828125,59.55640411376953,88.36866760253906,109.83169555664062,79.67796325683594,1403.3599853515625,16.31999969482422
2012-04-30,,,161.8800048828125,59.13124465942383,88.36067199707031,109.4249038696289,79.69837188720703,1397.9100341796875,17.149999618530273
2012-05-01,,,161.32000732421875,59.22869873046875,88.36866760253906,110.1055679321289,79.28495788574219,1405.8199462890625,16.600000381469727
2012-05-02,,,160.58999633789062,59.39697265625,88.36067199707031,109.77692413330078,79.84341430664062,1402.31005859375,16.8799991607666
2012-05-03,,,158.97000122070312,58.76811981201172,88.35262298583984,108.93982696533203,79.82301330566406,1391.5699462890625,17.559999465942383
2012-05-04,,,159.47000122070312,57.30664825439453,88.3767318725586,107.1795883178711,80.4494400024414,1369.0999755859375,19.15999984741211
2012-05-07,,,159.0800018310547,57.35980224609375,88.36866760253906,107.2577896118164,80.46305847167969,1369.5799560546875,18.940000534057617
2012-05-08,,,156.0,57.147220611572266,88.3767318725586,106.82756042480469,80.89205932617188,1363.719970703125,19.049999237060547
2012-05-09,,,154.47000122070312,56.97007369995117,88.36067199707031,106.19384765625,80.94654846191406,1354.5799560546875,20.079999923706055
2012-05-10,,,154.77000427246094,56.85493087768555,88.3767318725586,106.41293334960938,80.70824432373047,1357.989990234375,18.829999923706055
2012-05-11,,,153.55999755859375,56.846073150634766,88.36866760253906,106.0921630859375,81.37553405761719,1353.3900146484375,19.889999389648438
2012-05-14,,,151.3300018310547,56.31463623046875,88.36067199707031,104.91867065429688,82.51275634765625,1338.3499755859375,21.8700008392334
2012-05-15,,,149.74000549316406,56.128639221191406,88.36866760253906,104.31625366210938,82.84647369384766,1330.6600341796875,21.969999313354492
2012-05-16,,,149.4600067138672,55.747764587402344,88.36067199707031,103.91728973388672,83.08477783203125,1324.800048828125,22.270000457763672
2012-05-17,,,152.8000030517578,54.56975173950195,88.36067199707031,102.37608337402344,84.5556411743164,1304.8599853515625,24.489999771118164
2012-05-18,,,154.5500030517578,53.861167907714844,88.35262298583984,101.4998550415039,84.57611083984375,1295.219970703125,25.100000381469727
2012-05-21,,,154.64999389648438,55.366905212402344,88.36067199707031,103.24443817138672,84.3990478515625,1315.989990234375,22.010000228881836
2012-05-22,,,152.0800018310547,55.30488967895508,88.36067199707031,103.42439270019531,83.45927429199219,1316.6300048828125,22.479999542236328
2012-05-23,,,151.6199951171875,55.41120147705078,88.36067199707031,103.47917938232422,84.03814697265625,1318.8599853515625,22.329999923706055
2012-05-24,,,151.41000366210938,55.048057556152344,88.36866760253906,103.68254089355469,83.71807861328125,1320.6800537109375,21.540000915527344
2012-05-25,,,152.67999267578125,54.97718811035156,88.3767318725586,103.34617614746094,84.03130340576172,1317.8199462890625,21.760000228881836
2012-05-29,,,151.02000427246094,55.676902770996094,88.3767318725586,104.59786987304688,83.77253723144531,1332.4200439453125,21.030000686645508
2012-05-30,,,151.91000366210938,55.20749282836914,88.3767318725586,103.08013916015625,85.89716339111328,1313.3199462890625,24.139999389648438
2012-05-31,,,151.6199951171875,54.96833038330078,88.38472747802734,102.85327911376953,86.89141845703125,1310.3299560546875,24.059999465942383
2012-06-01,,,157.5,53.50688171386719,88.36067199707031,100.2637710571289,88.95416259765625,1278.0400390625,26.65999984741211
2012-06-04,,,157.32000732421875,53.914310455322266,88.38472747802734,100.21683502197266,88.25135803222656,1278.1800537109375,26.1200008392334
2012-06-05,,,157.13999938964844,54.1357307434082,88.38472747802734,100.9757080078125,87.07086944580078,1285.5,24.68000030517578
2012-06-06,,,157.2100067138672,55.37575912475586,88.38472747802734,103.24443817138672,85.3307876586914,1315.1300048828125,22.15999984741211
2012-06-07,,,154.5,55.15432357788086,88.36866760253906,103.30704498291016,85.46046447753906,1314.989990234375,21.719999313354492
2012-06-08,,,154.72999572753906,55.68577575683594,88.3767318725586,104.12848663330078,85.43997955322266,1325.6600341796875,21.229999542236328
2012-06-11,,,155.36000061035156,54.74690246582031,88.38472747802734,102.80635070800781,85.82890319824219,1308.9300537109375,23.559999465942383
2012-06-12,,,156.4600067138672,55.41120147705078,88.38472747802734,103.98765563964844,85.0442123413086,1324.1800537109375,22.09000015258789
2012-06-13,,,157.1199951171875,55.03032684326172,88.38472747802734,103.32270812988281,85.88352966308594,1314.8800048828125,24.270000457763672
2012-06-14,,,157.75,55.234046936035156,88.38472747802734,104.4179458618164,85.77434539794922,1329.0999755859375,21.68000030517578
2012-06-15,,,157.83999633789062,55.9202995300293,88.3767318725586,105.48588562011719,86.25201416015625,1342.8399658203125,21.110000610351562
2012-06-18,,,157.92999267578125,56.44407272338867,88.36866760253906,105.69033813476562,86.71601104736328,1344.780029296875,18.31999969482422
2012-06-19,,,157.16000366210938,57.02999496459961,88.3767318725586,106.71260833740234,85.58325958251953,1357.97998046875,18.3799991607666
2012-06-20,,,155.97000122070312,57.07437515258789,88.3767318725586,106.53963470458984,86.0063705444336,1355.68994140625,17.239999771118164
2012-06-21,,,152.02000427246094,55.653961181640625,88.38472747802734,104.14906311035156,86.46353149414062,1325.510009765625,20.079999923706055
2012-06-22,,,152.63999938964844,56.23989486694336,88.3767318725586,104.95111083984375,85.31037902832031,1335.02001953125,18.110000610351562
2012-06-25,,,153.75999450683594,55.156803131103516,88.3767318725586,103.26826477050781,86.5522689819336,1313.719970703125,20.3799991607666
2012-06-26,,,152.6199951171875,55.5030403137207,88.36866760253906,103.78726196289062,86.2110366821289,1319.989990234375,19.719999313354492
2012-06-27,,,152.8300018310547,55.84040069580078,88.36067199707031,104.72308349609375,86.34752655029297,1331.8499755859375,19.450000762939453
2012-06-28,,,151.0500030517578,55.21894454956055,88.3767318725586,104.42424774169922,86.55909729003906,1329.0400390625,19.709999084472656
2012-06-29,,,155.19000244140625,56.95897674560547,88.3767318725586,107.02718353271484,85.43315887451172,1362.1600341796875,17.079999923706055
2012-07-02,,,155.08999633789062,57.12763977050781,88.36866760253906,107.34963989257812,86.31462097167969,1365.510009765625,16.799999237060547
2012-07-03,,,157.4600067138672,57.60704803466797,88.3767318725586,108.05736541748047,85.65129089355469,1374.02001953125,16.65999984741211
2012-07-05,,,155.67999267578125,57.642555236816406,88.36866760253906,107.5698013305664,86.08895111083984,1367.5799560546875,17.5
2012-07-06,,,153.7100067138672,56.923465728759766,88.3767318725586,106.5474853515625,86.88908386230469,1354.6800537109375,17.100000381469727
2012-07-09,,,154.0399932861328,56.81693649291992,88.3767318725586,106.41381072998047,87.65496826171875,1352.4599609375,17.979999542236328
2012-07-10,,,152.14999389648438,56.25764465332031,88.36866760253906,105.48588562011719,87.83277130126953,1341.469970703125,18.719999313354492
2012-07-11,,,152.99000549316406,55.94692611694336,88.36866760253906,105.50161743164062,87.94219207763672,1341.449951171875,17.950000762939453
2012-07-12,,,152.58999633789062,55.42314147949219,88.36866760253906,104.99043273925781,88.564453125,1334.760009765625,18.329999923706055
2012-07-13,,,154.13999938964844,56.26652908325195,88.3767318725586,106.75196075439453,88.33199310302734,1356.780029296875,16.739999771118164
2012-07-16,,,154.2100067138672,56.106719970703125,88.36866760253906,106.50029754638672,88.74226379394531,1353.6400146484375,17.110000610351562
2012-07-17,,,153.47000122070312,56.399688720703125,88.36866760253906,107.23164367675781,88.04478454589844,1363.6700439453125,16.479999542236328
2012-07-18,,,153.0500030517578,57.16314697265625,88.3767318725586,108.02586364746094,88.09261322021484,1372.780029296875,16.15999984741211
2012-07-19,,,153.3800048828125,57.793453216552734,88.36866760253906,108.30901336669922,87.86699676513672,1376.510009765625,15.449999809265137
2012-07-20,,,153.6699981689453,57.02999496459961,88.36866760253906,107.31815338134766,88.94060516357422,1362.6600341796875,16.270000457763672
2012-07-23,,,153.02999877929688,56.33754348754883,88.3767318725586,106.23295593261719,89.43980407714844,1350.52001953125,18.6200008392334
2012-07-24,,,153.52000427246094,55.89365005493164,88.3767318725586,105.3207015991211,90.14413452148438,1338.31005859375,20.469999313354492
2012-07-25,,,155.6699981689453,55.52079391479492,88.36866760253906,105.3443374633789,90.37665557861328,1337.8900146484375,19.34000015258789
2012-07-26,,,156.77000427246094,56.25764465332031,88.36866760253906,107.08224487304688,89.5492172241211,1360.02001953125,17.530000686645508
2012-07-27,,,157.5399932861328,57.58928298950195,88.3767318725586,109.05608367919922,87.860107421875,1385.969970703125,16.700000762939453
2012-07-30,,,157.42999267578125,57.544898986816406,88.36866760253906,109.05608367919922,88.51660919189453,1385.300048828125,18.030000686645508
2012-07-31,,,156.49000549316406,57.527156829833984,88.3767318725586,108.29328918457031,88.69440460205078,1379.3199462890625,18.93000030517578
2012-08-01,,,155.13999938964844,57.35847091674805,88.3767318725586,108.19891357421875,88.25099182128906,1375.3199462890625,18.959999084472656
2012-08-02,,,154.1300048828125,57.154266357421875,88.38472747802734,107.45185852050781,88.75127410888672,1365.0,17.56999969482422
2012-08-03,,,155.5500030517578,58.237361907958984,88.38472747802734,109.58292388916016,87.31906127929688,1390.989990234375,15.640000343322754
2012-08-06,,,156.3000030517578,58.68122100830078,88.36866760253906,109.79525756835938,87.3532943725586,1394.22998046875,15.949999809265137
2012-08-07,,,156.27999877929688,59.16953659057617,88.3767318725586,110.34574127197266,86.22943878173828,1401.3499755859375,15.989999771118164
2012-08-08,,,156.47999572753906,59.14287185668945,88.36866760253906,110.47943115234375,85.77031707763672,1402.219970703125,15.319999694824219
2012-08-09,,,156.99000549316406,59.320430755615234,88.36866760253906,110.57382202148438,85.7085952758789,1402.800048828125,15.279999732971191
2012-08-10,,,157.17999267578125,59.35594940185547,88.3767318725586,110.75465393066406,86.14031982421875,1405.8699951171875,14.739999771118164
2012-08-13,,,155.99000549316406,59.49798583984375,88.3767318725586,110.6996078491211,85.99646759033203,1404.1099853515625,13.699999809265137
2012-08-14,,,155.1300048828125,59.52461242675781,88.3767318725586,110.71533966064453,84.83142852783203,1403.9300537109375,14.850000381469727
2012-08-15,,,155.6300048828125,59.675537109375,88.36866760253906,110.8411636352539,83.6390609741211,1405.530029296875,14.630000114440918
2012-08-16,,,156.55999755859375,60.3857421875,88.3767318725586,111.65899658203125,82.92635345458984,1415.510009765625,14.289999961853027
2012-08-17,,,156.72000122070312,60.652076721191406,88.3767318725586,111.80841064453125,83.33068084716797,1418.1600341796875,13.449999809265137
2012-08-20,,,157.25999450683594,60.740848541259766,88.36866760253906,111.81632995605469,83.50202941894531,1418.1300048828125,14.020000457763672
2012-08-21,,,158.8300018310547,60.501163482666016,88.36866760253906,111.47811126708984,83.8720932006836,1413.1700439453125,15.020000457763672
2012-08-22,,,160.5399932861328,60.749732971191406,88.36866760253906,111.52534484863281,85.25634765625,1413.489990234375,15.109999656677246
2012-08-23,,,161.88999938964844,60.25259780883789,88.38472747802734,110.61312103271484,85.61267852783203,1402.0799560546875,15.960000038146973
2012-08-24,,,161.97000122070312,60.62544631958008,88.38472747802734,111.28148651123047,85.53045654296875,1411.1300048828125,15.180000305175781
2012-08-27,,,161.36000061035156,60.723079681396484,88.38472747802734,111.30513763427734,86.03071594238281,1410.43994140625,16.350000381469727
2012-08-28,,,161.63999938964844,60.723079681396484,88.38472747802734,111.19503021240234,86.23627471923828,1409.300048828125,16.489999771118164
2012-08-29,,,160.58999633789062,60.723079681396484,88.3767318725586,111.28148651123047,85.85938262939453,1410.489990234375,17.059999465942383
2012-08-30,,,160.52000427246094,60.11052322387695,88.38472747802734,110.47943115234375,86.30480194091797,1399.47998046875,17.829999923706055
2012-08-31,,,164.22000122070312,60.51003646850586,88.39273834228516,111.00628662109375,87.52460479736328,1406.5799560546875,17.469999313354492
2012-09-04,,,164.47999572753906,60.447872161865234,88.38551330566406,110.90409088134766,87.43675231933594,1404.93994140625,17.979999542236328
2012-09-05,,,164.30999755859375,60.3857421875,88.38551330566406,110.80970764160156,87.02468872070312,1403.43994140625,17.739999771118164
2012-09-06,,,164.88999938964844,61.72626495361328,88.38551330566406,113.05877685546875,85.57563018798828,1432.1199951171875,15.600000381469727
2012-09-07,,,168.44000244140625,61.63749313354492,88.38551330566406,113.49918365478516,85.17733001708984,1437.9200439453125,14.380000114440918
2012-09-10,,,167.2899932861328,60.847381591796875,88.38551330566406,112.85430908203125,85.38335418701172,1429.0799560546875,16.280000686645508
2012-09-11,,,167.89999389648438,60.749732971191406,88.38551330566406,113.16885375976562,84.84766387939453,1433.56005859375,16.40999984741211
2012-09-12,,,167.9199981689453,60.92727279663086,88.38551330566406,113.54629516601562,83.79010009765625,1436.56005859375,15.800000190734863
2012-09-13,,,171.30999755859375,61.75289535522461,88.39351654052734,115.27631378173828,83.4604721069336,1459.989990234375,14.050000190734863
2012-09-14,,,171.8000030517578,62.303314208984375,88.39351654052734,115.78755950927734,81.24227905273438,1465.77001953125,14.510000228881836
2012-09-17,,,170.39999389648438,62.3299446105957,88.39351654052734,115.39432525634766,82.21745300292969,1461.18994140625,14.59000015258789
2012-09-18,,,171.72000122070312,62.38319778442383,88.39351654052734,115.29998016357422,82.6294937133789,1459.3199462890625,14.180000305175781
2012-09-19,,,171.74000549316406,62.498626708984375,88.38551330566406,115.36290740966797,83.1720199584961,1461.050048828125,13.880000114440918
2012-09-20,,,171.47000122070312,62.43650436401367,88.38551330566406,115.37075805664062,83.37802124023438,1460.260009765625,14.069999694824219
2012-09-21,,,171.9600067138672,62.45428466796875,88.38551330566406,115.32251739501953,83.4742202758789,1460.1500244140625,13.979999542236328
2012-09-24,,,171.0500030517578,62.08924865722656,88.38551330566406,115.14857482910156,84.12660217285156,1456.8900146484375,14.149999618530273
2012-09-25,,,170.77000427246094,61.216758728027344,88.37754821777344,113.9231948852539,84.95758056640625,1441.5899658203125,15.430000305175781
2012-09-26,,,169.80999755859375,60.71820068359375,88.37754821777344,113.28282165527344,85.87086486816406,1433.3199462890625,16.809999465942383
2012-09-27,,,172.33999633789062,61.55510330200195,88.37754821777344,114.35013580322266,85.259765625,1447.1500244140625,14.84000015258789
2012-09-28,,,171.88999938964844,61.047611236572266,88.38551330566406,113.82038879394531,85.30780029296875,1440.6700439453125,15.729999542236328
2012-10-01,,,172.2899932861328,60.958580017089844,88.37911224365234,114.12081146240234,85.62438201904297,1444.489990234375,16.31999969482422
2012-10-02,,,172.10000610351562,61.13665008544922,88.38711547851562,114.2394027709961,85.50738525390625,1445.75,15.710000038146973
2012-10-03,,,172.41000366210938,61.528385162353516,88.37911224365234,114.70587158203125,85.53495025634766,1450.989990234375,15.430000305175781
2012-10-04,,,173.61000061035156,61.742061614990234,88.38711547851562,115.52810668945312,84.46820068359375,1461.4000244140625,14.550000190734863
2012-10-05,,,172.6199951171875,61.41263961791992,88.37911224365234,115.53599548339844,83.37399291992188,1460.9300537109375,14.329999923706055
2012-10-08,,,172.0500030517578,60.85175704956055,88.38711547851562,115.1407241821289,84.07595825195312,1455.8800048828125,15.109999656677246
2012-10-09,,,170.99000549316406,59.881324768066406,88.38711547851562,114.00222778320312,83.92454528808594,1441.47998046875,16.3700008392334
2012-10-10,,,170.83999633789062,59.57860565185547,88.38711547851562,113.27491760253906,84.51641845703125,1432.56005859375,16.290000915527344
2012-10-11,,,171.32000732421875,59.391666412353516,88.37911224365234,113.33817291259766,85.10133361816406,1432.8399658203125,15.59000015258789
2012-10-12,,,170.05999755859375,59.364952087402344,88.37911224365234,112.9665756225586,85.31473541259766,1428.5899658203125,16.139999389648438
2012-10-15,,,168.35000610351562,59.801204681396484,88.37911224365234,113.90735626220703,85.12198638916016,1440.1300048828125,15.270000457763672
2012-10-16,,,169.4199981689453,60.64698791503906,88.37911224365234,115.06165313720703,83.94518280029297,1454.9200439453125,15.220000267028809
2012-10-17,,,169.5399932861328,60.611385345458984,88.37911224365234,115.58338928222656,83.16753387451172,1460.9100341796875,15.069999694824219
2012-10-18,,,168.7899932861328,59.908042907714844,88.38711547851562,115.28299713134766,82.65829467773438,1457.3399658203125,15.029999732971191
2012-10-19,,,166.97000122070312,58.47466278076172,88.37911224365234,113.36184692382812,83.78004455566406,1433.18994140625,17.059999465942383
2012-10-22,,,167.5800018310547,58.777366638183594,88.38711547851562,113.37767791748047,83.24324035644531,1433.8199462890625,16.6200008392334
2012-10-23,,,165.42999267578125,58.21648025512695,88.38711547851562,111.804443359375,84.43383026123047,1413.1099853515625,18.829999923706055
2012-10-24,,,164.86000061035156,58.011714935302734,88.37911224365234,111.48818969726562,83.60104370117188,1408.75,18.329999923706055
2012-10-25,,,166.02000427246094,58.011714935302734,88.37911224365234,111.8123550415039,83.17447662353516,1412.969970703125,18.1200008392334
2012-10-26,,,165.92999267578125,58.18086624145508,88.37911224365234,111.74908447265625,84.39935302734375,1411.93994140625,17.809999465942383
2012-10-31,,,166.8300018310547,57.82474136352539,88.37911224365234,111.74908447265625,84.89488983154297,1412.1600341796875,18.600000381469727
2012-11-01,,,166.07000732421875,58.64380645751953,88.38711547851562,112.91915893554688,84.19981384277344,1427.5899658203125,16.690000534057617
2012-11-02,,,162.60000610351562,58.02060317993164,88.38711547851562,111.91510009765625,84.13787841796875,1414.199951171875,17.59000015258789
2012-11-05,,,163.22999572753906,58.4034423828125,88.37110137939453,112.14434814453125,84.61276245117188,1417.260009765625,18.420000076293945
2012-11-06,,,166.3000030517578,58.510284423828125,88.37110137939453,113.02194213867188,83.81439971923828,1428.3900146484375,17.579999923706055
2012-11-07,,,166.49000549316406,57.130306243896484,88.37110137939453,110.46044158935547,85.33531188964844,1394.530029296875,19.079999923706055
2012-11-08,,,167.99000549316406,56.231117248535156,88.37110137939453,109.13221740722656,86.60162353515625,1377.510009765625,18.489999771118164
2012-11-09,,,167.82000732421875,56.47150421142578,88.37110137939453,109.22711181640625,86.69795227050781,1379.8499755859375,18.610000610351562
2012-11-12,,,167.4499969482422,56.46258544921875,88.37110137939453,109.31407165527344,86.84242248535156,1380.030029296875,16.68000030517578
2012-11-13,,,167.10000610351562,56.07085418701172,88.37110137939453,108.93461608886719,87.1314926147461,1374.530029296875,16.649999618530273
2012-11-14,,,167.13999938964844,55.41203308105469,88.37110137939453,107.4641342163086,87.21408081054688,1355.489990234375,17.920000076293945
2012-11-15,,,166.08999633789062,55.22508239746094,88.38711547851562,107.28227233886719,87.04206848144531,1353.3299560546875,17.989999771118164
2012-11-16,,,165.8800048828125,55.46546936035156,88.37911224365234,107.81197357177734,86.96632385253906,1359.8800048828125,16.40999984741211
2012-11-19,,,167.8699951171875,56.783084869384766,88.37911224365234,109.9939956665039,86.47772979736328,1386.8900146484375,15.239999771118164
2012-11-20,,,167.38999938964844,56.8008918762207,88.37911224365234,110.04145050048828,85.6106185913086,1387.81005859375,15.079999923706055
2012-11-21,,,167.55999755859375,56.91664123535156,88.37911224365234,110.24694061279297,85.56243896484375,1391.030029296875,15.3100004196167
2012-11-23,,,169.61000061035156,57.78023147583008,88.37911224365234,111.74908447265625,85.47984313964844,1409.1500244140625,15.140000343322754
2012-11-26,,,169.42999267578125,58.02951431274414,88.38711547851562,111.5119400024414,85.88583374023438,1406.2900390625,15.5
2012-11-27,,,168.7100067138672,57.83366394042969,88.39514923095703,110.94269561767578,86.22306060791016,1398.93994140625,15.920000076293945
2012-11-28,,,166.5500030517578,58.33221435546875,88.39514923095703,111.8360595703125,86.09922790527344,1409.9300537109375,15.510000228881836
2012-11-29,,,167.17999267578125,58.679439544677734,88.39514923095703,112.35784149169922,86.11299133300781,1415.949951171875,15.0600004196167
2012-11-30,,,166.0500030517578,58.58149337768555,88.38711547851562,112.38155364990234,85.8790054321289,1416.1800537109375,15.869999885559082
2012-12-03,,,166.1300048828125,58.465755462646484,88.38070678710938,111.82815551757812,85.95833587646484,1409.4599609375,16.639999389648438
2012-12-04,,,164.4199981689453,58.43014907836914,88.38070678710938,111.67005157470703,86.45479583740234,1407.050048828125,17.1200008392334
2012-12-05,,,164.1199951171875,57.78023147583008,88.38070678710938,111.86767578125,86.41338348388672,1409.280029296875,16.459999084472656
2012-12-06,,,164.5,58.154144287109375,88.38070678710938,112.24716186523438,86.59956359863281,1413.93994140625,16.579999923706055
2012-12-07,,,165.16000366210938,57.806922912597656,88.38871002197266,112.58711242675781,85.79971313476562,1418.0699462890625,15.899999618530273
2012-12-10,,,165.8000030517578,57.97609329223633,88.38070678710938,112.63455200195312,86.178955078125,1418.550048828125,16.049999237060547
2012-12-11,,,165.64999389648438,58.73283767700195,88.38871002197266,113.40139770507812,85.52389526367188,1427.8399658203125,15.569999694824219
2012-12-12,,,165.77000427246094,58.608211517333984,88.38871002197266,113.45674133300781,84.53096008300781,1428.47998046875,15.949999809265137
2012-12-13,,,164.3699951171875,58.145259857177734,88.39674377441406,112.76103210449219,84.5929946899414,1419.449951171875,16.559999465942383
2012-12-14,,,164.1300048828125,57.59326934814453,88.39674377441406,112.34200286865234,85.2273941040039,1413.5799560546875,17.0
2012-12-17,,,164.44000244140625,58.35890579223633,88.39674377441406,113.66230773925781,83.95177459716797,1430.3599853515625,16.34000015258789
2012-12-18,,,162.0800018310547,59.249229431152344,88.39674377441406,114.9272232055664,83.09667205810547,1446.7900390625,15.569999694824219
2012-12-19,,,161.69000244140625,58.991031646728516,88.4047622680664,114.07337951660156,83.37255859375,1435.81005859375,17.360000610351562
2012-12-20,,,159.72999572753906,58.991031646728516,88.39674377441406,114.72958374023438,83.3863525390625,1443.68994140625,17.670000076293945
2012-12-21,,,160.3300018310547,58.3706169128418,88.4047622680664,113.6881332397461,84.2965087890625,1430.1500244140625,17.84000015258789
2012-12-24,,,160.6199951171875,58.25421905517578,88.39674377441406,113.33782958984375,84.14482116699219,1426.6600341796875,17.84000015258789
2012-12-26,,,160.77999877929688,57.74394226074219,88.39674377441406,112.86013793945312,84.44749450683594,1419.8299560546875,19.479999542236328
2012-12-27,,,161.16000366210938,57.65443420410156,88.4047622680664,112.7088394165039,84.7308120727539,1418.0999755859375,19.469999313354492
2012-12-28,,,160.5399932861328,57.09935760498047,88.4047622680664,111.49068450927734,85.21458435058594,1402.4300537109375,22.719999313354492
2012-12-31,,,162.02000427246094,58.30794906616211,88.4207992553711,113.3856201171875,83.74266052246094,1426.18994140625,18.020000457763672
2013-01-02,,,163.1699981689453,60.16112518310547,88.4047622680664,116.2917251586914,82.62310028076172,1462.4200439453125,14.680000305175781
2013-01-03,,,161.1999969482422,59.8477897644043,88.4047622680664,116.02901458740234,81.50359344482422,1459.3699951171875,14.5600004196167
2013-01-04,,,160.44000244140625,59.65081787109375,88.4047622680664,116.5385513305664,81.82142639160156,1466.469970703125,13.829999923706055
2013-01-07,,,159.42999267578125,59.66874694824219,88.39674377441406,116.22003173828125,81.85603332519531,1461.8900146484375,13.789999961853027
2013-01-08,,,160.55999755859375,59.55233383178711,88.39674377441406,115.88563537597656,82.39505004882812,1457.1500244140625,13.619999885559082
2013-01-09,,,160.49000549316406,59.77617263793945,88.4047622680664,116.18023681640625,82.31900024414062,1461.02001953125,13.8100004196167
2013-01-10,,,161.97999572753906,60.1342658996582,88.4047622680664,117.10385131835938,82.09098052978516,1472.1199951171875,13.489999771118164
2013-01-11,,,161.05999755859375,60.214847564697266,88.4047622680664,117.09586334228516,82.823486328125,1472.050048828125,13.359999656677246
2013-01-14,,,161.5399932861328,59.94626998901367,88.39674377441406,117.0162582397461,82.59546661376953,1470.6800537109375,13.520000457763672
2013-01-15,,,162.55999755859375,59.65081787109375,88.39674377441406,117.09586334228516,82.97557067871094,1472.3399658203125,13.550000190734863
2013-01-16,,,162.64999389648438,59.89257049560547,88.39674377441406,117.0799560546875,83.1482925415039,1472.6300048828125,13.420000076293945
2013-01-17,,,163.35000610351562,60.179046630859375,88.38871002197266,117.83635711669922,82.31900024414062,1480.93994140625,13.569999694824219
2013-01-18,,,163.08999633789062,60.04478454589844,88.39674377441406,118.09911346435547,82.95477294921875,1485.97998046875,12.460000038146973
2013-01-22,,,163.6699981689453,60.143218994140625,88.39674377441406,118.73605346679688,83.11373901367188,1492.56005859375,12.430000305175781
2013-01-23,,,163.2100067138672,60.51028823852539,88.39674377441406,118.92713165283203,82.98932647705078,1494.81005859375,12.460000038146973
2013-01-24,,,161.4199981689453,59.67768859863281,88.38871002197266,118.95897674560547,82.69912719726562,1494.8199462890625,12.6899995803833
2013-01-25,,,160.64999389648438,59.982086181640625,88.38871002197266,119.62774658203125,81.56581115722656,1502.9599609375,12.890000343322754
2013-01-28,,,160.2899932861328,60.11635971069336,88.38871002197266,119.48442840576172,81.26864624023438,1500.1800537109375,13.569999694824219
2013-01-29,,,160.99000549316406,60.12532043457031,88.39674377441406,119.9542007446289,80.8194351196289,1507.8399658203125,13.3100004196167
2013-01-30,,,162.19000244140625,59.999977111816406,88.39674377441406,119.48442840576172,80.68122100830078,1501.9599609375,14.319999694824219
2013-01-31,,,161.1999969482422,59.86570739746094,88.39674377441406,119.1898422241211,81.07511901855469,1498.1099853515625,14.279999732971191
2013-02-01,,,161.4499969482422,60.572940826416016,88.39915466308594,120.41596984863281,80.02237701416016,1513.1700439453125,12.899999618530273
2013-02-04,,,162.0,59.51653289794922,88.39112854003906,119.06246948242188,81.04740905761719,1495.7099609375,14.670000076293945
2013-02-05,,,161.9600067138672,60.39388656616211,88.39915466308594,120.26471710205078,80.3271484375,1511.2900390625,13.720000267028809
2013-02-06,,,162.38999938964844,60.196929931640625,88.39915466308594,120.35227966308594,80.98509216308594,1512.1199951171875,13.40999984741211
2013-02-07,,,161.83999633789062,60.25065612792969,88.39112854003906,120.19305419921875,80.80500793457031,1509.3900146484375,13.5
2013-02-08,,,161.57000732421875,60.86838150024414,88.39112854003906,120.86188507080078,81.11675262451172,1517.9300537109375,13.020000457763672
2013-02-11,,,159.6999969482422,60.88628387451172,88.39915466308594,120.8380126953125,81.0543441772461,1517.010009765625,12.9399995803833
2013-02-12,,,159.88999938964844,60.635616302490234,88.39915466308594,121.03700256347656,80.85347747802734,1519.4300537109375,12.640000343322754
2013-02-13,,,159.0500030517578,60.8504638671875,88.39915466308594,121.14057159423828,80.19550323486328,1520.3299560546875,12.979999542236328
2013-02-14,,,158.35000610351562,60.83257293701172,88.39112854003906,121.25198364257812,80.92276000976562,1521.3800048828125,12.65999984741211
2013-02-15,,,155.75999450683594,60.653533935546875,88.39112854003906,121.10870361328125,80.6872787475586,1519.7900390625,12.460000038146973
2013-02-19,,,155.3300018310547,61.092201232910156,88.39112854003906,122.01632690429688,80.2855453491211,1530.93994140625,12.3100004196167
2013-02-20,,,151.44000244140625,60.15217590332031,88.39112854003906,120.49560546875,80.5279541015625,1511.949951171875,14.680000305175781
2013-02-21,,,152.6199951171875,59.50759506225586,88.38311004638672,119.76313018798828,80.99895477294922,1502.4200439453125,15.220000267028809
2013-02-22,,,152.97000122070312,60.10743713378906,88.39112854003906,120.93351745605469,81.0543441772461,1515.5999755859375,14.170000076293945
2013-02-25,,,154.33999633789062,59.36437225341797,88.39112854003906,118.63253784179688,82.64733123779297,1487.8499755859375,18.989999771118164
2013-02-26,,,156.22000122070312,59.588165283203125,88.39112854003906,119.44464874267578,82.16939544677734,1496.93994140625,16.8700008392334
2013-02-27,,,154.57000732421875,60.196929931640625,88.39112854003906,120.94947052001953,81.92696380615234,1515.989990234375,14.729999542236328
2013-02-28,,,153.0,60.071624755859375,88.39112854003906,120.71057891845703,82.0793685913086,1514.6800537109375,15.510000228881836
2013-03-01,,,152.44000244140625,60.32228088378906,88.39192199707031,121.10870361328125,82.52632141113281,1518.199951171875,15.359999656677246
2013-03-04,,,152.3000030517578,60.59086608886719,88.38391876220703,121.75360870361328,82.08912658691406,1525.199951171875,14.010000228881836
2013-03-05,,,152.3800048828125,61.48609924316406,88.38391876220703,122.8443603515625,81.8531265258789,1539.7900390625,13.479999542236328
2013-03-06,,,153.22999572753906,61.33390808105469,88.39192199707031,123.01156616210938,81.11045837402344,1541.4599609375,13.529999732971191
2013-03-07,,,152.69000244140625,61.49504852294922,88.39192199707031,123.2344970703125,80.48574829101562,1544.260009765625,13.0600004196167
2013-03-08,,,152.7100067138672,61.56668472290039,88.38391876220703,123.7599868774414,79.64591217041016,1551.1800537109375,12.59000015258789
2013-03-11,,,152.99000549316406,61.745723724365234,88.38391876220703,124.22975158691406,79.7222900390625,1556.219970703125,11.5600004196167
2013-03-12,,,154.19000244140625,61.52191162109375,88.39996337890625,123.95106506347656,80.29833984375,1552.47998046875,12.270000457763672
2013-03-13,,,153.66000366210938,61.44134521484375,88.39996337890625,124.126220703125,80.21504974365234,1554.52001953125,11.829999923706055
2013-03-14,,,153.67999267578125,61.64725112915039,88.39996337890625,124.78704071044922,79.97216796875,1563.22998046875,11.300000190734863
2013-03-15,,,154.0,61.47587585449219,88.39996337890625,124.62232971191406,80.34691619873047,1560.699951171875,11.300000190734863
2013-03-18,,,155.3800048828125,61.34126281738281,88.39192199707031,123.93461608886719,80.9577407836914,1552.0999755859375,13.359999656677246
2013-03-19,,,156.0800018310547,61.22462844848633,88.39192199707031,123.64674377441406,81.50605010986328,1548.3399658203125,14.390000343322754
2013-03-20,,,155.3699951171875,61.655330657958984,88.39192199707031,124.51033782958984,80.5968246459961,1558.7099609375,12.670000076293945
2013-03-21,,,156.25,60.95541763305664,88.39996337890625,123.44671630859375,81.37415313720703,1545.800048828125,13.989999771118164
2013-03-22,,,155.5500030517578,61.54764175415039,88.40797424316406,124.43843841552734,81.4366455078125,1556.8900146484375,13.569999694824219
2013-03-25,,,155.24000549316406,61.32332992553711,88.39996337890625,123.91859436035156,81.3603286743164,1551.68994140625,13.739999771118164
2013-03-26,,,154.72000122070312,61.655330657958984,88.39996337890625,124.91022491455078,81.45748901367188,1563.77001953125,12.770000457763672
2013-03-27,,,155.36000061035156,61.736083984375,88.40797424316406,124.91022491455078,82.15159606933594,1562.8499755859375,13.149999618530273
2013-03-28,,,154.4499969482422,61.888641357421875,88.39996337890625,125.29411315917969,81.73518371582031,1569.18994140625,12.699999809265137
2013-04-01,,,154.6699981689453,61.46691131591797,88.39192199707031,124.79835510253906,82.35066986083984,1562.1700439453125,13.579999923706055
2013-04-02,,,152.42999267578125,61.95146179199219,88.39192199707031,125.41405487060547,82.01683807373047,1570.25,12.779999732971191
2013-04-03,,,150.72999572753906,61.38615036010742,88.39996337890625,124.14244079589844,82.75416564941406,1553.68994140625,14.210000038146973
2013-04-04,,,150.2899932861328,61.40407180786133,88.39996337890625,124.64628601074219,83.74188232421875,1559.97998046875,13.890000343322754
2013-04-05,,,152.80999755859375,60.89259719848633,88.39996337890625,124.08648681640625,85.43219757080078,1553.280029296875,13.920000076293945
2013-04-08,,,152.16000366210938,61.21564483642578,88.40797424316406,124.92625427246094,84.77835845947266,1563.0699462890625,13.1899995803833
2013-04-09,,,153.33999633789062,61.628421783447266,88.39996337890625,125.3581314086914,84.56967163085938,1568.6099853515625,12.84000015258789
2013-04-10,,,150.75,62.8308219909668,88.40797424316406,126.8935775756836,83.40802764892578,1587.72998046875,12.359999656677246
2013-04-11,,,151.0500030517578,62.803897857666016,88.40797424316406,127.30945587158203,83.56795501708984,1593.3699951171875,12.239999771118164
2013-04-12,,,143.9499969482422,62.75904083251953,88.40797424316406,126.99758911132812,84.81310272216797,1588.8499755859375,12.0600004196167
2013-04-15,,,131.30999755859375,61.520755767822266,88.40797424316406,124.05450439453125,85.5504379272461,1552.3599853515625,17.270000457763672
2013-04-16,,,132.8000030517578,62.337303161621094,88.40797424316406,125.88590240478516,84.8478775024414,1574.5699462890625,13.960000038146973
2013-04-17,,,132.8699951171875,61.116920471191406,88.40797424316406,124.04651641845703,85.41131591796875,1552.010009765625,16.510000228881836
2013-04-18,,,134.3000030517578,60.273441314697266,88.39996337890625,123.2707748413086,85.62000274658203,1541.6099853515625,17.559999465942383
2013-04-19,,,135.47000122070312,61.098976135253906,88.40797424316406,124.34243774414062,85.43914794921875,1555.25,14.970000267028809
2013-04-22,,,137.89999389648438,61.727088928222656,88.40797424316406,124.89422607421875,85.5016860961914,1562.5,14.390000343322754
2013-04-23,,,136.8800048828125,62.31934356689453,88.39996337890625,126.1817855834961,85.20264434814453,1578.780029296875,13.479999542236328
2013-04-24,,,138.3699951171875,62.29243087768555,88.39996337890625,126.26177215576172,85.41827392578125,1578.7900390625,13.609999656677246
2013-04-25,,,141.6300048828125,62.62443542480469,88.40797424316406,126.77361297607422,85.04962158203125,1585.1600341796875,13.619999885559082
2013-04-26,,,140.91000366210938,62.42704772949219,88.40797424316406,126.5496826171875,85.82864379882812,1582.239990234375,13.609999656677246
2013-04-29,,,142.3000030517578,63.00131607055664,88.40797424316406,127.39741516113281,85.51567077636719,1593.6099853515625,13.710000038146973
2013-04-30,,,142.77000427246094,63.45894241333008,88.41600036621094,127.70132446289062,85.56436920166016,1597.5699462890625,13.520000457763672
2013-05-01,,,141.11000061035156,63.1628303527832,88.39996337890625,126.5816650390625,86.44332122802734,1582.699951171875,14.489999771118164
2013-05-02,,,141.9199981689453,63.961456298828125,88.39996337890625,127.75729370117188,86.33183288574219,1597.5899658203125,13.59000015258789
2013-05-03,,,142.08999633789062,64.71521759033203,88.40797424316406,129.05282592773438,84.29635620117188,1614.4200439453125,12.850000381469727
2013-05-06,,,142.14999389648438,64.96646118164062,88.40797424316406,129.38070678710938,84.08722686767578,1617.5,12.65999984741211
2013-05-07,,,140.3800048828125,64.93057250976562,88.40797424316406,130.0365753173828,83.7596435546875,1625.9599609375,12.829999923706055
2013-05-08,,,142.4600067138672,65.2446517944336,88.40797424316406,130.6283721923828,83.89202880859375,1632.68994140625,12.65999984741211
2013-05-09,,,140.80999755859375,65.1549072265625,88.41600036621094,130.26040649414062,83.67597961425781,1626.6700439453125,13.130000114440918
2013-05-10,,,139.60000610351562,65.54972839355469,88.41600036621094,130.684326171875,82.77677917480469,1633.699951171875,12.59000015258789
2013-05-13,,,138.42999267578125,65.63048553466797,88.41600036621094,130.78826904296875,82.14240264892578,1633.77001953125,12.550000190734863
2013-05-14,,,137.80999755859375,65.97148895263672,88.41600036621094,132.13983154296875,81.25018310546875,1650.3399658203125,12.770000457763672
2013-05-15,,,134.6300048828125,66.1060791015625,88.41600036621094,132.8515625,81.79389190673828,1658.780029296875,12.8100004196167
2013-05-16,,,134.08999633789062,66.03430938720703,88.40797424316406,132.22775268554688,82.64432525634766,1650.469970703125,13.069999694824219
2013-05-17,,,131.07000732421875,66.67137145996094,88.40797424316406,133.50738525390625,81.59871673583984,1667.469970703125,12.449999809265137
2013-05-20,,,135.1199951171875,66.57269287109375,88.40797424316406,133.49932861328125,81.50114440917969,1666.2900390625,13.020000457763672
2013-05-21,,,132.8800048828125,66.64443969726562,88.40797424316406,133.69126892089844,82.14240264892578,1669.1600341796875,13.369999885559082
2013-05-22,,,131.94000244140625,66.06121063232422,88.40797424316406,132.69964599609375,80.92253875732422,1655.3499755859375,13.819999694824219
2013-05-23,,,134.61000061035156,65.90865325927734,88.39996337890625,132.3157196044922,81.30595397949219,1650.510009765625,14.069999694824219
2013-05-24,,,133.75999450683594,65.87275695800781,88.40797424316406,132.2038116455078,81.41751861572266,1649.5999755859375,13.989999771118164
2013-05-28,,,133.49000549316406,66.30348205566406,88.39996337890625,132.99551391601562,79.35417175292969,1660.06005859375,14.479999542236328
2013-05-29,,,134.8300018310547,65.98941802978516,88.39996337890625,132.1318817138672,80.24642944335938,1648.3599853515625,14.829999923706055
2013-05-30,,,136.6999969482422,66.33939361572266,88.39996337890625,132.61964416503906,80.05121612548828,1654.4100341796875,14.529999732971191
2013-05-31,,,133.9199981689453,65.72920989990234,88.40797424316406,130.71621704101562,79.77937316894531,1630.739990234375,16.299999237060547
2013-06-03,,,136.50999450683594,65.84584045410156,88.41600036621094,131.43600463867188,80.20211791992188,1640.4200439453125,16.280000686645508
2013-06-04,,,135.22999572753906,65.50485229492188,88.41600036621094,130.80430603027344,79.46142578125,1631.3800048828125,16.270000457763672
2013-06-05,,,135.52000427246094,64.65238952636719,88.41600036621094,128.97286987304688,80.55847930908203,1608.9000244140625,17.5
2013-06-06,,,136.52999877929688,64.96646118164062,88.41600036621094,130.14048767089844,80.5096206665039,1622.56005859375,16.6299991607666
2013-06-07,,,133.27999877929688,65.85478973388672,88.40797424316406,131.7958984375,79.07015228271484,1643.3800048828125,15.140000343322754
2013-06-10,,,133.94000244140625,65.88172912597656,88.41600036621094,131.7958984375,78.6928482055664,1642.81005859375,15.4399995803833
2013-06-11,,,133.25,65.2267074584961,88.40797424316406,130.43641662597656,79.62914276123047,1626.1300048828125,17.06999969482422
2013-06-12,,,134.25,64.47293090820312,88.39996337890625,129.3568115234375,78.4901351928711,1612.52001953125,18.59000015258789
2013-06-13,,,133.74000549316406,65.28949737548828,88.40797424316406,131.32411193847656,79.71997833251953,1636.3599853515625,16.40999984741211
2013-06-14,,,134.42999267578125,64.85877990722656,88.41600036621094,130.5003662109375,79.53128051757812,1626.72998046875,17.149999618530273
2013-06-17,,,133.77000427246094,65.4869155883789,88.41600036621094,131.50804138183594,79.112060546875,1639.0400390625,16.799999237060547
2013-06-18,,,132.1300048828125,66.02530670166016,88.40797424316406,132.54766845703125,79.15397644042969,1651.81005859375,16.610000610351562
2013-06-19,,,130.58999633789062,65.28949737548828,88.40797424316406,130.71621704101562,78.33641052246094,1628.9300537109375,16.639999389648438
2013-06-20,,,123.5999984741211,63.73713302612305,88.39996337890625,127.47740173339844,77.05071258544922,1588.18994140625,20.489999771118164
2013-06-21,,,125.05000305175781,63.3986701965332,88.39996337890625,127.88663482666016,75.74407958984375,1592.4300537109375,18.899999618530273
2013-06-24,,,123.93000030517578,62.768558502197266,88.40797424316406,126.27066040039062,76.05853271484375,1573.0899658203125,20.110000610351562
2013-06-25,,,123.47000122070312,63.227622985839844,88.40797424316406,127.48458099365234,75.38077545166016,1588.030029296875,18.469999313354492
2013-06-26,,,118.27999877929688,63.794769287109375,88.39996337890625,128.74684143066406,75.86988067626953,1603.260009765625,17.209999084472656
2013-06-27,,,115.94000244140625,64.06480407714844,88.39996337890625,129.50262451171875,76.6455307006836,1613.199951171875,16.860000610351562
2013-06-28,,,119.11000061035156,64.15478515625,88.39192199707031,128.97190856933594,77.16954040527344,1606.280029296875,16.860000610351562
2013-07-01,,,121.12999725341797,64.55088806152344,88.40797424316406,129.72769165039062,77.32501983642578,1614.9599609375,16.3700008392334
2013-07-02,,,120.05000305175781,64.57787322998047,88.40797424316406,129.6071014404297,77.27600860595703,1614.0799560546875,16.440000534057617
2013-07-03,,,120.73999786376953,64.83893585205078,88.40797424316406,129.66334533691406,77.04491424560547,1615.4100341796875,16.200000762939453
2013-07-05,,,118.08999633789062,65.33403015136719,88.41600036621094,131.06224060058594,74.4186019897461,1631.8900146484375,14.890000343322754
2013-07-08,,,119.51000213623047,65.39704132080078,88.41600036621094,131.80996704101562,75.1399917602539,1640.4599609375,14.779999732971191
2013-07-09,,,120.62000274658203,65.79312133789062,88.41600036621094,132.7586669921875,75.21695709228516,1652.3199462890625,14.350000381469727
2013-07-10,,,120.94999694824219,66.1711654663086,88.41600036621094,132.80690002441406,74.62870788574219,1652.6199951171875,14.210000038146973
2013-07-11,,,124.23999786376953,67.48542785644531,88.39996337890625,134.6157989501953,75.50416564941406,1675.02001953125,14.010000228881836
2013-07-12,,,124.12999725341797,67.78246307373047,88.40797424316406,134.6720733642578,75.44107818603516,1680.18994140625,13.84000015258789
2013-07-15,,,124.18000030517578,67.93549346923828,88.39996337890625,135.18653869628906,75.84025573730469,1682.5,13.789999961853027
2013-07-16,,,124.88999938964844,67.84548950195312,88.40797424316406,134.6801300048828,76.09941101074219,1676.260009765625,14.420000076293945
2013-07-17,,,123.31999969482422,68.0165023803711,88.41600036621094,135.0258026123047,76.2394790649414,1680.9100341796875,13.779999732971191
2013-07-18,,,124.01000213623047,67.84548950195312,88.40797424316406,135.76544189453125,75.28702545166016,1689.3699951171875,13.770000457763672
2013-07-19,,,125.11000061035156,67.14335632324219,88.40797424316406,136.006591796875,76.4776382446289,1692.0899658203125,12.539999961853027
2013-07-22,,,128.83999633789062,67.34139251708984,88.39996337890625,136.27195739746094,76.58970642089844,1695.530029296875,12.289999961853027
2013-07-23,,,129.7100067138672,66.84629821777344,88.39996337890625,135.98252868652344,76.26747131347656,1692.3900146484375,12.65999984741211
2013-07-24,,,127.4800033569336,67.06233978271484,88.40797424316406,135.4840850830078,75.3010025024414,1685.93994140625,13.180000305175781
2013-07-25,,,128.6699981689453,67.48542785644531,88.40797424316406,135.81369018554688,75.27298736572266,1690.25,12.970000267028809
2013-07-26,,,128.77999877929688,67.84548950195312,88.40797424316406,135.95838928222656,75.73522186279297,1691.6500244140625,12.720000267028809
2013-07-29,,,128.47000122070312,67.7194595336914,88.40797424316406,135.5403594970703,75.18199157714844,1685.3299560546875,13.390000343322754
2013-07-30,,,128.1199951171875,68.07954406738281,88.39996337890625,135.5403594970703,75.1539306640625,1685.9599609375,13.390000343322754
2013-07-31,,,127.95999908447266,68.20555114746094,88.41600036621094,135.63685607910156,75.4271011352539,1685.72998046875,13.449999809265137
2013-08-01,,,126.61000061035156,68.89868927001953,88.40797424316406,137.2045440673828,73.97376251220703,1706.8699951171875,12.9399995803833
2013-08-02,,,126.36000061035156,69.28575134277344,88.40797424316406,137.43771362304688,74.7881851196289,1709.6700439453125,11.979999542236328
2013-08-05,,,125.69999694824219,69.33074188232422,88.41600036621094,137.23675537109375,74.21239471435547,1707.1400146484375,11.84000015258789
2013-08-06,,,123.97000122070312,68.91667175292969,88.41600036621094,136.45687866210938,74.43013000488281,1697.3699951171875,12.720000267028809
2013-08-07,,,124.1500015258789,68.7906494140625,88.41600036621094,136.0146484375,74.98478698730469,1690.9100341796875,12.979999542236328
2013-08-08,,,126.86000061035156,69.1327133178711,88.41600036621094,136.51315307617188,75.18840026855469,1697.47998046875,12.729999542236328
2013-08-09,,,126.86000061035156,68.85364532470703,88.40797424316406,136.1191864013672,75.30776977539062,1691.4200439453125,13.40999984741211
2013-08-12,,,129.1300048828125,69.01570892333984,88.41600036621094,135.95838928222656,74.7951889038086,1689.469970703125,12.8100004196167
2013-08-13,,,127.73999786376953,69.40277862548828,88.41600036621094,136.3603973388672,73.71394348144531,1694.1600341796875,12.3100004196167
2013-08-14,,,129.0,69.14170837402344,88.40797424316406,135.6609344482422,73.8262939453125,1685.3900146484375,13.039999961853027
2013-08-15,,,131.69000244140625,67.97151947021484,88.41600036621094,133.76356506347656,72.8293228149414,1661.3199462890625,14.729999542236328
2013-08-16,,,132.5800018310547,67.94452667236328,88.41600036621094,133.32139587402344,72.57649993896484,1655.8299560546875,14.369999885559082
2013-08-19,,,132.00999450683594,67.82748413085938,88.39996337890625,132.4691925048828,71.9446792602539,1646.06005859375,15.100000381469727
2013-08-20,,,132.4499969482422,68.12455749511719,88.41600036621094,133.12046813964844,72.49935150146484,1652.3499755859375,14.90999984741211
2013-08-21,,,132.07000732421875,67.89051055908203,88.39996337890625,132.3003387451172,71.70592498779297,1642.800048828125,15.9399995803833
2013-08-22,,,132.80999755859375,68.55661010742188,88.39996337890625,133.50628662109375,72.43612670898438,1656.9599609375,14.760000228881836
2013-08-23,,,134.89999389648438,69.01570892333984,88.39996337890625,133.95654296875,73.22248077392578,1663.5,13.979999542236328
2013-08-26,,,135.4499969482422,69.05170440673828,88.40797424316406,133.45809936523438,73.58756256103516,1656.780029296875,14.989999771118164
2013-08-27,,,136.75,67.638427734375,88.41600036621094,131.31149291992188,74.5143814086914,1630.47998046875,16.770000457763672
2013-08-28,,,136.7100067138672,67.8995132446289,88.41600036621094,131.77784729003906,73.9105224609375,1634.9599609375,16.489999771118164
2013-08-29,,,135.8699951171875,68.37659454345703,88.41600036621094,131.98681640625,74.50029754638672,1638.1700439453125,16.809999465942383
2013-08-30,,,134.6199951171875,67.93549346923828,88.41600036621094,131.56878662109375,74.41608428955078,1632.969970703125,17.010000228881836
2013-09-03,,,136.4199981689453,68.32257080078125,88.42401123046875,132.1636962890625,73.366455078125,1639.77001953125,16.610000610351562
2013-09-04,,,134.66000366210938,69.05170440673828,88.42401123046875,133.25706481933594,73.20454406738281,1653.0799560546875,15.880000114440918
2013-09-05,,,132.1999969482422,69.16874694824219,88.41600036621094,133.42593383789062,72.18383026123047,1655.0799560546875,15.770000457763672
2013-09-06,,,134.14999389648438,69.24974822998047,88.42401123046875,133.4901885986328,72.54280853271484,1655.1700439453125,15.850000381469727
2013-09-09,,,133.91000366210938,70.05988311767578,88.41600036621094,134.7685546875,72.57803344726562,1671.7099609375,15.630000114440918
2013-09-10,,,131.74000549316406,70.40192413330078,88.42401123046875,135.76544189453125,72.0711669921875,1683.989990234375,14.529999732971191
2013-09-11,,,131.6999969482422,70.26692199707031,88.41600036621094,136.1915283203125,72.71177673339844,1689.1300048828125,13.819999694824219
2013-09-12,,,127.66999816894531,70.221923828125,88.42401123046875,135.82974243164062,72.61322021484375,1683.4200439453125,14.289999961853027
2013-09-13,,,127.81999969482422,70.26692199707031,88.42401123046875,136.13528442382812,72.89482116699219,1687.989990234375,14.15999984741211
2013-09-16,,,126.44999694824219,70.07789611816406,88.41600036621094,136.9231719970703,72.40908813476562,1697.5999755859375,14.380000114440918
2013-09-17,,,126.5,70.54598236083984,88.41600036621094,137.53411865234375,73.00743103027344,1704.760009765625,14.529999732971191
2013-09-18,,,132.00999450683594,71.39214324951172,88.42401123046875,139.12599182128906,73.90851593017578,1725.52001953125,13.59000015258789
2013-09-19,,,131.75,71.56318664550781,88.42401123046875,138.8928985595703,73.4720458984375,1722.3399658203125,13.15999984741211
2013-09-20,,,127.95999908447266,71.31759643554688,88.42401123046875,137.9217987060547,73.85919952392578,1709.9100341796875,13.119999885559082
2013-09-23,,,127.55000305175781,71.17314147949219,88.42401123046875,137.28359985351562,74.40129089355469,1701.8399658203125,14.3100004196167
2013-09-24,,,127.66000366210938,71.17314147949219,88.42401123046875,136.96044921875,75.20379638671875,1697.4200439453125,14.079999923706055
2013-09-25,,,128.7899932861328,70.92935180664062,88.43203735351562,136.56446838378906,75.35868835449219,1692.77001953125,14.010000228881836
2013-09-26,,,127.79000091552734,71.48008728027344,88.43203735351562,137.08969116210938,74.83068084716797,1698.6700439453125,14.0600004196167
2013-09-27,,,128.97000122070312,71.38981628417969,88.43203735351562,136.45950317382812,75.01373291015625,1691.75,15.460000038146973
2013-09-30,,,128.17999267578125,71.21825408935547,88.42401123046875,135.73243713378906,74.90111541748047,1681.550048828125,16.600000381469727
2013-10-01,,,124.58999633789062,71.94058227539062,88.41600036621094,136.80691528320312,74.67387390136719,1695.0,15.539999961853027
2013-10-02,,,127.05999755859375,71.91349029541016,88.40797424316406,136.6776123046875,74.7867431640625,1693.8699951171875,16.600000381469727
2013-10-03,,,127.18000030517578,71.07379913330078,88.40797424316406,135.4173583984375,74.66676330566406,1678.6600341796875,17.670000076293945
2013-10-04,,,126.52999877929688,71.68775177001953,88.41600036621094,136.44337463378906,74.6103286743164,1690.5,16.739999771118164
2013-10-07,,,127.63999938964844,71.09184265136719,88.40797424316406,135.2638702392578,74.9137954711914,1676.1199951171875,19.40999984741211
2013-10-08,,,127.4000015258789,69.71952056884766,88.40797424316406,133.68849182128906,74.9349594116211,1655.449951171875,20.34000015258789
2013-10-09,,,126.11000061035156,69.5028305053711,88.39192199707031,133.78543090820312,74.33505249023438,1656.4000244140625,19.600000381469727
2013-10-10,,,124.2699966430664,70.97450256347656,88.39192199707031,136.66954040527344,74.45501708984375,1692.56005859375,16.479999542236328
2013-10-11,,,122.5999984741211,71.53431701660156,88.39996337890625,137.55015563964844,74.43385314941406,1703.199951171875,15.720000267028809
2013-10-14,,,122.83000183105469,72.03990173339844,88.39192199707031,138.0994873046875,73.83393096923828,1710.1400146484375,16.06999969482422
2013-10-15,,,123.7300033569336,71.76000213623047,88.37590789794922,137.0977783203125,73.78449249267578,1698.06005859375,18.65999984741211
2013-10-16,,,123.54000091552734,72.57259368896484,88.38391876220703,139.01242065429688,74.7090835571289,1721.5400390625,14.710000038146973
2013-10-17,,,127.41999816894531,72.98788452148438,88.40797424316406,139.9415283203125,75.38664245605469,1733.1500244140625,13.479999542236328
2013-10-18,,,126.8499984741211,74.170654296875,88.41600036621094,140.88670349121094,75.54900360107422,1744.5,13.039999961853027
2013-10-21,,,126.9800033569336,74.3331527709961,88.41600036621094,140.89480590820312,75.30901336669922,1744.6600341796875,13.15999984741211
2013-10-22,,,129.33999633789062,74.44149017333984,88.40797424316406,141.7107696533203,76.14894104003906,1754.6700439453125,13.329999923706055
2013-10-23,,,128.69000244140625,73.99008178710938,88.41600036621094,141.03211975097656,76.44537353515625,1746.3800048828125,13.420000076293945
2013-10-24,,,129.89999389648438,74.31510162353516,88.41600036621094,141.5006866455078,76.14894104003906,1752.0699462890625,13.199999809265137
2013-10-25,,,130.4600067138672,74.8478012084961,88.41600036621094,142.14700317382812,76.4312515258789,1759.77001953125,13.09000015258789
2013-10-28,,,130.55999755859375,74.8658676147461,88.39996337890625,142.37322998046875,76.17017364501953,1762.1099853515625,13.3100004196167
2013-10-29,,,129.77000427246094,74.99227142333984,88.39996337890625,143.1326141357422,76.26895904541016,1771.949951171875,13.40999984741211
2013-10-30,,,129.60000610351562,74.92005157470703,88.40797424316406,142.42169189453125,75.8101806640625,1763.31005859375,13.649999618530273
2013-10-31,,,127.73999786376953,74.74848175048828,88.40797424316406,142.01776123046875,75.97250366210938,1756.5400390625,13.75
2013-11-01,,,126.94999694824219,74.76654815673828,88.39996337890625,142.3570556640625,75.15019989013672,1761.6400146484375,13.279999732971191
2013-11-04,,,126.80999755859375,74.87488555908203,88.39996337890625,142.85794067382812,75.22096252441406,1767.9300537109375,12.930000305175781
2013-11-05,,,126.55999755859375,74.95612335205078,88.39996337890625,142.4055938720703,74.32215881347656,1762.969970703125,13.270000457763672
2013-11-06,,,127.19999694824219,74.93809509277344,88.39996337890625,143.1326141357422,74.35753631591797,1770.489990234375,12.670000076293945
2013-11-07,,,126.16000366210938,73.52960968017578,88.39996337890625,141.32298278808594,74.98735046386719,1747.1500244140625,13.90999984741211
2013-11-08,,,124.27999877929688,74.52275848388672,88.39996337890625,143.2295684814453,73.1827621459961,1770.6099853515625,12.899999618530273
2013-11-11,,,123.87000274658203,74.40540313720703,88.40797424316406,143.2538604736328,72.90673065185547,1771.8900146484375,12.529999732971191
2013-11-12,,,122.44999694824219,74.52275848388672,88.41600036621094,142.96298217773438,73.24644470214844,1767.68994140625,12.819999694824219
2013-11-13,,,122.8499984741211,75.4256591796875,88.41600036621094,144.11019897460938,73.51537322998047,1782.0,12.520000457763672
2013-11-14,,,124.2699966430664,75.6603775024414,88.41600036621094,144.8292236328125,73.96831512451172,1790.6199951171875,12.369999885559082
2013-11-15,,,124.31999969482422,75.80484008789062,88.40797424316406,145.45936584472656,74.11695098876953,1798.1800537109375,12.1899995803833
2013-11-18,,,122.9000015258789,75.06449127197266,88.40797424316406,144.95037841796875,74.56277465820312,1791.530029296875,13.100000381469727
2013-11-19,,,122.94999694824219,74.8478012084961,88.40797424316406,144.6353302001953,73.99662017822266,1787.8699951171875,13.390000343322754
2013-11-20,,,120.12000274658203,74.66722869873047,88.41600036621094,144.18284606933594,72.73690795898438,1781.3699951171875,13.399999618530273
2013-11-21,,,119.94000244140625,75.4256591796875,88.41600036621094,145.3462677001953,72.8572769165039,1795.8499755859375,12.65999984741211
2013-11-22,,,119.91999816894531,75.83194732666016,88.41600036621094,146.0733184814453,73.53658294677734,1804.760009765625,12.260000228881836
2013-11-25,,,120.45999908447266,76.01248168945312,88.41600036621094,145.92794799804688,73.74893188476562,1802.47998046875,12.789999961853027
2013-11-26,,,119.81999969482422,76.4097671508789,88.41600036621094,145.96832275390625,74.02495574951172,1802.75,12.8100004196167
2013-11-27,,,119.45999908447266,76.94246673583984,88.41600036621094,146.32382202148438,73.89751434326172,1807.22998046875,12.979999542236328
2013-11-29,,,120.69999694824219,77.40292358398438,88.40797424316406,146.2268829345703,73.91877746582031,1805.81005859375,13.699999809265137
2013-12-02,,,117.58000183105469,77.17718505859375,88.39996337890625,145.84715270996094,73.34383392333984,1800.9000244140625,14.229999542236328
2013-12-03,,,117.95999908447266,77.11396789550781,88.39996337890625,145.2169952392578,73.61355590820312,1795.1500244140625,14.550000190734863
2013-12-04,,,119.95999908447266,77.18620300292969,88.40797424316406,145.20079040527344,72.91087341308594,1792.81005859375,14.699999809265137
2013-12-05,,,118.30000305175781,77.0868911743164,88.41600036621094,144.56263732910156,72.70503997802734,1785.030029296875,15.079999923706055
2013-12-06,,,118.55000305175781,77.64667510986328,88.41600036621094,146.17837524414062,73.05280303955078,1805.0899658203125,13.789999961853027
2013-12-09,,,119.72000122070312,77.96271514892578,88.40797424316406,146.55001831054688,73.22314453125,1808.3699951171875,13.489999771118164
2013-12-10,,,121.81999969482422,77.90853881835938,88.41600036621094,146.02487182617188,73.74844360351562,1802.6199951171875,13.90999984741211
2013-12-11,,,120.86000061035156,76.90633392333984,88.41600036621094,144.38478088378906,73.18058776855469,1782.219970703125,15.420000076293945
2013-12-12,,,118.29000091552734,76.7077407836914,88.41600036621094,143.908203125,72.90375518798828,1775.5,15.539999961853027
2013-12-13,,,119.37999725341797,76.60838317871094,88.41600036621094,143.89202880859375,73.2586898803711,1775.3199462890625,15.760000228881836
2013-12-16,,,119.69000244140625,77.03276062011719,88.41600036621094,144.78878784179688,72.98893737792969,1786.5400390625,16.030000686645508
2013-12-17,,,118.6500015258789,76.87925720214844,88.40797424316406,144.3282928466797,73.3154067993164,1781.0,16.209999084472656
2013-12-18,,,117.61000061035156,77.77308654785156,88.42401123046875,146.7923583984375,72.94633483886719,1810.6500244140625,13.800000190734863
2013-12-19,,,114.81999969482422,77.55643463134766,88.40797424316406,146.62271118164062,72.87535095214844,1809.5999755859375,14.149999618530273
2013-12-20,,,115.94000244140625,78.3462142944336,88.40797424316406,147.4755859375,73.9968490600586,1818.3199462890625,13.789999961853027
2013-12-23,,,115.56999969482422,79.17044067382812,88.40797424316406,148.26351928710938,73.57805633544922,1827.989990234375,13.039999961853027
2013-12-24,,,116.0999984741211,79.20664978027344,88.40797424316406,148.58834838867188,72.98893737792969,1833.3199462890625,12.479999542236328
2013-12-26,,,116.73999786376953,79.46931457519531,88.40959930419922,149.34373474121094,72.7076416015625,1842.02001953125,12.329999923706055
2013-12-27,,,117.12000274658203,79.27006530761719,88.40959930419922,149.33566284179688,72.50115203857422,1841.4000244140625,12.460000038146973
2013-12-30,,,115.38999938964844,79.15230560302734,88.40959930419922,149.311279296875,72.9996337890625,1841.0699462890625,13.5600004196167
2013-12-31,,,116.12000274658203,79.66860961914062,88.41761779785156,150.01795959472656,72.53672790527344,1848.3599853515625,13.720000267028809
2014-01-02,,,118.0,79.04363250732422,88.40155792236328,148.5802764892578,72.75747680664062,1831.97998046875,14.229999542236328
2014-01-03,,,119.29000091552734,78.47300720214844,88.41761779785156,148.555908203125,72.75747680664062,1831.3699951171875,13.760000228881836
2014-01-06,,,119.5,78.18316650390625,88.40959930419922,148.1253662109375,73.06371307373047,1826.77001953125,13.550000190734863
2014-01-07,,,118.81999969482422,78.90776824951172,88.40959930419922,149.0351104736328,73.24885559082031,1837.8800048828125,12.920000076293945
2014-01-08,,,118.12000274658203,79.07986450195312,88.41761779785156,149.067626953125,73.04947662353516,1837.489990234375,12.869999885559082
2014-01-09,,,118.45999908447266,78.81719970703125,88.41761779785156,149.16510009765625,73.47671508789062,1838.1300048828125,12.890000343322754
2014-01-10,,,120.26000213623047,79.0708236694336,88.41761779785156,149.5712432861328,74.3526382446289,1842.3699951171875,12.140000343322754
2014-01-13,,,121.0199966430664,77.90240478515625,88.40959930419922,147.58116149902344,74.72295379638672,1819.199951171875,13.279999732971191
2014-01-14,,,119.88999938964844,79.3878402709961,88.41761779785156,149.18948364257812,74.38111114501953,1838.8800048828125,12.279999732971191
2014-01-15,,,119.66000366210938,80.0399398803711,88.41761779785156,149.99362182617188,74.30280303955078,1848.3800048828125,12.279999732971191
2014-01-16,,,119.79000091552734,80.04899597167969,88.40959930419922,149.7987060546875,74.80128479003906,1845.8900146484375,12.529999732971191
2014-01-17,,,120.93000030517578,79.59611511230469,88.41761779785156,149.16510009765625,75.1146240234375,1838.699951171875,12.4399995803833
2014-01-21,,,119.69999694824219,80.20294952392578,88.40959930419922,149.6037139892578,75.17153930664062,1843.800048828125,12.869999885559082
2014-01-22,,,119.19000244140625,80.41130065917969,88.40959930419922,149.70118713378906,74.98645782470703,1844.8599853515625,12.84000015258789
2014-01-23,,,121.79000091552734,80.13957214355469,88.40959930419922,148.47463989257812,76.04750061035156,1828.4599609375,13.770000457763672
2014-01-24,,,122.29000091552734,78.5635757446289,88.40959930419922,145.30677795410156,76.53887939453125,1790.2900390625,18.139999389648438
2014-01-27,,,120.95999908447266,77.80277252197266,88.40959930419922,144.5919952392578,76.00476837158203,1781.56005859375,17.420000076293945
2014-01-28,,,120.94999694824219,77.75749206542969,88.41761779785156,145.45306396484375,76.18989562988281,1792.5,15.800000190734863
2014-01-29,,,122.47000122070312,76.92417907714844,88.41761779785156,144.0559844970703,76.81663513183594,1774.199951171875,17.350000381469727
2014-01-30,,,119.7699966430664,78.3462142944336,88.41761779785156,145.5830078125,76.59578704833984,1794.18994140625,17.290000915527344
2014-01-31,,,120.08999633789062,78.13788604736328,88.40959930419922,144.7301025390625,77.10851287841797,1782.5899658203125,18.40999984741211
2014-02-03,,,121.31999969482422,76.34452819824219,88.43363189697266,141.47286987304688,78.048095703125,1741.8900146484375,21.440000534057617
2014-02-04,,,120.98999786376953,76.90607452392578,88.41761779785156,142.46383666992188,77.21991729736328,1755.199951171875,19.110000610351562
2014-02-05,,,121.29000091552734,76.70683288574219,88.40959930419922,142.28515625,76.50599670410156,1751.6400146484375,19.950000762939453
2014-02-06,,,121.23999786376953,77.68499755859375,88.42560577392578,144.16148376464844,76.17753601074219,1773.4300537109375,17.229999542236328
2014-02-07,,,122.16999816894531,79.0708236694336,88.41761779785156,145.94851684570312,76.24182891845703,1797.02001953125,15.289999961853027
2014-02-10,,,122.91999816894531,79.52367401123047,88.41761779785156,146.21649169921875,76.45600891113281,1799.8399658203125,15.260000228881836
2014-02-11,,,124.36000061035156,80.42943572998047,88.41761779785156,147.81674194335938,76.01334381103516,1819.75,14.510000228881836
2014-02-12,,,124.43000030517578,80.5833740234375,88.40959930419922,147.889892578125,75.6207046508789,1819.260009765625,14.300000190734863
2014-02-13,,,125.48999786376953,81.1811752319336,88.41761779785156,148.65335083007812,76.0490493774414,1829.8299560546875,14.140000343322754
2014-02-14,,,127.1500015258789,81.34420013427734,88.40959930419922,149.47378540039062,76.09188842773438,1838.6300048828125,13.569999694824219
2014-02-18,,,127.4000015258789,81.74275207519531,88.40959930419922,149.6524658203125,76.26324462890625,1840.760009765625,13.869999885559082
2014-02-19,,,126.2699966430664,81.1811752319336,88.40959930419922,148.66148376464844,75.94200897216797,1828.75,15.5
2014-02-20,,,127.5999984741211,81.56159210205078,88.40959930419922,149.5386962890625,75.75634765625,1839.780029296875,14.789999961853027
2014-02-21,,,127.58000183105469,81.45287322998047,88.40959930419922,149.36817932128906,76.15614318847656,1836.25,14.680000305175781
2014-02-24,,,128.99000549316406,81.88766479492188,88.40959930419922,150.1966552734375,75.9633560180664,1847.6099853515625,14.229999542236328
2014-02-25,,,129.2100067138672,81.79705047607422,88.41761779785156,150.13980102539062,76.6416244506836,1845.1199951171875,13.670000076293945
2014-02-26,,,128.11000061035156,81.72460174560547,88.41761779785156,150.14788818359375,77.04857635498047,1845.1600341796875,14.350000381469727
2014-02-27,,,128.1999969482422,82.25482940673828,88.41761779785156,150.9358673095703,77.4698257446289,1854.2900390625,14.039999961853027
2014-02-28,,,127.62000274658203,82.16388702392578,88.42560577392578,151.31761169433594,77.51266479492188,1859.449951171875,14.0
2014-03-03,,,130.2899932861328,81.55451965332031,88.40959930419922,150.2535400390625,78.03010559082031,1845.72998046875,16.0
2014-03-04,,,128.67999267578125,82.59137725830078,88.40959930419922,152.36544799804688,76.85636901855469,1873.9100341796875,14.100000381469727
2014-03-05,,,128.88999938964844,82.81873321533203,88.41761779785156,152.5035400390625,77.02100372314453,1873.81005859375,13.890000343322754
2014-03-06,,,130.1699981689453,82.74595642089844,88.41761779785156,152.8528289794922,76.26229858398438,1877.030029296875,14.210000038146973
2014-03-07,,,129.08999633789062,82.33671569824219,88.40959930419922,152.91773986816406,75.7828598022461,1878.0400390625,14.109999656677246
2014-03-10,,,129.1300048828125,82.40946960449219,88.41761779785156,152.83653259277344,75.89020538330078,1877.1700439453125,14.199999809265137
2014-03-11,,,129.86000061035156,82.05475616455078,88.40959930419922,152.08116149902344,76.09062194824219,1867.6300048828125,14.800000190734863
2014-03-12,,,131.75999450683594,82.36399841308594,88.40959930419922,152.12176513671875,76.62019348144531,1868.199951171875,14.470000267028809
2014-03-13,,,132.2100067138672,81.1998291015625,88.40959930419922,150.416015625,77.65074157714844,1846.3399658203125,16.219999313354492
2014-03-14,,,133.10000610351562,80.64500427246094,88.41761779785156,149.99362182617188,77.66504669189453,1841.1300048828125,17.81999969482422
2014-03-17,,,131.63999938964844,81.35442352294922,88.42560577392578,151.35009765625,77.08541870117188,1858.8299560546875,15.640000343322754
2014-03-18,,,130.6199951171875,82.33671569824219,88.41761779785156,152.4303741455078,77.36444091796875,1872.25,14.520000457763672
2014-03-19,,,128.08999633789062,81.89105224609375,88.42560577392578,151.6181640625,76.76333618164062,1860.77001953125,15.119999885559082
2014-03-20,,,127.86000061035156,82.11839294433594,88.42560577392578,152.5035400390625,76.6273193359375,1872.010009765625,14.520000457763672
2014-03-21,,,128.47000122070312,81.13026428222656,88.42560577392578,151.9120635986328,77.45755767822266,1866.52001953125,15.0
2014-03-24,,,126.18000030517578,80.41921997070312,88.42560577392578,151.28384399414062,78.00861358642578,1857.43994140625,15.09000015258789
2014-03-25,,,126.41000366210938,80.68360137939453,88.42560577392578,152.00177001953125,77.71516418457031,1865.6199951171875,14.020000457763672
2014-03-26,,,125.41000366210938,79.64441680908203,88.41761779785156,150.90855407714844,78.3235092163086,1852.56005859375,14.930000305175781
2014-03-27,,,124.58999633789062,79.19772338867188,88.43363189697266,150.59036254882812,78.71711730957031,1849.0400390625,14.619999885559082
2014-03-28,,,124.55999755859375,79.35270690917969,88.43363189697266,151.33274841308594,78.27338409423828,1857.6199951171875,14.40999984741211
2014-03-31,,,123.61000061035156,79.9178695678711,88.43363189697266,152.57289123535156,78.08013153076172,1872.3399658203125,13.880000114440918
2014-04-01,,,123.38999938964844,81.32169342041016,88.42560577392578,153.58450317382812,77.41288757324219,1885.52001953125,13.100000381469727
2014-04-02,,,124.31999969482422,81.53138732910156,88.43363189697266,154.09854125976562,76.96797943115234,1890.9000244140625,13.09000015258789
2014-04-03,,,123.91999816894531,80.88416290283203,88.44166564941406,153.89454650878906,77.30522918701172,1888.77001953125,13.369999885559082
2014-04-04,,,125.56999969482422,78.73281860351562,88.44166564941406,152.07521057128906,77.82184600830078,1865.0899658203125,13.960000038146973
2014-04-07,,,124.91000366210938,77.9853286743164,88.42560577392578,150.39456176757812,78.28827667236328,1845.0400390625,15.569999694824219
2014-04-08,,,126.08999633789062,78.70549774169922,88.44166564941406,151.01458740234375,78.4748306274414,1851.9599609375,14.890000343322754
2014-04-09,,,126.31999969482422,80.05461120605469,88.43363189697266,152.63821411132812,78.08734893798828,1872.1800537109375,13.819999694824219
2014-04-10,,,127.01000213623047,77.57511901855469,88.43363189697266,149.43185424804688,78.81204223632812,1833.0799560546875,15.890000343322754
2014-04-11,,,126.93000030517578,76.67268371582031,88.43363189697266,148.085693359375,79.45063018798828,1815.68994140625,17.030000686645508
2014-04-14,,,127.8499984741211,77.2742919921875,88.42560577392578,149.25234985351562,79.2425308227539,1830.6099853515625,16.110000610351562
2014-04-15,,,125.48999786376953,77.529541015625,88.43363189697266,150.2803192138672,79.73765563964844,1842.97998046875,15.609999656677246
2014-04-16,,,125.54000091552734,78.55963134765625,88.43363189697266,151.85491943359375,79.83808898925781,1862.31005859375,14.180000305175781
2014-04-17,,,124.75,78.57786560058594,88.42560577392578,152.0670623779297,78.96272277832031,1864.8499755859375,13.359999656677246
2014-04-21,,,124.23999786376953,79.1612548828125,88.42560577392578,152.59735107421875,78.89812469482422,1871.8900146484375,13.25
2014-04-22,,,123.77999877929688,79.79025268554688,88.42560577392578,153.29080200195312,79.16363525390625,1879.550048828125,13.1899995803833
2014-04-23,,,123.76000213623047,79.08834075927734,88.42560577392578,152.93185424804688,79.61563873291016,1875.3900146484375,13.270000457763672
2014-04-24,,,124.55999755859375,79.84494018554688,88.42560577392578,153.24192810058594,79.76632690429688,1878.6099853515625,13.319999694824219
2014-04-25,,,125.43000030517578,78.56874084472656,88.42560577392578,151.9854736328125,79.88114166259766,1863.4000244140625,14.0600004196167
2014-04-28,,,124.87999725341797,78.823974609375,88.42560577392578,152.46682739257812,79.49366760253906,1869.4300537109375,13.970000267028809
2014-04-29,,,124.86000061035156,79.45298767089844,88.43363189697266,153.17662048339844,79.3860092163086,1878.3299560546875,13.710000038146973
2014-04-30,,,124.22000122070312,79.6626205444336,88.43363189697266,153.6334991455078,79.71614074707031,1883.949951171875,13.40999984741211
2014-05-01,,,123.80000305175781,79.89966583251953,88.43363189697266,153.6497802734375,80.57136535644531,1883.6800537109375,13.25
2014-05-02,,,125.05999755859375,79.75377655029297,88.43363189697266,153.42958068847656,81.06757354736328,1881.1400146484375,12.90999984741211
2014-05-05,,,126.22000122070312,80.173095703125,88.43363189697266,153.72320556640625,80.57852935791016,1884.6600341796875,13.289999961853027
2014-05-06,,,125.9800033569336,79.13392639160156,88.42560577392578,152.38523864746094,80.90220642089844,1867.719970703125,13.800000190734863
2014-05-07,,,124.16999816894531,78.906005859375,88.43363189697266,153.28269958496094,80.6144790649414,1878.2099609375,13.399999618530273
2014-05-08,,,124.16999816894531,78.83309936523438,88.42560577392578,153.11949157714844,80.26924133300781,1875.6300048828125,13.430000305175781
2014-05-09,,,124.0999984741211,79.12482452392578,88.43363189697266,153.3479461669922,80.01030731201172,1878.47998046875,12.920000076293945
2014-05-12,,,124.94000244140625,80.42835998535156,88.42560577392578,154.84095764160156,79.68660736083984,1896.6500244140625,12.229999542236328
2014-05-13,,,124.5999984741211,80.48307037353516,88.43363189697266,154.97964477539062,80.37715148925781,1897.449951171875,12.130000114440918
2014-05-14,,,125.80999755859375,80.06371307373047,88.43363189697266,154.24534606933594,81.24739074707031,1888.530029296875,12.170000076293945
2014-05-15,,,124.7699966430664,79.43473815917969,88.42560577392578,152.8910369873047,81.89476776123047,1870.8499755859375,13.170000076293945
2014-05-16,,,124.5,79.954345703125,88.43363189697266,153.42137145996094,81.6645736694336,1877.8599853515625,12.4399995803833
2014-05-19,,,124.58000183105469,80.51040649414062,88.43363189697266,153.9843292236328,81.06038665771484,1885.0799560546875,12.420000076293945
2014-05-20,,,124.69000244140625,80.21871948242188,88.42560577392578,153.01341247558594,81.24021911621094,1872.8299560546875,12.960000038146973
2014-05-21,,,124.38999938964844,80.98440551757812,88.43363189697266,154.302490234375,80.74391174316406,1888.030029296875,11.90999984741211
2014-05-22,,,124.66999816894531,81.33995056152344,88.42560577392578,154.67770385742188,80.62883758544922,1892.489990234375,12.029999732971191
2014-05-23,,,124.51000213623047,81.93244934082031,88.44166564941406,155.2977752685547,81.06038665771484,1900.530029296875,11.359999656677246
2014-05-27,,,121.8499984741211,82.95343017578125,88.43363189697266,156.25234985351562,81.53511810302734,1911.9100341796875,11.510000228881836
2014-05-28,,,121.19999694824219,82.69816589355469,88.43363189697266,156.13818359375,82.5420913696289,1909.780029296875,11.680000305175781
2014-05-29,,,120.94000244140625,83.2269058227539,88.42560577392578,156.94583129882812,82.10337829589844,1920.030029296875,11.569999694824219
2014-05-30,,,120.43000030517578,83.2359848022461,88.43363189697266,157.1987762451172,82.06732940673828,1923.5699462890625,11.399999618530273
2014-06-02,,,119.69999694824219,83.15399169921875,88.43363189697266,157.3782196044922,81.457275390625,1924.969970703125,11.579999923706055
2014-06-03,,,120.01000213623047,83.11750030517578,88.42560577392578,157.29669189453125,80.45494842529297,1924.239990234375,11.869999885559082
2014-06-04,,,119.76000213623047,83.42743682861328,88.42560577392578,157.6148681640625,80.4333267211914,1927.8800048828125,12.079999923706055
2014-06-05,,,120.66000366210938,84.12938690185547,88.42560577392578,158.64285278320312,80.46937561035156,1940.4599609375,11.680000305175781
2014-06-06,,,120.61000061035156,84.61248779296875,88.43363189697266,159.4015350341797,80.46937561035156,1949.43994140625,10.729999542236328
2014-06-09,,,120.6500015258789,84.54869842529297,88.43363189697266,159.56472778320312,80.35397338867188,1951.27001953125,11.149999618530273
2014-06-10,,,121.38999938964844,84.69452667236328,88.42560577392578,159.58114624023438,80.0583267211914,1950.7900390625,10.989999771118164
2014-06-11,,,121.41000366210938,84.67631530761719,88.42560577392578,159.02626037597656,80.20259857177734,1943.8900146484375,11.600000381469727
2014-06-12,,,122.63999938964844,83.91058349609375,88.42560577392578,157.9003448486328,80.91646575927734,1930.1099853515625,12.5600004196167
2014-06-13,,,122.95999908447266,84.1567153930664,88.43363189697266,158.3817901611328,80.8731918334961,1936.1600341796875,12.180000305175781
2014-06-16,,,122.41999816894531,84.22962951660156,88.43363189697266,158.5122528076172,81.07508850097656,1937.780029296875,12.649999618530273
2014-06-17,,,122.27999877929688,84.27523040771484,88.41761779785156,158.95285034179688,80.4333267211914,1941.989990234375,12.0600004196167
2014-06-18,,,122.66999816894531,84.7492446899414,88.41761779785156,160.1195526123047,81.05351257324219,1956.97998046875,10.609999656677246
2014-06-19,,,126.94000244140625,84.69452667236328,88.42560577392578,160.29901123046875,80.01506042480469,1959.47998046875,10.619999885559082
2014-06-20,,,126.5,84.79418182373047,88.41761779785156,160.62445068359375,80.62079620361328,1962.8699951171875,10.850000381469727
2014-06-23,,,126.8499984741211,84.81243896484375,88.42560577392578,160.57528686523438,80.368408203125,1962.6099853515625,10.979999542236328
2014-06-24,,,126.9800033569336,84.73017883300781,88.42560577392578,159.6079559326172,81.18328094482422,1949.97998046875,12.130000114440918
2014-06-25,,,126.98999786376953,85.26947021484375,88.42560577392578,160.329345703125,81.39238739013672,1959.530029296875,11.59000015258789
2014-06-26,,,126.7300033569336,85.31517791748047,88.43363189697266,160.21456909179688,81.78186798095703,1957.219970703125,11.630000114440918
2014-06-27,,,126.66000366210938,85.68991088867188,88.43363189697266,160.52609252929688,81.65921020507812,1960.9599609375,11.260000228881836
2014-06-30,,,128.0399932861328,85.8361587524414,88.43363189697266,160.444091796875,81.86113739013672,1960.22998046875,11.569999694824219
2014-07-01,,,127.69999694824219,86.77760314941406,88.43363189697266,161.51795959472656,81.17578887939453,1973.3199462890625,11.149999618530273
2014-07-02,,,127.69999694824219,86.92385864257812,88.42560577392578,161.68199157714844,80.30815887451172,1974.6199951171875,10.819999694824219
2014-07-03,,,127.16000366210938,87.47225189208984,88.43363189697266,162.4770965576172,80.01896667480469,1985.43994140625,10.319999694824219
2014-07-07,,,127.0199966430664,87.20719146728516,88.43363189697266,161.91146850585938,80.6046142578125,1977.6500244140625,11.329999923706055
2014-07-08,,,127.06999969482422,86.15609741210938,88.43363189697266,160.870361328125,81.5083236694336,1963.7099609375,11.979999542236328
2014-07-09,,,127.83999633789062,86.79588317871094,88.43363189697266,161.5917510986328,81.5733871459961,1972.8299560546875,11.649999618530273
2014-07-10,,,128.5399932861328,86.52166748046875,88.42560577392578,160.95233154296875,81.5950927734375,1964.6800537109375,12.59000015258789
2014-07-11,,,128.77999877929688,87.0792236328125,88.42560577392578,161.17367553710938,82.11563110351562,1967.5699462890625,12.079999923706055
2014-07-14,,,125.72000122070312,87.60023498535156,88.43363189697266,161.9852752685547,81.76138305664062,1977.0999755859375,11.819999694824219
2014-07-15,,,124.52999877929688,87.29859161376953,88.43363189697266,161.68199157714844,81.5950927734375,1973.280029296875,11.960000038146973
2014-07-16,,,124.97000122070312,87.64594268798828,88.43363189697266,162.28038024902344,82.02886199951172,1981.5699462890625,11.0
2014-07-17,,,127.08999633789062,86.48515319824219,88.43363189697266,160.43597412109375,83.0627212524414,1958.1199951171875,14.539999961853027
2014-07-18,,,126.12999725341797,87.85614776611328,88.43363189697266,162.07546997070312,82.79521942138672,1978.219970703125,12.0600004196167
2014-07-21,,,126.33999633789062,87.7464828491211,88.43363189697266,161.77206420898438,83.20732116699219,1973.6300048828125,12.8100004196167
2014-07-22,,,125.73999786376953,88.30400848388672,88.42560577392578,162.4770965576172,83.38082122802734,1983.530029296875,12.239999771118164
2014-07-23,,,125.62000274658203,88.87071990966797,88.43363189697266,162.83782958984375,83.27235412597656,1987.010009765625,11.520000457763672
2014-07-24,,,124.3499984741211,88.77017974853516,88.43363189697266,162.84597778320312,82.6506118774414,1987.97998046875,11.84000015258789
2014-07-25,,,125.79000091552734,88.42283630371094,88.42560577392578,162.08360290527344,83.62664031982422,1978.3399658203125,12.6899995803833
2014-07-28,,,125.58000183105469,88.45026397705078,88.42560577392578,162.14918518066406,83.510986328125,1978.9100341796875,12.5600004196167
2014-07-29,,,125.19999694824219,88.29488372802734,88.43363189697266,161.45242309570312,83.81459045410156,1969.949951171875,13.279999732971191
2014-07-30,,,124.83000183105469,88.64221954345703,88.42560577392578,161.47703552246094,82.6506118774414,1970.0699462890625,13.329999923706055
2014-07-31,,,123.38999938964844,86.85072326660156,88.42560577392578,158.28814697265625,82.40483856201172,1930.6700439453125,16.950000762939453
2014-08-01,,,124.37999725341797,86.53082275390625,88.43363189697266,157.8045196533203,83.04267883300781,1925.1500244140625,17.030000686645508
2014-08-04,,,123.98999786376953,87.12491607666016,88.43363189697266,158.9439697265625,82.82528686523438,1938.989990234375,15.119999885559082
2014-08-05,,,123.87000274658203,86.45767211914062,88.42560577392578,157.40277099609375,83.09343719482422,1920.2099609375,16.8700008392334
2014-08-06,,,125.66999816894531,86.39371490478516,88.43363189697266,157.45201110839844,83.14418029785156,1920.239990234375,16.3700008392334
2014-08-07,,,126.18000030517578,86.11949920654297,88.43363189697266,156.599365234375,83.91981506347656,1909.5699462890625,16.65999984741211
2014-08-08,,,126.19000244140625,86.74104309082031,88.44166564941406,158.41110229492188,83.73857879638672,1931.5899658203125,15.770000457763672
2014-08-11,,,125.95999908447266,87.25289916992188,88.43363189697266,158.8701629638672,83.73138427734375,1936.9200439453125,14.229999542236328
2014-08-12,,,125.98999786376953,87.21631622314453,88.42560577392578,158.64886474609375,83.18769073486328,1933.75,14.130000114440918
2014-08-13,,,126.19999694824219,88.13948822021484,88.42560577392578,159.72274780273438,83.73138427734375,1946.719970703125,12.899999618530273
2014-08-14,,,126.30999755859375,88.59652709960938,88.42560577392578,160.4768829345703,84.40546417236328,1955.1800537109375,12.420000076293945
2014-08-15,,,125.4800033569336,89.02610778808594,88.43363189697266,160.444091796875,85.32608032226562,1955.06005859375,13.149999618530273
2014-08-18,,,124.95999908447266,89.71160888671875,88.43363189697266,161.7885284423828,84.47797393798828,1971.739990234375,12.319999694824219
2014-08-19,,,124.68000030517578,90.2143325805664,88.43363189697266,162.6328582763672,84.217041015625,1981.5999755859375,12.210000038146973
2014-08-20,,,124.22000122070312,90.2143325805664,88.43363189697266,163.0673065185547,84.07929992675781,1986.510009765625,11.779999732971191
2014-08-21,,,122.87999725341797,90.39714050292969,88.44166564941406,163.5428009033203,84.55046844482422,1992.3699951171875,11.760000228881836
2014-08-22,,,123.19000244140625,90.53423309326172,88.44166564941406,163.28866577148438,85.02166748046875,1988.4000244140625,11.470000267028809
2014-08-25,,,122.73999786376953,90.85417938232422,88.43363189697266,164.11669921875,85.34061431884766,1997.9200439453125,11.699999809265137
2014-08-26,,,123.3499984741211,90.94556427001953,88.42560577392578,164.2232208251953,85.06510162353516,2000.02001953125,11.630000114440918
2014-08-27,,,123.31999969482422,90.96383666992188,88.42560577392578,164.1576385498047,85.79002380371094,2000.1199951171875,11.779999732971191
2014-08-28,,,124.0,90.86326599121094,88.42560577392578,164.06748962402344,86.2394790649414,1996.739990234375,12.050000190734863
2014-08-29,,,123.86000061035156,91.20149230957031,88.43363189697266,164.5347442626953,86.29740142822266,2003.3699951171875,12.09000015258789
2014-09-02,,,121.6500015258789,91.46656799316406,88.43363189697266,164.45277404785156,84.80874633789062,2002.280029296875,12.25
2014-09-03,,,122.1500015258789,90.92728424072266,88.43363189697266,164.3625946044922,85.28099060058594,2000.719970703125,12.359999656677246
2014-09-04,,,121.4800033569336,90.84502410888672,88.42560577392578,164.1248779296875,84.24210357666016,1997.6500244140625,12.640000343322754
2014-09-05,,,122.05999755859375,91.30201721191406,88.42560577392578,164.8626251220703,84.08219146728516,2007.7099609375,12.09000015258789
2014-09-08,,,120.7300033569336,91.47570037841797,88.42560577392578,164.4363555908203,84.1185531616211,2001.5400390625,12.65999984741211
2014-09-09,,,120.87000274658203,90.71702575683594,88.42560577392578,163.39527893066406,84.05322265625,1988.43994140625,13.5
2014-09-10,,,120.26000213623047,91.46656799316406,88.42560577392578,164.0100555419922,83.5228042602539,1995.68994140625,12.880000114440918
2014-09-11,,,119.47000122070312,91.39344787597656,88.42560577392578,164.19863891601562,83.24671936035156,1997.449951171875,12.800000190734863
2014-09-12,,,118.37999725341797,90.92728424072266,88.42560577392578,163.23948669433594,82.37488555908203,1985.5400390625,13.3100004196167
2014-09-15,,,118.63999938964844,90.0498046875,88.43363189697266,163.11654663085938,82.49839782714844,1984.1300048828125,14.119999885559082
2014-09-16,,,118.83000183105469,90.83586883544922,88.43363189697266,164.34619140625,82.1641616821289,1998.97998046875,12.729999542236328
2014-09-17,,,117.54000091552734,90.9729995727539,88.43363189697266,164.56747436523438,81.9534683227539,2001.5699462890625,12.649999618530273
2014-09-18,,,117.77999877929688,91.65847778320312,88.43363189697266,165.44467163085938,82.21504974365234,2011.3599853515625,12.029999732971191
2014-09-19,,,117.08999633789062,91.60171508789062,88.44166564941406,165.29559326171875,83.26122283935547,2010.4000244140625,12.109999656677246
2014-09-22,,,116.8499984741211,90.7496109008789,88.44166564941406,164.01905822753906,83.36290740966797,1994.2900390625,13.6899995803833
2014-09-23,,,117.5999984741211,90.50223541259766,88.44166564941406,163.08010864257812,83.87876892089844,1982.77001953125,14.930000305175781
2014-09-24,,,117.05000305175781,91.47341918945312,88.44166564941406,164.356689453125,83.41380310058594,1998.300048828125,13.270000457763672
2014-09-25,,,117.38999938964844,89.54939270019531,88.44967651367188,161.70468139648438,84.40189361572266,1965.989990234375,15.640000343322754
2014-09-26,,,117.05999755859375,90.50223541259766,88.44967651367188,162.98951721191406,84.2784194946289,1982.8499755859375,14.850000381469727
2014-09-29,,,117.02999877929688,90.38312530517578,88.44967651367188,162.6930389404297,84.95404815673828,1977.800048828125,15.979999542236328
2014-09-30,,,116.20999908447266,90.51141357421875,88.41761779785156,162.26473999023438,84.47455596923828,1972.2900390625,16.309999465942383
2014-10-01,,,116.7699966430664,89.06381225585938,88.43363189697266,160.06578063964844,86.11259460449219,1946.1600341796875,16.709999084472656
2014-10-02,,,116.73999786376953,89.06381225585938,88.43363189697266,160.09048461914062,85.36241912841797,1946.1700439453125,16.15999984741211
2014-10-03,,,114.61000061035156,89.94334411621094,88.41761779785156,161.85292053222656,85.72659301757812,1967.9000244140625,14.550000190734863
2014-10-06,,,116.02999877929688,89.7509765625,88.42560577392578,161.66351318359375,85.7775650024414,1964.8199462890625,15.460000038146973
2014-10-07,,,116.36000061035156,88.47745513916016,88.43363189697266,159.16802978515625,86.9356460571289,1935.0999755859375,17.200000762939453
2014-10-08,,,117.47000122070312,90.19992065429688,88.43363189697266,161.9517822265625,86.95747375488281,1968.8900146484375,15.109999656677246
2014-10-09,,,117.63999938964844,88.74314880371094,88.44166564941406,158.73976135253906,86.57875061035156,1928.2099609375,18.760000228881836
2014-10-10,,,117.58999633789062,86.52593231201172,88.43363189697266,156.9278564453125,87.43824005126953,1906.1300048828125,21.239999771118164
2014-10-13,,,118.5199966430664,85.16996765136719,88.44166564941406,154.35000610351562,87.96989440917969,1874.739990234375,24.639999389648438
2014-10-14,,,118.58999633789062,85.1791000366211,88.44166564941406,154.58880615234375,88.54529571533203,1877.699951171875,22.790000915527344
2014-10-15,,,118.98999786376953,84.62943267822266,88.42560577392578,153.54287719726562,89.24447631835938,1862.489990234375,25.270000457763672
2014-10-16,,,119.22000122070312,84.09803009033203,88.42560577392578,153.4111328125,88.6764144897461,1862.760009765625,25.200000762939453
2014-10-17,,,118.98999786376953,85.20660400390625,88.42560577392578,155.22305297851562,88.18110656738281,1886.760009765625,21.989999771118164
2014-10-20,,,119.80000305175781,86.48014068603516,88.44166564941406,156.73019409179688,88.50157928466797,1904.010009765625,18.56999969482422
2014-10-21,,,120.0199966430664,88.75231170654297,88.44166564941406,159.8351593017578,87.79508972167969,1941.280029296875,16.079999923706055
2014-10-22,,,119.33999633789062,88.29420471191406,88.44166564941406,158.69859313964844,87.8897705078125,1927.1099853515625,17.8700008392334
2014-10-23,,,118.5199966430664,89.62268829345703,88.44166564941406,160.54344177246094,87.1104507446289,1950.8199462890625,16.530000686645508
2014-10-24,,,118.3499984741211,90.35563659667969,88.44166564941406,161.77886962890625,87.1978530883789,1964.5799560546875,16.110000610351562
2014-10-27,,,118.05999755859375,90.41979217529297,88.44166564941406,161.5564727783203,87.35807800292969,1961.6300048828125,16.040000915527344
2014-10-28,,,118.0999984741211,91.7849349975586,88.44166564941406,163.40956115722656,86.81182098388672,1985.050048828125,14.390000343322754
2014-10-29,,,116.41000366210938,91.4459457397461,88.43363189697266,163.16246032714844,87.00846099853516,1982.300048828125,15.149999618530273
2014-10-30,,,115.19000244140625,91.63832092285156,88.42560577392578,164.20843505859375,87.08133697509766,1994.6500244140625,14.520000457763672
2014-10-31,,,112.66000366210938,92.9027099609375,88.43363189697266,166.08624267578125,86.85553741455078,2018.050048828125,14.029999732971191
2014-11-03,,,112.1500015258789,93.17755126953125,88.42560577392578,166.1768341064453,86.85553741455078,2017.81005859375,14.729999542236328
2014-11-04,,,112.22000122070312,92.86604309082031,88.43363189697266,165.60035705566406,87.12570190429688,2012.0999755859375,14.890000343322754
2014-11-05,,,109.79000091552734,92.87521362304688,88.43363189697266,166.6462860107422,87.00157165527344,2023.5699462890625,14.170000076293945
2014-11-06,,,109.87999725341797,93.16840362548828,88.42560577392578,167.31338500976562,86.43933868408203,2031.2099609375,13.670000076293945
2014-11-07,,,112.97000122070312,93.08592987060547,88.42560577392578,167.46995544433594,87.43231201171875,2031.9200439453125,13.119999885559082
2014-11-10,,,110.45999908447266,93.41575622558594,88.43363189697266,167.99700927734375,86.62916564941406,2038.260009765625,12.670000076293945
2014-11-11,,,112.04000091552734,93.70894622802734,88.43363189697266,168.16171264648438,86.68756866455078,2039.6800537109375,12.920000076293945
2014-11-12,,,111.5,93.87384796142578,88.43363189697266,167.98046875,86.61458587646484,2038.25,13.020000457763672
2014-11-13,,,111.66999816894531,94.2769775390625,88.43363189697266,168.17001342773438,86.81902313232422,2039.3299560546875,13.789999961853027
2014-11-14,,,114.47000122070312,94.5701675415039,88.43363189697266,168.21116638183594,87.24244689941406,2039.8199462890625,13.3100004196167
2014-11-17,,,114.05000305175781,94.28619384765625,88.43363189697266,168.31822204589844,87.02345275878906,2041.3199462890625,13.989999771118164
2014-11-18,,,115.05000305175781,94.99166870117188,88.43363189697266,169.29002380371094,87.26441192626953,2051.800048828125,13.859999656677246
2014-11-19,,,113.68000030517578,94.5610122680664,88.43363189697266,169.01824951171875,86.70951080322266,2048.719970703125,13.960000038146973
2014-11-20,,,114.86000061035156,94.98246002197266,88.43363189697266,169.314697265625,87.16215515136719,2052.75,13.579999923706055
2014-11-21,,,115.38999938964844,95.16572570800781,88.43363189697266,170.22068786621094,87.68783569335938,2063.5,12.899999618530273
2014-11-24,,,115.11000061035156,95.90785217285156,88.41761779785156,170.69839477539062,87.7608642578125,2069.409912109375,12.619999885559082
2014-11-25,,,115.37999725341797,96.0544204711914,88.41761779785156,170.57484436035156,88.49095916748047,2067.030029296875,12.25
2014-11-26,,,115.16000366210938,96.67742919921875,88.43363189697266,171.01136779785156,88.73197174072266,2072.830078125,12.069999694824219
2014-11-28,,,112.11000061035156,97.12639617919922,88.42560577392578,170.6489715576172,89.43289947509766,2067.56005859375,13.329999923706055
2014-12-01,,,116.58000183105469,96.02694702148438,88.43363189697266,169.46299743652344,88.91108703613281,2053.43994140625,14.15999984741211
2014-12-02,,,115.13999938964844,96.41173553466797,88.42560577392578,170.55836486816406,88.04759216308594,2066.550048828125,12.850000381469727
2014-12-03,,,116.33000183105469,96.58583068847656,88.42560577392578,171.2172393798828,88.39152526855469,2074.330078125,12.5
2014-12-04,,,115.87999725341797,96.5400161743164,88.42560577392578,171.02780151367188,89.13063049316406,2071.919921875,12.380000114440918
2014-12-05,,,114.43000030517578,96.5491714477539,88.42560577392578,171.30780029296875,88.61103820800781,2075.3701171875,11.890000343322754
2014-12-08,,,115.77999877929688,95.8620376586914,88.40959930419922,170.16305541992188,89.6941146850586,2060.31005859375,14.210000038146973
2014-12-09,,,118.19000244140625,96.16436004638672,88.40959930419922,170.0477294921875,90.15509796142578,2059.820068359375,15.350000381469727
2014-12-10,,,117.95999908447266,94.65264129638672,88.40959930419922,167.3216552734375,90.81373596191406,2026.1400146484375,18.530000686645508
2014-12-11,,,117.69000244140625,95.10157012939453,88.41761779785156,168.17001342773438,91.18696594238281,2035.3299560546875,20.079999923706055
2014-12-12,,,117.41000366210938,94.06627655029297,88.41761779785156,165.4521026611328,92.42364501953125,2002.3299560546875,21.079999923706055
2014-12-15,,,114.38999938964844,93.09510040283203,88.42560577392578,164.3154754638672,92.23340606689453,1989.6300048828125,20.420000076293945
2014-12-16,,,114.94999694824219,91.60171508789062,88.42560577392578,162.99777221679688,93.37494659423828,1972.739990234375,23.56999969482422
2014-12-17,,,114.2699966430664,93.26918029785156,88.42560577392578,166.1933135986328,92.53341674804688,2012.8900146484375,19.440000534057617
2014-12-18,,,115.1500015258789,95.51385498046875,88.40959930419922,170.30303955078125,90.88687896728516,2061.22998046875,16.809999465942383
2014-12-19,,,114.7699966430664,95.93412017822266,88.41761779785156,171.0276641845703,92.10900115966797,2070.64990234375,16.489999771118164
2014-12-22,,,112.55000305175781,96.17320251464844,88.3935317993164,171.81443786621094,92.23340606689453,2078.5400390625,15.25
2014-12-23,,,112.73999786376953,95.83297729492188,88.40155792236328,172.04624938964844,90.40393829345703,2082.169921875,14.800000190734863
2014-12-24,,,112.7699966430664,95.91573333740234,88.40959930419922,172.06283569335938,90.8960189819336,2081.8798828125,14.369999885559082
2014-12-26,,,114.83000183105469,96.59626770019531,88.40959930419922,172.61769104003906,91.23328399658203,2088.77001953125,14.5
2014-12-29,,,113.66999816894531,96.57789611816406,88.3935317993164,172.84957885742188,91.91532897949219,2090.570068359375,15.0600004196167
2014-12-30,,,115.19999694824219,95.93412017822266,88.40155792236328,171.92208862304688,92.16464233398438,2080.35009765625,15.920000076293945
2014-12-31,,,113.58000183105469,94.95014953613281,88.41761779785156,170.21607971191406,92.34062194824219,2058.89990234375,19.200000762939453
2015-01-02,,,114.08000183105469,94.66508483886719,88.40155792236328,170.125,93.36734771728516,2058.199951171875,17.790000915527344
2015-01-05,,,115.80000305175781,93.27645111083984,88.40155792236328,167.05262756347656,94.83395385742188,2020.5799560546875,19.920000076293945
2015-01-06,,,117.12000274658203,92.02576446533203,88.40959930419922,165.4791259765625,96.54261016845703,2002.6099853515625,21.1200008392334
2015-01-07,,,116.43000030517578,93.21204376220703,88.40959930419922,167.54119873046875,96.3519287109375,2025.9000244140625,19.309999465942383
2015-01-08,,,115.94000244140625,94.99610900878906,88.40959930419922,170.51426696777344,95.07599639892578,2062.139892578125,17.010000228881836
2015-01-09,,,117.26000213623047,94.37078094482422,88.41761779785156,169.14776611328125,96.1172866821289,2044.81005859375,17.549999237060547
2015-01-12,,,118.55999755859375,93.38680267333984,88.43363189697266,167.82273864746094,96.66730499267578,2028.260009765625,19.600000381469727
2015-01-13,,,118.16000366210938,93.35919952392578,88.42560577392578,167.35072326660156,96.66730499267578,2023.030029296875,20.559999465942383
2015-01-14,,,117.97000122070312,92.84423065185547,88.42560577392578,166.34042358398438,97.40068054199219,2011.27001953125,21.479999542236328
2015-01-15,,,120.94000244140625,91.63954162597656,88.43363189697266,164.81658935546875,98.93324279785156,1992.6700439453125,22.389999389648438
2015-01-16,,,122.5199966430664,92.7154769897461,88.43363189697266,166.97804260253906,97.67193603515625,2019.4200439453125,20.950000762939453
2015-01-20,,,124.19999694824219,93.45118713378906,88.43363189697266,167.3341827392578,98.96990203857422,2022.550048828125,19.889999389648438
2015-01-21,,,124.2300033569336,93.92938232421875,88.42560577392578,168.1788787841797,97.82593536376953,2032.1199951171875,18.850000381469727
2015-01-22,,,125.2300033569336,95.66744232177734,88.43363189697266,170.67987060546875,97.47393798828125,2063.14990234375,16.399999618530273
2015-01-23,,,124.2300033569336,95.87896728515625,88.43363189697266,169.74407958984375,98.83061218261719,2051.820068359375,16.65999984741211
2015-01-26,,,122.98999786376953,95.76858520507812,88.42560577392578,170.14158630371094,98.52987670898438,2057.090087890625,15.520000457763672
2015-01-27,,,124.4000015258789,93.28565979003906,88.42560577392578,167.89732360839844,98.68390655517578,2029.550048828125,17.219999313354492
2015-01-28,,,123.41999816894531,92.80746459960938,88.41761779785156,165.744140625,100.29725646972656,2002.1600341796875,20.440000534057617
2015-01-29,,,120.76000213623047,93.69944763183594,88.44166564941406,167.27621459960938,99.63724517822266,2021.25,18.760000228881836
2015-01-30,,,123.44999694824219,92.97295379638672,88.42560577392578,165.1727294921875,101.40459442138672,1994.989990234375,20.969999313354492
2015-02-02,,,122.41999816894531,93.78223419189453,88.44166564941406,167.21824645996094,101.02174377441406,2020.8499755859375,19.43000030517578
2015-02-03,,,121.05000305175781,94.68345642089844,88.44967651367188,169.6363983154297,98.88341522216797,2050.030029296875,17.329999923706055
2015-02-04,,,121.58000183105469,94.60069274902344,88.43363189697266,168.9904327392578,99.05242919921875,2041.510009765625,18.329999923706055
2015-02-05,,,121.79000091552734,95.41915893554688,88.43363189697266,170.69642639160156,97.9649429321289,2062.52001953125,16.850000381469727
2015-02-06,,,118.63999938964844,94.83978271484375,88.43363189697266,170.22439575195312,96.23077392578125,2055.469970703125,17.290000915527344
2015-02-09,,,119.16999816894531,94.53631591796875,88.43363189697266,169.4624786376953,96.07649230957031,2046.739990234375,18.549999237060547
2015-02-10,,,118.47000122070312,96.00769805908203,88.42560577392578,171.26783752441406,95.3122787475586,2068.590087890625,17.229999542236328
2015-02-11,,,117.06999969482422,96.35713195800781,88.43363189697266,171.3672332763672,95.48861694335938,2068.530029296875,16.959999084472656
2015-02-12,,,117.33999633789062,97.47909545898438,88.42560577392578,173.01519775390625,95.17262268066406,2088.47998046875,15.34000015258789
2015-02-13,,,117.9800033569336,98.31594848632812,88.43363189697266,173.7274169921875,94.19538116455078,2096.989990234375,14.6899995803833
2015-02-17,,,116.01000213623047,98.40789794921875,88.44166564941406,174.00067138671875,92.77714538574219,2100.340087890625,15.800000190734863
2015-02-18,,,116.33999633789062,98.54583740234375,88.44967651367188,174.01724243164062,93.32828521728516,2099.679931640625,15.449999809265137
2015-02-19,,,115.94000244140625,99.0332260131836,88.44967651367188,173.89303588867188,92.71102142333984,2097.449951171875,15.289999961853027
2015-02-20,,,115.27999877929688,99.69532775878906,88.44166564941406,174.93650817871094,92.98294067382812,2110.300048828125,14.300000190734863
2015-02-23,,,115.43000030517578,99.79647827148438,88.43363189697266,174.91165161132812,94.04837799072266,2109.659912109375,14.5600004196167
2015-02-24,,,115.26000213623047,99.87008666992188,88.43363189697266,175.4085235595703,95.28289031982422,2115.47998046875,13.6899995803833
2015-02-25,,,115.69999694824219,99.62178802490234,88.43363189697266,175.2594757080078,95.69434356689453,2113.860107421875,13.84000015258789
2015-02-26,,,116.06999969482422,100.1275634765625,88.43363189697266,175.05242919921875,94.38642883300781,2110.739990234375,13.90999984741211
2015-02-27,,,116.16000366210938,99.68614959716797,88.44166564941406,174.45619201660156,95.18001556396484,2104.5,13.34000015258789
2015-03-02,,,115.68000030517578,100.58739471435547,88.43363189697266,175.55760192871094,93.40711975097656,2117.389892578125,13.039999961853027
2015-03-03,,,115.47000122070312,100.11837768554688,88.42560577392578,174.83714294433594,93.06845092773438,2107.780029296875,13.859999656677246
2015-03-04,,,115.11000061035156,99.73209381103516,88.44166564941406,174.10009765625,93.09790802001953,2098.530029296875,14.229999542236328
2015-03-05,,,115.0,99.90684509277344,88.42560577392578,174.29054260253906,92.98006439208984,2101.0400390625,14.039999961853027
2015-03-06,,,111.86000061035156,98.77574157714844,88.43363189697266,171.83929443359375,90.92601013183594,2071.260009765625,15.199999809265137
2015-03-09,,,111.97000122070312,99.060791015625,88.42560577392578,172.5514373779297,91.76528930664062,2079.429931640625,15.0600004196167
2015-03-10,,,111.41999816894531,97.22158813476562,88.43363189697266,169.75230407714844,92.9727554321289,2044.1600341796875,16.690000534057617
2015-03-11,,,110.75,96.66063690185547,88.42560577392578,169.3548126220703,93.65008544921875,2040.239990234375,16.8700008392334
2015-03-12,,,110.72000122070312,97.29517364501953,88.42560577392578,171.508056640625,93.58384704589844,2065.949951171875,15.420000076293945
2015-03-13,,,110.87999725341797,96.87213134765625,88.43363189697266,170.45619201660156,93.29669189453125,2053.39990234375,16.0
2015-03-16,,,110.80999755859375,98.12283325195312,88.43363189697266,172.73362731933594,94.19491577148438,2081.18994140625,15.609999656677246
2015-03-17,,,110.20999908447266,98.2791519165039,88.42560577392578,172.22019958496094,94.97532653808594,2074.280029296875,15.65999984741211
2015-03-18,,,112.37000274658203,99.24473571777344,88.41761779785156,174.29054260253906,96.80855560302734,2099.5,13.970000267028809
2015-03-19,,,112.29000091552734,99.39189147949219,88.42560577392578,173.49562072753906,96.31529235839844,2089.27001953125,14.069999694824219
2015-03-20,,,113.56999969482422,100.0352554321289,88.42560577392578,175.02691650390625,96.82328796386719,2108.10009765625,13.020000457763672
2015-03-23,,,114.29000091552734,99.84165954589844,88.43363189697266,174.6858673095703,96.70555877685547,2104.419921875,13.40999984741211
2015-03-24,,,114.56999969482422,99.48223114013672,88.42560577392578,173.70433044433594,97.64053344726562,2091.5,13.619999885559082
2015-03-25,,,114.7300033569336,97.2055435180664,88.42560577392578,171.1589813232422,96.81591796875,2061.050048828125,15.4399995803833
2015-03-26,,,115.4800033569336,96.87371063232422,88.42560577392578,170.7512969970703,95.30665588378906,2056.14990234375,15.800000190734863
2015-03-27,,,115.05999755859375,97.26083374023438,88.42560577392578,171.1422882080078,96.49199676513672,2061.02001953125,15.069999694824219
2015-03-30,,,113.75,98.37615966796875,88.42560577392578,173.2301788330078,96.01343536376953,2086.239990234375,14.510000228881836
2015-03-31,,,113.66000366210938,97.33457946777344,88.43363189697266,171.7162322998047,96.21958923339844,2067.889892578125,15.289999961853027
2015-04-01,,,115.5999984741211,96.82764434814453,88.43363189697266,171.10902404785156,97.48338317871094,2059.68994140625,15.109999656677246
2015-04-02,,,115.27999877929688,96.89214324951172,88.42560577392578,171.7245635986328,96.45048522949219,2066.9599609375,14.670000076293945
2015-04-06,,,116.69000244140625,97.68482971191406,88.43363189697266,172.88088989257812,95.91193389892578,2080.6201171875,14.739999771118164
2015-04-07,,,116.11000061035156,97.5189437866211,88.43363189697266,172.4232940673828,96.71607208251953,2076.330078125,14.779999732971191
2015-04-08,,,115.47000122070312,98.29318237304688,88.44166564941406,173.00563049316406,96.74564361572266,2081.89990234375,13.979999542236328
2015-04-09,,,114.66999816894531,98.91075897216797,88.44166564941406,173.7708740234375,95.49137878417969,2091.179931640625,13.09000015258789
2015-04-10,,,115.97000122070312,99.31627655029297,88.44166564941406,174.71917724609375,95.63153839111328,2102.06005859375,12.579999923706055
2015-04-13,,,115.13999938964844,99.06743621826172,88.43363189697266,173.92893981933594,95.76432037353516,2092.429931640625,13.9399995803833
2015-04-14,,,114.44000244140625,98.78170776367188,88.44166564941406,174.26165771484375,96.44316101074219,2095.840087890625,13.670000076293945
2015-04-15,,,115.43000030517578,99.39923858642578,88.44166564941406,175.04360961914062,96.3619613647461,2106.6298828125,12.84000015258789
2015-04-16,,,115.02999877929688,99.26099395751953,88.44166564941406,174.99368286132812,95.88236236572266,2104.989990234375,12.600000381469727
2015-04-17,,,115.5999984741211,97.71249389648438,88.44166564941406,172.9806365966797,96.98168182373047,2081.179931640625,13.890000343322754
2015-04-20,,,114.72000122070312,99.17800903320312,88.43363189697266,174.56114196777344,96.12584686279297,2100.39990234375,13.300000190734863
2015-04-21,,,115.37999725341797,99.60204315185547,88.43363189697266,174.35321044921875,95.69053649902344,2097.2900390625,13.25
2015-04-22,,,113.83000183105469,100.1458511352539,88.43363189697266,175.2099151611328,94.22978973388672,2107.9599609375,12.710000038146973
2015-04-23,,,114.66000366210938,100.52375030517578,88.44166564941406,175.65087890625,94.63551330566406,2112.929931640625,12.479999542236328
2015-04-24,,,113.05000305175781,101.8879165649414,88.43363189697266,176.05848693847656,95.22581481933594,2117.68994140625,12.289999961853027
2015-04-27,,,115.33000183105469,101.62985229492188,88.43363189697266,175.326416015625,95.22581481933594,2108.919921875,13.119999885559082
2015-04-28,,,116.33000183105469,101.42706298828125,88.44166564941406,175.8837127685547,93.91252899169922,2114.760009765625,12.40999984741211
2015-04-29,,,115.51000213623047,100.79107666015625,88.43363189697266,175.1599884033203,92.76162719726562,2106.85009765625,13.390000343322754
2015-04-30,,,113.47000122070312,99.20569610595703,88.44166564941406,173.40489196777344,92.92389678955078,2085.510009765625,14.550000190734863
2015-05-01,,,113.08000183105469,100.51453399658203,88.43363189697266,175.2847900390625,91.67301177978516,2108.2900390625,12.699999809265137
2015-05-04,,,114.0999984741211,100.68045043945312,88.44166564941406,175.783935546875,90.80803680419922,2114.489990234375,12.850000381469727
2015-05-05,,,114.41999816894531,99.03978729248047,88.44967651367188,173.7708740234375,90.68234252929688,2089.4599609375,14.3100004196167
2015-05-06,,,114.36000061035156,98.35769653320312,88.44166564941406,173.0554962158203,89.12984466552734,2080.14990234375,15.149999618530273
2015-05-07,,,113.41999816894531,98.94762420654297,88.44967651367188,173.7459259033203,90.32747650146484,2088.0,15.130000114440918
2015-05-08,,,113.97000122070312,100.1827163696289,88.44967651367188,176.03346252441406,90.5714340209961,2116.10009765625,12.859999656677246
2015-05-11,,,113.52999877929688,99.79561614990234,88.44166564941406,175.1932830810547,88.36832427978516,2105.330078125,13.850000381469727
2015-05-12,,,114.5,99.34394073486328,88.44967651367188,174.66920471191406,88.59752655029297,2099.1201171875,13.859999656677246
2015-05-13,,,116.55000305175781,99.54671478271484,88.44166564941406,174.70249938964844,87.88782501220703,2098.47998046875,13.760000228881836
2015-05-14,,,117.18000030517578,101.00305938720703,88.44166564941406,176.5242462158203,88.12434387207031,2121.10009765625,12.739999771118164
2015-05-15,,,117.52999877929688,101.00305938720703,88.44166564941406,176.71560668945312,89.89128875732422,2122.72998046875,12.380000114440918
2015-05-18,,,117.5199966430664,101.44551086425781,88.44166564941406,177.2646026611328,88.38311767578125,2129.199951171875,12.729999542236328
2015-05-19,,,115.88999938964844,101.33488464355469,88.44166564941406,177.20639038085938,87.5994644165039,2127.830078125,12.850000381469727
2015-05-20,,,116.08000183105469,101.39940643310547,88.44166564941406,177.08157348632812,87.7472915649414,2125.85009765625,12.880000114440918
2015-05-21,,,115.69000244140625,101.92479705810547,88.44166564941406,177.59727478027344,88.97455596923828,2130.820068359375,12.109999656677246
2015-05-22,,,115.5999984741211,101.82341003417969,88.44166564941406,177.17308044433594,89.01152801513672,2126.06005859375,12.130000114440918
2015-05-26,,,113.91000366210938,100.65278625488281,88.44166564941406,175.26817321777344,90.53445434570312,2104.199951171875,14.0600004196167
2015-05-27,,,113.88999938964844,102.27503967285156,88.44166564941406,176.931884765625,90.74147033691406,2123.47998046875,13.270000457763672
2015-05-28,,,114.0199966430664,102.04462432861328,88.44967651367188,176.73223876953125,90.51969909667969,2120.7900390625,13.3100004196167
2015-05-29,,,114.0999984741211,101.43626403808594,88.44166564941406,175.63417053222656,90.71934509277344,2107.389892578125,13.84000015258789
2015-06-01,,,114.0,101.77729797363281,88.44166564941406,175.99192810058594,89.74427795410156,2111.72998046875,13.970000267028809
2015-06-02,,,114.45999908447266,101.4547119140625,88.44166564941406,175.81716918945312,88.49217987060547,2109.60009765625,14.239999771118164
2015-06-03,,,113.63999938964844,101.75888061523438,88.44967651367188,176.28305053710938,87.0696792602539,2114.070068359375,13.65999984741211
2015-06-04,,,112.83999633789062,100.98463439941406,88.44166564941406,174.7941131591797,88.20323944091797,2095.840087890625,14.710000038146973
2015-06-05,,,112.23999786376953,100.74496459960938,88.43363189697266,174.49456787109375,87.12897491455078,2092.830078125,14.210000038146973
2015-06-08,,,112.56999969482422,99.72185516357422,88.43363189697266,173.42153930664062,87.03262329101562,2079.280029296875,15.289999961853027
2015-06-09,,,112.81999969482422,99.55596160888672,88.43363189697266,173.39654541015625,86.34356689453125,2080.14990234375,14.470000267028809
2015-06-10,,,113.77999877929688,100.92009735107422,88.44166564941406,175.47608947753906,85.58786010742188,2105.199951171875,13.220000267028809
2015-06-11,,,113.26000213623047,101.06756591796875,88.44967651367188,176.04176330566406,87.38825988769531,2108.860107421875,12.850000381469727
2015-06-12,,,113.2300033569336,100.238037109375,88.44166564941406,174.6942138671875,87.38825988769531,2094.110107421875,13.779999732971191
2015-06-15,,,113.7300033569336,99.74030303955078,88.43363189697266,173.94557189941406,87.52903747558594,2084.429931640625,15.390000343322754
2015-06-16,,,113.31999969482422,100.28411102294922,88.43363189697266,174.89381408691406,88.21807861328125,2096.2900390625,14.8100004196167
2015-06-17,,,113.8499984741211,100.56059265136719,88.44967651367188,175.17669677734375,87.53644561767578,2100.43994140625,14.5
2015-06-18,,,115.31999969482422,102.02615356445312,88.43363189697266,176.99839782714844,87.10670471191406,2121.239990234375,13.1899995803833
2015-06-19,,,115.12000274658203,101.52175903320312,88.44166564941406,176.21267700195312,88.22545623779297,2109.989990234375,13.960000038146973
2015-06-22,,,113.63999938964844,102.27007293701172,88.44166564941406,177.11541748046875,86.42510223388672,2122.85009765625,12.739999771118164
2015-06-23,,,112.88999938964844,102.35324096679688,88.44166564941406,177.24081420898438,85.90647888183594,2124.199951171875,12.109999656677246
2015-06-24,,,112.58999633789062,101.82661437988281,88.44166564941406,175.9535369873047,86.64738464355469,2108.580078125,13.260000228881836
2015-06-25,,,112.44000244140625,101.62335968017578,88.44967651367188,175.41859436035156,86.34356689453125,2102.31005859375,14.010000228881836
2015-06-26,,,112.55999755859375,100.94898986816406,88.43363189697266,175.38514709472656,85.37305450439453,2101.489990234375,14.020000457763672
2015-06-29,,,113.06999969482422,98.5654525756836,88.44166564941406,171.707275390625,87.6327896118164,2057.639892578125,18.850000381469727
2015-06-30,,,112.37000274658203,98.91651916503906,88.44967651367188,172.06674194335938,87.0252456665039,2063.110107421875,18.229999542236328
2015-07-01,,,111.9800033569336,99.70178985595703,88.44166564941406,173.44593811035156,85.85049438476562,2077.419921875,16.09000015258789
2015-07-02,,,111.76000213623047,99.7294921875,88.44967651367188,173.2870635986328,86.13272857666016,2076.780029296875,16.790000915527344
2015-07-06,,,112.05999755859375,99.49853515625,88.44967651367188,172.79388427734375,87.7291259765625,2068.760009765625,17.010000228881836
2015-07-07,,,110.76000213623047,99.74799346923828,88.44967651367188,173.8805694580078,88.55335998535156,2081.340087890625,16.09000015258789
2015-07-08,,,111.08999633789062,98.01112365722656,88.46569061279297,170.9633026123047,89.31814575195312,2046.6800537109375,19.65999984741211
2015-07-09,,,111.36000061035156,97.95573425292969,88.44967651367188,171.27259826660156,87.55834197998047,2051.31005859375,19.969999313354492
2015-07-10,,,111.48999786376953,99.45233154296875,88.44967651367188,173.42922973632812,86.1698226928711,2076.6201171875,16.829999923706055
2015-07-13,,,110.98999786376953,101.19841766357422,88.45775604248047,175.34335327148438,85.90254974365234,2099.60009765625,13.899999618530273
2015-07-14,,,110.73999786376953,101.86359405517578,88.45775604248047,176.10403442382812,86.18468475341797,2108.949951171875,13.369999885559082
2015-07-15,,,110.16000366210938,101.97444915771484,88.45775604248047,176.0454559326172,87.09800720214844,2107.39990234375,13.229999542236328
2015-07-16,,,109.76000213623047,103.41565704345703,88.45775604248047,177.45819091796875,87.69940185546875,2124.2900390625,12.109999656677246
2015-07-17,,,108.6500015258789,104.93997955322266,88.45775604248047,177.60861206054688,88.15235900878906,2126.639892578125,11.949999809265137
2015-07-20,,,105.69999694824219,105.3003158569336,88.44166564941406,177.70053100585938,87.7811050415039,2128.280029296875,12.25
2015-07-21,,,105.37000274658203,105.23564910888672,88.44166564941406,176.9984130859375,88.25631713867188,2119.2099609375,12.220000267028809
2015-07-22,,,104.80000305175781,104.04386138916016,88.44166564941406,176.68075561523438,88.80577087402344,2114.14990234375,12.119999885559082
2015-07-23,,,104.33000183105469,103.6558609008789,88.44166564941406,175.68601989746094,89.91216278076172,2102.14990234375,12.640000343322754
2015-07-24,,,105.3499984741211,102.63961029052734,88.44967651367188,173.8638458251953,90.1349105834961,2079.64990234375,13.739999771118164
2015-07-27,,,104.86000061035156,101.78968811035156,88.44166564941406,172.8524169921875,90.61753845214844,2067.639892578125,15.600000381469727
2015-07-28,,,105.0199966430664,102.66732025146484,88.44166564941406,174.9755401611328,89.95668029785156,2093.25,13.4399995803833
2015-07-29,,,105.16999816894531,103.05535888671875,88.44166564941406,176.17926025390625,89.62255096435547,2108.570068359375,12.5
2015-07-30,,,104.2699966430664,103.54499816894531,88.44166564941406,176.22105407714844,90.31310272216797,2108.6298828125,12.130000114440918
2015-07-31,,,104.93000030517578,103.42487335205078,88.43363189697266,175.9535369873047,90.98141479492188,2103.840087890625,12.119999885559082
2015-08-03,,,104.0999984741211,103.10157775878906,88.44166564941406,175.3600311279297,91.93911743164062,2098.0400390625,12.5600004196167
2015-08-04,,,104.30999755859375,102.90751647949219,88.43363189697266,175.01742553710938,91.20980834960938,2093.320068359375,13.0
2015-08-05,,,103.93000030517578,103.7020492553711,88.44166564941406,175.59413146972656,90.52523040771484,2099.840087890625,12.510000228881836
2015-08-06,,,104.38999938964844,102.03912353515625,88.44166564941406,174.15638732910156,91.32890319824219,2083.56005859375,13.770000457763672
2015-08-07,,,104.6500015258789,101.90975189208984,88.44166564941406,173.82203674316406,92.5269546508789,2077.570068359375,13.390000343322754
2015-08-10,,,105.72000122070312,103.07383728027344,88.42560577392578,176.0120086669922,91.3810043334961,2104.179931640625,12.229999542236328
2015-08-11,,,106.26000213623047,101.752685546875,88.43363189697266,174.42388916015625,92.83206939697266,2084.070068359375,13.710000038146973
2015-08-12,,,107.75,102.10377502441406,88.42560577392578,174.63287353515625,92.3260726928711,2086.050048828125,13.609999656677246
2015-08-13,,,106.86000061035156,101.9374771118164,88.42560577392578,174.41558837890625,92.02838897705078,2083.389892578125,13.489999771118164
2015-08-14,,,106.8499984741211,102.09453582763672,88.42560577392578,175.05079650878906,92.24418640136719,2091.5400390625,12.829999923706055
2015-08-17,,,107.12999725341797,102.94451904296875,88.42560577392578,176.0287628173828,92.66093444824219,2102.43994140625,13.020000457763672
2015-08-18,,,107.11000061035156,102.41790771484375,88.42560577392578,175.5188446044922,91.93164825439453,2096.919921875,13.789999961853027
2015-08-19,,,108.55000305175781,101.74346160888672,88.42560577392578,174.13133239746094,92.83951568603516,2079.610107421875,15.25
2015-08-20,,,110.44000244140625,98.9257583618164,88.44166564941406,170.49525451660156,93.77715301513672,2035.72998046875,19.139999389648438
2015-08-21,,,111.12999725341797,94.60214233398438,88.43363189697266,165.36297607421875,94.05988311767578,1970.8900146484375,28.030000686645508
2015-08-24,,,110.52999877929688,90.962158203125,88.44967651367188,158.39996337890625,94.0301513671875,1893.2099609375,40.7400016784668
2015-08-25,,,109.16000366210938,90.6203842163086,88.44166564941406,156.53602600097656,92.51953125,1867.6099853515625,36.02000045776367
2015-08-26,,,107.66999816894531,95.18415069580078,88.44166564941406,162.5460205078125,90.73357391357422,1940.510009765625,30.31999969482422
2015-08-27,,,107.7300033569336,97.59541320800781,88.44166564941406,166.5665740966797,90.78569030761719,1987.6600341796875,26.100000381469727
2015-08-28,,,108.69999694824219,97.57691192626953,88.43363189697266,166.5749053955078,91.05357360839844,1988.8699951171875,26.049999237060547
2015-08-31,,,108.81999969482422,96.36669158935547,88.44166564941406,165.2292022705078,90.3540267944336,1972.1800537109375,28.43000030517578
2015-09-01,,,109.19999694824219,93.3549575805664,88.44244384765625,160.29747009277344,91.00508117675781,1913.8499755859375,31.399999618530273
2015-09-02,,,108.62000274658203,95.98790740966797,88.44244384765625,163.34007263183594,90.22203063964844,1948.8599853515625,26.09000015258789
2015-09-03,,,107.83999633789062,95.51676177978516,88.45047760009766,163.4570770263672,90.66207122802734,1951.1300048828125,25.610000610351562
2015-09-04,,,107.48999786376953,94.38041687011719,88.45047760009766,160.98287963867188,91.4898452758789,1921.219970703125,27.799999237060547
2015-09-08,,,107.5199966430664,97.04108428955078,88.44244384765625,165.02853393554688,90.1400375366211,1969.4100341796875,24.899999618530273
2015-09-09,,,106.12999725341797,95.95093536376953,88.44244384765625,162.82179260253906,90.57254028320312,1942.0400390625,26.229999542236328
2015-09-10,,,106.37999725341797,96.9948959350586,88.42637634277344,163.7078399658203,89.9610595703125,1952.2900390625,24.3700008392334
2015-09-11,,,106.16000366210938,97.53071594238281,88.42637634277344,164.45179748535156,90.52783203125,1961.050048828125,23.200000762939453
2015-09-14,,,106.22000122070312,97.23509979248047,88.43444061279297,163.84161376953125,90.66952514648438,1953.030029296875,24.25
2015-09-15,,,105.9000015258789,98.38064575195312,88.41041564941406,165.88946533203125,88.93191528320312,1978.0899658203125,22.540000915527344
2015-09-16,,,107.30999755859375,98.93496704101562,88.42637634277344,167.32723999023438,88.5963134765625,1995.31005859375,21.350000381469727
2015-09-17,,,108.41000366210938,98.9719467163086,88.41838836669922,166.95106506347656,89.67770385742188,1990.199951171875,21.139999389648438
2015-09-18,,,109.20999908447266,97.56426239013672,88.45853424072266,164.22283935546875,91.05725860595703,1958.030029296875,22.280000686645508
2015-09-21,,,108.52999877929688,97.869873046875,88.45047760009766,165.07151794433594,89.5732650756836,1966.969970703125,20.139999389648438
2015-09-22,,,107.79000091552734,96.4066390991211,88.45853424072266,162.92889404296875,90.8187026977539,1942.739990234375,22.440000534057617
2015-09-23,,,108.22000122070312,96.48074340820312,88.45853424072266,162.66844177246094,90.81122589111328,1938.760009765625,22.1299991607666
2015-09-24,,,110.48999786376953,96.12881469726562,88.45853424072266,162.08029174804688,91.43019104003906,1932.239990234375,23.469999313354492
2015-09-25,,,109.80999755859375,95.3138656616211,88.4744873046875,162.038330078125,90.63969421386719,1931.3399658203125,23.6200008392334
2015-09-28,,,108.41999816894531,92.60038757324219,88.46646881103516,157.9715118408203,92.19088745117188,1881.77001953125,27.6299991607666
2015-09-29,,,107.9800033569336,92.11881256103516,88.46646881103516,158.06398010253906,92.4519271850586,1884.0899658203125,26.829999923706055
2015-09-30,,,106.86000061035156,94.2396011352539,88.46646881103516,161.01316833496094,92.1312484741211,1920.030029296875,24.5
2015-10-01,,,106.7300033569336,94.66560363769531,88.47371673583984,161.4333038330078,92.5242919921875,1923.8199462890625,22.549999237060547
2015-10-02,,,108.98999786376953,96.32332611083984,88.48175048828125,163.8447723388672,93.08477020263672,1951.3599853515625,20.940000534057617
2015-10-05,,,108.7699966430664,97.70319366455078,88.47371673583984,166.7603302001953,91.82180786132812,1987.050048828125,19.540000915527344
2015-10-06,,,109.86000061035156,97.24015045166016,88.48175048828125,166.18899536132812,92.21791076660156,1979.9200439453125,19.399999618530273
2015-10-07,,,109.69999694824219,97.82357788085938,88.48175048828125,167.5501708984375,91.91150665283203,1995.8299560546875,18.399999618530273
2015-10-08,,,109.13999938964844,98.21255493164062,88.47371673583984,169.06256103515625,91.14175415039062,2013.4300537109375,17.420000076293945
2015-10-09,,,110.87000274658203,98.65705871582031,88.48175048828125,169.1634063720703,91.38096618652344,2014.8900146484375,17.079999923706055
2015-10-12,,,111.30999755859375,98.89785766601562,88.47371673583984,169.32302856445312,92.0759506225586,2017.4599609375,16.170000076293945
2015-10-13,,,111.86000061035156,98.25885772705078,88.47371673583984,168.25595092773438,92.23284912109375,2003.68994140625,17.670000076293945
2015-10-14,,,113.80999755859375,98.10140991210938,88.48175048828125,167.4493408203125,93.03990936279297,1994.239990234375,18.030000686645508
2015-10-15,,,113.29000091552734,99.71282196044922,88.47371673583984,170.02044677734375,92.58409118652344,2023.8599853515625,16.049999237060547
2015-10-16,,,112.48999786376953,100.12955474853516,88.47371673583984,170.79347229003906,92.61396026611328,2033.1099853515625,15.050000190734863
2015-10-19,,,112.0199966430664,100.70372009277344,88.46571350097656,170.87747192382812,92.35989379882812,2033.6600341796875,14.979999542236328
2015-10-20,,,112.7300033569336,100.18514251708984,88.47371673583984,170.65899658203125,91.79193115234375,2030.77001953125,15.75
2015-10-21,,,111.7300033569336,99.57389831542969,88.46571350097656,169.60032653808594,92.70362854003906,2018.93994140625,16.700000762939453
2015-10-22,,,111.69000244140625,101.60205841064453,88.47371673583984,172.46548461914062,92.8605728149414,2052.510009765625,14.449999809265137
2015-10-23,,,111.5,104.44519805908203,88.45771026611328,174.35606384277344,92.0684585571289,2075.14990234375,14.460000038146973
2015-10-26,,,111.43000030517578,104.50999450683594,88.44967651367188,173.92752075195312,92.68122863769531,2071.179931640625,15.289999961853027
2015-10-27,,,111.68000030517578,104.72301483154297,88.45771026611328,173.5914764404297,92.91292572021484,2065.889892578125,15.430000305175781
2015-10-28,,,110.77999877929688,105.59351348876953,88.44967651367188,175.5659942626953,92.53927612304688,2090.35009765625,14.329999923706055
2015-10-29,,,109.72000122070312,105.42683410644531,88.4416732788086,175.46511840820312,91.06707000732422,2089.409912109375,14.609999656677246
2015-10-30,,,109.30000305175781,104.95449829101562,88.4416732788086,174.70895385742188,91.75457763671875,2079.360107421875,15.069999694824219
2015-11-02,,,108.58999633789062,106.1399154663086,88.42322540283203,176.77587890625,91.33293914794922,2104.050048828125,14.149999618530273
2015-11-03,,,106.9800033569336,106.5103759765625,88.43125915527344,177.28842163085938,90.58399200439453,2109.7900390625,14.539999961853027
2015-11-04,,,105.97000122070312,106.51963806152344,88.42322540283203,176.750732421875,90.6888656616211,2102.31005859375,15.510000228881836
2015-11-05,,,105.63999938964844,106.2325439453125,88.43125915527344,176.57418823242188,90.44918060302734,2099.929931640625,15.050000190734863
2015-11-06,,,104.0999984741211,106.30662536621094,88.40718841552734,176.48179626464844,89.12358093261719,2099.199951171875,14.329999923706055
2015-11-09,,,104.4000015258789,105.17678833007812,88.42322540283203,174.83494567871094,88.62178039550781,2078.580078125,16.520000457763672
2015-11-10,,,104.18000030517578,104.90821075439453,88.40718841552734,175.23829650878906,88.88390350341797,2081.719970703125,15.289999961853027
2015-11-11,,,103.83000183105469,104.77857208251953,88.40718841552734,174.5492706298828,88.6966781616211,2075.0,16.059999465942383
2015-11-12,,,103.8499984741211,103.75988006591797,88.41519927978516,172.11264038085938,89.12358093261719,2045.969970703125,18.3700008392334
2015-11-13,,,103.55999755859375,101.72242736816406,88.40718841552734,170.1800994873047,89.63282775878906,2023.0400390625,20.079999923706055
2015-11-16,,,103.70999908447266,103.1856918334961,88.42322540283203,172.76795959472656,89.55043029785156,2053.18994140625,18.15999984741211
2015-11-17,,,102.33999633789062,103.2505111694336,88.41519927978516,172.64193725585938,89.70024871826172,2050.43994140625,18.84000015258789
2015-11-18,,,102.43000030517578,105.23237609863281,88.41519927978516,175.38108825683594,89.88748931884766,2083.580078125,16.850000381469727
2015-11-19,,,103.55999755859375,105.30644226074219,88.42322540283203,175.2298583984375,90.48664093017578,2081.239990234375,16.989999771118164
2015-11-20,,,103.08999633789062,106.01951599121094,88.41519927978516,175.86842346191406,90.20952606201172,2089.169921875,15.470000267028809
2015-11-23,,,102.26000213623047,105.71392059326172,88.41519927978516,175.66677856445312,90.48664093017578,2086.590087890625,15.619999885559082
2015-11-24,,,102.94000244140625,105.62133026123047,88.42322540283203,175.90208435058594,90.47913360595703,2089.139892578125,15.930000305175781
2015-11-25,,,102.45999908447266,105.71392059326172,88.43125915527344,175.87680053710938,90.6888656616211,2088.8701171875,15.1899995803833
2015-11-27,,,101.25,105.86210632324219,88.43125915527344,176.0784454345703,90.59894561767578,2090.110107421875,15.119999885559082
2015-11-30,,,101.91999816894531,105.59351348876953,88.43125915527344,175.34744262695312,90.95842742919922,2080.409912109375,16.1299991607666
2015-12-01,,,102.27999877929688,106.64930725097656,88.4200210571289,177.01956176757812,92.18705749511719,2102.6298828125,14.670000076293945
2015-12-02,,,100.69000244140625,105.99173736572266,88.4200210571289,175.2130126953125,92.2170639038086,2079.510009765625,15.90999984741211
2015-12-03,,,101.76000213623047,104.19512939453125,88.4200210571289,172.75961303710938,89.7103271484375,2049.6201171875,18.110000610351562
2015-12-04,,,104.0199966430664,106.63077545166016,88.4200210571289,176.12890625,90.4983901977539,2091.68994140625,14.8100004196167
2015-12-07,,,102.66999816894531,106.14917755126953,88.39591979980469,175.06179809570312,91.37646484375,2077.070068359375,15.84000015258789
2015-12-08,,,102.83999633789062,106.15845489501953,88.37187957763672,173.88551330566406,91.4215316772461,2063.590087890625,17.600000381469727
2015-12-09,,,102.63999938964844,104.54704284667969,88.37187957763672,172.53274536132812,91.32398223876953,2047.6199951171875,19.610000610351562
2015-12-10,,,102.55000305175781,105.01937103271484,88.37989807128906,172.97804260253906,91.44404602050781,2052.22998046875,19.34000015258789
2015-12-11,,,103.11000061035156,102.60224914550781,88.38788604736328,169.62551879882812,92.88502502441406,2012.3699951171875,24.389999389648438
2015-12-14,,,101.79000091552734,103.38018798828125,88.37989807128906,170.48257446289062,91.68421936035156,2021.93994140625,22.729999542236328
2015-12-15,,,101.5199966430664,104.00987243652344,88.37187957763672,172.27224731445312,91.14383697509766,2043.4100341796875,20.950000762939453
2015-12-16,,,102.75,105.5564956665039,88.37187957763672,174.79293823242188,90.94872283935547,2073.070068359375,17.860000610351562
2015-12-17,,,100.5,104.0191650390625,88.38788604736328,172.12940979003906,91.97691345214844,2041.8900146484375,18.940000534057617
2015-12-18,,,102.04000091552734,102.02383422851562,88.39591979980469,169.0629425048828,92.48728942871094,2005.550048828125,20.700000762939453
2015-12-21,,,103.1500015258789,103.15714263916016,88.39591979980469,170.4575653076172,92.46475982666016,2021.1500244140625,18.700000762939453
2015-12-22,,,102.61000061035156,103.83525848388672,88.40394592285156,172.0043182373047,91.7967758178711,2038.969970703125,16.600000381469727
2015-12-23,,,102.30999755859375,104.60623168945312,88.40394592285156,174.13430786132812,91.10628509521484,2064.2900390625,15.569999694824219
2015-12-24,,,103.05000305175781,104.58766174316406,88.42081451416016,173.8469696044922,91.62828826904297,2060.989990234375,15.739999771118164
2015-12-28,,,102.2699966430664,104.53192138671875,88.41275787353516,173.4496612548828,91.8990249633789,2056.5,16.90999984741211
2015-12-29,,,102.19999694824219,106.1761474609375,88.42884826660156,175.3007049560547,90.37225341796875,2078.360107421875,16.079999923706055
2015-12-30,,,101.41999816894531,105.21934509277344,88.42884826660156,174.0582275390625,90.2820053100586,2063.360107421875,17.290000915527344
2015-12-31,,,101.45999908447266,103.90956115722656,88.42081451416016,172.31704711914062,90.68814849853516,2043.93994140625,18.209999084472656
2016-01-04,,,102.88999938964844,101.71728515625,88.42081451416016,169.9081573486328,91.34246063232422,2012.6600341796875,20.700000762939453
2016-01-05,,,103.18000030517578,101.5407943725586,88.42884826660156,170.195556640625,90.97393035888672,2016.7099609375,19.34000015258789
2016-01-06,,,104.66999816894531,100.56541442871094,88.41275787353516,168.0486602783203,92.19985961914062,1990.260009765625,20.59000015258789
2016-01-07,,,106.1500015258789,97.41637420654297,88.42081451416016,164.01686096191406,92.3653335571289,1943.0899658203125,24.989999771118164
2016-01-08,,,105.68000030517578,96.61752319335938,88.42884826660156,162.21653747558594,92.77897644042969,1922.030029296875,27.010000228881836
2016-01-11,,,104.73999786376953,96.91474914550781,88.42081451416016,162.37718200683594,91.76361846923828,1923.6700439453125,24.299999237060547
2016-01-12,,,104.20999908447266,98.03876495361328,88.42884826660156,163.68724060058594,93.0873031616211,1938.6800537109375,22.469999313354492
2016-01-13,,,104.72000122070312,94.65745544433594,88.42884826660156,159.6047821044922,94.00487518310547,1890.280029296875,25.219999313354492
2016-01-14,,,103.0199966430664,96.67318725585938,88.44487762451172,162.22500610351562,93.12494659423828,1921.8399658203125,23.950000762939453
2016-01-15,,,104.08000183105469,93.67278289794922,88.45288848876953,158.74266052246094,94.57648468017578,1880.3299560546875,27.020000457763672
2016-01-19,,,103.9800033569336,93.87713623046875,88.4849853515625,158.95399475097656,94.28316497802734,1881.3299560546875,26.049999237060547
2016-01-20,,,105.37000274658203,93.58918762207031,88.49299621582031,156.91693115234375,95.27591705322266,1859.3299560546875,27.59000015258789
2016-01-21,,,105.48999786376953,93.68209075927734,88.49299621582031,157.79600524902344,94.62911987304688,1868.989990234375,26.690000534057617
2016-01-22,,,105.0,96.39453125,88.47698974609375,161.0332794189453,94.26815032958984,1906.9000244140625,22.34000015258789
2016-01-25,,,106.08000183105469,94.96399688720703,88.47698974609375,158.59896850585938,94.7795639038086,1877.0799560546875,24.149999618530273
2016-01-26,,,107.29000091552734,95.8186264038086,88.47698974609375,160.7627716064453,94.8246841430664,1903.6300048828125,22.5
2016-01-27,,,107.69000244140625,93.43126678466797,88.47698974609375,159.01318359375,94.8021469116211,1882.949951171875,23.110000610351562
2016-01-28,,,106.54000091552734,94.7503433227539,88.47698974609375,159.8414764404297,94.93751525878906,1893.3599853515625,22.420000076293945
2016-01-29,,,106.94999694824219,96.72895812988281,88.4849853515625,163.7379608154297,95.74222564697266,1940.239990234375,20.200000762939453
2016-02-01,,,108.05000305175781,96.98904418945312,88.46813201904297,163.67881774902344,95.4491195678711,1939.3800048828125,19.979999542236328
2016-02-02,,,108.08999633789062,94.88970184326172,88.49217987060547,160.7289276123047,97.21990966796875,1903.030029296875,21.979999542236328
2016-02-03,,,109.25,94.43453216552734,88.50019836425781,161.6925048828125,96.41361236572266,1912.530029296875,21.649999618530273
2016-02-04,,,110.56999969482422,94.42520141601562,88.50019836425781,161.9460906982422,96.88082122802734,1915.449951171875,21.84000015258789
2016-02-05,,,112.31999969482422,91.14612579345703,88.48416137695312,158.8609619140625,96.99388885498047,1880.050048828125,23.3799991607666
2016-02-08,,,113.83000183105469,89.75272369384766,88.48416137695312,156.7225799560547,99.08110809326172,1853.43994140625,26.0
2016-02-09,,,113.58000183105469,89.47407531738281,88.50019836425781,156.73101806640625,99.18661499023438,1852.2099609375,26.540000915527344
2016-02-10,,,114.45999908447266,89.81776428222656,88.49217987060547,156.59576416015625,100.0606460571289,1851.8599853515625,26.290000915527344
2016-02-11,,,119.05999755859375,89.6877212524414,88.50019836425781,154.5587615966797,100.76146697998047,1829.0799560546875,28.139999389648438
2016-02-12,,,118.36000061035156,91.05323028564453,88.50825500488281,157.74534606933594,99.08863830566406,1864.780029296875,25.399999618530273
2016-02-16,,,114.7699966430664,93.10614776611328,88.50825500488281,160.4077606201172,98.04126739501953,1895.5799560546875,24.110000610351562
2016-02-17,,,115.4800033569336,95.21479034423828,88.50825500488281,163.02798461914062,97.43843078613281,1926.8199462890625,22.309999465942383
2016-02-18,,,118.29000091552734,94.1279525756836,88.51628112792969,162.36021423339844,98.63652038574219,1917.8299560546875,21.639999389648438
2016-02-19,,,117.58000183105469,94.40666961669922,88.50825500488281,162.2841339111328,98.71942901611328,1917.780029296875,20.530000686645508
2016-02-22,,,115.48999786376953,95.93938446044922,88.49217987060547,164.63385009765625,98.66668701171875,1945.5,19.3799991607666
2016-02-23,,,117.22000122070312,94.3602066040039,88.50825500488281,162.55467224121094,99.06603240966797,1921.27001953125,20.979999542236328
2016-02-24,,,117.61000061035156,95.26127624511719,88.50019836425781,163.2984161376953,98.87012481689453,1929.800048828125,20.719999313354492
2016-02-25,,,117.91999816894531,96.19947814941406,88.50019836425781,165.2762451171875,99.22428131103516,1951.699951171875,19.110000610351562
2016-02-26,,,117.11000061035156,96.07872009277344,88.50019836425781,164.89593505859375,98.26730346679688,1948.050048828125,19.809999465942383
2016-02-29,,,118.63999938964844,95.21479034423828,88.51628112792969,163.6027374267578,98.6968002319336,1932.22998046875,20.549999237060547
2016-03-01,,,117.7699966430664,98.27099609375,88.47614288330078,167.44854736328125,96.95892333984375,1978.3499755859375,17.700000762939453
2016-03-02,,,118.68000030517578,98.3081283569336,88.49217987060547,168.2008056640625,97.3590087890625,1986.449951171875,17.09000015258789
2016-03-03,,,120.7300033569336,98.12236022949219,88.50021362304688,168.86007690429688,97.71385192871094,1993.4000244140625,16.700000762939453
2016-03-04,,,120.54000091552734,98.15950012207031,88.49217987060547,169.40943908691406,97.08721923828125,1999.989990234375,16.860000610351562
2016-03-07,,,121.13999938964844,97.55570983886719,88.49217987060547,169.54473876953125,97.0570297241211,2001.760009765625,17.350000381469727
2016-03-08,,,120.58000183105469,96.74755859375,88.50021362304688,167.69366455078125,98.12908172607422,1979.260009765625,18.670000076293945
2016-03-09,,,119.58000183105469,97.36992645263672,88.50825500488281,168.5219268798828,97.53267669677734,1989.260009765625,18.34000015258789
2016-03-10,,,121.5,97.22128295898438,88.50825500488281,168.65719604492188,97.13261413574219,1989.5699462890625,18.049999237060547
2016-03-11,,,119.41000366210938,98.92120361328125,88.50021362304688,171.3788299560547,96.1511001586914,2022.18994140625,16.5
2016-03-14,,,117.87000274658203,99.08842468261719,88.50021362304688,171.15914916992188,96.45307922363281,2019.6400146484375,16.920000076293945
2016-03-15,,,117.95999908447266,99.05127716064453,88.50825500488281,170.88014221191406,96.54371643066406,2015.9300537109375,16.84000015258789
2016-03-16,,,120.58999633789062,99.93375396728516,88.5162582397461,171.8690948486328,96.83056640625,2027.219970703125,14.989999771118164
2016-03-17,,,120.12999725341797,99.87803649902344,88.52429962158203,172.9594268798828,97.23069763183594,2040.5899658203125,14.4399995803833
2016-03-18,,,119.80000305175781,100.0345458984375,88.5162582397461,173.63912963867188,97.43450927734375,2049.580078125,14.020000457763672
2016-03-21,,,118.95999908447266,100.42584991455078,88.52429962158203,173.88546752929688,96.6871337890625,2051.60009765625,13.789999961853027
2016-03-22,,,119.30999755859375,100.73331451416016,88.5162582397461,173.79202270507812,96.66443634033203,2049.800048828125,14.170000076293945
2016-03-23,,,116.61000061035156,99.90411376953125,88.5162582397461,172.6450653076172,97.75920104980469,2036.7099609375,14.9399995803833
2016-03-24,,,116.33000183105469,99.93203735351562,88.54032135009766,172.5686492919922,97.79689025878906,2035.93994140625,14.739999771118164
2016-03-28,,,116.5999984741211,99.79231262207031,88.52429962158203,172.6705322265625,97.92523193359375,2037.050048828125,15.239999771118164
2016-03-29,,,118.76000213623047,101.3947982788086,88.55636596679688,174.26779174804688,98.9520034790039,2055.010009765625,13.819999694824219
2016-03-30,,,117.0999984741211,101.8885726928711,88.56438446044922,175.0324249267578,97.91014862060547,2063.949951171875,13.5600004196167
2016-03-31,,,117.63999938964844,101.73949432373047,88.54833221435547,174.60760498046875,98.60468292236328,2059.739990234375,13.949999809265137
2016-04-01,,,116.93000030517578,102.82025909423828,88.54032897949219,175.7970733642578,98.86192321777344,2072.780029296875,13.100000381469727
2016-04-04,,,116.1500015258789,102.42897033691406,88.55638885498047,175.2278594970703,98.9224624633789,2066.1298828125,14.119999885559082
2016-04-05,,,117.66000366210938,101.44136810302734,88.57240295410156,173.47772216796875,100.0042724609375,2045.1700439453125,15.420000076293945
2016-04-06,,,116.94000244140625,103.10910034179688,88.57240295410156,175.3722686767578,99.27803802490234,2066.659912109375,14.09000015258789
2016-04-07,,,118.61000061035156,101.62770080566406,88.57240295410156,173.27381896972656,100.50360107421875,2041.9100341796875,16.15999984741211
2016-04-08,,,118.43000030517578,101.55317687988281,88.58045196533203,173.74107360839844,99.86808013916016,2047.5999755859375,15.359999656677246
2016-04-11,,,120.02999877929688,101.18051147460938,88.56438446044922,173.33323669433594,99.7394790649414,2041.989990234375,16.260000228881836
2016-04-12,,,120.05000305175781,102.02833557128906,88.58045196533203,174.94747924804688,99.05103302001953,2061.719970703125,14.850000381469727
2016-04-13,,,118.7699966430664,103.33269500732422,88.58045196533203,176.71458435058594,99.39904022216797,2082.419921875,13.84000015258789
2016-04-14,,,117.11000061035156,103.34198760986328,88.57240295410156,176.72312927246094,98.9224624633789,2082.780029296875,13.720000267028809
2016-04-15,,,117.91999816894531,103.08113098144531,88.57240295410156,176.5277099609375,99.76974487304688,2080.72998046875,13.619999885559082
2016-04-18,,,117.73999786376953,103.63084411621094,88.5884780883789,177.76809692382812,99.33851623535156,2094.340087890625,13.350000381469727
2016-04-19,,,119.58000183105469,102.99728393554688,88.5884780883789,178.3288116455078,99.02835845947266,2100.800048828125,13.239999771118164
2016-04-20,,,118.97000122070312,103.08113098144531,88.5884780883789,178.49874877929688,97.9389419555664,2102.39990234375,13.279999732971191
2016-04-21,,,119.41999816894531,103.09046936035156,88.5884780883789,177.53868103027344,97.35645294189453,2091.47998046875,13.949999809265137
2016-04-22,,,117.88999938964844,101.53453826904297,88.59648895263672,177.53868103027344,97.1068115234375,2091.580078125,13.220000267028809
2016-04-25,,,118.2300033569336,101.53453826904297,88.58045196533203,177.2327880859375,96.70584869384766,2087.7900390625,14.079999923706055
2016-04-26,,,118.69999694824219,101.04075622558594,88.58045196533203,177.49618530273438,96.26705932617188,2091.699951171875,13.960000038146973
2016-04-27,,,119.04000091552734,100.23018646240234,88.61255645751953,177.861572265625,97.22781372070312,2095.14990234375,13.770000457763672
2016-04-28,,,121.29000091552734,99.01899719238281,88.60454559326172,176.2473602294922,97.62879943847656,2075.81005859375,15.220000267028809
2016-04-29,,,123.6500015258789,98.49726104736328,88.59648895263672,175.2958221435547,97.87846374511719,2065.300048828125,15.699999809265137
2016-05-02,,,123.23999786376953,99.42893981933594,88.59009552001953,176.6890869140625,96.89303588867188,2081.429931640625,14.680000305175781
2016-05-03,,,122.95999908447266,98.50660705566406,88.59813690185547,175.15138244628906,98.11345672607422,2063.3701171875,15.600000381469727
2016-05-04,,,122.20999908447266,97.87303161621094,88.59813690185547,174.17431640625,98.65166473388672,2051.1201171875,16.049999237060547
2016-05-05,,,122.06999969482422,97.84510040283203,88.61414337158203,174.1404266357422,99.31117248535156,2050.6298828125,15.90999984741211
2016-05-06,,,123.18000030517578,98.3668212890625,88.62218475341797,174.7775115966797,98.88665771484375,2057.139892578125,14.720000267028809
2016-05-09,,,120.6500015258789,98.64630889892578,88.62218475341797,174.92196655273438,99.1974868774414,2058.68994140625,14.569999694824219
2016-05-10,,,120.9800033569336,99.99726867675781,88.61414337158203,177.09695434570312,99.20504760742188,2084.389892578125,13.630000114440918
2016-05-11,,,122.12000274658203,99.09354400634766,88.61414337158203,175.4402313232422,99.76600646972656,2064.4599609375,14.6899995803833
2016-05-12,,,121.16000366210938,98.65568542480469,88.59813690185547,175.49122619628906,99.31117248535156,2064.110107421875,14.40999984741211
2016-05-13,,,121.70999908447266,98.29229736328125,88.59813690185547,173.9619598388672,100.27384185791016,2046.6099853515625,15.039999961853027
2016-05-16,,,121.80000305175781,99.52208709716797,88.60616302490234,175.67811584472656,99.40968322753906,2066.659912109375,14.680000305175781
2016-05-17,,,122.22000122070312,98.27365112304688,88.60616302490234,174.03842163085938,99.57649230957031,2047.2099609375,15.569999694824219
2016-05-18,,,120.0999984741211,98.62770080566406,88.59813690185547,174.08941650390625,98.158935546875,2047.6300048828125,15.949999809265137
2016-05-19,,,119.87000274658203,98.11526489257812,88.60616302490234,173.4862060546875,98.58342742919922,2040.0400390625,16.329999923706055
2016-05-20,,,119.70999908447266,99.19602966308594,88.59009552001953,174.58212280273438,98.65926361083984,2052.320068359375,15.199999809265137
2016-05-23,,,119.37000274658203,99.06561279296875,88.59813690185547,174.34425354003906,98.87905883789062,2048.0400390625,15.819999694824219
2016-05-24,,,117.30000305175781,101.050048828125,88.59009552001953,176.60415649414062,98.43943786621094,2076.06005859375,14.420000076293945
2016-05-25,,,116.9800033569336,101.77677154541016,88.59813690185547,177.8021240234375,98.06796264648438,2090.5400390625,13.899999618530273
2016-05-26,,,116.58000183105469,102.07492065429688,88.59813690185547,177.8530731201172,98.5759048461914,2090.10009765625,13.430000305175781
2016-05-27,,,115.62000274658203,102.60596466064453,88.58202362060547,178.61770629882812,98.43180847167969,2099.06005859375,13.119999885559082
2016-05-31,,,116.05999755859375,102.80162811279297,88.59009552001953,178.27784729003906,98.66682434082031,2096.949951171875,14.1899995803833
2016-06-01,,,115.94000244140625,102.81095886230469,88.59089660644531,178.64312744140625,99.06713104248047,2099.330078125,14.199999809265137
2016-06-02,,,115.66999816894531,103.02520751953125,88.59888458251953,179.18690490722656,99.78116607666016,2105.260009765625,13.630000114440918
2016-06-03,,,118.87999725341797,102.54074096679688,88.59888458251953,178.6516571044922,101.2015609741211,2099.1298828125,13.470000267028809
2016-06-06,,,118.91999816894531,102.91342163085938,88.61497497558594,179.5607147216797,100.44960021972656,2109.409912109375,13.649999618530273
2016-06-07,,,118.81999969482422,102.65254211425781,88.62303924560547,179.8411102294922,100.69269561767578,2112.1298828125,14.050000190734863
2016-06-08,,,120.58000183105469,102.82958984375,88.62303924560547,180.4273223876953,101.23201751708984,2119.1201171875,14.079999923706055
2016-06-09,,,121.25,102.661865234375,88.62303924560547,180.18093872070312,101.8852767944336,2115.47998046875,14.640000343322754
2016-06-10,,,121.73999786376953,101.4972915649414,88.63104248046875,178.4732666015625,102.37899780273438,2096.070068359375,17.030000686645508
2016-06-13,,,122.63999938964844,100.64944458007812,88.63104248046875,177.09695434570312,102.83470916748047,2079.06005859375,20.969999313354492
2016-06-14,,,122.7699966430664,100.64944458007812,88.62303924560547,176.74855041503906,102.7587661743164,2075.320068359375,20.5
2016-06-15,,,123.68000030517578,100.36062622070312,88.62303924560547,176.5022430419922,103.15375518798828,2071.5,20.139999389648438
2016-06-16,,,122.37999725341797,100.65878295898438,88.6470947265625,177.0288848876953,103.65510559082031,2077.989990234375,19.3700008392334
2016-06-17,,,123.94999694824219,99.4789047241211,88.6470947265625,176.36961364746094,103.00948333740234,2071.219970703125,19.40999984741211
2016-06-20,,,123.20999908447266,100.10479736328125,88.63104248046875,177.50550842285156,101.90800476074219,2083.25,18.3700008392334
2016-06-21,,,120.83999633789062,100.42242431640625,88.63104248046875,178.0093994140625,101.43708801269531,2088.89990234375,18.479999542236328
2016-06-22,,,120.9000015258789,100.1795425415039,88.6470947265625,177.71900939941406,101.60415649414062,2085.449951171875,21.170000076293945
2016-06-23,,,120.11000061035156,101.60877990722656,88.62303924560547,180.03334045410156,100.44197845458984,2113.320068359375,17.25
2016-06-24,,,126.0,97.42377471923828,88.67119598388672,173.56846618652344,103.13853454589844,2037.4100341796875,25.760000228881836
2016-06-27,,,126.68000030517578,95.49003601074219,88.67119598388672,170.45994567871094,105.7136459350586,2000.5400390625,23.850000381469727
2016-06-28,,,125.31999969482422,97.5825424194336,88.65511322021484,173.53431701660156,105.93395233154297,2036.0899658203125,18.75
2016-06-29,,,125.83999633789062,99.3107681274414,88.65511322021484,176.48922729492188,105.12118530273438,2070.77001953125,16.639999389648438
2016-06-30,,,126.47000122070312,100.45977783203125,88.6792221069336,178.8975830078125,105.50852966308594,2098.860107421875,15.630000114440918
2016-07-01,,,128.41000366210938,100.96424865722656,88.69690704345703,179.2732696533203,106.97351837158203,2102.949951171875,14.770000457763672
2016-07-05,,,129.47000122070312,100.34770965576172,88.6808090209961,177.98374938964844,108.31277465820312,2088.550048828125,15.579999923706055
2016-07-06,,,130.22999572753906,101.16976928710938,88.65674591064453,179.05123901367188,108.48785400390625,2099.72998046875,14.960000038146973
2016-07-07,,,129.74000549316406,101.46871185302734,88.6808090209961,178.94024658203125,108.48021697998047,2097.89990234375,14.760000228881836
2016-07-08,,,130.52000427246094,103.03805541992188,88.67279052734375,181.604736328125,109.27928924560547,2129.89990234375,13.199999809265137
2016-07-11,,,129.2899932861328,103.62659454345703,88.65674591064453,182.24520874023438,108.32044982910156,2137.159912109375,13.539999961853027
2016-07-12,,,127.1500015258789,104.14973449707031,88.66471099853516,183.56895446777344,106.5396728515625,2152.139892578125,13.550000190734863
2016-07-13,,,128.32000732421875,103.89752197265625,88.65674591064453,183.54335021972656,107.79534912109375,2152.429931640625,13.039999961853027
2016-07-14,,,127.33000183105469,104.60749053955078,88.65674591064453,184.56814575195312,106.2276840209961,2163.75,12.819999694824219
2016-07-15,,,126.83999633789062,104.43934631347656,88.66471099853516,184.32049560546875,105.31452178955078,2161.739990234375,12.670000076293945
2016-07-18,,,127.04000091552734,105.1305923461914,88.66471099853516,184.81585693359375,105.21558380126953,2166.889892578125,12.4399995803833
2016-07-19,,,127.20999908447266,104.7475814819336,88.65674591064453,184.62789916992188,105.80913543701172,2163.780029296875,11.970000267028809
2016-07-20,,,125.38999938964844,105.97136688232422,88.65674591064453,185.396484375,105.23074340820312,2173.02001953125,11.770000457763672
2016-07-21,,,127.30000305175781,105.72847747802734,88.66471099853516,184.6962432861328,105.44381713867188,2165.169921875,12.739999771118164
2016-07-22,,,126.3499984741211,106.1675033569336,88.65674591064453,185.52464294433594,105.62653350830078,2175.030029296875,12.020000457763672
2016-07-25,,,125.47000122070312,106.17684173583984,88.66471099853516,185.02078247070312,105.5504150390625,2168.47998046875,12.869999885559082
2016-07-26,,,126.0,106.29829406738281,88.65674591064453,185.10617065429688,105.71778106689453,2169.179931640625,13.050000190734863
2016-07-27,,,128.02999877929688,107.03631591796875,88.67279052734375,184.90977478027344,107.03427124023438,2166.580078125,12.829999923706055
2016-07-28,,,127.66000366210938,107.4099349975586,88.66471099853516,185.12327575683594,106.8364486694336,2170.06005859375,12.720000267028809
2016-07-29,,,128.97999572753906,107.64350128173828,88.6808090209961,185.42213439941406,107.72679901123047,2173.60009765625,11.869999885559082
2016-08-01,,,129.22000122070312,108.21334075927734,88.68083953857422,185.26844787597656,106.55883026123047,2170.840087890625,12.4399995803833
2016-08-02,,,130.27000427246094,107.3912582397461,88.68083953857422,184.08135986328125,105.46102142333984,2157.030029296875,13.369999885559082
2016-08-03,,,129.64999389648438,107.74625396728516,88.66474914550781,184.61936950683594,105.52208709716797,2163.7900390625,12.859999656677246
2016-08-04,,,129.8699951171875,108.05452728271484,88.68882751464844,184.81585693359375,106.31488800048828,2164.25,12.420000076293945
2016-08-05,,,127.55000305175781,109.09144592285156,88.67279815673828,186.32736206054688,105.20939636230469,2182.8701171875,11.390000343322754
2016-08-08,,,127.44000244140625,108.97001647949219,88.65670013427734,186.21630859375,105.4076919555664,2180.889892578125,11.5
2016-08-09,,,127.95999908447266,109.22222137451172,88.67279815673828,186.32736206054688,106.44447326660156,2181.739990234375,11.65999984741211
2016-08-10,,,128.55999755859375,108.94197845458984,88.68083953857422,185.8662109375,106.8562240600586,2175.489990234375,12.050000190734863
2016-08-11,,,127.66999816894531,109.4090576171875,88.68882751464844,186.72879028320312,105.90318298339844,2185.7900390625,11.680000305175781
2016-08-12,,,127.4000015258789,109.48379516601562,88.68083953857422,186.5665283203125,106.79523468017578,2184.050048828125,11.550000190734863
2016-08-15,,,127.83999633789062,109.95085906982422,88.68882751464844,187.10455322265625,105.78887176513672,2190.14990234375,11.8100004196167
2016-08-16,,,128.47000122070312,109.34368133544922,88.68882751464844,186.13954162597656,105.50679779052734,2178.14990234375,12.640000343322754
2016-08-17,,,128.5,109.5398178100586,88.67279815673828,186.48968505859375,106.13956451416016,2182.219970703125,12.1899995803833
2016-08-18,,,129.11000061035156,109.56787872314453,88.6968994140625,186.90817260742188,106.30729675292969,2187.02001953125,11.430000305175781
2016-08-19,,,127.97000122070312,109.5398178100586,88.6968994140625,186.63482666015625,105.75072479248047,2183.8701171875,11.34000015258789
2016-08-22,,,127.77999877929688,109.62391662597656,88.6968994140625,186.62628173828125,106.64273834228516,2182.639892578125,12.270000457763672
2016-08-23,,,127.76000213623047,109.820068359375,88.68083953857422,187.00205993652344,106.75701141357422,2186.89990234375,12.380000114440918
2016-08-24,,,126.33999633789062,109.1101303100586,88.68083953857422,186.04554748535156,106.50552368164062,2175.43994140625,13.449999809265137
2016-08-25,,,126.2300033569336,108.93264770507812,88.68083953857422,185.91748046875,106.1014404296875,2172.469970703125,13.630000114440918
2016-08-26,,,126.05000305175781,109.09144592285156,88.68083953857422,185.56732177734375,105.48394012451172,2169.0400390625,13.649999618530273
2016-08-29,,,126.30000305175781,109.24091339111328,88.68882751464844,186.4811553955078,106.89429473876953,2180.3798828125,12.9399995803833
2016-08-30,,,125.02999877929688,108.88591766357422,88.68083953857422,186.1736602783203,106.48265838623047,2176.1201171875,13.119999885559082
2016-08-31,,,124.77999877929688,108.7738265991211,88.68083953857422,185.64419555664062,106.63514709472656,2170.949951171875,13.420000076293945
2016-09-01,,,125.29000091552734,109.05406951904297,88.67520141601562,185.6527099609375,106.75269317626953,2170.860107421875,13.479999542236328
2016-09-02,,,126.56999969482422,109.4090576171875,88.6671371459961,186.48968505859375,105.88204956054688,2179.97998046875,11.979999542236328
2016-09-06,,,128.7100067138672,110.09100341796875,88.70735168457031,187.0532989501953,106.65342712402344,2186.47998046875,12.020000457763672
2016-09-07,,,128.27000427246094,110.15642547607422,88.6912612915039,187.03622436523438,106.57708740234375,2186.159912109375,11.9399995803833
2016-09-08,,,127.58999633789062,109.51184844970703,88.6832046508789,186.60923767089844,105.24046325683594,2181.300048828125,12.510000228881836
2016-09-09,,,126.75,106.7560043334961,88.6912612915039,182.14280700683594,103.5067138671875,2127.81005859375,17.5
2016-09-12,,,126.58999633789062,108.67108917236328,88.67520141601562,184.75599670410156,103.5601806640625,2159.0400390625,15.15999984741211
2016-09-13,,,125.75,107.6995620727539,88.6832046508789,182.10006713867188,102.38394165039062,2127.02001953125,17.850000381469727
2016-09-14,,,126.18000030517578,108.21334075927734,88.6671371459961,182.03172302246094,102.53673553466797,2125.77001953125,18.139999389648438
2016-09-15,,,125.37000274658203,109.89483642578125,88.67520141601562,183.85081481933594,102.09368133544922,2147.260009765625,16.299999237060547
2016-09-16,,,125.05999755859375,109.8424072265625,88.69931030273438,183.1400909423828,102.9185791015625,2139.159912109375,15.369999885559082
2016-09-19,,,125.31999969482422,109.3647689819336,88.6912612915039,183.17440795898438,102.58252716064453,2139.1201171875,15.529999732971191
2016-09-20,,,125.44000244140625,109.57081604003906,88.72341918945312,183.18299865722656,102.94149780273438,2139.760009765625,15.920000076293945
2016-09-21,,,127.2699966430664,110.64774322509766,88.72341918945312,185.2429656982422,103.77401733398438,2163.1201171875,13.300000190734863
2016-09-22,,,127.56999969482422,111.528076171875,88.72341918945312,186.41024780273438,104.59888458251953,2177.179931640625,12.020000457763672
2016-09-23,,,127.6500015258789,110.81632995605469,88.74751281738281,185.3888702392578,104.4996337890625,2164.68994140625,12.289999961853027
2016-09-26,,,127.55000305175781,109.88919830322266,88.76358032226562,183.88685607910156,105.16405487060547,2146.10009765625,14.5
2016-09-27,,,126.62000274658203,110.97554016113281,88.72341918945312,185.02841186523438,105.93549346923828,2159.929931640625,13.100000381469727
2016-09-28,,,126.22000122070312,111.16284942626953,88.75553894042969,185.94680786132812,105.70626831054688,2171.3701171875,12.390000343322754
2016-09-29,,,126.06999969482422,110.35746765136719,88.74751281738281,184.26451110839844,105.97367095947266,2151.1298828125,14.020000457763672
2016-09-30,,,125.63999938964844,111.18159484863281,88.73946380615234,185.6549835205078,105.02662658691406,2168.27001953125,13.289999961853027
2016-10-03,,,125.31999969482422,111.02237701416016,88.70167541503906,185.2086181640625,104.68003845214844,2161.199951171875,13.569999694824219
2016-10-04,,,120.97000122070312,110.85379791259766,88.70167541503906,184.26451110839844,103.45575714111328,2150.489990234375,13.630000114440918
2016-10-05,,,120.77999877929688,111.24716186523438,88.72581481933594,185.0799102783203,102.97371673583984,2159.72998046875,12.989999771118164
2016-10-06,,,119.66000366210938,111.19093322753906,88.70167541503906,185.2086181640625,102.39983367919922,2160.77001953125,12.84000015258789
2016-10-07,,,119.73999786376953,110.94744873046875,88.73387145996094,184.57347106933594,102.46870422363281,2153.739990234375,13.479999542236328
2016-10-10,,,120.16000366210938,111.64984893798828,88.70972442626953,185.5347900390625,101.8642578125,2163.659912109375,13.380000114440918
2016-10-11,,,119.55000305175781,110.0577621459961,88.73387145996094,183.19155883789062,101.63469696044922,2136.72998046875,15.359999656677246
2016-10-12,,,119.73999786376953,109.96414184570312,88.7177734375,183.43190002441406,101.73416137695312,2139.179931640625,15.90999984741211
2016-10-13,,,120.02999877929688,109.57081604003906,88.74188232421875,182.83106994628906,102.11672973632812,2132.550048828125,16.690000534057617
2016-10-14,,,119.36000061035156,109.70189666748047,88.74188232421875,182.9254913330078,100.68592071533203,2132.97998046875,16.1200008392334
2016-10-17,,,119.68000030517578,109.4022216796875,88.74188232421875,182.2903289794922,101.32859802246094,2126.5,16.209999084472656
2016-10-18,,,120.41999816894531,110.37619018554688,88.73387145996094,183.43190002441406,101.65763092041016,2139.60009765625,15.279999732971191
2016-10-19,,,121.11000061035156,110.36682891845703,88.74993133544922,183.92115783691406,101.74182891845703,2144.2900390625,14.40999984741211
2016-10-20,,,120.73999786376953,110.2357177734375,88.72581481933594,183.5778045654297,101.84896087646484,2141.340087890625,13.75
2016-10-21,,,120.83000183105469,110.64774322509766,88.74188232421875,183.66358947753906,102.00193786621094,2141.159912109375,13.34000015258789
2016-10-24,,,120.55999755859375,111.97760772705078,88.74993133544922,184.44473266601562,101.55818939208984,2151.330078125,13.020000457763672
2016-10-25,,,121.47000122070312,111.62174987792969,88.74993133544922,183.82675170898438,101.82599639892578,2143.159912109375,13.460000038146973
2016-10-26,,,120.79000091552734,110.86317443847656,88.74993133544922,183.45765686035156,101.1373519897461,2139.429931640625,14.239999771118164
2016-10-27,,,121.01000213623047,110.35746765136719,88.73387145996094,182.9684600830078,100.03553009033203,2133.0400390625,15.359999656677246
2016-10-28,,,121.58000183105469,109.66444396972656,88.74993133544922,182.4276885986328,99.8136215209961,2126.409912109375,16.190000534057617
2016-10-31,,,121.94000244140625,109.56141662597656,88.77404022216797,182.43624877929688,100.42576599121094,2126.14990234375,17.059999465942383
2016-11-01,,,122.7300033569336,108.73729705810547,88.77083587646484,181.11444091796875,100.43341064453125,2111.719970703125,18.559999465942383
2016-11-02,,,123.63999938964844,107.86636352539062,88.75473022460938,180.02435302734375,100.87035369873047,2097.93994140625,19.31999969482422
2016-11-03,,,124.30000305175781,106.80812072753906,88.77083587646484,179.20037841796875,100.09606170654297,2088.659912109375,22.079999923706055
2016-11-04,,,124.38999938964844,106.43350982666016,88.77889251708984,179.00299072265625,100.9930648803711,2085.179931640625,22.510000228881836
2016-11-07,,,122.1500015258789,108.96207427978516,88.74671173095703,182.9512176513672,100.13446807861328,2131.52001953125,18.709999084472656
2016-11-08,,,121.63999938964844,109.67379760742188,88.76277923583984,183.7752685546875,99.72811889648438,2139.56005859375,18.739999771118164
2016-11-09,,,121.55999755859375,110.17953491210938,88.76277923583984,185.72361755371094,95.4964599609375,2163.260009765625,14.380000114440918
2016-11-10,,,119.75,108.40016174316406,88.70648956298828,186.1870880126953,94.0859146118164,2167.47998046875,14.739999771118164
2016-11-11,,,117.0999984741211,108.447021484375,88.71454620361328,185.75799560546875,93.55695343017578,2164.449951171875,14.170000076293945
2016-11-14,,,116.11000061035156,107.35127258300781,88.71454620361328,185.9038848876953,92.997314453125,2164.199951171875,14.479999542236328
2016-11-15,,,117.12000274658203,108.84032440185547,88.71454620361328,187.35443115234375,93.45726776123047,2180.389892578125,13.369999885559082
2016-11-16,,,116.7699966430664,109.48650360107422,88.7225570678711,187.0025177001953,94.30057525634766,2176.93994140625,13.720000267028809
2016-11-17,,,116.16999816894531,110.28253173828125,88.73866271972656,187.9638671875,92.91300201416016,2187.1201171875,13.350000381469727
2016-11-18,,,115.1500015258789,109.87046813964844,88.7225570678711,187.5432586669922,92.64469909667969,2181.89990234375,12.850000381469727
2016-11-21,,,115.58000183105469,111.01303100585938,88.73059844970703,188.95947265625,92.87466430664062,2198.179931640625,12.420000076293945
2016-11-22,,,115.54000091552734,111.35015106201172,88.71454620361328,189.32859802246094,92.8440170288086,2202.93994140625,12.40999984741211
2016-11-23,,,113.25,110.90064239501953,88.71454620361328,189.43157958984375,92.48365020751953,2204.719970703125,12.430000305175781
2016-11-25,,,112.61000061035156,111.25650024414062,88.74671173095703,190.1354217529297,92.62171936035156,2213.35009765625,12.34000015258789
2016-11-28,,,113.80000305175781,111.0036392211914,88.74671173095703,189.2427215576172,93.3039779663086,2201.719970703125,13.149999618530273
2016-11-29,,,113.2699966430664,111.38758850097656,88.73866271972656,189.61181640625,93.69493865966797,2204.659912109375,12.899999618530273
2016-11-30,,,111.75,110.0390396118164,88.71454620361328,189.15692138671875,92.17704772949219,2198.81005859375,13.329999923706055
2016-12-01,,,111.54000091552734,108.13794708251953,88.72817993164062,188.461669921875,91.20378875732422,2191.080078125,14.069999694824219
2016-12-02,,,112.13999938964844,108.35333251953125,88.76036071777344,188.55609130859375,91.87210083007812,2191.949951171875,14.119999885559082
2016-12-05,,,111.54000091552734,109.1961898803711,88.72817993164062,189.68907165527344,91.772216796875,2204.7099609375,12.140000343322754
2016-12-06,,,111.43000030517578,109.45841217041016,88.76036071777344,190.2899169921875,91.70310974121094,2212.22998046875,11.789999961853027
2016-12-07,,,111.83000183105469,110.84444427490234,88.72016906738281,192.77902221679688,92.48661804199219,2241.35009765625,12.220000267028809
2016-12-08,,,111.56999969482422,111.0411376953125,88.72016906738281,193.2510986328125,91.39583587646484,2246.18994140625,12.640000343322754
2016-12-09,,,110.4000015258789,111.91207885742188,88.72817993164062,194.4183807373047,90.25894165039062,2259.530029296875,11.75
2016-12-12,,,110.81999969482422,111.40631103515625,88.72817993164062,194.19525146484375,90.42790222167969,2256.9599609375,12.640000343322754
2016-12-13,,,110.44999694824219,112.81109619140625,88.72817993164062,195.49134826660156,90.75056457519531,2271.719970703125,12.720000267028809
2016-12-14,,,108.83000183105469,112.57697296142578,88.72016906738281,193.87767028808594,89.73660278320312,2253.280029296875,13.1899995803833
2016-12-15,,,107.33999633789062,112.75489807128906,88.74430084228516,194.6759033203125,90.18982696533203,2262.030029296875,12.789999961853027
2016-12-16,,,108.05000305175781,112.33695220947266,88.7684097290039,194.2952117919922,89.98240661621094,2258.070068359375,12.199999809265137
2016-12-19,,,108.58999633789062,112.79714965820312,88.78451538085938,194.7181854248047,90.95030975341797,2262.530029296875,11.710000038146973
2016-12-20,,,107.79000091552734,113.229248046875,88.78451538085938,195.46937561035156,90.4970474243164,2270.760009765625,11.449999809265137
2016-12-21,,,107.8499984741211,113.14469909667969,88.79256439208984,194.92544555664062,90.89651489257812,2265.179931640625,11.270000457763672
2016-12-22,,,107.58999633789062,112.82535552978516,88.7845230102539,194.5887451171875,90.73399353027344,2260.9599609375,11.430000305175781
2016-12-23,,,107.93000030517578,112.9004898071289,88.7845230102539,194.8735809326172,90.91886901855469,2263.7900390625,11.4399995803833
2016-12-27,,,108.55999755859375,113.48283386230469,88.7845230102539,195.35711669921875,90.6261978149414,2268.8798828125,11.989999771118164
2016-12-28,,,108.86000061035156,112.59993743896484,88.77648162841797,193.74264526367188,91.28858947753906,2249.919921875,12.949999809265137
2016-12-29,,,110.29000091552734,112.44023895263672,88.79255676269531,193.69944763183594,91.61199951171875,2249.260009765625,13.369999885559082
2016-12-30,,,109.61000061035156,111.28497314453125,88.7845230102539,192.991455078125,91.7506332397461,2238.830078125,14.039999961853027
2017-01-03,,,110.47000122070312,112.28060150146484,88.8086929321289,194.4678192138672,92.1434555053711,2257.830078125,12.850000381469727
2017-01-04,,,110.86000061035156,112.89111328125,88.80061340332031,195.624755859375,92.49772644042969,2270.75,11.850000381469727
2017-01-05,,,112.58000183105469,113.5298080444336,88.79255676269531,195.46937561035156,93.94561767578125,2269.0,11.670000076293945
2017-01-06,,,111.75,114.52544403076172,88.81669616699219,196.168701171875,93.08307647705078,2276.97998046875,11.319999694824219
2017-01-09,,,112.66999816894531,114.9011459350586,88.83280181884766,195.52122497558594,93.8300552368164,2268.89990234375,11.5600004196167
2017-01-10,,,113.1500015258789,115.15476989746094,88.82477569580078,195.52122497558594,93.76851654052734,2268.89990234375,11.489999771118164
2017-01-11,,,113.5,115.46470642089844,88.82477569580078,196.07373046875,94.0842514038086,2275.320068359375,11.260000228881836
2017-01-12,,,113.91000366210938,115.2862319946289,88.83280181884766,195.58160400390625,93.87631225585938,2270.43994140625,11.539999961853027
2017-01-13,,,114.20999908447266,115.68073272705078,88.83280181884766,196.0305938720703,93.42961120605469,2274.639892578125,11.229999542236328
2017-01-17,,,115.8499984741211,115.33320617675781,88.82477569580078,195.33987426757812,94.40772247314453,2267.889892578125,11.869999885559082
2017-01-18,,,114.87000274658203,115.56803131103516,88.83280181884766,195.7715301513672,93.19857788085938,2271.889892578125,12.479999542236328
2017-01-19,,,114.7699966430664,115.51165771484375,88.84083557128906,195.0462646484375,92.55931854248047,2263.68994140625,12.779999732971191
2017-01-20,,,115.05000305175781,115.7652587890625,88.84083557128906,195.762939453125,92.37448120117188,2271.31005859375,11.539999961853027
2017-01-23,,,115.79000091552734,115.85919189453125,88.84893035888672,195.25352478027344,93.29871368408203,2265.199951171875,11.770000457763672
2017-01-24,,,115.2699966430664,116.63878631591797,88.83280181884766,196.5054473876953,92.6594467163086,2280.070068359375,11.069999694824219
2017-01-25,,,114.31999969482422,117.8128890991211,88.82477569580078,198.20631408691406,91.49649047851562,2298.3701171875,10.8100004196167
2017-01-26,,,113.26000213623047,117.93498229980469,88.84893035888672,197.99908447265625,91.80451965332031,2296.679931640625,10.630000114440918
2017-01-27,,,113.48999786376953,118.16043090820312,88.83280181884766,197.6882781982422,92.13571166992188,2294.68994140625,10.579999923706055
2017-01-30,,,113.97000122070312,117.23993682861328,88.84083557128906,196.46224975585938,91.85844421386719,2280.89990234375,11.880000114440918
2017-01-31,,,115.55000305175781,117.005126953125,88.83280181884766,196.44505310058594,92.49772644042969,2278.8701171875,11.989999771118164
2017-02-01,,,115.19999694824219,117.8128890991211,88.84085845947266,196.52268981933594,91.92576599121094,2279.550048828125,11.8100004196167
2017-02-02,,,115.83999633789062,117.70958709716797,88.83280181884766,196.65219116210938,91.88720703125,2280.85009765625,11.930000305175781
2017-02-03,,,116.12999725341797,118.04771423339844,88.84892272949219,198.0077362060547,91.8486099243164,2297.419921875,10.970000267028809
2017-02-06,,,117.69999694824219,118.1886215209961,88.86500549316406,197.65374755859375,92.40430450439453,2292.56005859375,11.369999885559082
2017-02-07,,,117.45999908447266,118.62067413330078,88.85696411132812,197.66241455078125,93.08354949951172,2293.080078125,11.289999961853027
2017-02-08,,,118.19000244140625,118.8178939819336,88.87306213378906,197.92141723632812,94.34935760498047,2294.669921875,11.449999809265137
2017-02-09,,,117.29000091552734,119.24998474121094,88.84892272949219,199.09555053710938,93.26104736328125,2307.8701171875,10.880000114440918
2017-02-10,,,117.5999984741211,119.64447021484375,88.86500549316406,199.8812255859375,93.20703887939453,2316.10009765625,10.850000381469727
2017-02-13,,,116.80000305175781,120.32076263427734,88.86500549316406,200.9691162109375,92.91375732421875,2328.25,11.069999694824219
2017-02-14,,,116.93000030517578,120.72461700439453,88.84085845947266,201.7720489501953,92.2422103881836,2337.580078125,10.739999771118164
2017-02-15,,,117.44999694824219,121.43846130371094,88.85696411132812,202.82537841796875,91.8177490234375,2349.25,11.970000267028809
2017-02-16,,,118.08000183105469,121.40092468261719,88.84892272949219,202.65277099609375,92.31945037841797,2347.219970703125,11.760000228881836
2017-02-17,,,117.68000030517578,121.92691040039062,88.86500549316406,202.97215270996094,92.867431640625,2351.159912109375,11.489999771118164
2017-02-21,,,117.75,122.52802276611328,88.87306213378906,204.180908203125,92.70533752441406,2365.3798828125,11.569999694824219
2017-02-22,,,117.91000366210938,122.57498168945312,88.86500549316406,203.99957275390625,92.85969543457031,2362.820068359375,11.739999771118164
2017-02-23,,,118.94000244140625,122.11474609375,88.86500549316406,204.13766479492188,93.1375503540039,2363.81005859375,11.710000038146973
2017-02-24,,,119.69999694824219,122.34955596923828,88.88915252685547,204.39675903320312,94.17184448242188,2367.340087890625,11.470000267028809
2017-02-27,,,119.12000274658203,122.4998779296875,88.8811264038086,204.71612548828125,93.6161117553711,2369.75,12.09000015258789
2017-02-28,,,119.2300033569336,122.12415313720703,88.87306213378906,204.16363525390625,93.96339416503906,2363.639892578125,12.920000076293945
2017-03-01,,,119.05999755859375,123.45792388916016,88.83600616455078,207.02142333984375,92.38894653320312,2395.9599609375,12.539999961853027
2017-03-02,,,117.58000183105469,122.83799743652344,88.82794189453125,205.71771240234375,92.05643463134766,2381.919921875,11.8100004196167
2017-03-03,,,117.51000213623047,123.06342315673828,88.84406280517578,205.84719848632812,92.29611206054688,2383.1201171875,10.960000038146973
2017-03-06,,,116.72000122070312,122.79100036621094,88.82794189453125,205.2341766357422,91.85536193847656,2375.31005859375,11.239999771118164
2017-03-07,,,115.77999877929688,122.58436584472656,88.82794189453125,204.62120056152344,91.57695007324219,2368.389892578125,11.449999809265137
2017-03-08,,,115.05999755859375,122.80043029785156,88.7957534790039,204.2413330078125,91.0820083618164,2362.97998046875,11.859999656677246
2017-03-09,,,114.47000122070312,122.89434814453125,88.80379486083984,204.5003204345703,90.35508728027344,2364.8701171875,12.300000190734863
2017-03-10,,,114.72000122070312,123.41098022460938,88.83600616455078,205.21694946289062,90.67215728759766,2372.60009765625,11.65999984741211
2017-03-13,,,114.73999786376953,123.61756896972656,88.81185150146484,205.32054138183594,90.09990692138672,2373.469970703125,11.350000381469727
2017-03-14,,,114.12000274658203,123.31702423095703,88.81185150146484,204.53482055664062,90.53298950195312,2365.449951171875,12.300000190734863
2017-03-15,,,116.25,124.07782745361328,88.84406280517578,206.3048095703125,91.63882446289062,2385.260009765625,11.630000114440918
2017-03-16,,,116.7300033569336,123.99325561523438,88.83600616455078,205.8990020751953,91.17478942871094,2381.3798828125,11.210000038146973
2017-03-17,,,116.98999786376953,123.94998931884766,88.83600616455078,205.53741455078125,91.74713134765625,2378.25,11.279999732971191
2017-03-20,,,117.51000213623047,124.06294250488281,88.84406280517578,205.31198120117188,92.1415023803711,2373.469970703125,11.34000015258789
2017-03-21,,,118.54000091552734,122.18050384521484,88.84406280517578,202.6758575439453,92.9070816040039,2344.02001953125,12.470000267028809
2017-03-22,,,118.83000183105469,123.00875854492188,88.84406280517578,203.1527862548828,93.2782974243164,2348.449951171875,12.8100004196167
2017-03-23,,,118.66999816894531,122.69819641113281,88.84406280517578,202.93600463867188,93.14678955078125,2345.9599609375,13.119999885559082
2017-03-24,,,118.86000061035156,122.9522933959961,88.83600616455078,202.78858947753906,93.47932434082031,2343.97998046875,12.960000038146973
2017-03-27,,,119.52999877929688,123.14995574951172,88.82794189453125,202.58047485351562,93.90464782714844,2341.590087890625,12.5
2017-03-28,,,119.04000091552734,123.90293884277344,88.83600616455078,204.05462646484375,93.2782974243164,2358.570068359375,11.529999732971191
2017-03-29,,,119.33000183105469,124.47711181640625,88.86019897460938,204.24539184570312,93.83507537841797,2361.1298828125,11.420000076293945
2017-03-30,,,118.47000122070312,124.68416595458984,88.86824035644531,204.89573669433594,93.07719421386719,2368.06005859375,11.539999961853027
2017-03-31,,,118.72000122070312,124.59944915771484,88.88436126708984,204.41879272460938,93.34786987304688,2362.719970703125,12.369999885559082
2017-04-03,,,119.3499984741211,124.52413177490234,88.86579895019531,204.06329345703125,94.28942108154297,2358.840087890625,12.380000114440918
2017-04-04,,,119.62000274658203,124.72178649902344,88.85773468017578,204.193359375,93.7779769897461,2360.159912109375,11.789999961853027
2017-04-05,,,119.62000274658203,124.21356964111328,88.8336181640625,203.58636474609375,94.06471252441406,2352.949951171875,12.890000343322754
2017-04-06,,,119.18000030517578,124.2794189453125,88.85773468017578,204.1586456298828,93.92522430419922,2357.489990234375,12.390000343322754
2017-04-07,,,119.45999908447266,124.21356964111328,88.84969329833984,203.95053100585938,93.54545593261719,2355.5400390625,12.869999885559082
2017-04-10,,,119.45999908447266,124.2606201171875,88.86579895019531,204.0719451904297,93.9794692993164,2357.159912109375,14.050000190734863
2017-04-11,,,121.19000244140625,123.72410583496094,88.86579895019531,203.82916259765625,94.87066650390625,2353.780029296875,15.069999694824219
2017-04-12,,,122.0199966430664,123.22526550292969,88.87387084960938,202.93600463867188,95.38990783691406,2344.929931640625,15.770000457763672
2017-04-13,,,122.5999984741211,122.7358169555664,88.88998413085938,201.61795043945312,95.68435668945312,2328.949951171875,15.960000038146973
2017-04-17,,,122.23999786376953,123.75234985351562,88.87387084960938,203.40428161621094,95.38990783691406,2349.010009765625,14.65999984741211
2017-04-18,,,122.81999969482422,123.56410217285156,88.87387084960938,202.79727172851562,96.63760375976562,2342.18994140625,14.420000076293945
2017-04-19,,,121.7300033569336,123.76174926757812,88.88998413085938,202.4243927001953,96.11060333251953,2338.169921875,14.930000305175781
2017-04-20,,,121.95999908447266,124.79710388183594,88.87387084960938,204.0719451904297,95.73863220214844,2355.840087890625,14.149999618530273
2017-04-21,,,122.30999755859375,124.76886749267578,88.88190460205078,203.4215850830078,95.73863220214844,2348.68994140625,14.630000114440918
2017-04-24,,,121.4800033569336,126.27485656738281,88.8980484008789,205.6588592529297,95.26592254638672,2374.14990234375,10.84000015258789
2017-04-25,,,120.25,127.18779754638672,88.88998413085938,206.85545349121094,94.11893463134766,2388.610107421875,10.760000228881836
2017-04-26,,,120.83999633789062,127.00899505615234,88.88190460205078,206.7253875732422,94.63817596435547,2387.449951171875,10.850000381469727
2017-04-27,,,120.38999938964844,127.77139282226562,88.88998413085938,206.89881896972656,94.607177734375,2388.77001953125,10.359999656677246
2017-04-28,,,120.7699966430664,127.99726104736328,88.88190460205078,206.4479217529297,94.81644439697266,2384.199951171875,10.819999694824219
2017-05-01,,,119.66999816894531,129.13613891601562,88.89080047607422,206.96817016601562,94.02823638916016,2388.330078125,10.109999656677246
2017-05-02,,,119.6500015258789,129.3526153564453,88.88275909423828,207.0462188720703,94.50967407226562,2391.169921875,10.59000015258789
2017-05-03,,,117.9800033569336,128.93850708007812,88.86659240722656,206.79470825195312,94.57182312011719,2388.1298828125,10.680000305175781
2017-05-04,,,116.79000091552734,128.98548889160156,88.87470245361328,207.0375213623047,94.10587310791016,2389.52001953125,10.460000038146973
2017-05-05,,,117.01000213623047,129.45611572265625,88.88275909423828,207.85267639160156,94.19131469726562,2399.2900390625,10.569999694824219
2017-05-08,,,116.75,129.73849487304688,88.88275909423828,207.81800842285156,93.6787109375,2399.3798828125,9.770000457763672
2017-05-09,,,116.05000305175781,130.19036865234375,88.88275909423828,207.62721252441406,93.67097473144531,2396.919921875,9.960000038146973
2017-05-10,,,116.04000091552734,130.265625,88.87470245361328,208.0000762939453,93.56222534179688,2399.6298828125,10.210000038146973
2017-05-11,,,116.5,130.16207885742188,88.89884948730469,207.5751495361328,93.56222534179688,2394.43994140625,10.600000381469727
2017-05-12,,,116.83000183105469,130.45391845703125,88.89884948730469,207.22836303710938,94.26890563964844,2390.89990234375,10.399999618530273
2017-05-15,,,117.13999938964844,130.86805725097656,88.90691375732422,208.37294006347656,94.01265716552734,2402.320068359375,10.420000076293945
2017-05-16,,,117.6500015258789,131.41390991210938,88.90691375732422,208.18215942382812,94.36210632324219,2400.669921875,10.649999618530273
2017-05-17,,,119.79000091552734,128.0725555419922,88.93109893798828,204.4882049560547,95.73667907714844,2357.030029296875,15.59000015258789
2017-05-18,,,118.80999755859375,129.19261169433594,88.92302703857422,205.31198120117188,95.84542846679688,2365.719970703125,14.65999984741211
2017-05-19,,,119.4000015258789,129.73849487304688,88.93109893798828,206.64736938476562,96.07062530517578,2381.72998046875,12.039999961853027
2017-05-22,,,119.9000015258789,130.83038330078125,88.93109893798828,207.69656372070312,95.80653381347656,2394.02001953125,10.930000305175781
2017-05-23,,,119.13999938964844,130.96214294433594,88.92302703857422,208.15618896484375,95.16203308105469,2398.419921875,10.720000267028809
2017-05-24,,,119.61000061035156,131.56446838378906,88.93109893798828,208.6417694091797,95.69784545898438,2404.389892578125,10.020000457763672
2017-05-25,,,119.4800033569336,132.68460083007812,88.93109893798828,209.63897705078125,95.72888946533203,2415.070068359375,9.989999771118164
2017-05-26,,,120.54000091552734,132.919921875,88.93109893798828,209.59564208984375,95.89198303222656,2415.820068359375,9.8100004196167
2017-05-30,,,120.13999938964844,133.03285217285156,88.92302703857422,209.4134979248047,96.36568450927734,2412.909912109375,10.380000114440918
2017-05-31,,,120.62000274658203,132.9857940673828,88.93109893798828,209.36148071289062,96.60640716552734,2411.800048828125,10.40999984741211
2017-06-01,,,120.72000122070312,133.5034637451172,88.93594360351562,211.0263671875,96.61654663085938,2430.06005859375,9.890000343322754
2017-06-02,,,121.61000061035156,135.02818298339844,88.95209503173828,211.72877502441406,97.76055145263672,2439.070068359375,9.75
2017-06-05,,,121.7300033569336,134.99993896484375,88.94402313232422,211.5726776123047,97.15350341796875,2436.10009765625,10.069999694824219
2017-06-06,,,123.0999984741211,134.46347045898438,88.93594360351562,210.8963623046875,97.68273162841797,2429.330078125,10.449999809265137
2017-06-07,,,122.44999694824219,134.9906005859375,88.94402313232422,211.28648376464844,97.21577453613281,2433.139892578125,10.390000343322754
2017-06-08,,,121.6500015258789,135.13180541992188,88.94402313232422,211.3905792236328,96.95899200439453,2433.7900390625,10.15999984741211
2017-06-09,,,120.54000091552734,131.7528076171875,88.93594360351562,211.0697479248047,96.81110382080078,2431.77001953125,10.699999809265137
2017-06-12,,,120.36000061035156,131.04685974121094,88.92784881591797,211.0263671875,96.7800064086914,2429.389892578125,11.460000038146973
2017-06-13,,,120.4800033569336,132.11041259765625,88.96014404296875,212.0582733154297,96.7955551147461,2440.35009765625,10.420000076293945
2017-06-14,,,119.81999969482422,131.53628540039062,88.96014404296875,211.78945922851562,98.28973388671875,2437.919921875,10.640000343322754
2017-06-15,,,119.31999969482422,130.9527587890625,88.96014404296875,211.38192749023438,98.13411712646484,2432.4599609375,10.899999618530273
2017-06-16,,,119.33999633789062,130.384521484375,88.9682388305664,211.4280548095703,98.32865905761719,2433.14990234375,10.380000114440918
2017-06-19,,,118.43000030517578,132.56472778320312,88.9682388305664,213.1882781982422,98.1885757446289,2453.4599609375,10.369999885559082
2017-06-20,,,118.18000030517578,131.5265655517578,88.9682388305664,211.75051879882812,99.06798553466797,2437.030029296875,10.859999656677246
2017-06-21,,,118.5199966430664,132.8289794921875,88.9682388305664,211.6982879638672,99.2702865600586,2435.610107421875,10.75
2017-06-22,,,118.91999816894531,132.79122924804688,88.98434448242188,211.6023712158203,99.48822021484375,2434.5,10.479999542236328
2017-06-23,,,119.43000030517578,133.3008575439453,88.99242401123047,211.85513305664062,99.44152069091797,2438.300048828125,10.020000457763672
2017-06-26,,,118.36000061035156,132.67796325683594,88.97626495361328,211.99441528320312,99.8150405883789,2439.070068359375,9.899999618530273
2017-06-27,,,118.80999755859375,130.27130126953125,88.97626495361328,210.28662109375,98.7489013671875,2419.3798828125,11.0600004196167
2017-06-28,,,118.9000015258789,132.14944458007812,88.98434448242188,212.1687774658203,98.4220199584961,2440.68994140625,10.029999732971191
2017-06-29,,,118.31999969482422,129.85597229003906,88.99242401123047,210.3040313720703,97.59716033935547,2419.699951171875,11.4399995803833
2017-06-30,,,118.0199966430664,129.90325927734375,89.0005111694336,210.69615173339844,97.3714370727539,2423.409912109375,11.180000305175781
2017-07-03,,,116.08999633789062,128.5347442626953,88.99321746826172,211.05343627929688,97.05793762207031,2429.010009765625,11.220000267028809
2017-07-05,,,116.5199966430664,129.79942321777344,88.99321746826172,211.54139709472656,97.08130645751953,2432.5400390625,11.069999694824219
2017-07-06,,,116.47000122070312,128.62911987304688,89.01742553710938,209.6069793701172,96.27812957763672,2409.75,12.539999961853027
2017-07-07,,,115.27999877929688,130.01644897460938,89.0093765258789,210.9662322998047,95.7010269165039,2425.179931640625,11.1899995803833
2017-07-10,,,115.47000122070312,130.86587524414062,89.01742553710938,211.19281005859375,95.84139251708984,2427.429931640625,11.109999656677246
2017-07-11,,,115.62000274658203,131.23399353027344,89.03358459472656,211.03598022460938,96.00518798828125,2425.530029296875,10.890000343322754
2017-07-12,,,116.02999877929688,132.79122924804688,89.04165649414062,212.62184143066406,96.66806030273438,2443.25,10.300000190734863
2017-07-13,,,115.81999969482422,133.0837860107422,89.03358459472656,212.97915649414062,96.05976104736328,2447.830078125,9.899999618530273
2017-07-14,,,116.7699966430664,134.1314239501953,89.0577621459961,213.9724884033203,96.17674255371094,2459.27001953125,9.510000228881836
2017-07-17,,,117.29000091552734,134.19747924804688,89.0577621459961,213.9463348388672,96.4418716430664,2459.139892578125,9.819999694824219
2017-07-18,,,118.11000061035156,135.0941162109375,89.04969024658203,214.0596160888672,97.28409576416016,2460.610107421875,9.890000343322754
2017-07-19,,,118.08000183105469,135.8868408203125,89.04969024658203,215.21859741210938,97.32311248779297,2473.830078125,9.789999961853027
2017-07-20,,,118.23999786376953,136.0662078857422,89.0577621459961,215.31443786621094,97.60384368896484,2473.449951171875,9.579999923706055
2017-07-21,,,119.26000213623047,136.00955200195312,89.04969024658203,215.1226806640625,98.01715087890625,2472.5400390625,9.359999656677246
2017-07-24,,,119.30999755859375,136.6324462890625,89.0577621459961,215.0704345703125,97.63501739501953,2469.909912109375,9.430000305175781
2017-07-25,,,118.91999816894531,136.28326416015625,89.01742553710938,215.59323120117188,96.3638687133789,2477.1298828125,9.430000305175781
2017-07-26,,,119.87999725341797,136.72679138183594,89.0577621459961,215.60189819335938,96.51985168457031,2477.830078125,9.600000381469727
2017-07-27,,,119.79000091552734,135.86801147460938,89.0577621459961,215.40151977539062,96.04413604736328,2475.419921875,10.109999656677246
2017-07-28,,,120.69000244140625,135.75469970703125,89.07392883300781,215.1488037109375,96.61344909667969,2472.10009765625,10.289999961853027
2017-07-31,,,120.75,135.1790313720703,89.09004974365234,215.02679443359375,96.73039245605469,2470.300048828125,10.260000228881836
2017-08-01,,,120.6500015258789,135.49046325683594,89.07959747314453,215.50611877441406,97.40955352783203,2476.35009765625,10.09000015258789
2017-08-02,,,120.4000015258789,135.8585205078125,89.08765411376953,215.6106414794922,97.4642562866211,2477.570068359375,10.279999732971191
2017-08-03,,,120.58999633789062,135.33004760742188,89.103759765625,215.19241333007812,98.47241973876953,2472.159912109375,10.4399995803833
2017-08-04,,,119.6500015258789,135.57533264160156,89.09574890136719,215.58453369140625,97.6362075805664,2476.830078125,10.029999732971191
2017-08-07,,,119.51000213623047,136.4342041015625,89.09574890136719,215.9853057861328,97.74559783935547,2480.909912109375,9.930000305175781
2017-08-08,,,119.86000061035156,136.1983184814453,89.1118392944336,215.45379638671875,97.39392852783203,2474.919921875,10.960000038146973
2017-08-09,,,121.30999755859375,136.01898193359375,89.07959747314453,215.445068359375,97.92536926269531,2474.02001953125,11.109999656677246
2017-08-10,,,122.20999908447266,133.1026611328125,89.08765411376953,212.40406799316406,98.76160430908203,2438.2099609375,16.040000915527344
2017-08-11,,,122.79000091552734,134.11253356933594,89.103759765625,212.71775817871094,98.80852508544922,2441.320068359375,15.510000228881836
2017-08-14,,,121.91999816894531,135.83963012695312,89.11994171142578,214.82638549804688,98.30049896240234,2465.840087890625,12.329999923706055
2017-08-15,,,120.9800033569336,135.93402099609375,89.11994171142578,214.80027770996094,97.8863296508789,2464.610107421875,12.039999961853027
2017-08-16,,,121.87000274658203,136.16998291015625,89.13611602783203,215.17494201660156,98.24581146240234,2468.110107421875,11.739999771118164
2017-08-17,,,122.48999786376953,133.38584899902344,89.1280288696289,211.82020568847656,98.98040771484375,2430.010009765625,15.550000190734863
2017-08-18,,,122.30000305175781,133.29139709472656,89.14415740966797,211.4891357421875,98.95698547363281,2425.550048828125,14.260000228881836
2017-08-21,,,122.76000213623047,133.12158203125,89.14415740966797,211.65463256835938,99.19925689697266,2428.3701171875,13.1899995803833
2017-08-22,,,122.20999908447266,135.1507110595703,89.1280288696289,213.867919921875,98.81629943847656,2452.510009765625,11.350000381469727
2017-08-23,,,122.66999816894531,134.6693878173828,89.14415740966797,213.10113525390625,99.4884262084961,2444.0400390625,12.25
2017-08-24,,,122.29000091552734,134.27296447753906,89.14415740966797,212.60440063476562,99.12108612060547,2438.969970703125,12.229999542236328
2017-08-25,,,122.73999786376953,133.9898223876953,89.15225982666016,213.10113525390625,99.5040512084961,2443.050048828125,11.279999732971191
2017-08-28,,,124.69000244140625,134.40505981445312,89.15225982666016,213.10986328125,99.44152069091797,2444.239990234375,11.319999694824219
2017-08-29,,,124.41999816894531,134.93360900878906,89.16036987304688,213.3538055419922,99.76195526123047,2446.300048828125,11.699999809265137
2017-08-30,,,124.36000061035156,136.51914978027344,89.16842651367188,214.36459350585938,99.7307357788086,2457.590087890625,11.220000267028809
2017-08-31,,,125.81999969482422,137.98211669921875,89.15225982666016,215.65423583984375,100.02767944335938,2471.64990234375,10.59000015258789
2017-09-01,,,126.05999755859375,137.79327392578125,89.13932037353516,215.959228515625,99.26254272460938,2476.550048828125,10.130000114440918
2017-09-05,,,127.45999908447266,136.5569305419922,89.17164611816406,214.4081573486328,100.83665466308594,2457.85009765625,12.229999542236328
2017-09-06,,,126.80999755859375,136.97222900390625,89.13932037353516,215.1400909423828,100.21797943115234,2465.5400390625,11.630000114440918
2017-09-07,,,128.1300048828125,137.29310607910156,89.17973327636719,215.11399841308594,101.243896484375,2465.10009765625,11.550000190734863
2017-09-08,,,127.97000122070312,136.1039276123047,89.17164611816406,214.86131286621094,101.02460479736328,2461.429931640625,12.119999885559082
2017-09-11,,,126.19000244140625,137.6706085205078,89.18780517578125,217.1529998779297,99.8185806274414,2488.110107421875,10.729999542236328
2017-09-12,,,126.55999755859375,138.0009765625,89.16356658935547,217.8849334716797,99.29389953613281,2496.47998046875,10.579999923706055
2017-09-13,,,125.61000061035156,138.18971252441406,89.16356658935547,217.98948669433594,98.90231323242188,2498.3701171875,10.5
2017-09-14,,,126.16000366210938,137.37806701660156,89.17164611816406,217.91978454589844,99.30955505371094,2495.6201171875,10.4399995803833
2017-09-15,,,125.52999877929688,137.85000610351562,89.17973327636719,218.21310424804688,99.34864807128906,2500.22998046875,10.170000076293945
2017-09-18,,,124.36000061035156,137.6692657470703,89.15550994873047,218.67721557617188,98.77700805664062,2503.8701171875,10.149999618530273
2017-09-19,,,124.62000274658203,137.90573120117188,89.15550994873047,218.89614868164062,98.53425598144531,2506.64990234375,10.180000305175781
2017-09-20,,,123.62000274658203,137.48013305664062,89.17973327636719,218.97499084472656,98.60472869873047,2508.239990234375,9.779999732971191
2017-09-21,,,122.68000030517578,136.63833618164062,89.17973327636719,218.38829040527344,98.54988098144531,2500.60009765625,9.670000076293945
2017-09-22,,,123.23999786376953,136.50592041015625,89.18780517578125,218.43206787109375,98.83182525634766,2502.219970703125,9.59000015258789
2017-09-25,,,124.52999877929688,135.06814575195312,89.17973327636719,217.98545837402344,99.45050811767578,2496.659912109375,10.210000038146973
2017-09-26,,,123.13999938964844,135.41815185546875,89.2040023803711,218.11680603027344,99.27037811279297,2496.840087890625,10.170000076293945
2017-09-27,,,121.9800033569336,136.63833618164062,89.19588470458984,218.9662628173828,97.77459716796875,2507.0400390625,9.869999885559082
2017-09-28,,,122.20999908447266,136.591064453125,89.2040023803711,219.22894287109375,97.48481750488281,2510.06005859375,9.550000190734863
2017-09-29,,,121.58000183105469,137.57476806640625,89.22013092041016,219.99961853027344,97.70408630371094,2519.360107421875,9.510000228881836
2017-10-02,,,120.7699966430664,137.69761657714844,89.2233657836914,220.9540557861328,97.52520751953125,2529.1201171875,9.449999809265137
2017-10-03,,,120.83000183105469,137.99085998535156,89.2233657836914,221.4268798828125,97.619384765625,2534.580078125,9.510000228881836
2017-10-04,,,121.16999816894531,138.12326049804688,89.21527099609375,221.6896209716797,97.62720489501953,2537.739990234375,9.630000114440918
2017-10-05,,,120.5199966430664,139.47586059570312,89.20722961425781,223.00323486328125,97.25839233398438,2552.070068359375,9.1899995803833
2017-10-06,,,121.08999633789062,139.66506958007812,89.20722961425781,222.74916076660156,96.98374938964844,2549.330078125,9.649999618530273
2017-10-09,,,122.08000183105469,139.5042266845703,89.2233657836914,222.38140869140625,97.28981018066406,2544.72998046875,10.329999923706055
2017-10-10,,,122.4000015258789,139.60829162597656,89.20722961425781,222.96812438964844,97.44673919677734,2550.639892578125,10.079999923706055
2017-10-11,,,122.79000091552734,140.02444458007812,89.23145294189453,223.31838989257812,97.63507843017578,2555.239990234375,9.850000381469727
2017-10-12,,,122.88999938964844,139.76905822753906,89.23955535888672,222.9856414794922,98.05094909667969,2550.929931640625,9.90999984741211
2017-10-13,,,123.81999969482422,140.3081817626953,89.23955535888672,223.2571258544922,98.7572021484375,2553.169921875,9.609999656677246
2017-10-16,,,122.97000122070312,140.79061889648438,89.23955535888672,223.5548553466797,98.68660736083984,2557.639892578125,9.90999984741211
2017-10-17,,,122.12999725341797,140.97032165527344,89.23955535888672,223.7124786376953,98.81214141845703,2559.360107421875,10.3100004196167
2017-10-18,,,121.66999816894531,140.80003356933594,89.2557601928711,223.93138122558594,98.1607894897461,2561.260009765625,10.069999694824219
2017-10-19,,,122.38999938964844,140.27981567382812,89.26383209228516,223.99267578125,98.33344268798828,2562.10009765625,10.050000190734863
2017-10-20,,,121.61000061035156,140.6581573486328,89.2557601928711,225.1485595703125,97.28981018066406,2575.2099609375,9.970000267028809
2017-10-23,,,121.80000305175781,139.74070739746094,89.24762725830078,224.27288818359375,97.4624252319336,2564.97998046875,11.069999694824219
2017-10-24,,,121.33000183105469,139.9771728515625,89.24762725830078,224.66697692871094,96.85820770263672,2569.1298828125,11.15999984741211
2017-10-25,,,121.3499984741211,139.44744873046875,89.23955535888672,223.5548553466797,96.39520263671875,2557.14990234375,11.229999542236328
2017-10-26,,,120.33000183105469,139.00291442871094,89.24762725830078,223.8437957763672,96.07345581054688,2560.39990234375,11.300000190734863
2017-10-27,,,120.9000015258789,143.05117797851562,89.23955535888672,225.6739959716797,96.70907592773438,2581.070068359375,9.800000190734863
2017-10-30,,,121.12999725341797,143.372802734375,89.2557601928711,224.83331298828125,97.63507843017578,2572.830078125,10.5
2017-10-31,,,120.66999816894531,143.91192626953125,89.2557601928711,225.18365478515625,97.66645050048828,2575.260009765625,10.180000305175781
2017-11-01,,,121.11000061035156,143.86465454101562,89.2557144165039,225.48135375976562,98.101318359375,2579.360107421875,10.199999809265137
2017-11-02,,,121.19000244140625,143.59034729003906,89.26383209228516,225.56895446777344,98.53385162353516,2579.85009765625,9.930000305175781
2017-11-03,,,120.62000274658203,144.9712677001953,89.26383209228516,226.32200622558594,98.80118560791016,2587.840087890625,9.140000343322754
2017-11-06,,,121.6500015258789,145.46311950683594,89.26383209228516,226.6722869873047,99.17082214355469,2591.1298828125,9.399999618530273
2017-11-07,,,121.20999908447266,145.5482635498047,89.2557144165039,226.5146484375,99.58759307861328,2590.639892578125,9.890000343322754
2017-11-08,,,121.62999725341797,146.13470458984375,89.2557144165039,226.89999389648438,99.36736297607422,2594.3798828125,9.779999732971191
2017-11-09,,,122.12999725341797,145.36859130859375,89.26383209228516,226.07684326171875,99.08428192138672,2584.6201171875,10.5
2017-11-10,,,121.12999725341797,145.3590545654297,89.26383209228516,226.00674438476562,97.59013366699219,2582.300048828125,11.289999961853027
2017-11-13,,,121.30999755859375,145.53875732421875,89.27191925048828,226.21693420410156,97.79464721679688,2584.840087890625,11.5
2017-11-14,,,121.55999755859375,145.00912475585938,89.27191925048828,225.69155883789062,98.45518493652344,2578.8701171875,11.59000015258789
2017-11-15,,,121.41000366210938,144.328125,89.28004455566406,224.56190490722656,99.52466583251953,2564.6201171875,13.130000114440918
2017-11-16,,,121.4000015258789,146.17251586914062,89.26383209228516,226.4708251953125,98.65965270996094,2585.639892578125,11.760000228881836
2017-11-17,,,122.86000061035156,145.61447143554688,89.27191925048828,225.8053741455078,99.39097595214844,2578.85009765625,11.430000305175781
2017-11-20,,,121.30999755859375,145.50096130371094,89.27191925048828,226.1906280517578,99.35165405273438,2582.139892578125,10.649999618530273
2017-11-21,,,121.51000213623047,147.08055114746094,89.28004455566406,227.67059326171875,99.66620635986328,2599.030029296875,9.729999542236328
2017-11-22,,,122.62999725341797,147.26025390625,89.28809356689453,227.4691619873047,99.98863983154297,2597.080078125,9.880000114440918
2017-11-24,,,122.31999969482422,147.79934692382812,89.29620361328125,227.99456787109375,99.71337890625,2602.419921875,9.670000076293945
2017-11-27,,,122.83000183105469,147.73316955566406,89.30429077148438,227.88075256347656,99.57184600830078,2601.419921875,9.869999885559082
2017-11-28,,,122.80999755859375,148.1115264892578,89.30429077148438,230.1925506591797,99.70557403564453,2627.0400390625,10.029999732971191
2017-11-29,,,122.04000091552734,145.5293426513672,89.30429077148438,230.05247497558594,98.72251892089844,2626.070068359375,10.699999809265137
2017-11-30,,,121.0999984741211,146.74948120117188,89.30429077148438,232.0665740966797,98.39227294921875,2647.580078125,11.279999732971191
2017-12-01,,,121.58999633789062,146.12522888183594,89.31318664550781,231.5848846435547,99.72003173828125,2642.219970703125,11.430000305175781
2017-12-04,,,121.18000030517578,144.4416046142578,89.30511474609375,231.3047332763672,99.76729583740234,2639.43994140625,11.680000305175781
2017-12-05,,,120.31999969482422,144.53619384765625,89.31318664550781,230.4727783203125,100.26374816894531,2629.570068359375,11.329999923706055
2017-12-06,,,120.06999969482422,145.1887969970703,89.31318664550781,230.5166015625,100.61044311523438,2629.27001953125,11.020000457763672
2017-12-07,,,118.48999786376953,145.68067932128906,89.32130432128906,231.2433624267578,99.82251739501953,2636.97998046875,10.15999984741211
2017-12-08,,,118.4800033569336,146.32386779785156,89.3375473022461,232.50437927246094,99.83033752441406,2651.5,9.579999923706055
2017-12-11,,,118.01000213623047,147.45889282226562,89.3375473022461,233.20498657226562,99.62548065185547,2659.989990234375,9.34000015258789
2017-12-12,,,118.1500015258789,147.26025390625,89.31318664550781,233.61651611328125,99.5860824584961,2664.110107421875,9.920000076293945
2017-12-13,,,119.16999816894531,147.54397583007812,89.32130432128906,233.5902099609375,100.33466339111328,2662.85009765625,10.180000305175781
2017-12-14,,,118.93000030517578,147.43997192382812,89.32940673828125,232.63572692871094,100.76018524169922,2652.010009765625,10.489999771118164
2017-12-15,,,119.18000030517578,149.11412048339844,89.3375473022461,234.572998046875,101.13844299316406,2675.81005859375,9.420000076293945
2017-12-18,,,119.7300033569336,150.36431884765625,89.32130432128906,236.06045532226562,100.2164535522461,2690.159912109375,9.529999732971191
2017-12-19,,,119.81999969482422,149.47337341308594,89.32940673828125,235.15386962890625,98.91625213623047,2681.469970703125,10.029999732971191
2017-12-20,,,120.13999938964844,149.3122100830078,89.3375473022461,235.03065490722656,97.82098388671875,2679.25,9.720000267028809
2017-12-21,,,120.30999755859375,149.33119201660156,89.34724426269531,235.51480102539062,98.3911361694336,2684.570068359375,9.619999885559082
2017-12-22,,,120.94000244140625,149.16058349609375,89.34724426269531,235.45315551757812,98.52532958984375,2683.340087890625,9.899999618530273
2017-12-26,,,121.7699966430664,148.3549041748047,89.3553466796875,235.1714324951172,98.81754302978516,2680.5,10.25
2017-12-27,,,122.2300033569336,148.3738555908203,89.34724426269531,235.28598022460938,100.10465240478516,2682.6201171875,10.470000267028809
2017-12-28,,,122.8499984741211,148.55398559570312,89.37968444824219,235.77005004882812,100.01781463623047,2687.5400390625,10.180000305175781
2017-12-29,,,123.6500015258789,147.63455200195312,89.37968444824219,234.88101196289062,100.1757583618164,2673.610107421875,11.039999961853027
2018-01-02,,,125.1500015258789,150.22215270996094,89.37157440185547,236.5621795654297,99.09391784667969,2695.81005859375,9.770000457763672
2018-01-03,,,124.81999969482422,151.6818084716797,89.37157440185547,238.0585174560547,99.56769561767578,2713.06005859375,9.149999618530273
2018-01-04,,,125.45999908447266,151.94720458984375,89.38778686523438,239.0618133544922,99.55189514160156,2723.989990234375,9.220000267028809
2018-01-05,,,125.33000183105469,153.4732208251953,89.38778686523438,240.6549530029297,99.26763916015625,2743.14990234375,9.220000267028809
2018-01-08,,,125.30999755859375,154.07034301757812,89.38778686523438,241.0949249267578,99.2044677734375,2747.7099609375,9.520000457763672
2018-01-09,,,124.7300033569336,154.0798797607422,89.38778686523438,241.64076232910156,97.87787628173828,2751.2900390625,10.079999923706055
2018-01-10,,,125.02999877929688,153.7196502685547,89.37968444824219,241.2710723876953,97.75939178466797,2748.22998046875,9.819999694824219
2018-01-11,,,125.44000244140625,154.77174377441406,89.38778686523438,243.03131103515625,98.16213989257812,2767.56005859375,9.880000114440918
2018-01-12,,,126.95999908447266,155.9091796875,89.39588928222656,244.61572265625,98.32794952392578,2786.239990234375,10.15999984741211
2018-01-16,,,127.16999816894531,155.46365356445312,89.40400695800781,243.77951049804688,98.73858642578125,2776.419921875,11.65999984741211
2018-01-17,,,126.13999938964844,157.1413116455078,89.41213989257812,246.10316467285156,98.60430908203125,2802.56005859375,11.90999984741211
2018-01-18,,,125.86000061035156,157.16976928710938,89.42021179199219,245.68948364257812,97.68832397460938,2798.030029296875,12.220000267028809
2018-01-19,,,126.41999816894531,157.6626434326172,89.42021179199219,246.807373046875,97.1750259399414,2810.300048828125,11.270000457763672
2018-01-22,,,126.6500015258789,159.3498077392578,89.42833709716797,248.81410217285156,97.26981353759766,2832.969970703125,11.029999732971191
2018-01-23,,,127.27999877929688,160.6672821044922,89.42021179199219,249.3421630859375,97.68832397460938,2839.1298828125,11.100000381469727
2018-01-24,,,128.8300018310547,159.6247100830078,89.4364242553711,249.24542236328125,97.15922546386719,2837.5400390625,11.470000267028809
2018-01-25,,,127.97000122070312,159.56781005859375,89.44454956054688,249.35084533691406,97.9568099975586,2839.25,11.579999923706055
2018-01-26,,,128.07000732421875,162.0132293701172,89.45265197753906,252.23794555664062,97.59355163574219,2872.8701171875,11.079999923706055
2018-01-29,,,127.3499984741211,161.2264862060547,89.45265197753906,250.56558227539062,96.91444396972656,2853.530029296875,13.84000015258789
2018-01-30,,,126.80000305175781,159.89950561523438,89.45265197753906,247.9955291748047,96.34591674804688,2822.429931640625,14.789999961853027
2018-01-31,,,127.6500015258789,160.5630340576172,89.4931640625,248.11874389648438,96.91444396972656,2823.81005859375,13.539999961853027
2018-02-01,,,128.07000732421875,159.19810485839844,89.45262145996094,247.83714294433594,95.50990295410156,2821.97998046875,13.470000267028809
2018-02-02,,,126.38999938964844,156.02285766601562,89.46881866455078,242.44166564941406,94.6236572265625,2762.1298828125,17.309999465942383
2018-02-05,,,126.70999908447266,149.87144470214844,89.49322509765625,232.3022003173828,95.51780700683594,2648.93994140625,37.31999969482422
2018-02-06,,,125.37999725341797,153.8428497314453,89.46881866455078,236.8790283203125,94.92434692382812,2695.139892578125,29.979999542236328
2018-02-07,,,124.79000091552734,151.8524627685547,89.46881866455078,235.59402465820312,94.02226257324219,2681.659912109375,27.729999542236328
2018-02-08,,,124.9800033569336,145.445068359375,89.47698974609375,226.75717163085938,93.91939544677734,2581.0,33.459999084472656
2018-02-09,,,124.7699966430664,147.95680236816406,89.46881866455078,230.1633758544922,93.32596588134766,2619.550048828125,29.059999465942383
2018-02-12,,,125.37000274658203,150.58230590820312,89.46881866455078,233.543212890625,93.73741149902344,2656.0,25.610000610351562
2018-02-13,,,126.08000183105469,151.3594970703125,89.45262145996094,234.1240997314453,94.15676879882812,2662.93994140625,24.969999313354492
2018-02-14,,,128.22999572753906,154.19358825683594,89.45262145996094,237.28390502929688,93.11225891113281,2698.6298828125,19.260000228881836
2018-02-15,,,128.3800048828125,157.05604553222656,89.46881866455078,240.31166076660156,93.42877960205078,2731.199951171875,19.1299991607666
2018-02-16,,,127.95999908447266,156.3546142578125,89.4850845336914,240.38211059570312,93.93523406982422,2732.219970703125,19.459999084472656
2018-02-20,,,126.23999786376953,156.6674041748047,89.47698974609375,238.87698364257812,93.52376556396484,2716.260009765625,20.600000381469727
2018-02-21,,,125.66000366210938,156.22189331054688,89.49322509765625,237.68882751464844,92.37635803222656,2701.330078125,20.020000457763672
2018-02-22,,,126.30000305175781,156.20298767089844,89.49322509765625,237.9968719482422,92.6532974243164,2703.9599609375,18.719999313354492
2018-02-23,,,126.13999938964844,159.39718627929688,89.50128936767578,241.790283203125,93.47626495361328,2747.300048828125,16.489999771118164
2018-02-26,,,126.44999694824219,161.51084899902344,89.49322509765625,244.5980682373047,93.50792694091797,2779.60009765625,15.800000190734863
2018-02-27,,,125.12999725341797,159.51087951660156,89.50128936767578,241.54393005371094,93.37339782714844,2744.280029296875,18.59000015258789
2018-02-28,,,125.0,158.48724365234375,89.50128936767578,239.09703063964844,93.96687316894531,2713.830078125,19.850000381469727
2018-03-01,,,124.72000122070312,155.899658203125,89.5207748413086,235.62037658691406,94.60831451416016,2677.669921875,22.469999313354492
2018-03-02,,,125.38999938964844,157.33090209960938,89.51265716552734,236.83505249023438,93.8392105102539,2691.25,19.59000015258789
2018-03-05,,,125.18000030517578,159.0748748779297,89.51265716552734,239.57237243652344,93.5854721069336,2720.93994140625,18.729999542236328
2018-03-06,,,126.52999877929688,159.74783325195312,89.5207748413086,240.1796875,93.6727066040039,2728.1201171875,18.360000610351562
2018-03-07,,,125.72000122070312,160.11753845214844,89.52890014648438,240.09164428710938,93.56962585449219,2726.800048828125,17.760000228881836
2018-03-08,,,125.41999816894531,160.9990234375,89.55328369140625,241.25347900390625,94.10880279541016,2738.969970703125,16.540000915527344
2018-03-09,,,125.54000091552734,164.12684631347656,89.55328369140625,245.4518280029297,93.4903335571289,2786.570068359375,14.640000343322754
2018-03-12,,,125.54000091552734,164.9988555908203,89.55328369140625,245.14369201660156,94.0295181274414,2783.02001953125,15.779999732971191
2018-03-13,,,125.77999877929688,162.75250244140625,89.56143188476562,243.5594482421875,94.50521850585938,2765.31005859375,16.350000381469727
2018-03-14,,,125.69999694824219,162.72409057617188,89.55328369140625,242.30963134765625,95.33776092529297,2749.47998046875,17.229999542236328
2018-03-15,,,124.9000015258789,162.5819091796875,89.54515075683594,242.04556274414062,95.33776092529297,2747.330078125,16.59000015258789
2018-03-16,,,124.5999984741211,162.09848022460938,89.56950378417969,242.30804443359375,94.99681854248047,2752.010009765625,15.800000190734863
2018-03-19,,,124.87000274658203,158.6399383544922,89.56143188476562,239.02952575683594,94.69551849365234,2712.919921875,19.020000457763672
2018-03-20,,,124.30999755859375,159.1621551513672,89.56143188476562,239.43609619140625,94.3149642944336,2716.93994140625,18.200000762939453
2018-03-21,,,126.4800033569336,158.4690704345703,89.59394073486328,238.97650146484375,94.41803741455078,2711.929931640625,17.860000610351562
2018-03-22,,,125.9800033569336,154.55763244628906,89.56950378417969,233.0028076171875,95.3536148071289,2643.68994140625,23.34000015258789
2018-03-23,,,127.61000061035156,150.48484802246094,89.60201263427734,228.03643798828125,95.28225708007812,2588.260009765625,24.8700008392334
2018-03-26,,,128.27999877929688,156.07664489746094,89.59394073486328,234.27528381347656,94.91757202148438,2658.550048828125,21.030000686645508
2018-03-27,,,127.48999786376953,151.0260009765625,89.62638092041016,230.28988647460938,95.93247985839844,2612.6201171875,22.5
2018-03-28,,,125.7300033569336,149.28858947753906,89.6101303100586,229.60939025878906,96.1861801147461,2605.0,22.8700008392334
2018-03-29,,,125.79000091552734,152.0228271484375,89.65077209472656,232.54331970214844,96.65398406982422,2640.8701171875,19.969999313354492
2018-04-02,,,127.26000213623047,147.63670349121094,89.64506530761719,227.52395629882812,96.84469604492188,2581.8798828125,23.6200008392334
2018-04-03,,,126.30000305175781,149.2981414794922,89.64506530761719,230.4401092529297,96.09779357910156,2614.449951171875,21.100000381469727
2018-04-04,,,126.44999694824219,151.6525421142578,89.65321350097656,232.90562438964844,95.89909362792969,2644.68994140625,20.059999465942383
2018-04-05,,,125.80000305175781,152.51649475097656,89.66130828857422,234.74362182617188,95.18399810791016,2662.840087890625,18.940000534057617
2018-04-06,,,126.38999938964844,148.6999969482422,89.66130828857422,229.5122528076172,96.22490692138672,2604.469970703125,21.489999771118164
2018-04-09,,,126.81999969482422,149.74435424804688,89.67755889892578,230.64334106445312,96.3838882446289,2613.159912109375,21.770000457763672
2018-04-10,,,127.12000274658203,153.0481414794922,89.66944122314453,234.31065368652344,96.20901489257812,2656.8701171875,20.469999313354492
2018-04-11,,,128.11000061035156,152.1652374267578,89.67755889892578,233.08230590820312,96.55071258544922,2642.18994140625,20.239999771118164
2018-04-12,,,126.62000274658203,153.99754333496094,89.67755889892578,234.9999542236328,95.84351348876953,2663.989990234375,18.489999771118164
2018-04-13,,,127.44999694824219,153.2000274658203,89.68576049804688,234.31065368652344,96.06599426269531,2656.300048828125,17.40999984741211
2018-04-16,,,127.62999725341797,154.36778259277344,89.68576049804688,236.237060546875,96.09779357910156,2677.840087890625,16.559999465942383
2018-04-17,,,127.75,157.6906280517578,89.68576049804688,238.76443481445312,96.3599853515625,2706.389892578125,15.25
2018-04-18,,,127.8499984741211,158.01332092285156,89.68576049804688,238.94119262695312,95.5892562866211,2708.639892578125,15.600000381469727
2018-04-19,,,127.5999984741211,156.56080627441406,89.69385528564453,237.61566162109375,94.81055450439453,2693.1298828125,15.960000038146973
2018-04-20,,,126.62999725341797,154.08297729492188,89.70197296142578,235.60081481933594,94.1271743774414,2670.139892578125,16.8799991607666
2018-04-23,,,125.62000274658203,153.69374084472656,89.70197296142578,235.5655059814453,94.15105438232422,2670.2900390625,16.34000015258789
2018-04-24,,,126.2300033569336,150.43739318847656,89.71009063720703,232.39306640625,93.72195434570312,2634.56005859375,18.020000457763672
2018-04-25,,,125.41000366210938,150.6177520751953,89.71009063720703,232.96746826171875,93.09423828125,2639.39990234375,17.84000015258789
2018-04-26,,,124.97000122070312,153.78866577148438,89.71824645996094,235.3357391357422,93.74579620361328,2666.93994140625,16.239999771118164
2018-04-27,,,125.5,153.88363647460938,89.73451232910156,235.55670166015625,94.4688949584961,2669.909912109375,15.40999984741211
2018-04-30,,,124.58999633789062,152.79177856445312,89.73451232910156,233.7450714111328,94.63578796386719,2648.050048828125,15.930000305175781
2018-05-01,,,123.70999908447266,154.5386505126953,89.74507141113281,234.1604766845703,94.29488372802734,2654.800048828125,15.489999771118164
2018-05-02,,,123.6500015258789,153.6272735595703,89.74507141113281,232.5874481201172,94.19137573242188,2635.669921875,15.970000267028809
2018-05-03,,,124.27999877929688,153.6082763671875,89.74507141113281,232.07492065429688,94.61344146728516,2629.72998046875,15.899999618530273
2018-05-04,,,124.54000091552734,156.5228729248047,89.7613296508789,235.07940673828125,94.75676727294922,2663.419921875,14.770000457763672
2018-05-07,,,124.56999969482422,157.8235321044922,89.76950073242188,235.87478637695312,94.60545349121094,2672.6298828125,14.75
2018-05-08,,,124.58999633789062,157.66209411621094,89.7613296508789,235.87478637695312,94.51787567138672,2671.919921875,14.710000038146973
2018-05-09,,,124.33000183105469,159.3804473876953,89.76950073242188,238.15475463867188,93.9524917602539,2697.7900390625,13.420000076293945
2018-05-10,,,125.18000030517578,161.03233337402344,89.77763366699219,240.38160705566406,94.70897674560547,2723.070068359375,13.229999542236328
2018-05-11,,,125.0,160.88047790527344,89.78581237792969,241.11509704589844,94.9478759765625,2727.719970703125,12.649999618530273
2018-05-14,,,124.48999786376953,161.1558074951172,89.77763366699219,241.22994995117188,94.44615936279297,2730.1298828125,12.930000305175781
2018-05-15,,,122.4800033569336,159.37095642089844,89.79391479492188,239.56866455078125,93.37112426757812,2711.449951171875,14.630000114440918
2018-05-16,,,122.29000091552734,160.42478942871094,89.78581237792969,240.57603454589844,93.01280212402344,2722.4599609375,13.420000076293945
2018-05-17,,,122.36000061035156,159.8076629638672,89.81018829345703,240.37277221679688,92.54293823242188,2720.1298828125,13.430000305175781
2018-05-18,,,122.41000366210938,158.98170471191406,89.81018829345703,239.7718505859375,93.33928680419922,2712.969970703125,13.420000076293945
2018-05-21,,,122.4800033569336,159.8740997314453,89.80207824707031,241.5746307373047,93.38705444335938,2733.010009765625,13.079999923706055
2018-05-22,,,122.41000366210938,159.6652374267578,89.80207824707031,240.9029998779297,93.24374389648438,2724.43994140625,13.220000267028809
2018-05-23,,,122.54000091552734,161.01336669921875,89.83464050292969,241.56573486328125,93.92064666748047,2733.2900390625,12.579999923706055
2018-05-24,,,123.58999633789062,160.9658966064453,89.83464050292969,241.07083129882812,94.66918182373047,2727.760009765625,12.529999732971191
2018-05-25,,,123.20999908447266,161.12730407714844,89.85904693603516,240.49644470214844,95.25849914550781,2721.330078125,13.220000267028809
2018-05-29,,,123.19000244140625,160.415283203125,89.88346862792969,237.73049926757812,97.34486389160156,2689.860107421875,17.020000457763672
2018-05-30,,,123.37000274658203,161.56398010253906,89.8671875,240.9029998779297,96.69186401367188,2724.010009765625,14.9399995803833
2018-05-31,,,123.0999984741211,161.45956420898438,89.87532043457031,239.4271697998047,96.53260803222656,2705.27001953125,15.430000305175781
2018-06-01,,,122.48999786376953,163.99440002441406,89.87367248535156,241.77784729003906,96.0225830078125,2734.6201171875,13.460000038146973
2018-06-04,,,122.37000274658203,165.47540283203125,89.88185119628906,242.9266815185547,95.32813262939453,2746.8701171875,12.739999771118164
2018-06-05,,,122.8499984741211,165.9880828857422,89.88185119628906,243.10340881347656,95.55166625976562,2748.800048828125,12.399999618530273
2018-06-06,,,122.91999816894531,166.9564208984375,89.88185119628906,245.13589477539062,94.77740478515625,2772.35009765625,11.640000343322754
2018-06-07,,,122.86000061035156,165.59884643554688,89.8899917602539,245.10939025878906,95.69535827636719,2770.3701171875,12.130000114440918
2018-06-08,,,123.01000213623047,165.60830688476562,89.8981704711914,245.83395385742188,95.40792846679688,2779.030029296875,12.180000305175781
2018-06-11,,,123.2300033569336,166.0545654296875,89.90628814697266,246.16098022460938,95.23236846923828,2782.0,12.350000381469727
2018-06-12,,,122.81999969482422,166.92796325683594,89.90628814697266,246.47909545898438,95.25630950927734,2786.85009765625,12.34000015258789
2018-06-13,,,123.19000244140625,166.91845703125,89.90628814697266,245.69256591796875,95.20841979980469,2775.6298828125,12.9399995803833
2018-06-14,,,123.37999725341797,168.6083526611328,89.92257690429688,246.31118774414062,95.99861145019531,2782.489990234375,12.119999885559082
2018-06-15,,,121.33999633789062,168.01968383789062,89.93075561523438,245.99693298339844,96.08643341064453,2779.659912109375,11.979999542236328
2018-06-18,,,121.11000061035156,167.92271423339844,89.93075561523438,245.490966796875,95.99861145019531,2773.75,12.3100004196167
2018-06-19,,,120.80000305175781,167.44699096679688,89.94706726074219,244.5500946044922,96.55736541748047,2762.590087890625,13.350000381469727
2018-06-20,,,120.26000213623047,168.63623046875,89.93892669677734,244.9673309326172,95.71129608154297,2767.320068359375,12.789999961853027
2018-06-21,,,120.05000305175781,167.17108154296875,89.97151184082031,243.43161010742188,96.21417236328125,2749.760009765625,14.640000343322754
2018-06-22,,,120.33999633789062,166.80003356933594,89.97151184082031,243.87548828125,96.20616149902344,2754.8798828125,13.770000457763672
2018-06-25,,,119.88999938964844,163.04200744628906,89.97965240478516,240.55563354492188,96.42166900634766,2717.070068359375,17.329999923706055
2018-06-26,,,119.26000213623047,163.70799255371094,89.98780822753906,241.0881805419922,96.55736541748047,2723.06005859375,15.920000076293945
2018-06-27,,,118.58000183105469,161.481689453125,89.9959716796875,239.09104919433594,97.46727752685547,2699.6298828125,17.90999984741211
2018-06-28,,,118.22000122070312,162.87075805664062,89.98780822753906,240.4580078125,97.49127960205078,2716.31005859375,16.850000381469727
2018-06-29,,,118.6500015258789,163.30836486816406,90.01225280761719,240.80416870117188,97.15599822998047,2718.3701171875,16.09000015258789
2018-07-02,,,117.45999908447266,164.40249633789062,90.0130615234375,241.31903076171875,97.08000183105469,2726.7099609375,15.600000381469727
2018-07-03,,,118.6500015258789,162.49964904785156,90.02124786376953,240.4668426513672,97.60004425048828,2713.219970703125,16.139999389648438
2018-07-05,,,119.05000305175781,164.51669311523438,90.03756713867188,242.4285430908203,97.88004302978516,2736.610107421875,14.970000267028809
2018-07-06,,,118.86000061035156,167.07591247558594,90.03756713867188,244.47906494140625,98.20001220703125,2759.820068359375,13.369999885559082
2018-07-09,,,119.1500015258789,168.5791473388672,90.03756713867188,246.680419921875,97.5679931640625,2784.169921875,12.6899995803833
2018-07-10,,,118.93000030517578,168.7028350830078,90.03756713867188,247.56814575195312,97.56001281738281,2793.840087890625,12.640000343322754
2018-07-11,,,117.63999938964844,167.8466339111328,90.05390167236328,245.75723266601562,97.93600463867188,2774.02001953125,13.630000114440918
2018-07-12,,,118.12999725341797,170.73883056640625,90.06206512451172,247.98529052734375,97.92799377441406,2798.2900390625,12.579999923706055
2018-07-13,,,117.61000061035156,170.88153076171875,90.06206512451172,248.18055725097656,98.17599487304688,2801.31005859375,12.180000305175781
2018-07-16,,,117.55000305175781,170.472412109375,90.07020568847656,247.9586181640625,97.76800537109375,2798.429931640625,12.829999923706055
2018-07-17,,,116.27999877929688,171.5094451904297,90.07020568847656,248.96173095703125,97.583984375,2809.550048828125,12.0600004196167
2018-07-18,,,116.30999755859375,171.1859588623047,90.07838439941406,249.4854278564453,97.1920166015625,2815.6201171875,12.100000381469727
2018-07-19,,,115.80999755859375,170.3297119140625,90.07838439941406,248.54452514648438,97.80805206298828,2804.489990234375,12.869999885559082
2018-07-20,,,116.55999755859375,170.29165649414062,90.08653259277344,248.26040649414062,96.60802459716797,2801.830078125,12.859999656677246
2018-07-23,,,116.0,170.83395385742188,90.09468078613281,248.7220916748047,95.416015625,2806.97998046875,12.619999885559082
2018-07-24,,,116.04000091552734,171.53802490234375,90.09468078613281,249.97364807128906,95.7440414428711,2820.39990234375,12.40999984741211
2018-07-25,,,116.68000030517578,173.93560791015625,90.10286712646484,252.10401916503906,95.59196472167969,2846.070068359375,12.289999961853027
2018-07-26,,,115.7699966430664,171.3002166748047,90.11917114257812,251.50924682617188,95.4079818725586,2837.43994140625,12.140000343322754
2018-07-27,,,115.83000183105469,168.98828125,90.11102294921875,249.80502319335938,95.5679931640625,2818.820068359375,13.029999732971191
2018-07-30,,,115.6500015258789,166.60020446777344,90.11917114257812,248.5001220703125,95.23999786376953,2802.60009765625,14.260000228881836
2018-07-31,,,115.98999786376953,167.8750762939453,90.12736511230469,249.72512817382812,95.76000213623047,2816.2900390625,12.829999923706055
2018-08-01,,,115.13999938964844,168.51255798339844,90.13142395019531,249.30799865722656,94.97987365722656,2813.360107421875,13.149999618530273
2018-08-02,,,114.5199966430664,170.80543518066406,90.14779663085938,250.66607666015625,95.11618041992188,2827.219970703125,12.1899995803833
2018-08-03,,,114.91999816894531,171.3287353515625,90.16410827636719,251.7401580810547,95.5892105102539,2840.35009765625,11.640000343322754
2018-08-06,,,114.33000183105469,172.33717346191406,90.15596771240234,252.66329956054688,95.64533996582031,2850.39990234375,11.270000457763672
2018-08-07,,,114.58999633789062,172.9651336669922,90.16410827636719,253.49765014648438,95.14823913574219,2858.449951171875,10.930000305175781
2018-08-08,,,114.91000366210938,173.1744384765625,90.16410827636719,253.3910675048828,95.24446105957031,2857.699951171875,10.850000381469727
2018-08-09,,,114.73999786376953,173.06976318359375,90.1804428100586,253.04493713378906,96.04625701904297,2853.580078125,11.270000457763672
2018-08-10,,,114.69000244140625,171.74729919433594,90.19683837890625,251.34954833984375,96.74382019042969,2833.280029296875,13.15999984741211
2018-08-13,,,112.95999908447266,171.55702209472656,90.18861389160156,250.4086151123047,96.54335021972656,2821.929931640625,14.779999732971191
2018-08-14,,,113.06999969482422,172.63209533691406,90.20500946044922,252.00636291503906,96.32685089111328,2839.9599609375,13.3100004196167
2018-08-15,,,111.19000244140625,170.52001953125,90.20500946044922,250.12457275390625,96.88810729980469,2818.3701171875,14.640000343322754
2018-08-16,,,111.0999984741211,171.08131408691406,90.21316528320312,252.1484375,96.88011932373047,2840.68994140625,13.449999809265137
2018-08-17,,,112.12999725341797,171.11936950683594,90.22949981689453,253.03604125976562,97.00035858154297,2850.1298828125,12.640000343322754
2018-08-20,,,112.69000244140625,170.96717834472656,90.23767852783203,253.57757568359375,97.64981842041016,2857.050048828125,12.489999771118164
2018-08-21,,,113.0199966430664,171.59510803222656,90.24584197998047,254.17234802246094,97.32103729248047,2862.9599609375,12.859999656677246
2018-08-22,,,113.2699966430664,172.26107788085938,90.25402069091797,254.0214385986328,97.70594024658203,2861.820068359375,12.25
2018-08-23,,,112.19999694824219,172.0137176513672,90.24584197998047,253.68411254882812,97.85829162597656,2856.97998046875,12.40999984741211
2018-08-24,,,114.16000366210938,173.612060546875,90.25402069091797,255.21087646484375,98.0506820678711,2874.68994140625,11.989999771118164
2018-08-27,,,114.58999633789062,175.38169860839844,90.25402069091797,257.2257995605469,97.4894790649414,2896.739990234375,12.15999984741211
2018-08-28,,,113.68000030517578,175.63861083984375,90.26220703125,257.3501892089844,96.90414428710938,2897.52001953125,12.5
2018-08-29,,,114.19999694824219,177.6650390625,90.27037811279297,258.73480224609375,97.032470703125,2914.0400390625,12.25
2018-08-30,,,113.63999938964844,177.35108947753906,90.27857971191406,257.6875,97.24089813232422,2901.1298828125,13.529999732971191
2018-08-31,,,113.51000213623047,177.5794677734375,90.28672790527344,257.6962585449219,97.01641845703125,2901.52001953125,12.859999656677246
2018-09-04,,,112.93000030517578,176.81832885742188,90.2973861694336,257.25244140625,96.45547485351562,2896.719970703125,13.15999984741211
2018-09-05,,,113.31999969482422,174.53494262695312,90.3055419921875,256.56011962890625,96.19834899902344,2888.60009765625,13.90999984741211
2018-09-06,,,113.54000091552734,172.97462463378906,90.31375885009766,255.78781127929688,96.55194854736328,2878.050048828125,14.649999618530273
2018-09-07,,,113.2300033569336,172.30868530273438,90.32192993164062,255.29074096679688,95.73225402832031,2871.679931640625,14.880000114440918
2018-09-10,,,113.1500015258789,172.88900756835938,90.33010864257812,255.73451232910156,96.08584594726562,2877.1298828125,14.15999984741211
2018-09-11,,,113.22000122070312,174.220947265625,90.33010864257812,256.5778503417969,95.3545913696289,2887.889892578125,13.220000267028809
2018-09-12,,,114.16999816894531,173.70718383789062,90.33829498291016,256.6399230957031,95.57959747314453,2888.919921875,13.140000343322754
2018-09-13,,,113.76000213623047,175.5624237060547,90.33010864257812,258.15789794921875,95.72425079345703,2904.179931640625,12.369999885559082
2018-09-14,,,113.0199966430664,175.0487060546875,90.33829498291016,258.2022705078125,95.26615142822266,2904.97998046875,12.069999694824219
2018-09-17,,,113.61000061035156,172.52748107910156,90.35466766357422,256.8352355957031,95.26615142822266,2888.800048828125,13.680000305175781
2018-09-18,,,113.44000244140625,173.95458984375,90.34649658203125,258.2289123535156,94.26971435546875,2904.31005859375,12.789999961853027
2018-09-19,,,113.87999725341797,173.82131958007812,90.33829498291016,258.5040588378906,93.70719146728516,2907.949951171875,11.75
2018-09-20,,,114.2699966430664,175.7432098388672,90.35466766357422,260.59893798828125,94.1411361694336,2930.75,11.800000190734863
2018-09-21,,,113.48999786376953,174.78228759765625,90.37104797363281,260.3608093261719,94.10094451904297,2929.669921875,11.680000305175781
2018-09-24,,,113.47000122070312,175.2684326171875,90.37104797363281,259.49591064453125,93.85987854003906,2919.3701171875,12.199999809265137
2018-09-25,,,113.6500015258789,175.5066680908203,90.37104797363281,259.255126953125,93.7634506225586,2915.56005859375,12.420000076293945
2018-09-26,,,113.05000305175781,175.63059997558594,90.38739776611328,258.4795227050781,94.42240142822266,2905.969970703125,12.890000343322754
2018-09-27,,,112.05000305175781,177.11740112304688,90.40379333496094,259.20172119140625,94.48672485351562,2914.0,12.40999984741211
2018-09-28,,,112.76000213623047,177.07928466796875,90.4119644165039,259.2283935546875,94.23755645751953,2913.97998046875,12.119999885559082
2018-10-01,,,112.56999969482422,177.4414520263672,90.42178344726562,260.1290588378906,93.54574584960938,2924.590087890625,12.0
2018-10-02,,,113.87000274658203,177.04115295410156,90.41361236572266,259.977294921875,94.1175308227539,2923.429931640625,12.050000190734863
2018-10-03,,,113.41999816894531,177.2318115234375,90.42999267578125,260.1201171875,92.48267364501953,2925.510009765625,11.609999656677246
2018-10-04,,,113.4800033569336,173.82919311523438,90.4464340209961,258.0871887207031,91.83026885986328,2901.610107421875,14.220000267028809
2018-10-05,,,113.80000305175781,171.70370483398438,90.4464340209961,256.6427001953125,91.04096984863281,2885.570068359375,14.819999694824219
2018-10-08,,,112.54000091552734,170.6553192138672,90.45460510253906,256.6427001953125,90.7349624633789,2884.429931640625,15.6899995803833
2018-10-09,,,112.5999984741211,171.20809936523438,90.45460510253906,256.2680969238281,91.653076171875,2880.340087890625,15.949999809265137
2018-10-10,,,112.87999725341797,163.67845153808594,90.45460510253906,248.15379333496094,91.40340423583984,2785.679931640625,22.959999084472656
2018-10-11,,,115.77999877929688,161.64833068847656,90.46282958984375,242.6878204345703,92.51487731933594,2728.3701171875,24.979999542236328
2018-10-12,,,115.2300033569336,166.1470947265625,90.4792251586914,246.05841064453125,92.19268798828125,2767.1298828125,21.309999465942383
2018-10-15,,,116.0,164.13600158691406,90.4792251586914,244.6762237548828,92.15243530273438,2750.7900390625,21.299999237060547
2018-10-16,,,115.80000305175781,168.91110229492188,90.4874038696289,250.02633666992188,92.36183166503906,2809.919921875,17.6200008392334
2018-10-17,,,115.79000091552734,168.9778594970703,90.47101593017578,250.0708770751953,91.81415557861328,2809.2099609375,17.399999618530273
2018-10-18,,,115.91999816894531,165.06048583984375,90.51203918457031,246.45956420898438,91.78193664550781,2768.780029296875,20.059999465942383
2018-10-19,,,116.01000213623047,164.9080047607422,90.51203918457031,246.3258514404297,91.58060455322266,2767.780029296875,19.889999389648438
2018-10-22,,,115.70999908447266,165.75628662109375,90.51203918457031,245.2201690673828,91.4598159790039,2755.8798828125,19.639999389648438
2018-10-23,,,116.38999938964844,165.1463165283203,90.52022552490234,243.97186279296875,91.74976348876953,2740.68994140625,20.709999084472656
2018-10-24,,,116.66000366210938,157.58807373046875,90.5284194946289,236.579833984375,92.44233703613281,2656.10009765625,25.229999542236328
2018-10-25,,,116.4000015258789,163.03993225097656,90.54481506347656,240.82420349121094,92.05577850341797,2705.570068359375,24.219999313354492
2018-10-26,,,116.7699966430664,158.84620666503906,90.55302429199219,236.58872985839844,92.61148834228516,2658.68994140625,24.15999984741211
2018-10-29,,,116.30999755859375,155.5770263671875,90.55302429199219,235.2779541015625,92.402099609375,2641.25,24.700000762939453
2018-10-30,,,115.80000305175781,158.1409149169922,90.56119537353516,238.764404296875,91.94302368164062,2682.6298828125,23.350000381469727
2018-10-31,,,115.1500015258789,161.85809326171875,90.56939697265625,241.3146514892578,91.4759292602539,2711.739990234375,21.229999542236328
2018-11-01,,,116.62999725341797,163.99301147460938,90.58255767822266,243.88270568847656,91.56072235107422,2740.3701171875,19.34000015258789
2018-11-02,,,116.6500015258789,161.4386444091797,90.57433319091797,242.43820190429688,90.42232513427734,2723.06005859375,19.510000228881836
2018-11-05,,,116.37000274658203,161.03834533691406,90.58255767822266,243.77569580078125,90.77754211425781,2738.31005859375,19.959999084472656
2018-11-06,,,116.04000091552734,162.2583465576172,90.57433319091797,245.31820678710938,90.72103881835938,2755.449951171875,19.90999984741211
2018-11-07,,,116.02999877929688,167.34800720214844,90.59078216552734,250.57022094726562,90.84214782714844,2813.889892578125,16.360000610351562
2018-11-08,,,115.77999877929688,166.28053283691406,90.5990219116211,250.11549377441406,90.83409881591797,2806.830078125,16.719999313354492
2018-11-09,,,114.4800033569336,163.47833251953125,90.60720825195312,247.6722412109375,91.51221466064453,2781.010009765625,17.360000610351562
2018-11-12,,,113.66000366210938,158.5316925048828,90.64006805419922,243.0444793701172,92.10965728759766,2726.219970703125,20.450000762939453
2018-11-13,,,113.69999694824219,158.6650848388672,90.63185119628906,242.5896759033203,92.05316162109375,2722.179931640625,20.020000457763672
2018-11-14,,,114.63999938964844,157.4546661376953,90.64006805419922,240.9311981201172,92.10965728759766,2701.580078125,21.25
2018-11-15,,,114.7699966430664,160.20921325683594,90.64828491210938,243.44573974609375,92.0693130493164,2730.199951171875,19.979999542236328
2018-11-16,,,115.62000274658203,159.64682006835938,90.656494140625,244.07888793945312,92.6021499633789,2736.27001953125,18.139999389648438
2018-11-19,,,115.66999816894531,154.46188354492188,90.6729507446289,239.95040893554688,92.86048126220703,2690.72998046875,20.100000381469727
2018-11-20,,,115.66999816894531,151.69786071777344,90.68114471435547,235.50978088378906,92.89278411865234,2641.889892578125,22.479999542236328
2018-11-21,,,115.86000061035156,152.85110473632812,90.68114471435547,236.31228637695312,92.86048126220703,2649.929931640625,20.799999237060547
2018-11-23,,,115.7699966430664,151.74549865722656,90.70578002929688,234.73402404785156,92.95738983154297,2632.56005859375,21.520000457763672
2018-11-26,,,115.63999938964844,155.25299072265625,90.70578002929688,238.523681640625,92.74746704101562,2673.449951171875,18.899999618530273
2018-11-27,,,114.94999694824219,155.7772216796875,90.7139663696289,239.32623291015625,92.8524398803711,2682.169921875,19.020000457763672
2018-11-28,,,115.37999725341797,160.7905731201172,90.72217559814453,244.83673095703125,92.4002914428711,2743.7900390625,18.489999771118164
2018-11-29,,,115.73999786376953,160.26634216308594,90.73041534423828,244.3018035888672,92.76359558105469,2737.800048828125,18.790000915527344
2018-11-30,,,115.54000091552734,161.4291534423828,90.73863220214844,245.79080200195312,93.11078643798828,2760.169921875,18.06999969482422
2018-12-03,,,116.41000366210938,164.2504119873047,90.74684143066406,249.04537963867188,93.77193450927734,2790.3701171875,16.440000534057617
2018-12-04,,,117.12000274658203,157.95025634765625,90.74684143066406,240.97579956054688,95.341796875,2700.06005859375,20.739999771118164
2018-12-06,,,117.13999938964844,159.06539916992188,90.77154541015625,240.6102294921875,95.64118194580078,2695.949951171875,21.190000534057617
2018-12-07,,,118.08999633789062,153.81373596191406,90.77979278564453,235.01942443847656,95.8191909790039,2633.080078125,23.229999542236328
2018-12-10,,,117.68000030517578,155.42453002929688,90.7879867553711,235.4652099609375,96.21573638916016,2637.719970703125,22.639999389648438
2018-12-11,,,117.54000091552734,155.939208984375,90.77979278564453,235.51869201660156,96.19955444335938,2636.780029296875,21.760000228881836
2018-12-12,,,117.79000091552734,157.31170654296875,90.79623413085938,236.70468139648438,95.77066802978516,2651.070068359375,21.459999084472656
2018-12-13,,,117.52999877929688,157.35935974121094,90.81273651123047,236.62437438964844,95.54409790039062,2650.5400390625,20.649999618530273
2018-12-14,,,117.05999755859375,153.5277862548828,90.8208999633789,232.25515747070312,95.8758544921875,2599.949951171875,21.6299991607666
2018-12-17,,,117.87000274658203,150.04891967773438,90.83735656738281,227.69876098632812,96.43423461914062,2545.93994140625,24.520000457763672
2018-12-18,,,118.1500015258789,150.99253845214844,90.84644317626953,227.4490509033203,97.01177215576172,2546.159912109375,25.579999923706055
2018-12-19,,,117.43000030517578,147.284912109375,90.85464477539062,224.04281616210938,98.2933349609375,2506.9599609375,25.579999923706055
2018-12-20,,,119.23999786376953,145.14991760253906,90.87116241455078,220.3958740234375,97.93643951416016,2467.419921875,28.3799991607666
2018-12-21,,,118.72000122070312,140.65126037597656,90.88763427734375,215.8800811767578,97.92020416259766,2416.6201171875,30.110000610351562
2018-12-24,,,120.0199966430664,137.16334533691406,90.87937927246094,210.17587280273438,98.40692138671875,2351.10009765625,36.06999969482422
2018-12-26,,,119.66000366210938,145.7277374267578,90.87937927246094,220.7949981689453,97.3524169921875,2467.699951171875,30.40999984741211
2018-12-27,,,120.56999969482422,146.2917022705078,90.92060852050781,222.4901123046875,97.36863708496094,2488.830078125,29.959999084472656
2018-12-28,,,121.05999755859375,146.21517944335938,90.93711853027344,222.20310974121094,98.1878662109375,2485.739990234375,28.34000015258789
2018-12-31,,,121.25,147.4482421875,90.92060852050781,224.14938354492188,98.5610122680664,2506.85009765625,25.420000076293945
2019-01-02,,,121.33000183105469,148.04086303710938,90.9288558959961,224.38258361816406,99.08014678955078,2510.030029296875,23.219999313354492
2019-01-03,,,122.43000030517578,143.2042694091797,90.96183013916016,219.02810668945312,100.20763397216797,2447.889892578125,25.450000762939453
2019-01-04,,,121.44000244140625,149.3312530517578,90.98655700683594,226.3647003173828,99.04769897460938,2531.93994140625,21.3799991607666
2019-01-07,,,121.86000061035156,151.10906982421875,90.98655700683594,228.14944458007812,98.75570678710938,2549.68994140625,21.399999618530273
2019-01-08,,,121.52999877929688,152.4759521484375,90.97834014892578,230.29299926757812,98.49612426757812,2574.409912109375,20.469999313354492
2019-01-09,,,122.30999755859375,153.71853637695312,90.9700927734375,231.36924743652344,98.34198760986328,2584.9599609375,19.979999542236328
2019-01-10,,,121.58999633789062,154.15823364257812,90.99479675292969,232.1854705810547,97.70931243896484,2596.639892578125,19.5
2019-01-11,,,121.80000305175781,153.59429931640625,91.01951599121094,232.275146484375,98.090576171875,2596.260009765625,18.190000534057617
2019-01-14,,,122.08999633789062,152.23703002929688,91.02778625488281,230.85801696777344,97.72553253173828,2582.610107421875,19.06999969482422
2019-01-15,,,121.87999725341797,155.20965576171875,91.0360107421875,233.50381469726562,97.36863708496094,2610.300048828125,18.600000381469727
2019-01-16,,,122.2699966430664,155.18099975585938,91.01951599121094,234.06886291503906,97.46602630615234,2616.10009765625,19.040000915527344
2019-01-17,,,122.11000061035156,156.40447998046875,91.04425811767578,235.84469604492188,97.49030303955078,2635.9599609375,18.059999465942383
2019-01-18,,,121.0199966430664,157.9530029296875,91.06902313232422,238.98379516601562,96.97929382324219,2670.7099609375,17.799999237060547
2019-01-22,,,121.44999694824219,154.78912353515625,91.0607681274414,235.7550048828125,97.63632202148438,2632.89990234375,20.799999237060547
2019-01-23,,,121.27999877929688,154.98983764648438,91.0607681274414,236.2483367919922,97.5958023071289,2638.699951171875,19.520000457763672
2019-01-24,,,121.08999633789062,155.99343872070312,91.0937271118164,236.37384033203125,98.23657989501953,2642.330078125,18.889999389648438
2019-01-25,,,122.86000061035156,157.85731506347656,91.0937271118164,238.37396240234375,97.76610565185547,2664.760009765625,17.420000076293945
2019-01-28,,,123.29000091552734,155.90744018554688,91.0937271118164,236.56224060058594,97.6688003540039,2643.85009765625,18.8700008392334
2019-01-29,,,123.9800033569336,154.43544006347656,91.08544921875,236.2483367919922,98.16353607177734,2640.0,19.1299991607666
2019-01-30,,,124.69000244140625,158.36392211914062,91.11021423339844,239.98837280273438,98.090576171875,2681.050048828125,17.65999984741211
2019-01-31,,,124.75,160.7344512939453,91.14322662353516,242.09600830078125,98.93414306640625,2704.10009765625,16.56999969482422
2019-02-01,,,124.5,160.05577087402344,91.14981842041016,242.21253967285156,98.33658599853516,2706.530029296875,16.139999389648438
2019-02-04,,,123.95999908447266,162.0439453125,91.14981842041016,243.91671752929688,97.89759826660156,2724.8701171875,15.729999542236328
2019-02-05,,,124.27999877929688,163.47767639160156,91.14155578613281,244.93911743164062,98.3447494506836,2737.699951171875,15.569999694824219
2019-02-06,,,123.44000244140625,162.99021911621094,91.1662826538086,244.6162872314453,98.39350891113281,2731.610107421875,15.380000114440918
2019-02-07,,,123.73999786376953,160.80136108398438,91.17457580566406,242.28433227539062,99.04391479492188,2706.050048828125,16.3700008392334
2019-02-08,,,124.20999908447266,161.11676025390625,91.19107818603516,242.58030700683594,99.46662139892578,2707.8798828125,15.720000267028809
2019-02-11,,,123.5999984741211,160.96385192871094,91.19107818603516,242.71482849121094,99.076416015625,2709.800048828125,15.970000267028809
2019-02-12,,,123.86000061035156,163.34388732910156,91.18280792236328,245.83607482910156,98.82440948486328,2744.72998046875,15.430000305175781
2019-02-13,,,123.37000274658203,163.4585723876953,91.19107818603516,246.63427734375,98.45043182373047,2753.030029296875,15.649999618530273
2019-02-14,,,124.05999755859375,163.65931701660156,91.2158432006836,246.08706665039062,99.01139068603516,2745.72998046875,16.219999313354492
2019-02-15,,,124.80000305175781,164.3474884033203,91.23239135742188,248.76881408691406,99.16583251953125,2775.60009765625,14.90999984741211
2019-02-19,,,126.69999694824219,164.67251586914062,91.24066162109375,249.19932556152344,99.41786193847656,2779.760009765625,14.880000114440918
2019-02-20,,,126.4800033569336,164.6438446044922,91.24066162109375,249.70155334472656,99.1333236694336,2784.699951171875,14.020000457763672
2019-02-21,,,125.05000305175781,164.0416717529297,91.265380859375,248.8136444091797,98.24717712402344,2774.8798828125,14.460000038146973
2019-02-22,,,125.5,165.2555694580078,91.265380859375,250.3563232421875,98.83251953125,2792.669921875,13.510000228881836
2019-02-25,,,125.37000274658203,165.8577423095703,91.265380859375,250.69712829589844,98.5398178100586,2796.110107421875,14.850000381469727
2019-02-26,,,125.58000183105469,166.02981567382812,91.265380859375,250.5177764892578,99.0276107788086,2793.89990234375,15.170000076293945
2019-02-27,,,124.69000244140625,165.92466735839844,91.29019165039062,250.4100799560547,97.90576171875,2792.3798828125,14.699999809265137
2019-02-28,,,123.98999786376953,165.54232788085938,91.29019165039062,249.9437255859375,97.57242584228516,2784.489990234375,14.779999732971191
2019-03-01,,,121.87999725341797,166.68931579589844,91.30259704589844,251.5043487548828,96.67056274414062,2803.68994140625,13.569999694824219
2019-03-04,,,121.55999755859375,166.71798706054688,91.31916046142578,250.58946228027344,97.42821502685547,2792.81005859375,14.630000114440918
2019-03-05,,,121.72000122070312,166.84226989746094,91.31087493896484,250.2486572265625,97.63187408447266,2789.64990234375,14.739999771118164
2019-03-06,,,121.61000061035156,165.89598083496094,91.32742309570312,248.7329864501953,97.99034118652344,2771.449951171875,15.739999771118164
2019-03-07,,,121.51000213623047,163.8600311279297,91.34396362304688,246.65220642089844,98.62581634521484,2748.929931640625,16.59000015258789
2019-03-08,,,122.83999633789062,163.61154174804688,91.36054229736328,246.15882873535156,99.04130554199219,2743.070068359375,16.049999237060547
2019-03-11,,,122.23999786376953,167.01429748535156,91.34396362304688,249.7284698486328,98.74800872802734,2783.300048828125,14.329999923706055
2019-03-12,,,122.9800033569336,167.9319305419922,91.36054229736328,250.6702423095703,99.44049072265625,2791.52001953125,13.770000457763672
2019-03-13,,,123.83999633789062,169.19361877441406,91.37703704833984,252.3293914794922,99.25312042236328,2810.919921875,13.40999984741211
2019-03-14,,,122.41000366210938,168.90689086914062,91.37703704833984,252.16799926757812,98.53617095947266,2808.47998046875,13.5
2019-03-15,,,122.97000122070312,170.47447204589844,91.40190124511719,253.41383361816406,99.18795013427734,2822.47998046875,12.880000114440918
2019-03-18,,,123.04000091552734,170.88046264648438,91.38534545898438,254.332763671875,99.13093566894531,2832.93994140625,13.100000381469727
2019-03-19,,,123.37999725341797,171.45504760742188,91.41016387939453,254.3957977294922,98.91094207763672,2832.570068359375,13.5600004196167
2019-03-20,,,124.18000030517578,172.13490295410156,91.4184341430664,253.63011169433594,99.94558715820312,2824.22998046875,13.90999984741211
2019-03-21,,,123.68000030517578,174.82571411132812,91.42671966552734,256.49468994140625,100.16556549072266,2854.8798828125,13.630000114440918
2019-03-22,,,123.97000122070312,170.98582458496094,91.45153045654297,251.5581512451172,101.72162628173828,2800.7099609375,16.479999542236328
2019-03-25,,,124.91999816894531,170.66021728515625,91.45153045654297,251.3690185546875,101.88451385498047,2798.360107421875,16.329999923706055
2019-03-26,,,124.30000305175781,171.45504760742188,91.4681167602539,253.24270629882812,101.81123352050781,2818.4599609375,14.680000305175781
2019-03-27,,,123.6500015258789,170.3538055419922,91.4598159790039,251.9185028076172,102.74813842773438,2805.3701171875,15.149999618530273
2019-03-28,,,121.9000015258789,170.74644470214844,91.48462677001953,252.87335205078125,103.10658264160156,2815.43994140625,14.430000305175781
2019-03-29,,,122.01000213623047,172.0391082763672,91.49291229248047,254.46788024902344,103.0087890625,2834.39990234375,13.710000038146973
2019-04-01,,,121.52999877929688,174.31817626953125,91.49290466308594,257.4856262207031,101.54570007324219,2867.18994140625,13.399999618530273
2019-04-02,,,121.9800033569336,174.97891235351562,91.51779174804688,257.6117858886719,101.73348236083984,2867.239990234375,13.359999656677246
2019-04-03,,,121.80000305175781,175.98443603515625,91.50120544433594,258.0171203613281,100.85166931152344,2873.39990234375,13.739999771118164
2019-04-04,,,122.11000061035156,175.91737365722656,91.54267120361328,258.7017517089844,101.13744354248047,2879.389892578125,13.579999923706055
2019-04-05,,,121.9800033569336,176.8270721435547,91.53436279296875,259.9539794921875,101.26805114746094,2892.739990234375,12.819999694824219
2019-04-08,,,122.51000213623047,177.2771453857422,91.55094909667969,260.1521301269531,100.90880584716797,2895.77001953125,13.180000305175781
2019-04-09,,,123.1500015258789,176.6546630859375,91.53436279296875,258.8188171386719,101.22727966308594,2878.199951171875,14.279999732971191
2019-04-10,,,123.52999877929688,177.60272216796875,91.55921173095703,259.70172119140625,101.47218322753906,2888.2099609375,13.300000190734863
2019-04-11,,,121.94999694824219,177.1813507080078,91.58411407470703,259.6296081542969,100.8761978149414,2888.320068359375,13.020000457763672
2019-04-12,,,121.83000183105469,177.94747924804688,91.58411407470703,261.3861999511719,100.15768432617188,2907.409912109375,12.010000228881836
2019-04-15,,,121.5999984741211,177.97616577148438,91.57579803466797,261.2151184082031,100.41077423095703,2905.580078125,12.319999694824219
2019-04-16,,,120.51000213623047,178.5890350341797,91.5923843383789,261.3861999511719,99.78208923339844,2907.06005859375,12.180000305175781
2019-04-17,,,120.27999877929688,179.21142578125,91.61729431152344,260.7466735839844,99.82292175292969,2900.449951171875,12.600000381469727
2019-04-18,,,120.37000274658203,179.44125366210938,91.60899353027344,261.2601013183594,100.3454360961914,2905.030029296875,12.09000015258789
2019-04-22,,,120.37000274658203,179.94876098632812,91.60899353027344,261.48541259765625,99.86373901367188,2907.969970703125,12.420000076293945
2019-04-23,,,120.12000274658203,182.23739624023438,91.60899353027344,263.83648681640625,100.07601165771484,2933.679931640625,12.279999732971191
2019-04-24,,,120.47000122070312,181.66287231445312,91.64215850830078,263.2510070800781,100.8924789428711,2927.25,13.140000343322754
2019-04-25,,,120.56999969482422,182.40020751953125,91.65874481201172,263.0887451171875,100.74554443359375,2926.169921875,13.25
2019-04-26,,,121.37000274658203,182.56297302246094,91.6670150756836,264.3139343261719,101.08839416503906,2939.8798828125,12.729999542236328
2019-04-29,,,120.83000183105469,182.9172821044922,91.6670150756836,264.7283630371094,100.44344329833984,2943.030029296875,13.109999656677246
2019-04-30,,,121.19999694824219,181.50006103515625,91.6670150756836,264.8634948730469,100.95782470703125,2945.830078125,13.119999885559082
2019-05-01,,,120.4000015258789,180.9159393310547,91.6819839477539,262.8726501464844,101.37425994873047,2923.72998046875,14.800000190734863
2019-05-02,,,119.94000244140625,180.13075256347656,91.69860076904297,262.30511474609375,100.89155578613281,2917.52001953125,14.420000076293945
2019-05-03,,,120.6500015258789,183.0034942626953,91.69860076904297,264.8724670410156,101.17791748046875,2945.639892578125,12.869999885559082
2019-05-06,,,120.80999755859375,181.88308715820312,91.70691680908203,263.78253173828125,101.45611572265625,2932.469970703125,15.4399995803833
2019-05-07,,,121.20999908447266,178.34007263183594,91.7152328491211,259.3774108886719,102.23339080810547,2884.050048828125,19.31999969482422
2019-05-08,,16.458234786987305,120.91000366210938,177.8899688720703,91.7152328491211,259.0171203613281,101.79157257080078,2879.419921875,19.399999618530273
2019-05-09,,16.467449188232422,121.19999694824219,176.93243408203125,91.74010467529297,258.2332458496094,102.20883178710938,2870.719970703125,19.100000381469727
2019-05-10,,16.470083236694336,121.43000030517578,177.15264892578125,91.74010467529297,259.5306396484375,102.06974029541016,2881.39990234375,16.040000915527344
2019-05-13,,16.349632263183594,122.66999816894531,171.00494384765625,91.75674438476562,253.00852966308594,102.87157440185547,2811.8701171875,20.549999237060547
2019-05-14,,16.443098068237305,122.45999908447266,172.8818359375,91.76506042480469,255.2965850830078,102.56883239746094,2834.409912109375,18.059999465942383
2019-05-15,,16.648452758789062,122.38999938964844,175.3236846923828,91.76506042480469,256.7919616699219,103.19888305664062,2850.9599609375,16.440000534057617
2019-05-16,,16.82748794555664,121.51000213623047,177.0855712890625,91.78997802734375,259.1701965332031,102.8552017211914,2876.320068359375,15.289999961853027
2019-05-17,,16.88014030456543,120.6500015258789,175.27574157714844,91.78997802734375,257.49462890625,103.0843276977539,2859.530029296875,15.960000038146973
2019-05-20,,16.77153968811035,120.63999938964844,172.3168487548828,91.78166961669922,255.79208374023438,102.87157440185547,2840.22998046875,16.309999465942383
2019-05-21,,16.789966583251953,120.36000061035156,174.11708068847656,91.7983169555664,258.0982666015625,102.70791625976562,2864.360107421875,14.949999809265137
2019-05-22,,16.80049705505371,120.23999786376953,173.34146118164062,91.80658721923828,257.3055114746094,103.2969970703125,2856.27001953125,14.75
2019-05-23,,16.708351135253906,121.16999816894531,170.68896484375,91.83153533935547,254.1615753173828,104.4588851928711,2822.239990234375,16.920000076293945
2019-05-24,,16.743236541748047,121.30000305175781,170.602783203125,91.8398208618164,254.738037109375,104.54888916015625,2826.06005859375,15.850000381469727
2019-05-28,,16.84788703918457,120.83000183105469,169.9612274169922,91.8398208618164,252.36891174316406,105.30157470703125,2802.389892578125,17.5
2019-05-29,,16.780092239379883,120.87000274658203,168.56312561035156,91.8398208618164,250.6753692626953,105.62069702148438,2783.02001953125,17.899999618530273
2019-05-30,,16.814979553222656,121.69000244140625,169.27178955078125,91.86470794677734,251.36007690429688,106.5289306640625,2788.860107421875,17.299999237060547
2019-05-31,,16.682680130004883,123.33000183105469,166.57135009765625,91.88967895507812,247.97283935546875,107.86253356933594,2752.06005859375,18.709999084472656
2019-06-03,,16.624099731445312,125.11000061035156,162.9038543701172,91.92377471923828,247.34228515625,108.58406066894531,2744.449951171875,18.860000610351562
2019-06-04,,16.651742935180664,125.1500015258789,167.4906463623047,91.91548919677734,252.71124267578125,107.34603118896484,2803.27001953125,16.969999313354492
2019-06-05,,16.714929580688477,125.47000122070312,168.73545837402344,91.94879150390625,254.90016174316406,106.7393569946289,2826.14990234375,16.09000015258789
2019-06-06,,16.691892623901367,125.87999725341797,170.07611083984375,91.96540832519531,256.5577087402344,107.08368682861328,2843.489990234375,15.930000305175781
2019-06-07,,16.82090187072754,126.58999633789062,173.36065673828125,91.97373962402344,259.1251525878906,108.01013946533203,2873.340087890625,16.299999237060547
2019-06-10,,16.735994338989258,125.33000183105469,175.38113403320312,91.99036407470703,260.31427001953125,106.99345397949219,2886.72998046875,15.9399995803833
2019-06-11,,16.701766967773438,125.18000030517578,175.62049865722656,91.98208618164062,260.25115966796875,107.05909729003906,2885.719970703125,15.989999771118164
2019-06-12,,16.774831771850586,125.83000183105469,174.60543823242188,91.99036407470703,259.7917175292969,107.14105224609375,2879.840087890625,15.90999984741211
2019-06-13,,16.87421417236328,126.5999984741211,175.6396484375,92.031982421875,260.86376953125,107.51002502441406,2891.639892578125,15.819999694824219
2019-06-14,,16.953861236572266,126.55999755859375,174.89273071289062,92.04033660888672,260.5755615234375,107.78057098388672,2886.97998046875,15.279999732971191
2019-06-17,,16.948593139648438,126.4800033569336,175.94610595703125,92.04033660888672,260.674560546875,107.9691390991211,2889.669921875,15.350000381469727
2019-06-18,,17.077604293823242,127.12000274658203,178.50283813476562,92.04033660888672,263.4040832519531,108.5102767944336,2917.75,15.149999618530273
2019-06-19,,17.13814926147461,127.88999938964844,179.1731414794922,92.04033660888672,263.99859619140625,108.66603088378906,2926.4599609375,14.329999923706055
2019-06-20,,17.108535766601562,131.11000061035156,180.8393096923828,92.09030151367188,266.5210266113281,108.9530029296875,2954.179931640625,14.75
2019-06-21,,16.833406448364258,131.97999572753906,180.57118225097656,92.08194732666016,266.1335754394531,107.75599670410156,2950.4599609375,15.399999618530273
2019-06-24,,16.876848220825195,133.94000244140625,180.57699584960938,92.08194732666016,265.80780029296875,108.55948638916016,2945.35009765625,15.260000228881836
2019-06-25,,16.90317726135254,134.1999969482422,177.47711181640625,92.08194732666016,263.20074462890625,108.89561462402344,2917.3798828125,16.280000686645508
2019-06-26,,16.72480583190918,132.97000122070312,178.30247497558594,92.09859466552734,262.9381103515625,108.1987075805664,2913.780029296875,16.209999084472656
2019-06-27,,16.826946258544922,132.83999633789062,178.98387145996094,92.1235580444336,263.8706359863281,108.96117401123047,2924.919921875,15.819999694824219
2019-06-28,,16.906028747558594,133.1999969482422,179.21420288085938,92.1069564819336,265.22833251953125,108.88740539550781,2941.760009765625,15.079999923706055
2019-07-01,,16.975215911865234,130.6199951171875,181.63259887695312,92.11443328857422,267.6362609863281,108.63272094726562,2964.330078125,14.0600004196167
2019-07-02,,17.13007164001465,133.41000366210938,182.35240173339844,92.13111114501953,268.333251953125,109.47064208984375,2973.010009765625,12.930000305175781
2019-07-03,,17.286911010742188,133.6300048828125,183.7248077392578,92.15614318847656,270.4786682128906,110.2510757446289,2995.820068359375,12.569999694824219
2019-07-05,,17.11623764038086,132.13999938964844,183.35052490234375,92.13111114501953,270.1708679199219,108.7887954711914,2990.409912109375,13.279999732971191
2019-07-08,,17.079992294311523,131.2899932861328,182.0645294189453,92.14778137207031,268.68634033203125,108.9366683959961,2975.949951171875,13.960000038146973
2019-07-09,,17.060880661010742,131.75,182.97621154785156,92.14778137207031,269.0212097167969,108.89561462402344,2979.6298828125,14.09000015258789
2019-07-10,,17.03452491760254,133.8300018310547,184.7996063232422,92.16444396972656,270.3066101074219,108.2959213256836,2993.070068359375,13.029999732971191
2019-07-11,,16.89218521118164,132.6999969482422,184.66525268554688,92.18116760253906,270.94024658203125,106.85015106201172,2999.909912109375,12.930000305175781
2019-07-12,,16.93567657470703,133.52999877929688,185.73052978515625,92.16444396972656,272.1532897949219,106.97337341308594,3013.77001953125,12.390000343322754
2019-07-15,,17.02463722229004,133.52999877929688,186.3255157470703,92.18951416015625,272.2437744140625,107.58944702148438,3014.300048828125,12.680000305175781
2019-07-16,,17.018049240112305,132.39999389648438,185.36587524414062,92.17280578613281,271.36578369140625,107.26908874511719,3004.0400390625,12.859999656677246
2019-07-17,,17.083942413330078,134.5800018310547,184.4541473388672,92.19783020019531,269.5191345214844,108.42733001708984,2984.419921875,13.970000267028809
2019-07-18,,17.083942413330078,136.47999572753906,184.66525268554688,92.22285461425781,270.5057373046875,108.4355697631836,2995.110107421875,13.529999732971191
2019-07-19,,17.073400497436523,134.47000122070312,183.31211853027344,92.21451568603516,269.003173828125,108.1809310913086,2976.610107421875,14.449999809265137
2019-07-22,,17.110305786132812,134.4499969482422,184.77085876464844,92.23954010009766,269.6639099121094,108.38629913330078,2985.030029296875,13.529999732971191
2019-07-23,,17.216402053833008,133.69000244140625,185.98004150390625,92.23119354248047,271.5920104980469,107.7947998046875,3005.469970703125,12.609999656677246
2019-07-24,,17.36269187927246,134.3699951171875,187.28526306152344,92.23119354248047,272.8684387207031,108.2630844116211,3019.56005859375,12.069999694824219
2019-07-25,,17.209810256958008,133.4199981689453,185.5098114013672,92.23954010009766,271.5648498535156,107.74552917480469,3003.669921875,12.739999771118164
2019-07-26,,17.331722259521484,133.63999938964844,187.4196014404297,92.24788665771484,273.3843688964844,108.00017547607422,3025.860107421875,12.15999984741211
2019-07-29,,17.30733871459961,134.52999877929688,186.776611328125,92.24788665771484,272.886474609375,108.0330810546875,3020.969970703125,12.829999923706055
2019-07-30,,17.19795036315918,134.97999572753906,185.970458984375,92.25618743896484,272.2167663574219,108.2959213256836,3013.179931640625,13.9399995803833
2019-07-31,,17.275707244873047,133.2100067138672,183.3985137939453,92.25618743896484,269.23846435546875,109.16668701171875,2980.3798828125,16.1200008392334
2019-08-01,,17.414093017578125,136.41000366210938,182.4867401123047,92.29800415039062,266.8939208984375,111.33479309082031,2953.56005859375,17.8700008392334
2019-08-02,,17.282958984375,135.88999938964844,179.79957580566406,92.31468200683594,264.88446044921875,112.36368560791016,2932.050048828125,17.610000610351562
2019-08-05,,17.028593063354492,137.7899932861328,173.4464111328125,92.33142852783203,256.91845703125,114.30622863769531,2844.739990234375,24.59000015258789
2019-08-06,,17.295480728149414,138.91000366210938,175.87445068359375,92.33975219726562,260.52117919921875,115.21993255615234,2881.77001953125,20.170000076293945
2019-08-07,,17.350830078125,141.02000427246094,176.82455444335938,92.34810638427734,260.6750793457031,115.26103973388672,2883.97998046875,19.489999771118164
2019-08-08,,17.524805068969727,141.72999572753906,180.6729736328125,92.36486053466797,265.7897033691406,115.50799560546875,2938.090087890625,16.90999984741211
2019-08-09,,17.37323570251465,141.25999450683594,178.97430419921875,92.37320709228516,263.97918701171875,115.27751922607422,2918.64990234375,17.969999313354492
2019-08-12,,17.62101173400879,142.6300048828125,176.92051696777344,92.38153839111328,260.7657165527344,117.6810531616211,2882.699951171875,21.09000015258789
2019-08-13,,17.70799446105957,141.77999877929688,180.79769897460938,92.37320709228516,264.821044921875,117.27767944335938,2926.320068359375,17.520000457763672
2019-08-14,,17.95906639099121,142.75,175.39456176757812,92.3899154663086,256.990966796875,119.91986083984375,2840.60009765625,22.100000381469727
2019-08-15,,18.269441604614258,143.6999969482422,175.19302368164062,92.43167114257812,257.6697692871094,121.25331115722656,2847.60009765625,21.18000030517578
2019-08-16,,18.218042373657227,142.77999877929688,178.00498962402344,92.42335510253906,261.4717102050781,120.28202819824219,2888.679931640625,18.469999313354492
2019-08-19,,18.067134857177734,141.11000061035156,180.83609008789062,92.42335510253906,264.6218566894531,118.56173706054688,2923.64990234375,16.8799991607666
2019-08-20,,18.148195266723633,142.2100067138672,179.4349365234375,92.44005584716797,262.59417724609375,119.78820037841797,2900.510009765625,17.5
2019-08-21,,18.118539810180664,141.75999450683594,181.02804565429688,92.44005584716797,264.7305603027344,118.98982238769531,2924.429931640625,15.800000190734863
2019-08-22,,18.02035140991211,141.39999389648438,180.44261169433594,92.44005584716797,264.6490478515625,118.19963836669922,2922.949951171875,16.68000030517578
2019-08-23,,18.073070526123047,144.1699981689453,174.73240661621094,92.46510314941406,257.85089111328125,120.14208984375,2847.110107421875,19.8700008392334
2019-08-26,,18.17455291748047,144.19000244140625,177.37156677246094,92.44839477539062,260.7023010253906,119.6565170288086,2878.3798828125,19.31999969482422
2019-08-27,,18.413101196289062,145.57000732421875,176.99734497070312,92.45677947998047,259.679443359375,121.50025177001953,2869.159912109375,20.309999465942383
2019-08-28,,18.480318069458008,145.16000366210938,177.6306915283203,92.45677947998047,261.50787353515625,121.65670776367188,2887.93994140625,19.350000381469727
2019-08-29,,18.475706100463867,144.1199951171875,180.34666442871094,92.47344970703125,264.84820556640625,121.19574737548828,2924.580078125,17.8799991607666
2019-08-30,,18.568620681762695,143.75,179.91481018066406,92.46510314941406,264.7305603027344,121.2286376953125,2926.4599609375,18.979999542236328
2019-09-03,,18.655603408813477,145.75,178.16812133789062,92.48855590820312,263.1825866699219,121.38539123535156,2906.27001953125,19.65999984741211
2019-09-04,,18.692508697509766,146.66000366210938,180.7401123046875,92.50529479980469,266.1698303222656,121.5667495727539,2937.780029296875,17.329999923706055
2019-09-05,,18.33336639404297,143.13999938964844,184.0510711669922,92.48855590820312,269.591552734375,119.36509704589844,2976.0,16.270000457763672
2019-09-06,,18.419031143188477,141.9199981689453,183.86875915527344,92.5136489868164,269.7996826171875,120.21439361572266,2978.7099609375,15.0
2019-09-09,,18.098772048950195,141.38999938964844,183.48484802246094,92.50529479980469,269.935546875,118.07877349853516,2978.429931640625,15.270000457763672
2019-09-10,,17.839792251586914,140.17999267578125,182.95703125,92.48855590820312,269.8721923828125,116.0091323852539,2979.389892578125,15.199999809265137
2019-09-11,,17.9149169921875,141.02999877929688,184.6748809814453,92.50529479980469,271.7911682128906,115.8029556274414,3000.929931640625,14.609999656677246
2019-09-12,,17.777851104736328,141.32000732421875,185.44265747070312,92.5136489868164,272.73260498046875,115.04438781738281,3009.570068359375,14.220000267028809
2019-09-13,,17.433862686157227,140.14999389648438,184.78045654296875,92.5136489868164,272.5515441894531,112.58717346191406,3007.389892578125,13.739999771118164
2019-09-16,,17.680322647094727,141.32000732421875,183.95513916015625,92.5136489868164,271.70965576171875,114.02192687988281,2997.9599609375,14.670000076293945
2019-09-17,,17.69877052307129,141.60000610351562,184.8380584716797,92.5136489868164,272.3977355957031,114.64032745361328,3005.699951171875,14.4399995803833
2019-09-18,,17.800249099731445,140.7100067138672,184.7613067626953,92.52202606201172,272.56060791015625,115.1268310546875,3006.72998046875,13.949999809265137
2019-09-19,,17.812772750854492,141.27999877929688,185.06837463378906,92.52202606201172,272.54248046875,115.47312927246094,3006.7900390625,14.050000190734863
2019-09-20,,18.00124168395996,142.9499969482422,183.11056518554688,92.53040313720703,271.25482177734375,116.99862670898438,2992.070068359375,15.319999694824219
2019-09-23,,18.057254791259766,143.75,183.19131469726562,92.53875732421875,271.1911315917969,116.97391510009766,2991.780029296875,14.90999984741211
2019-09-24,,18.18707275390625,144.50999450683594,180.75845336914062,92.54714965820312,269.06317138671875,118.3838882446289,2966.60009765625,17.049999237060547
2019-09-25,,18.10536003112793,141.8300018310547,182.7874755859375,92.55552673339844,270.6545715332031,116.6522445678711,2984.8701171875,15.960000038146973
2019-09-26,,18.212112426757812,141.7899932861328,182.1143341064453,92.5722427368164,270.0908508300781,117.40264129638672,2977.6201171875,16.06999969482422
2019-09-27,,18.190990447998047,141.05999755859375,179.85447692871094,92.58061218261719,268.6357421875,117.69124603271484,2961.7900390625,17.219999313354492
2019-09-30,,18.28472328186035,138.8699951171875,181.56617736816406,92.59735107421875,269.88165283203125,117.97985076904297,2976.739990234375,16.239999771118164
2019-10-01,,18.276803970336914,139.6300048828125,180.0852508544922,92.60912322998047,266.6714782714844,118.33504486083984,2940.25,18.559999465942383
2019-10-02,,18.303207397460938,141.25999450683594,176.98878479003906,92.64266204833984,261.9608459472656,118.62410736083984,2887.610107421875,20.559999465942383
2019-10-03,,18.41014289855957,141.89999389648438,178.9313201904297,92.67618560791016,264.10699462890625,119.70616912841797,2910.6298828125,19.1200008392334
2019-10-04,,18.478792190551758,141.89999389648438,181.56617736816406,92.70973205566406,267.68084716796875,120.59001922607422,2952.010009765625,17.040000915527344
2019-10-07,,18.393640518188477,140.69000244140625,181.01806640625,92.70133972167969,266.5259094238281,119.59053039550781,2938.7900390625,17.860000610351562
2019-10-08,,18.38637924194336,141.9199981689453,178.3062744140625,92.70133972167969,262.38824462890625,119.91264343261719,2893.06005859375,20.280000686645508
2019-10-09,,18.34479331970215,142.0500030517578,180.0468292236328,92.70133972167969,264.8799133300781,119.23541259765625,2919.39990234375,18.639999389648438
2019-10-10,,18.173166275024414,140.80999755859375,181.4411163330078,92.73484802246094,266.6714782714844,117.4594497680664,2938.1298828125,17.56999969482422
2019-10-11,,18.06623077392578,140.02999877929688,183.7779541015625,92.70973205566406,269.43603515625,116.00562286376953,2970.27001953125,15.579999923706055
2019-10-14,,18.149404525756836,140.58999633789062,183.75869750976562,92.72650146484375,269.13592529296875,116.84815216064453,2966.14990234375,14.569999694824219
2019-10-15,,18.06755256652832,139.61000061035156,186.09548950195312,92.72650146484375,271.80047607421875,115.43572998046875,2995.679931640625,13.539999961853027
2019-10-16,,18.03388786315918,140.41000366210938,185.63388061523438,92.74327087402344,271.3638916015625,115.57616424560547,2989.68994140625,13.680000305175781
2019-10-17,,17.962596893310547,140.61000061035156,186.12435913085938,92.77679443359375,272.1641540527344,115.29527282714844,2997.949951171875,13.789999961853027
2019-10-18,,17.905168533325195,140.4600067138672,184.33570861816406,92.77679443359375,270.97296142578125,115.29527282714844,2986.199951171875,14.25
2019-10-21,,17.85565948486328,139.7899932861328,185.97047424316406,92.76844024658203,272.8099060058594,114.42797088623047,3006.719970703125,14.0
2019-10-22,,17.90384864807129,140.1999969482422,184.48953247070312,92.76844024658203,271.918701171875,115.0970458984375,2995.989990234375,14.460000038146973
2019-10-23,,17.928932189941406,140.52999877929688,184.84532165527344,92.76844024658203,272.7098388671875,115.21268463134766,3004.52001953125,14.010000228881836
2019-10-24,,17.983062744140625,141.52999877929688,186.64356994628906,92.77679443359375,273.1554260253906,114.98136138916016,3010.2900390625,13.710000038146973
2019-10-25,,17.969200134277344,141.86000061035156,188.1341552734375,92.7936019897461,274.27398681640625,114.419677734375,3022.550048828125,12.649999618530273
2019-10-28,,17.878765106201172,140.63999938964844,189.9900665283203,92.7936019897461,275.82000732421875,113.37895965576172,3039.419921875,13.109999656677246
2019-10-29,,17.878765106201172,140.25,188.51881408691406,92.7936019897461,275.7381591796875,113.45330047607422,3036.889892578125,13.199999809265137
2019-10-30,,17.968538284301758,141.02000427246094,189.432373046875,92.80199432373047,276.58380126953125,115.11358642578125,3046.77001953125,12.329999923706055
2019-10-31,,18.07811164855957,142.42999267578125,189.51890563964844,92.84392547607422,275.84722900390625,116.66649627685547,3037.56005859375,13.220000267028809
2019-11-01,,18.043787002563477,142.55999755859375,191.240234375,92.84054565429688,278.4026794433594,116.30734252929688,3066.909912109375,12.300000190734863
2019-11-04,,18.02398681640625,142.14999389648438,192.4230194091797,92.84894561767578,279.521240234375,114.77658081054688,3078.27001953125,12.829999923706055
2019-11-05,,17.97117805480957,139.85000610351562,192.52883911132812,92.83213806152344,279.2120361328125,113.48570251464844,3074.6201171875,13.100000381469727
2019-11-06,,18.030588150024414,140.4499969482422,192.09608459472656,92.84054565429688,279.275634765625,114.17256927490234,3076.780029296875,12.619999885559082
2019-11-07,,17.9064884185791,138.27000427246094,192.7403564453125,92.84894561767578,280.25787353515625,112.10385131835938,3085.179931640625,12.729999542236328
2019-11-08,,17.895267486572266,137.38999938964844,193.5097198486328,92.85735321044922,280.9489440917969,111.63220977783203,3093.080078125,12.069999694824219
2019-11-11,,17.888668060302734,137.05999755859375,193.25006103515625,92.84894561767578,280.41241455078125,111.70670318603516,3087.010009765625,12.6899995803833
2019-11-12,,17.948076248168945,137.42999267578125,193.80776977539062,92.86573791503906,281.0035705566406,112.2197265625,3091.840087890625,12.680000305175781
2019-11-13,,17.975139617919922,137.97999572753906,193.85586547851562,92.86573791503906,281.094482421875,112.9478759765625,3094.0400390625,13.0
2019-11-14,,18.000885009765625,138.55999755859375,193.70196533203125,92.89093017578125,281.5036926269531,114.11458587646484,3096.6298828125,13.050000190734863
2019-11-15,,17.994279861450195,138.2100067138672,195.125244140625,92.89093017578125,283.54071044921875,113.9904556274414,3120.4599609375,12.050000190734863
2019-11-18,,18.000885009765625,138.6199951171875,195.27911376953125,92.89093017578125,283.7498779296875,114.19731140136719,3122.030029296875,12.460000038146973
2019-11-19,,18.03388786315918,138.69000244140625,195.567626953125,92.88253021240234,283.6680908203125,115.14891815185547,3120.179931640625,12.859999656677246
2019-11-20,,18.056987762451172,138.75999450683594,194.3944091796875,92.88253021240234,282.6131591796875,116.34046173095703,3108.4599609375,12.779999732971191
2019-11-21,,18.02332305908203,138.0,193.961669921875,92.89093017578125,282.15850830078125,115.6123046875,3103.5400390625,13.130000114440918
2019-11-22,,18.097259521484375,137.74000549316406,194.086669921875,92.89933013916016,282.78594970703125,115.76121520996094,3110.2900390625,12.34000015258789
2019-11-25,,18.21541404724121,137.0800018310547,196.3849639892578,92.9077377319336,284.97760009765625,116.10045623779297,3133.639892578125,11.869999885559082
2019-11-26,,18.25501823425293,137.74000549316406,196.760009765625,92.9077377319336,285.623291015625,116.77908325195312,3140.52001953125,11.539999961853027
2019-11-27,,18.27812385559082,137.00999450683594,198.13511657714844,92.91615295410156,286.8963928222656,116.43974304199219,3153.6298828125,11.75
2019-11-29,,18.209474563598633,137.86000061035156,197.231201171875,92.9077377319336,285.8324890136719,116.19154357910156,3140.97998046875,12.619999885559082
2019-12-02,,17.95137596130371,137.7899932861328,195.21180725097656,92.91529083251953,283.4044189453125,114.64234924316406,3113.8701171875,14.90999984741211
2019-12-03,,18.045108795166016,139.11000061035156,193.68280029296875,92.94892883300781,281.5036926269531,117.04609680175781,3093.199951171875,15.960000038146973
2019-12-04,,18.063589096069336,138.9199981689453,194.6636199951172,92.9405288696289,283.24066162109375,115.87735748291016,3112.760009765625,14.800000190734863
2019-12-05,,17.9843807220459,139.0,195.04832458496094,92.94892883300781,283.7498779296875,115.3137435913086,3117.429931640625,14.520000457763672
2019-12-06,,18.08339500427246,137.6199951171875,197.1350555419922,92.96577453613281,286.3416442871094,114.67549133300781,3145.909912109375,13.619999885559082
2019-12-09,,18.06028938293457,137.5800018310547,196.24072265625,92.95733642578125,285.44134521484375,114.9241714477539,3135.9599609375,15.859999656677246
2019-12-10,,17.9777774810791,137.97000122070312,196.07725524902344,92.95733642578125,285.1230773925781,114.9324722290039,3132.52001953125,15.680000305175781
2019-12-11,,18.033227920532227,138.9199981689453,197.11581420898438,92.96577453613281,285.9324951171875,115.83592224121094,3141.6298828125,14.989999771118164
2019-12-12,,18.033227920532227,138.42999267578125,198.5870819091797,92.97418975830078,288.39691162109375,113.92948150634766,3168.570068359375,13.9399995803833
2019-12-13,,18.20749282836914,139.0500030517578,199.24105834960938,92.99946594238281,288.5697937011719,115.24737548828125,3168.800048828125,12.630000114440918
2019-12-16,,18.222015380859375,139.0399932861328,201.2412109375,92.99104309082031,290.5522155761719,114.21128845214844,3191.449951171875,12.140000343322754
2019-12-17,,18.188350677490234,139.00999450683594,201.3566131591797,93.00785827636719,290.6158752441406,114.05379486083984,3192.52001953125,12.289999961853027
2019-12-18,,18.159303665161133,139.02000427246094,201.510498046875,93.00785827636719,290.6340637207031,113.1171875,3191.139892578125,12.579999923706055
2019-12-19,,18.189010620117188,139.3800048828125,202.77024841308594,93.00784301757812,291.82537841796875,113.29813385009766,3205.3701171875,12.5
2019-12-20,,18.310468673706055,139.52000427246094,203.58763122558594,93.0246810913086,293.1048278808594,113.44758605957031,3221.219970703125,12.510000228881836
2019-12-23,,18.29792594909668,139.9499969482422,204.1253662109375,93.00784301757812,293.5525817871094,113.28160095214844,3224.010009765625,12.609999656677246
2019-12-24,,18.315088272094727,141.27000427246094,204.23138427734375,93.03312683105469,293.56170654296875,113.60533905029297,3223.3798828125,12.670000076293945
2019-12-26,,18.398923873901367,142.3800048828125,206.03353881835938,93.0246810913086,295.12445068359375,113.87931060791016,3239.909912109375,12.649999618530273
2019-12-27,,18.369436264038086,142.3300018310547,205.8600616455078,93.04153442382812,295.05126953125,114.00384521484375,3240.02001953125,13.430000305175781
2019-12-30,,18.202585220336914,142.6300048828125,204.51084899902344,93.04995727539062,293.4246520996094,113.58879852294922,3221.2900390625,14.819999694824219
2019-12-31,,18.21409034729004,142.89999389648438,204.89634704589844,93.06682586669922,294.137451171875,112.47626495361328,3230.780029296875,13.779999732971191
2020-01-02,,18.454299926757812,143.9499969482422,208.31756591796875,93.08368682861328,296.8882141113281,113.74649047851562,3257.85009765625,12.470000267028809
2020-01-03,,18.414024353027344,145.86000061035156,206.40936279296875,93.08368682861328,294.6401062011719,115.49824523925781,3234.85009765625,14.020000457763672
2020-01-06,,18.450708389282227,147.38999938964844,207.73931884765625,93.07525634765625,295.76416015625,114.8423843383789,3246.280029296875,13.850000381469727
2020-01-07,,18.421937942504883,147.97000122070312,207.7104034423828,93.09208679199219,294.9325866699219,114.27780151367188,3237.179931640625,13.789999961853027
2020-01-08,,18.427688598632812,146.86000061035156,209.27162170410156,93.10051727294922,296.5043029785156,113.5223159790039,3253.050048828125,13.449999809265137
2020-01-09,,18.495296478271484,146.02999877929688,211.0448760986328,93.10051727294922,298.514892578125,113.92081451416016,3274.699951171875,12.539999961853027
2020-01-10,,18.493854522705078,146.91000366210938,210.50523376464844,93.09208679199219,297.65582275390625,114.93367767333984,3265.35009765625,12.5600004196167
2020-01-13,,18.55858039855957,145.82000732421875,212.93377685546875,93.10051727294922,299.702880859375,114.58494567871094,3288.1298828125,12.319999694824219
2020-01-14,,18.565052032470703,145.69000244140625,212.09535217285156,93.10051727294922,299.2460021972656,115.17444610595703,3283.14990234375,12.390000343322754
2020-01-15,,18.595260620117188,146.5399932861328,212.1820831298828,93.11737060546875,299.9222106933594,115.93822479248047,3289.2900390625,12.420000076293945
2020-01-16,,18.696666717529297,146.30999755859375,214.21551513671875,93.13423156738281,302.4170227050781,115.57293701171875,3316.81005859375,12.319999694824219
2020-01-17,,18.77361297607422,146.5800018310547,215.2755889892578,93.13423156738281,303.3583068847656,114.58494567871094,3329.6201171875,12.100000381469727
2020-01-21,,18.7175235748291,146.74000549316406,215.1792449951172,93.14264678955078,302.7643737792969,115.78881072998047,3320.7900390625,12.850000381469727
2020-01-22,,18.74629020690918,146.7899932861328,215.74778747558594,93.14264678955078,302.8008728027344,116.195556640625,3321.75,12.90999984741211
2020-01-23,,18.795915603637695,147.1199951171875,216.44171142578125,93.1595230102539,303.1481628417969,117.00920104980469,3325.5400390625,12.979999542236328
2020-01-24,,18.700260162353516,147.97999572753906,214.6202850341797,93.16793823242188,300.45233154296875,117.95563507080078,3295.469970703125,14.5600004196167
2020-01-27,,18.46077537536621,148.99000549316406,210.18719482421875,93.17633819580078,295.63623046875,119.79036712646484,3243.6298828125,18.229999542236328
2020-01-28,,18.54132080078125,147.66000366210938,213.4156494140625,93.17633819580078,298.7342224121094,118.85225677490234,3276.239990234375,16.280000686645508
2020-01-29,,18.654233932495117,148.4600067138672,213.76254272460938,93.18478393554688,298.48736572265625,120.01460266113281,3273.39990234375,16.389999389648438
2020-01-30,,18.630502700805664,148.47000122070312,214.52392578125,93.19318389892578,299.4561462402344,120.03112030029297,3283.659912109375,15.489999771118164
2020-01-31,,18.396764755249023,149.3300018310547,211.1219940185547,93.21006774902344,294.0186462402344,121.12700653076172,3225.52001953125,18.84000015258789
2020-02-03,,18.487380981445312,148.36000061035156,214.31185913085938,93.2109146118164,296.2027282714844,121.02884674072266,3248.919921875,17.969999313354492
2020-02-04,,18.555706024169922,146.42999267578125,219.21719360351562,93.19402313232422,300.71728515625,119.39896392822266,3297.590087890625,16.049999237060547
2020-02-05,,18.594539642333984,146.61000061035156,219.94003295898438,93.20246887207031,304.1899719238281,118.09341430664062,3334.68994140625,15.149999618530273
2020-02-06,,18.702417373657227,147.39999389648438,221.8385009765625,93.19402313232422,305.2135925292969,118.62560272216797,3345.780029296875,14.960000038146973
2020-02-07,,18.738380432128906,147.7899932861328,220.8844451904297,93.21932983398438,303.5868225097656,120.10584259033203,3327.7099609375,15.470000267028809
2020-02-10,,18.915294647216797,148.1699981689453,223.55393981933594,93.21932983398438,305.8532409667969,120.43846893310547,3352.090087890625,15.039999961853027
2020-02-11,,18.9224910736084,147.66000366210938,223.5924835205078,93.227783203125,306.3832702636719,119.8314208984375,3357.75,15.180000305175781
2020-02-12,,18.98649787902832,147.5399932861328,225.77047729492188,93.21932983398438,308.35723876953125,119.22434997558594,3379.449951171875,13.739999771118164
2020-02-13,,18.957008361816406,148.3800048828125,225.48138427734375,93.23616790771484,308.0282287597656,119.68171691894531,3373.93994140625,14.149999618530273
2020-02-14,,19.026050567626953,149.0,226.1270751953125,93.24465942382812,308.52178955078125,120.2056655883789,3380.159912109375,13.680000305175781
2020-02-18,,19.11235237121582,150.91000366210938,226.21383666992188,93.24465942382812,307.7266540527344,121.02884674072266,3370.2900390625,14.829999923706055
2020-02-19,,19.248998641967773,151.7899932861328,228.38218688964844,93.25308227539062,309.197998046875,121.0206298828125,3386.14990234375,14.380000114440918
2020-02-20,,19.283523559570312,152.41000366210938,226.26197814941406,93.25308227539062,307.9277648925781,121.96858978271484,3373.22998046875,15.5600004196167
2020-02-21,,19.266983032226562,154.6999969482422,221.9156036376953,93.28682708740234,304.756591796875,123.10782623291016,3337.75,17.079999923706055
2020-02-24,,18.940467834472656,156.08999633789062,213.35777282714844,93.28682708740234,294.6492919921875,124.94566345214844,3225.889892578125,25.030000686645508
2020-02-25,,18.598857879638672,153.3000030517578,207.55621337890625,93.31216430664062,285.720703125,125.61092376708984,3128.2099609375,27.850000381469727
2020-02-26,,18.58806800842285,153.97000122070312,208.62588500976562,93.31216430664062,284.6697692871094,124.94566345214844,3116.389892578125,27.559999465942383
2020-02-27,,18.10405921936035,154.0,198.17922973632812,93.35431671142578,271.88482666015625,126.30117797851562,2978.760009765625,39.15999984741211
2020-02-28,,18.0076847076416,148.3800048828125,198.3334197998047,93.41339111328125,270.7424011230469,129.1534881591797,2954.219970703125,40.11000061035156
2020-03-02,,18.37590789794922,149.1999969482422,208.5680694580078,93.44715881347656,282.46734619140625,128.20326232910156,3090.22998046875,33.41999816894531
2020-03-03,,18.503923416137695,153.88999938964844,201.87991333007812,93.53170776367188,274.3796081542969,130.19371032714844,3003.3701171875,36.81999969482422
2020-03-04,,18.765705108642578,154.16000366210938,210.30279541015625,93.56546020507812,285.9126281738281,128.8111572265625,3130.1201171875,31.989999771118164
2020-03-05,,18.683000564575195,157.49000549316406,203.913330078125,93.64997863769531,276.4084167480469,132.01748657226562,3023.93994140625,39.619998931884766
2020-03-06,,18.84625816345215,157.5500030517578,200.47286987304688,93.67530822753906,271.8390808105469,138.88827514648438,2972.3701171875,41.939998626708984
2020-03-09,,18.277379989624023,157.80999755859375,186.54714965820312,93.73446655273438,250.60992431640625,142.65257263183594,2746.56005859375,54.459999084472656
2020-03-10,,18.459333419799805,154.47999572753906,196.70469665527344,93.68377685546875,263.57769775390625,135.3404541015625,2882.22998046875,47.29999923706055
2020-03-11,,18.17885398864746,153.92999267578125,188.13723754882812,93.70065307617188,250.72872924804688,130.36024475097656,2741.3798828125,53.900001525878906
2020-03-12,,17.469017028808594,147.7899932861328,170.88670349121094,93.71755981445312,226.7397003173828,131.16802978515625,2480.639892578125,75.47000122070312
2020-03-13,,17.94007682800293,143.27999877929688,185.36170959472656,93.67530822753906,246.1228485107422,128.20326232910156,2711.02001953125,57.83000183105469
2020-03-16,,17.893335342407227,141.63999938964844,163.15768432617188,93.70065307617188,219.191162109375,136.50636291503906,2386.1298828125,82.69000244140625
2020-03-17,,17.4833984375,143.55999755859375,175.53179931640625,93.70911407470703,231.0257568359375,127.40373992919922,2529.18994140625,75.91000366210938
2020-03-18,,17.272676467895508,140.6999969482422,170.19281005859375,93.81048583984375,219.32821655273438,120.2165756225586,2398.10009765625,76.44999694824219
2020-03-19,,17.505695343017578,138.0399932861328,171.21437072753906,93.78515625,219.79429626464844,123.4895248413086,2409.389892578125,72.0
2020-03-20,,17.770353317260742,140.11000061035156,164.50686645507812,93.81048583984375,210.32244873046875,132.77536010742188,2304.919921875,66.04000091552734
2020-03-23,,17.97819709777832,146.3000030517578,164.62562561035156,93.78515625,204.9449005126953,138.24691772460938,2237.39990234375,61.59000015258789
2020-03-24,,18.206180572509766,153.39999389648438,177.37388610839844,93.8189697265625,223.51351928710938,135.67359924316406,2447.330078125,61.66999816894531
2020-03-25,,18.089672088623047,151.3000030517578,176.06040954589844,93.84429168701172,226.85960388183594,135.3654327392578,2475.56005859375,63.95000076293945
2020-03-26,,18.182445526123047,153.24000549316406,185.3318634033203,93.82740783691406,240.10585021972656,136.03172302246094,2630.070068359375,61.0
2020-03-27,,18.248655319213867,152.25,178.95773315429688,93.82740783691406,232.95419311523438,139.66275024414062,2541.469970703125,65.54000091552734
2020-03-30,,18.350847244262695,152.9199981689453,185.467041015625,93.80205535888672,240.51951599121094,138.5134735107422,2626.64990234375,57.08000183105469
2020-03-31,,18.242177963256836,148.0500030517578,183.88316345214844,93.80205535888672,236.93447875976562,137.38919067382812,2584.590087890625,53.540000915527344
2020-04-01,,18.263769149780273,149.4499969482422,176.07009887695312,93.83080291748047,226.2712860107422,139.31405639648438,2470.5,57.060001373291016
2020-04-02,,18.28607940673828,151.89999389648438,179.6433868408203,93.83080291748047,231.49256896972656,140.19815063476562,2526.89990234375,50.90999984741211
2020-04-03,,18.173810958862305,152.64999389648438,177.09378051757812,93.79696655273438,228.14654541015625,140.5316925048828,2488.64990234375,46.79999923706055
2020-04-06,,18.412738800048828,156.8800048828125,189.75506591796875,93.80542755126953,243.47024536132812,140.16476440429688,2663.679931640625,45.2400016784668
2020-04-07,,18.281763076782227,156.0399932861328,189.67782592773438,93.84774017333984,243.71847534179688,138.69692993164062,2659.409912109375,46.70000076293945
2020-04-08,,18.266645431518555,154.64999389648438,193.70509338378906,93.79696655273438,251.89974975585938,137.6877899169922,2749.97998046875,43.349998474121094
2020-04-09,,18.343652725219727,158.69000244140625,193.9851531982422,93.81389617919922,255.73289489746094,137.93800354003906,2789.820068359375,41.66999816894531
2020-04-13,,18.350130081176758,161.41000366210938,196.0808868408203,93.80542755126953,253.39810180664062,136.67857360839844,2761.6298828125,41.16999816894531
2020-04-14,,18.409143447875977,162.67999267578125,204.608642578125,93.82239532470703,260.8714904785156,136.64520263671875,2846.06005859375,37.7599983215332
2020-04-15,,18.47607421875,161.85000610351562,202.2617950439453,93.81389617919922,255.3285369873047,140.26483154296875,2783.360107421875,40.84000015258789
2020-04-16,,18.53508758544922,161.7100067138672,205.95108032226562,93.82239532470703,256.56036376953125,141.8578338623047,2799.550048828125,40.11000061035156
2020-04-17,,18.505577087402344,158.57000732421875,207.92127990722656,93.82239532470703,263.49139404296875,139.9562530517578,2874.56005859375,38.150001525878906
2020-04-20,,18.602018356323242,159.6999969482422,205.45851135253906,93.83080291748047,258.8491516113281,141.08216857910156,2823.159912109375,43.83000183105469
2020-04-21,,18.671100616455078,158.61000061035156,197.87722778320312,93.83080291748047,250.98974609375,142.85873413085938,2736.56005859375,45.40999984741211
2020-04-22,,18.766098022460938,161.72999572753906,203.74908447265625,93.83080291748047,256.56036376953125,141.39913940429688,2799.31005859375,41.97999954223633
2020-04-23,,18.766098022460938,163.33999633789062,203.31451416015625,93.81389617919922,256.54193115234375,142.1497344970703,2797.800048828125,41.380001068115234
2020-04-24,,18.837345123291016,162.63999938964844,206.52088928222656,93.83080291748047,260.1177062988281,142.4833526611328,2836.739990234375,35.93000030517578
2020-04-27,,18.81575584411621,161.55999755859375,208.18203735351562,93.80542755126953,263.86822509765625,139.8312225341797,2878.47998046875,33.290000915527344
2020-04-28,,18.87332534790039,160.83999633789062,204.260986328125,93.83080291748047,262.65484619140625,141.4407501220703,2863.389892578125,33.56999969482422
2020-04-29,,18.812158584594727,161.72999572753906,211.50425720214844,93.80542755126953,269.53076171875,140.70692443847656,2939.510009765625,31.229999542236328
2020-04-30,,18.64663314819336,158.8000030517578,211.41737365722656,93.82239532470703,267.0212707519531,139.06385803222656,2912.429931640625,34.150001525878906
2020-05-01,,18.585460662841797,159.77999877929688,205.45851135253906,93.82320404052734,259.9523010253906,140.25473022460938,2830.7099609375,37.189998626708984
2020-05-04,,18.585460662841797,160.33999633789062,207.85360717773438,93.81474304199219,260.66925048828125,139.59500122070312,2842.739990234375,35.970001220703125
2020-05-05,,18.562429428100586,161.02000427246094,210.21011352539062,93.82320404052734,263.0777282714844,138.70140075683594,2868.43994140625,33.61000061035156
2020-05-06,,18.50269889831543,158.9499969482422,211.50425720214844,93.80625915527344,261.2943420410156,136.46340942382812,2848.419921875,34.119998931884766
2020-05-07,,18.50269889831543,161.38999938964844,214.22776794433594,93.80625915527344,264.4473571777344,138.74322509765625,2881.18994140625,31.440000534057617
2020-05-08,,18.50269889831543,160.4199981689453,217.16372680664062,93.81474304199219,268.82293701171875,136.93942260742188,2929.800048828125,27.979999542236328
2020-05-11,,18.51349639892578,159.4199981689453,219.10487365722656,93.79783630371094,268.8781433105469,135.8704833984375,2930.18994140625,27.56999969482422
2020-05-12,,18.509897232055664,160.0399932861328,214.51747131347656,93.80625915527344,263.5189208984375,137.26504516601562,2870.1201171875,33.040000915527344
2020-05-13,,18.596256256103516,161.5800018310547,211.83265686035156,93.80625915527344,258.8584289550781,138.22549438476562,2820.0,35.279998779296875
2020-05-14,,18.589061737060547,163.00999450683594,214.23739624023438,93.81474304199219,261.95623779296875,139.57830810546875,2852.5,32.61000061035156
2020-05-15,,18.585460662841797,163.92999267578125,215.62811279296875,93.82320404052734,263.160400390625,139.21914672851562,2863.699951171875,31.889999389648438
2020-05-18,,18.265928268432617,162.69000244140625,219.6457061767578,93.82320404052734,271.17620849609375,136.1627960205078,2953.909912109375,29.299999237060547
2020-05-19,,18.25297737121582,164.25999450683594,219.09523010253906,93.82320404052734,268.39093017578125,136.67214965820312,2922.93994140625,30.530000686645508
2020-05-20,,18.171649932861328,164.64999389648438,223.47019958496094,93.82320404052734,272.9503173828125,137.08139038085938,2971.610107421875,27.989999771118164
2020-05-21,,18.225629806518555,162.25,221.0364990234375,93.81474304199219,271.0658874511719,137.42376708984375,2948.510009765625,29.530000686645508
2020-05-22,,18.293994903564453,163.2100067138672,221.79937744140625,93.82320404052734,271.5806579589844,138.2505340576172,2955.449951171875,28.15999984741211
2020-05-26,,18.070899963378906,160.88999938964844,221.2006378173828,93.81474304199219,274.9267272949219,136.39649963378906,2991.77001953125,28.010000228881836
2020-05-27,,18.155099868774414,161.17999267578125,222.40785217285156,93.80625915527344,279.01739501953125,136.14608764648438,3036.1298828125,27.6200008392334
2020-05-28,,18.038515090942383,161.72000122070312,222.1181182861328,93.81474304199219,278.5025634765625,135.6449737548828,3029.72998046875,28.59000015258789
2020-05-29,,18.070899963378906,162.91000366210938,225.37278747558594,93.79783630371094,279.74365234375,136.6136932373047,3044.31005859375,27.510000228881836
2020-06-01,,17.998929977416992,163.66000366210938,226.04884338378906,93.80711364746094,280.874267578125,135.6938934326172,3055.72998046875,28.229999542236328
2020-06-02,,17.86939239501953,162.60000610351562,227.56507873535156,93.80711364746094,283.19989013671875,135.2006378173828,3080.820068359375,26.84000015258789
2020-06-03,,17.652048110961914,159.60000610351562,228.58885192871094,93.79864501953125,286.96875,133.40280151367188,3122.8701171875,25.65999984741211
2020-06-04,,17.581525802612305,161.27999877929688,226.985595703125,93.79016876220703,286.2149963378906,131.47125244140625,3112.35009765625,25.809999465942383
2020-06-05,,17.581525802612305,158.00999450683594,231.48614501953125,93.79016876220703,293.55059814453125,130.53469848632812,3193.929931640625,24.520000457763672
2020-06-08,,17.682273864746094,159.72000122070312,233.28248596191406,93.79016876220703,297.0988464355469,131.0364227294922,3232.389892578125,25.809999465942383
2020-06-09,,17.667884826660156,161.25999450683594,234.97254943847656,93.79016876220703,294.8834533691406,132.5248565673828,3207.179931640625,27.56999969482422
2020-06-10,,17.711063385009766,163.57000732421875,237.79263305664062,93.79016876220703,293.238037109375,134.4897918701172,3190.139892578125,27.56999969482422
2020-06-11,,17.660686492919922,162.38999938964844,226.0102081298828,93.80711364746094,276.3331604003906,137.03179931640625,3002.10009765625,40.790000915527344
2020-06-12,,17.682273864746094,162.6199951171875,227.80650329589844,93.80711364746094,279.64239501953125,135.71067810058594,3041.31005859375,36.09000015258789
2020-06-15,,17.682273864746094,162.3300018310547,230.5782928466797,93.79016876220703,282.2530822753906,135.78590393066406,3066.590087890625,34.400001525878906
2020-06-16,,17.64629364013672,162.25,234.5380096435547,93.79016876220703,287.68572998046875,133.70387268066406,3124.739990234375,33.66999816894531
2020-06-17,,17.575044631958008,162.55999755859375,235.2815704345703,93.79016876220703,286.4907531738281,134.25572204589844,3113.489990234375,33.470001220703125
2020-06-18,,17.516752243041992,162.24000549316406,235.9190216064453,93.79864501953125,286.6011657714844,135.67715454101562,3115.340087890625,32.939998626708984
2020-06-19,,17.612468719482422,164.02999877929688,235.88038635253906,93.79864501953125,284.96319580078125,135.78590393066406,3097.739990234375,35.119998931884766
2020-06-22,,17.667884826660156,165.08999633789062,238.70921325683594,93.79864501953125,286.791259765625,135.80259704589844,3117.860107421875,31.770000457763672
2020-06-23,,17.624704360961914,166.47999572753906,240.7408905029297,93.80711364746094,288.1116027832031,134.87452697753906,3131.2900390625,31.3700008392334
2020-06-24,,17.562091827392578,165.89999389648438,235.77781677246094,93.79864501953125,280.7621765136719,136.321044921875,3050.330078125,33.84000015258789
2020-06-25,,17.613910675048828,165.8000030517578,238.0223388671875,93.79864501953125,283.77215576171875,136.71405029296875,3083.760009765625,32.220001220703125
2020-06-26,,17.639095306396484,166.5399932861328,232.4014434814453,93.80711364746094,277.03216552734375,138.17730712890625,3009.050048828125,34.72999954223633
2020-06-29,,17.654207229614258,166.6300048828125,234.9361114501953,93.79864501953125,281.1038818359375,137.74252319335938,3053.239990234375,31.780000686645508
2020-06-30,,17.732656478881836,167.3699951171875,239.54119873046875,93.8155746459961,284.7047119140625,137.07354736328125,3100.2900390625,30.43000030517578
2020-07-01,,17.618227005004883,166.6199951171875,242.337158203125,93.79864501953125,286.6989440917969,136.80740356445312,3115.860107421875,28.6200008392334
2020-07-02,,17.628299713134766,166.97999572753906,243.98184204101562,93.79864501953125,288.27783203125,136.94969177246094,3130.010009765625,27.68000030517578
2020-07-06,,17.74632453918457,167.97999572753906,249.9800567626953,93.80711364746094,292.7280578613281,136.38873291015625,3179.719970703125,27.940000534057617
2020-07-07,,17.806779861450195,169.0399932861328,248.25791931152344,93.80711364746094,289.70892333984375,138.305908203125,3145.320068359375,29.43000030517578
2020-07-08,,17.83700942993164,170.08999633789062,251.52796936035156,93.79864501953125,291.92474365234375,137.75332641601562,3169.93994140625,28.079999923706055
2020-07-09,,17.901771545410156,169.6300048828125,253.64669799804688,93.80711364746094,290.26287841796875,139.9466552734375,3152.050048828125,29.260000228881836
2020-07-10,,17.86939239501953,169.19000244140625,255.37838745117188,93.80711364746094,293.2265930175781,139.2435302734375,3185.0400390625,27.290000915527344
2020-07-13,,17.80461883544922,169.39999389648438,250.1251983642578,93.8155746459961,290.6875,139.7039794921875,3155.219970703125,32.189998626708984
2020-07-14,,17.83700942993164,170.19000244140625,251.89559936523438,93.8155746459961,294.4546203613281,139.90484619140625,3197.52001953125,29.520000457763672
2020-07-15,,17.912569046020508,170.33999633789062,252.4082794189453,93.8155746459961,297.1598205566406,139.2519073486328,3226.56005859375,27.760000228881836
2020-07-16,,17.84420394897461,168.72999572753906,250.68630981445312,93.80711364746094,296.18115234375,139.91322326660156,3215.570068359375,28.0
2020-07-17,,17.85140037536621,170.1199951171875,250.9764862060547,93.80711364746094,297.0397644042969,139.62020874023438,3224.72998046875,25.68000030517578
2020-07-20,,17.89601707458496,170.94000244140625,258.0970153808594,93.8155746459961,299.4403381347656,139.96348571777344,3251.840087890625,24.459999084472656
2020-07-21,,18.029878616333008,173.0,255.40748596191406,93.8155746459961,300.0773620605469,140.04721069335938,3257.300048828125,24.84000015258789
2020-07-22,,18.088890075683594,175.6300048828125,256.3071594238281,93.80711364746094,301.7854309082031,140.4656982421875,3276.02001953125,24.31999969482422
2020-07-23,,18.152944564819336,177.17999267578125,249.6124267578125,93.80711364746094,298.1846618652344,142.1065216064453,3235.659912109375,26.079999923706055
2020-07-24,,18.160856246948242,178.6999969482422,247.2421417236328,93.80711364746094,296.2641906738281,142.0981903076172,3215.6298828125,25.84000015258789
2020-07-27,,18.254413604736328,182.22999572753906,251.65370178222656,93.8155746459961,298.4246826171875,141.5707550048828,3239.409912109375,24.739999771118164
2020-07-28,,18.297592163085938,183.75,248.45147705078125,93.8155746459961,296.5319519042969,142.55029296875,3218.43994140625,25.440000534057617
2020-07-29,,18.348691940307617,185.1300048828125,251.3151397705078,93.80711364746094,300.17889404296875,142.30746459960938,3258.43994140625,24.100000381469727
2020-07-30,,18.355884552001953,183.75999450683594,252.6309051513672,93.80711364746094,299.10791015625,143.2450408935547,3246.219970703125,24.760000228881836
2020-07-31,,18.36452293395996,185.42999267578125,257.1391906738281,93.8155746459961,301.4715270996094,143.1529998779297,3271.1201171875,24.459999084472656
2020-08-03,,18.467437744140625,185.63999938964844,260.6124267578125,93.82068634033203,303.5674133300781,142.43226623535156,3294.610107421875,24.280000686645508
2020-08-04,,18.653114318847656,189.58999633789062,261.57977294921875,93.82068634033203,304.739990234375,143.78990173339844,3306.510009765625,23.760000228881836
2020-08-05,,18.679018020629883,191.35000610351562,262.22802734375,93.81220245361328,306.63262939453125,142.5327911376953,3327.77001953125,22.989999771118164
2020-08-06,,18.679018020629883,193.88999938964844,265.70111083984375,93.81220245361328,308.6824035644531,143.32899475097656,3349.159912109375,22.649999618530273
2020-08-07,,18.481109619140625,190.80999755859375,262.63427734375,93.81220245361328,308.90399169921875,142.37359619140625,3351.280029296875,22.209999084472656
2020-08-10,,18.448720932006836,190.14999389648438,261.5120849609375,93.81220245361328,309.8273010253906,141.7366485595703,3360.469970703125,22.1299991607666
2020-08-11,,18.11119842529297,179.94000244140625,256.5587463378906,93.81220245361328,307.269775390625,140.05215454101562,3333.68994140625,24.030000686645508
2020-08-12,,18.07521629333496,179.10000610351562,263.0116271972656,93.8037109375,311.5538635253906,138.77818298339844,3380.35009765625,22.280000686645508
2020-08-13,,18.047147750854492,183.3300018310547,263.6114196777344,93.8037109375,310.99066162109375,137.2947998046875,3373.429931640625,22.1299991607666
2020-08-14,,18.034915924072266,182.5399932861328,263.30181884765625,93.81220245361328,310.9999084472656,136.75840759277344,3372.85009765625,22.049999237060547
2020-08-17,,18.171649932861328,186.5,266.3590087890625,93.82068634033203,311.9878234863281,137.1020050048828,3381.989990234375,21.350000381469727
2020-08-18,,18.28536033630371,188.17999267578125,268.9227294921875,93.81220245361328,312.6618347167969,138.0825958251953,3389.780029296875,21.510000228881836
2020-08-19,,18.063701629638672,182.24000549316406,267.11358642578125,93.81220245361328,311.3598937988281,137.21937561035156,3374.85009765625,22.540000915527344
2020-08-20,,18.129913330078125,183.5,270.8189697265625,93.81220245361328,312.32940673828125,138.4597625732422,3385.510009765625,22.719999313354492
2020-08-21,,18.1248722076416,182.02999877929688,272.6958312988281,93.81220245361328,313.4373779296875,139.28945922851562,3397.159912109375,22.540000915527344
2020-08-24,,18.145023345947266,181.0,274.3984680175781,93.81220245361328,316.6134338378906,139.06317138671875,3431.280029296875,22.3700008392334
2020-08-25,,18.135669708251953,181.22000122070312,276.5559997558594,93.8037109375,317.72137451171875,137.998779296875,3443.6201171875,22.030000686645508
2020-08-26,,18.200437545776367,183.36000061035156,282.45745849609375,93.8037109375,320.9066162109375,137.4707489013672,3478.72998046875,23.270000457763672
2020-08-27,,18.08241081237793,181.24000549316406,281.5770568847656,93.81220245361328,321.6083068847656,135.13250732421875,3484.550048828125,24.469999313354492
2020-08-28,,18.204755783081055,184.38999938964844,283.0089416503906,93.82068634033203,323.68585205078125,135.03195190429688,3508.010009765625,22.959999084472656
2020-08-31,,18.24721908569336,184.8300018310547,285.2823791503906,93.81220245361328,322.5133056640625,135.9287567138672,3500.31005859375,26.40999984741211
2020-09-01,,18.30838966369629,185.0500030517578,290.1583251953125,93.80708312988281,325.55078125,137.48336791992188,3526.64990234375,26.1200008392334
2020-09-02,,18.40554428100586,182.6199951171875,292.9059753417969,93.81558990478516,330.2596740722656,138.79225158691406,3580.840087890625,26.56999969482422
2020-09-03,,18.2760066986084,181.13999938964844,278.0555419921875,93.80708312988281,318.8940734863281,139.18667602539062,3455.06005859375,33.599998474121094
2020-09-04,,18.12271499633789,181.63999938964844,274.3501281738281,93.80708312988281,316.2903137207031,136.54373168945312,3426.9599609375,30.75
2020-09-08,,18.056503295898438,181.2899932861328,261.1638488769531,93.80708312988281,307.64825439453125,137.38275146484375,3331.840087890625,31.459999084472656
2020-09-09,,18.114078521728516,183.0500030517578,268.8356628417969,93.80708312988281,313.7235107421875,137.0135498046875,3398.9599609375,28.809999465942383
2020-09-10,,18.08241081237793,182.4600067138672,263.47601318359375,93.80708312988281,308.27618408203125,137.70999145507812,3339.18994140625,29.709999084472656
2020-09-11,,18.088890075683594,182.4499969482422,261.6474914550781,93.80708312988281,308.43310546875,138.003662109375,3340.969970703125,26.8700008392334
2020-09-14,,18.222749710083008,183.88999938964844,266.2042236328125,93.80708312988281,312.4955139160156,137.9952850341797,3383.5400390625,25.850000381469727
2020-09-15,,18.171649932861328,183.4499969482422,269.9772644042969,93.80708312988281,314.074462890625,137.65960693359375,3401.199951171875,25.59000015258789
2020-09-16,,18.002531051635742,183.97000122070312,265.67205810546875,93.80708312988281,312.8279724121094,137.2484893798828,3385.489990234375,26.040000915527344
2020-09-17,,17.945674896240234,182.9600067138672,261.52178955078125,93.80708312988281,310.0765686035156,137.66798400878906,3357.010009765625,26.459999084472656
2020-09-18,,17.916889190673828,183.1999969482422,258.18402099609375,93.80708312988281,306.5067443847656,137.24014282226562,3319.469970703125,25.829999923706055
2020-09-21,,17.753524780273438,179.52000427246094,258.8032531738281,93.80708312988281,303.09552001953125,137.93649291992188,3281.06005859375,27.780000686645508
2020-09-22,,17.726896286010742,178.64999389648438,263.6114196777344,93.80708312988281,306.1823425292969,137.8275146484375,3315.570068359375,26.860000610351562
2020-09-23,,17.56785011291504,174.7899932861328,255.5622100830078,93.80708312988281,299.0816650390625,138.01206970214844,3236.919921875,28.579999923706055
2020-09-24,,17.51459312438965,175.44000244140625,256.752197265625,93.80708312988281,299.87884521484375,138.54061889648438,3246.590087890625,28.510000228881836
2020-09-25,,17.501638412475586,174.94000244140625,262.7214660644531,93.80708312988281,304.72698974609375,138.54061889648438,3298.4599609375,26.3799991607666
2020-09-28,,17.747047424316406,176.6999969482422,268.1777648925781,93.80708312988281,309.7882995605469,138.146240234375,3351.60009765625,26.190000534057617
2020-09-29,,17.772953033447266,178.19000244140625,266.968505859375,93.81558990478516,308.1011962890625,138.30567932128906,3335.469970703125,26.270000457763672
2020-09-30,,17.69883155822754,177.1199951171875,268.7969665527344,93.80708312988281,310.43719482421875,136.98004150390625,3363.0,26.3700008392334
2020-10-01,,17.802461624145508,178.6999969482422,273.0635070800781,93.81813049316406,312.4302062988281,137.20591735839844,3380.800048828125,26.700000762939453
2020-10-02,,17.80461883544922,178.5399932861328,265.3818359375,93.8096923828125,309.4638366699219,136.69358825683594,3348.419921875,27.6299991607666
2020-10-05,,17.736970901489258,179.41000366210938,271.04144287109375,93.8096923828125,314.95147705078125,134.02272033691406,3408.60009765625,27.959999084472656
2020-10-06,,17.64988899230957,177.3000030517578,266.2042236328125,93.81813049316406,310.4742736816406,134.7450714111328,3360.969970703125,29.479999542236328
2020-10-07,,17.652767181396484,177.22000122070312,270.80926513671875,93.8096923828125,315.87860107421875,133.76235961914062,3419.43994140625,28.059999465942383
2020-10-08,,17.653488159179688,177.85000610351562,272.2508239746094,93.8096923828125,318.6780700683594,134.48471069335938,3446.830078125,26.360000610351562
2020-10-09,,17.820453643798828,181.0800018310547,276.41082763671875,93.8096923828125,321.5238952636719,134.45953369140625,3477.139892578125,25.0
2020-10-12,,17.94135856628418,180.55999755859375,284.94378662109375,93.81813049316406,326.6964416503906,134.88783264160156,3534.219970703125,25.06999969482422
2020-10-13,,17.857877731323242,177.72000122070312,284.9340515136719,93.81813049316406,324.56439208984375,135.85365295410156,3511.929931640625,26.06999969482422
2020-10-14,,17.757122039794922,178.27000427246094,282.5541076660156,93.80117797851562,322.52508544921875,136.16448974609375,3488.669921875,26.399999618530273
2020-10-15,,17.654207229614258,178.9199981689453,280.6578369140625,93.8096923828125,322.12640380859375,135.92930603027344,3483.340087890625,26.969999313354492
2020-10-16,,17.76863670349121,178.3000030517578,279.1197814941406,93.8096923828125,321.9317626953125,135.55133056640625,3483.81005859375,27.40999984741211
2020-10-19,,17.63117790222168,178.38999938964844,274.5629577636719,93.80117797851562,317.0372314453125,135.0390625,3426.919921875,29.18000030517578
2020-10-20,,17.70746612548828,179.25,275.1531677246094,93.80117797851562,318.30718994140625,133.75392150878906,3443.1201171875,29.350000381469727
2020-10-21,,17.879467010498047,180.60000610351562,274.9402770996094,93.80117797851562,317.7047119140625,133.2919921875,3435.56005859375,28.649999618530273
2020-10-22,,17.876588821411133,178.8300018310547,274.9306945800781,93.80117797851562,319.44744873046875,131.90614318847656,3453.489990234375,28.110000610351562
2020-10-23,,17.943513870239258,178.63999938964844,275.4723205566406,93.80117797851562,320.5320739746094,132.71246337890625,3465.389892578125,27.549999237060547
2020-10-26,,17.80461883544922,178.5500030517578,271.3414001464844,93.80117797851562,314.6086120605469,133.94712829589844,3400.969970703125,32.459999084472656
2020-10-27,,17.79598617553711,179.02000427246094,273.4600830078125,93.80117797851562,313.52410888671875,134.8458709716797,3390.679931640625,33.349998474121094
2020-10-28,,17.740568161010742,176.1300048828125,262.79876708984375,93.80117797851562,302.80804443359375,134.97178649902344,3271.030029296875,40.279998779296875
2020-10-29,,17.767196655273438,175.39999389648438,267.39422607421875,93.8096923828125,305.8857116699219,133.66159057617188,3310.110107421875,37.59000015258789
2020-10-30,,17.697391510009766,176.1999969482422,260.6124267578125,93.81813049316406,302.6969299316406,132.34295654296875,3269.9599609375,38.02000045776367
2020-11-02,,17.700267791748047,177.91000366210938,261.1928405761719,93.79863739013672,306.0895690917969,133.33419799804688,3310.239990234375,37.130001068115234
2020-11-03,,17.7391300201416,178.9199981689453,265.7108459472656,93.81562042236328,311.493896484375,132.56069946289062,3369.159912109375,35.54999923706055
2020-11-04,,17.689470291137695,178.82000732421875,277.5718688964844,93.79863739013672,318.4555969238281,135.43626403808594,3443.43994140625,29.56999969482422
2020-11-05,,17.96582794189453,182.92999267578125,284.8083190917969,93.80709075927734,324.6664123535156,135.67169189453125,3510.449951171875,27.579999923706055
2020-11-06,,18.113359451293945,183.19000244140625,285.0211181640625,93.80709075927734,324.5922546386719,134.03211975097656,3509.43994140625,24.860000610351562
2020-11-09,,17.812538146972656,175.0800018310547,279.19708251953125,93.79863739013672,328.6708679199219,131.2153778076172,3550.5,25.75
2020-11-10,,17.747764587402344,175.66000366210938,274.1954040527344,93.79863739013672,328.1889343261719,130.4586944580078,3545.530029296875,24.799999237060547
2020-11-11,,17.736970901489258,174.89999389648438,280.32904052734375,93.80709075927734,330.62689208984375,130.92955017089844,3572.659912109375,23.450000762939453
2020-11-12,,17.743446350097656,175.9600067138672,279.0132751464844,93.80709075927734,327.41949462890625,133.1576385498047,3537.010009765625,25.350000381469727
2020-11-13,,17.9320011138916,177.16000366210938,281.46087646484375,93.80709075927734,331.9525146484375,132.98109436035156,3585.14990234375,23.100000381469727
2020-11-16,,17.9384822845459,177.14999389648438,283.656982421875,93.80709075927734,336.0960693359375,132.66160583496094,3626.909912109375,22.450000762939453
2020-11-17,,17.998929977416992,176.5,282.75726318359375,93.80709075927734,334.28839111328125,133.52760314941406,3609.530029296875,22.709999084472656
2020-11-18,,17.98453712463379,175.49000549316406,280.6676025390625,93.80709075927734,330.26531982421875,133.9143829345703,3567.7900390625,23.84000015258789
2020-11-19,,17.977340698242188,175.16000366210938,282.8637390136719,93.80709075927734,331.65582275390625,134.6038818359375,3581.8701171875,23.110000610351562
2020-11-20,,17.980937957763672,175.69000244140625,280.9288635253906,93.80709075927734,329.384765625,135.7978057861328,3557.5400390625,23.700000762939453
2020-11-23,,17.888822555541992,172.22999572753906,280.9385681152344,93.80709075927734,331.359130859375,135.17556762695312,3577.590087890625,22.65999984741211
2020-11-24,,17.991016387939453,169.58999633789062,284.8857421875,93.80709075927734,336.6986389160156,133.830322265625,3635.409912109375,21.639999389648438
2020-11-25,,17.944957733154297,169.50999450683594,286.6367492675781,93.80709075927734,336.1794738769531,133.4183349609375,3629.64990234375,21.25
2020-11-27,,18.07162094116211,167.7899932861328,289.27801513671875,93.81562042236328,337.1158142089844,134.71316528320312,3638.35009765625,20.84000015258789
2020-11-30,,17.82621192932129,166.6699981689453,289.8681640625,93.79863739013672,335.623291015625,134.54501342773438,3621.6298828125,20.56999969482422
2020-12-01,,18.042835235595703,170.17999267578125,293.5830993652344,93.80036163330078,339.2942199707031,132.56117248535156,3662.449951171875,20.770000457763672
2020-12-02,,18.006128311157227,171.4600067138672,293.96044921875,93.80036163330078,340.0078430175781,131.50914001464844,3669.010009765625,21.170000076293945
2020-12-03,,18.125595092773438,172.80999755859375,294.3763427734375,93.80036163330078,339.915283203125,132.5696563720703,3666.719970703125,21.280000686645508
2020-12-04,,18.14646339416504,172.32000732421875,295.5760192871094,93.80880737304688,342.8444519042969,130.62542724609375,3699.1201171875,20.790000915527344
2020-12-07,,18.109041213989258,174.88999938964844,297.24981689453125,93.80880737304688,342.13995361328125,131.8037109375,3691.9599609375,21.299999237060547
2020-12-08,,18.097524642944336,175.5,298.2558898925781,93.80036163330078,343.1411437988281,132.42648315429688,3702.25,20.68000030517578
2020-12-09,,18.052906036376953,172.5,291.5030822753906,93.80880737304688,340.0635681152344,131.9888458251953,3672.820068359375,22.270000457763672
2020-12-10,,18.234983444213867,172.1699981689453,292.6737365722656,93.81731414794922,339.95233154296875,133.1587677001953,3668.10009765625,22.520000457763672
2020-12-11,,18.127750396728516,172.49000549316406,292.02557373046875,93.80880737304688,339.5537109375,133.630126953125,3663.4599609375,23.309999465942383
2020-12-14,,18.11911392211914,171.5399932861328,294.14422607421875,93.80880737304688,338.0334167480469,133.25979614257812,3647.489990234375,24.719999313354492
2020-12-15,,18.322057723999023,173.94000244140625,297.2884826660156,93.80036163330078,342.603515625,132.81370544433594,3694.6201171875,22.889999389648438
2020-12-16,,18.422096252441406,174.89999389648438,298.9234924316406,93.80880737304688,343.1411437988281,132.460205078125,3701.169921875,22.5
2020-12-17,,18.550195693969727,176.74000549316406,300.8777160644531,93.80880737304688,345.0599365234375,132.1096954345703,3722.47998046875,21.93000030517578
2020-12-18,,18.501262664794922,176.44000244140625,299.9682922363281,93.80880737304688,343.68212890625,131.7136993408203,3709.409912109375,21.56999969482422
2020-12-21,,18.29183578491211,175.8800048828125,299.4071044921875,93.80880737304688,342.4533386230469,132.236083984375,3694.919921875,25.15999984741211
2020-12-22,,18.126310348510742,174.49000549316406,300.22119140625,93.80036163330078,341.87615966796875,132.9185333251953,3687.260009765625,24.229999542236328
2020-12-23,,18.300474166870117,175.64999389648438,298.7093200683594,93.80880737304688,342.18341064453125,132.00018310546875,3690.010009765625,23.309999465942383
2020-12-24,,18.23138427734375,176.35000610351562,300.0274353027344,93.80880737304688,343.5146179199219,132.52249145507812,3703.06005859375,21.530000686645508
2020-12-28,,18.286800384521484,175.7100067138672,303.05133056640625,93.80036163330078,346.4656982421875,132.58151245117188,3735.360107421875,21.700000762939453
2020-12-29,,18.431161880493164,176.35000610351562,303.32275390625,93.80880737304688,345.80462646484375,132.4130096435547,3727.0400390625,23.079999923706055
2020-12-30,,18.62920570373535,177.6999969482422,303.3323669433594,93.80880737304688,346.2981262207031,132.699462890625,3732.0400390625,22.770000457763672
2020-12-31,,18.542150497436523,178.36000061035156,304.0786437988281,93.81731414794922,348.05767822265625,132.89324951171875,3756.070068359375,22.75
2021-01-04,,18.570446014404297,182.3300018310547,299.78515625,93.80880737304688,343.31915283203125,132.733154296875,3700.64990234375,26.969999313354492
2021-01-05,,19.040529251098633,182.8699951171875,302.256591796875,93.80880737304688,345.6836853027344,131.7473907470703,3726.860107421875,25.34000015258789
2021-01-06,,18.915756225585938,179.89999389648438,298.06964111328125,93.81731414794922,347.7503967285156,129.04295349121094,3748.139892578125,25.06999969482422
2021-01-07,,18.848285675048828,179.47999572753906,305.2804870605469,93.81731414794922,352.91705322265625,127.90538787841797,3803.7900390625,22.3700008392334
2021-01-08,,19.04560661315918,173.33999633789062,309.2056884765625,93.80880737304688,354.9278564453125,127.49260711669922,3824.679931640625,21.559999465942383
2021-01-11,,18.7742919921875,173.0,304.7377624511719,93.80036163330078,352.5353698730469,127.28204345703125,3799.610107421875,24.079999923706055
2021-01-12,,18.938243865966797,174.1199951171875,304.2531433105469,93.80036163330078,352.6098327636719,127.18082427978516,3801.18994140625,23.329999923706055
2021-01-13,,18.867145538330078,173.3699951171875,306.307861328125,93.80036163330078,353.5594787597656,128.61314392089844,3809.840087890625,22.209999084472656
2021-01-14,,18.999177932739258,173.27999877929688,304.6699523925781,93.80036163330078,352.3212585449219,127.40835571289062,3795.5400390625,23.25
2021-01-15,,18.65459632873535,171.1300048828125,302.256591796875,93.80036163330078,349.7519226074219,127.91382598876953,3768.25,24.34000015258789
2021-01-19,,18.885286331176758,172.5800018310547,306.66644287109375,93.80036163330078,352.4980773925781,128.32676696777344,3798.909912109375,23.239999771118164
2021-01-20,,19.142087936401367,175.38999938964844,313.7998046875,93.80036163330078,357.37628173828125,128.45310974121094,3851.85009765625,21.579999923706055
2021-01-21,,19.18996810913086,175.27999877929688,316.3100891113281,93.80036163330078,357.70196533203125,127.55158233642578,3853.070068359375,21.31999969482422
2021-01-22,,19.01586151123047,173.89999389648438,315.3990478515625,93.80036163330078,356.43603515625,127.96444702148438,3841.469970703125,21.90999984741211
2021-01-25,,19.055036544799805,174.0500030517578,318.006103515625,93.80036163330078,357.84173583984375,129.4725341796875,3855.360107421875,23.190000534057617
2021-01-26,,18.955650329589844,173.6199951171875,318.4714050292969,93.80036163330078,357.28326416015625,129.22824096679688,3849.6201171875,23.020000457763672
2021-01-27,,18.68724250793457,172.52000427246094,309.5934753417969,93.80880737304688,348.55096435546875,129.55682373046875,3750.77001953125,37.209999084472656
2021-01-28,,18.79605484008789,172.67999267578125,311.4253234863281,93.80036163330078,351.5484924316406,128.84066772460938,3787.3798828125,30.209999084472656
2021-01-29,,18.5203914642334,172.61000061035156,304.87347412109375,93.80880737304688,344.5106506347656,128.06552124023438,3714.239990234375,33.09000015258789
2021-02-01,,18.736568450927734,174.22999572753906,312.4914245605469,93.80036163330078,350.2452697753906,128.2139892578125,3773.860107421875,30.239999771118164
2021-02-02,,18.856992721557617,172.11000061035156,317.5893859863281,93.80036163330078,355.1978759765625,127.3873291015625,3826.31005859375,25.559999465942383
2021-02-03,,19.01296043395996,171.85000610351562,316.3294372558594,93.81731414794922,355.4772033691406,126.2569580078125,3830.169921875,22.90999984741211
2021-02-04,,18.987571716308594,168.14999389648438,320.0706787109375,93.80880737304688,359.517333984375,125.91964721679688,3871.739990234375,21.770000457763672
2021-02-05,,19.194318771362305,169.80999755859375,321.15606689453125,93.81731414794922,360.9323425292969,124.865234375,3886.830078125,20.8700008392334
2021-02-08,,19.292980194091797,171.52000427246094,323.3077392578125,93.80880737304688,363.53900146484375,125.41349792480469,3915.590087890625,21.239999771118164
2021-02-09,,19.42500877380371,172.0800018310547,323.2398986816406,93.81731414794922,363.2969055175781,125.50633239746094,3911.22998046875,21.6299991607666
2021-02-10,,19.42645835876465,172.7100067138672,322.5033264160156,93.81731414794922,363.13873291015625,126.34137725830078,3909.8798828125,21.989999771118164
2021-02-11,,19.499727249145508,171.2100067138672,324.2769470214844,93.80880737304688,363.7252197265625,125.64966583251953,3916.3798828125,21.25
2021-02-12,,19.70648193359375,170.69000244140625,326.08935546875,93.80880737304688,365.5219421386719,124.0892105102539,3934.830078125,19.969999313354492
2021-02-16,,19.84068489074707,168.24000549316406,325.2074279785156,93.80880737304688,365.205322265625,122.19977569580078,3932.590087890625,21.459999084472656
2021-02-17,,19.760160446166992,166.3300018310547,323.6469421386719,93.80880737304688,365.2891540527344,122.97581481933594,3931.330078125,21.5
2021-02-18,,19.63030433654785,166.32000732421875,322.2319641113281,93.80880737304688,363.7344665527344,122.47807312011719,3913.969970703125,22.489999771118164
2021-02-19,,19.74637794494629,167.00999450683594,320.82659912109375,93.80880737304688,363.0921936035156,120.8501205444336,3906.7099609375,22.049999237060547
2021-02-22,,19.84068489074707,169.50999450683594,312.5107421875,93.80880737304688,360.29937744140625,119.93067932128906,3876.5,23.450000762939453
2021-02-23,,19.908151626586914,169.1199951171875,311.5802917480469,93.80880737304688,360.7368469238281,119.58486938476562,3881.3701171875,23.110000610351562
2021-02-24,,20.016237258911133,169.0,314.14874267578125,93.80880737304688,364.7119445800781,118.80033111572266,3925.429931640625,21.34000015258789
2021-02-25,,19.964008331298828,165.82000732421875,303.1967468261719,93.80036163330078,355.9240417480469,116.86029052734375,3829.340087890625,28.889999389648438
2021-02-26,,19.343036651611328,161.80999755859375,304.4662780761719,93.80880737304688,354.0899963378906,120.72356414794922,3811.14990234375,27.950000762939453
2021-03-01,,19.58968162536621,161.52999877929688,313.6253356933594,93.80880737304688,362.6731872558594,119.12907409667969,3901.820068359375,23.350000381469727
2021-03-02,,19.49247932434082,162.41000366210938,308.5951843261719,93.80036163330078,359.84326171875,119.1375961303711,3870.2900390625,24.100000381469727
2021-03-03,,19.626680374145508,160.6199951171875,299.63970947265625,93.80880737304688,355.07684326171875,117.84542083740234,3819.719970703125,26.670000076293945
2021-03-04,,19.69196891784668,159.0399932861328,294.7355651855469,93.80036163330078,350.68280029296875,117.08536529541016,3768.469970703125,28.56999969482422
2021-03-05,,19.88420867919922,159.13999938964844,299.174560546875,93.80036163330078,357.1341552734375,117.31341552734375,3841.93994140625,24.65999984741211
2021-03-08,,19.661500930786133,157.49000549316406,290.70361328125,93.80036163330078,355.3560485839844,116.40132904052734,3821.35009765625,25.469999313354492
2021-03-09,,19.728967666625977,160.83999633789062,302.1693420410156,93.80880737304688,360.4296569824219,118.01434326171875,3875.43994140625,24.030000686645508
2021-03-10,,19.795703887939453,161.66000366210938,301.3067932128906,93.80036163330078,362.6731872558594,118.25078582763672,3898.81005859375,22.559999465942383
2021-03-11,,20.132308959960938,161.52000427246094,308.2463073730469,93.80036163330078,366.35040283203125,117.39785766601562,3939.340087890625,21.90999984741211
2021-03-12,,20.234594345092773,161.49000549316406,305.7458190917969,93.80036163330078,366.84381103515625,114.90644073486328,3943.340087890625,20.690000534057617
2021-03-15,,20.190343856811523,162.1999969482422,309.0119934082031,93.80036163330078,369.031494140625,115.58209991455078,3968.93994140625,20.030000686645508
2021-03-16,,20.180187225341797,162.35000610351562,310.7080383300781,93.80036163330078,368.5661315917969,115.11762237548828,3962.7099609375,19.790000915527344
2021-03-17,,20.334707260131836,163.50999450683594,311.9874572753906,93.80880737304688,369.8227233886719,114.25618743896484,3974.1201171875,19.229999542236328
2021-03-18,,19.93644142150879,162.55999755859375,302.43096923828125,93.80880737304688,364.44207763671875,113.09920501708984,3915.4599609375,21.579999923706055
2021-03-19,,20.05251121520996,163.24000549316406,303.4971618652344,93.80880737304688,363.7677001953125,113.80014038085938,3913.10009765625,20.950000762939453
2021-03-22,,19.977794647216797,163.0,309.18865966796875,93.81731414794922,366.67230224609375,115.07540893554688,3940.590087890625,18.8799991607666
2021-03-23,,19.54978370666504,161.80999755859375,307.8398742675781,93.80880737304688,363.786376953125,116.1141128540039,3910.52001953125,20.299999237060547
2021-03-24,,19.514963150024414,162.3699951171875,302.6480712890625,93.80880737304688,361.9371032714844,116.73910522460938,3889.139892578125,21.200000762939453
2021-03-25,,19.568645477294922,161.77999877929688,302.1240234375,93.80880737304688,363.9731140136719,115.81859588623047,3909.52001953125,19.809999465942383
2021-03-26,,19.874778747558594,162.24000549316406,306.65594482421875,93.80880737304688,369.838623046875,115.41317749023438,3974.5400390625,18.860000610351562
2021-03-29,,19.9284610748291,160.30999755859375,306.56866455078125,93.80880737304688,369.6517639160156,114.43354797363281,3971.090087890625,20.739999771118164
2021-03-30,,19.784099578857422,157.57000732421875,305.0256042480469,93.80036163330078,368.67108154296875,115.03318786621094,3958.550048828125,19.610000610351562
2021-03-31,,19.90742301940918,159.9600067138672,309.6933898925781,93.80036163330078,370.1654357910156,114.39132690429688,3972.889892578125,19.399999618530273
2021-04-01,,19.93498992919922,161.97999572753906,314.97247314453125,93.80036163330078,374.16290283203125,116.28988647460938,4019.8701171875,17.329999923706055
2021-04-05,,20.116352081298828,161.9199981689453,321.2608947753906,93.80036163330078,379.5333557128906,115.78250885009766,4077.909912109375,17.90999984741211
2021-04-06,,20.058313369750977,163.22000122070312,321.0377197265625,93.81731414794922,379.30914306640625,116.5689697265625,4073.93994140625,18.1200008392334
2021-04-07,,20.037275314331055,162.75999450683594,321.81402587890625,93.80880737304688,379.74810791015625,115.75711822509766,4079.949951171875,17.15999984741211
2021-04-08,,20.05178451538086,164.50999450683594,325.1717224121094,93.80880737304688,381.5507507324219,116.71266174316406,4097.169921875,16.950000762939453
2021-04-09,,20.102563858032227,163.27000427246094,327.1416931152344,93.81731414794922,384.3246765136719,116.28988647460938,4128.7998046875,16.690000534057617
2021-04-12,,20.096765518188477,162.27999877929688,326.7146911621094,93.80880737304688,384.4647521972656,116.2391586303711,4127.990234375,16.90999984741211
2021-04-13,,20.109094619750977,163.42999267578125,330.5284729003906,93.80880737304688,385.6042175292969,117.11019134521484,4141.58984375,16.649999618530273
2021-04-14,,20.208477020263672,162.72000122070312,326.5594177246094,93.80880737304688,384.2873229980469,116.73812866210938,4124.66015625,16.989999771118164
2021-04-15,,20.188169479370117,165.35000610351562,331.5086364746094,93.80036163330078,388.41552734375,118.69163513183594,4170.419921875,16.56999969482422
2021-04-16,,20.297704696655273,166.35000610351562,331.8968200683594,93.80036163330078,389.7137756347656,117.76981353759766,4185.47021484375,16.25
2021-04-19,,20.577726364135742,165.88999938964844,328.8594055175781,93.80036163330078,387.799072265625,117.4315414428711,4163.259765625,17.290000915527344
2021-04-20,,20.074277877807617,166.47999572753906,326.4624938964844,93.80036163330078,384.9597473144531,117.97274780273438,4134.93994140625,18.68000030517578
2021-04-21,,20.16278076171875,168.1300048828125,329.25726318359375,93.80036163330078,388.6022644042969,118.20957946777344,4173.419921875,17.5
2021-04-22,,20.059768676757812,167.0399932861328,325.2882080078125,93.80036163330078,385.0531311035156,118.72539520263672,4134.97998046875,18.709999084472656
2021-04-23,,20.32817840576172,166.39999389648438,329.3834228515625,93.80880737304688,389.22808837890625,118.44634246826172,4180.169921875,17.329999923706055
2021-04-26,,20.282474517822266,166.83999633789062,331.528076171875,93.80036163330078,390.0406799316406,118.27729034423828,4187.6201171875,17.639999389648438
2021-04-27,,20.41377830505371,166.4199981689453,330.0918273925781,93.80036163330078,389.9565734863281,117.24549865722656,4186.72021484375,17.559999465942383
2021-04-28,,20.418853759765625,166.91000366210938,328.9757995605469,93.80036163330078,389.844482421875,117.32164764404297,4183.18017578125,17.280000686645508
2021-04-29,,20.538555145263672,166.22000122070312,330.1597900390625,93.80036163330078,392.32891845703125,116.97492218017578,4211.47021484375,17.610000610351562
2021-04-30,,20.354293823242188,165.66000366210938,327.99566650390625,93.80036163330078,389.75103759765625,117.24549865722656,4181.169921875,18.610000610351562
2021-05-03,,20.444971084594727,167.80999755859375,326.2489318847656,93.80036163330078,390.59161376953125,117.31578063964844,4192.66015625,18.309999465942383
2021-05-04,,20.287551879882812,166.5800018310547,320.37786865234375,93.80880737304688,388.1820373535156,118.11193084716797,4164.66015625,19.479999542236328
2021-05-05,,20.515344619750977,167.27000427246094,319.30059814453125,93.80880737304688,388.3034362792969,118.30671691894531,4167.58984375,19.149999618530273
2021-05-06,,20.435544967651367,170.05999755859375,321.707275390625,93.80880737304688,391.4042053222656,118.50145721435547,4201.6201171875,18.389999389648438
2021-05-07,,20.718461990356445,171.58999633789062,324.3177185058594,93.80880737304688,394.25286865234375,117.91715240478516,4232.60009765625,16.690000534057617
2021-05-10,,20.696699142456055,172.11000061035156,316.1273193359375,93.80036163330078,390.3487548828125,116.72296905517578,4188.43017578125,19.65999984741211
2021-05-11,,20.512439727783203,172.13999938964844,315.69061279296875,93.80036163330078,386.8651428222656,116.06234741210938,4152.10009765625,21.84000015258789
2021-05-12,,20.21790885925293,170.42999267578125,307.5196838378906,93.80036163330078,378.64605712890625,114.84272766113281,4063.0400390625,27.59000015258789
2021-05-13,,20.232418060302734,171.1300048828125,309.8971862792969,93.80880737304688,383.194580078125,115.02066040039062,4112.5,23.1299991607666
2021-05-14,,20.72571563720703,172.69000244140625,316.7386169433594,93.80036163330078,389.07855224609375,116.09622192382812,4173.85009765625,18.809999465942383
2021-05-17,,20.754732131958008,174.6999969482422,314.8172607421875,93.80036163330078,388.0885009765625,115.85063934326172,4163.2900390625,19.719999313354492
2021-05-18,,20.732969284057617,175.0399932861328,312.6920166015625,93.80036163330078,384.74493408203125,115.55419921875,4127.830078125,21.34000015258789
2021-05-19,,20.415958404541016,175.16000366210938,313.0510559082031,93.80036163330078,383.7362365722656,115.27474975585938,4115.68017578125,22.18000030517578
2021-05-20,,20.508087158203125,175.9600067138672,319.10650634765625,93.80036163330078,387.8644714355469,116.22325134277344,4159.1201171875,20.670000076293945
2021-05-21,,20.56321907043457,176.0399932861328,317.34039306640625,93.80880737304688,387.546875,116.59590148925781,4155.85986328125,20.149999618530273
2021-05-24,,20.767066955566406,176.35000610351562,322.677734375,93.80880737304688,391.4976501464844,117.02781677246094,4197.0498046875,18.399999618530273
2021-05-25,,20.788827896118164,177.9499969482422,323.1241149902344,93.80880737304688,390.6290283203125,118.11193084716797,4188.1298828125,18.84000015258789
2021-05-26,,20.7910099029541,177.63999938964844,324.2497863769531,93.80880737304688,391.4042053222656,117.9087142944336,4195.990234375,17.360000610351562
2021-05-27,,20.950603485107422,177.7100067138672,323.0367431640625,93.80880737304688,391.6097106933594,117.43437957763672,4200.8798828125,16.739999771118164
2021-05-28,,20.9426212310791,178.3800048828125,324.05572509765625,93.80036163330078,392.31024169921875,117.248046875,4204.10986328125,16.760000228881836
2021-06-01,,20.73006820678711,177.89999389648438,322.9786071777344,93.79185485839844,391.9646911621094,117.22180938720703,4202.0400390625,17.899999618530273
2021-06-02,,20.903446197509766,178.77000427246094,323.60931396484375,93.80036163330078,392.58111572265625,117.4931640625,4208.1201171875,17.479999542236328
2021-06-03,,20.815673828125,175.27000427246094,320.2419738769531,93.79185485839844,391.1240234375,117.05213928222656,4192.85009765625,18.040000915527344
2021-06-04,,20.936094284057617,177.16000366210938,325.6763916015625,93.80036163330078,394.7011413574219,118.65511322021484,4229.89013671875,16.420000076293945
2021-06-07,,20.88531494140625,177.8699951171875,326.6467590332031,93.79185485839844,394.3182373046875,118.29041290283203,4226.52001953125,16.420000076293945
2021-06-08,,20.92521095275879,177.32000732421875,326.8020935058594,93.80036163330078,394.40234375,119.12158966064453,4227.259765625,17.06999969482422
2021-06-09,,21.089160919189453,176.97999572753906,326.8796691894531,93.78337860107422,393.81396484375,120.17327880859375,4219.5498046875,17.889999389648438
2021-06-10,,21.01806640625,177.74000549316406,330.285888671875,93.79185485839844,395.6445007324219,120.89420318603516,4239.18017578125,16.100000381469727
2021-06-11,,20.97091293334961,175.74000549316406,331.1495056152344,93.78337860107422,396.2984619140625,120.69912719726562,4247.43994140625,15.649999618530273
2021-06-14,,20.965110778808594,174.7100067138672,334.32281494140625,93.78337860107422,397.18560791015625,119.77467346191406,4255.14990234375,16.389999389648438
2021-06-15,,21.122529983520508,174.0500030517578,332.1394348144531,93.79185485839844,396.45709228515625,119.63046264648438,4246.58984375,17.020000457763672
2021-06-16,,20.837438583374023,171.11000061035156,330.9263916015625,93.79185485839844,394.2435302734375,119.5287094116211,4223.7001953125,18.149999618530273
2021-06-17,,20.553791046142578,165.85000610351562,335.1283874511719,93.79185485839844,394.1128234863281,121.31830596923828,4221.85986328125,17.75
2021-06-18,,20.387664794921875,164.92999267578125,332.49847412109375,93.77487182617188,388.7961120605469,123.59972381591797,4166.4501953125,20.700000762939453
2021-06-21,,20.60964584350586,166.9499969482422,334.56494140625,93.78337860107422,394.3620300292969,121.53038787841797,4224.7900390625,17.889999389648438
2021-06-22,,20.693073272705078,166.25,337.68365478515625,93.77487182617188,396.4703674316406,121.82716369628906,4246.43994140625,16.65999984741211
2021-06-23,,20.653173446655273,166.13999938964844,337.848876953125,93.78337860107422,395.99249267578125,121.51335144042969,4241.83984375,16.31999969482422
2021-06-24,,20.830904006958008,166.0399932861328,339.93768310546875,93.79185485839844,398.3350830078125,121.70843505859375,4266.490234375,15.970000267028809
2021-06-25,,20.798259735107422,166.58999633789062,339.5199279785156,93.77487182617188,399.7500305175781,120.44463348388672,4280.7001953125,15.619999885559082
2021-06-28,,20.657527923583984,166.5800018310547,343.64898681640625,93.78337860107422,400.55584716796875,121.68299102783203,4290.60986328125,15.760000228881836
2021-06-29,,20.668407440185547,164.8300018310547,344.8925476074219,93.78337860107422,400.77142333984375,121.88653564453125,4291.7998046875,16.020000457763672
2021-06-30,,20.669857025146484,165.6300048828125,344.3485107421875,93.78337860107422,401.1087646484375,122.42928314208984,4297.5,15.829999923706055
2021-07-01,,20.82364845275879,166.1999969482422,344.4845886230469,93.78337860107422,403.32952880859375,122.43612670898438,4319.93994140625,15.479999542236328
2021-07-02,,20.983245849609375,167.2899932861328,348.4388122558594,93.78337860107422,406.4123840332031,123.17498016357422,4352.33984375,15.069999694824219
2021-07-06,,20.7518310546875,168.1199951171875,349.9446716308594,93.77487182617188,405.672119140625,124.61869812011719,4343.5400390625,16.440000534057617
2021-07-07,,20.695972442626953,168.75999450683594,350.68316650390625,93.78337860107422,407.10577392578125,125.72279357910156,4358.1298828125,16.200000762939453
2021-07-08,,20.530576705932617,168.64999389648438,348.5650329589844,93.78337860107422,403.7886657714844,126.21533203125,4320.81982421875,19.0
2021-07-09,,20.7148380279541,169.2100067138672,350.7413330078125,93.78337860107422,408.0989990234375,124.4403305053711,4369.5498046875,16.18000030517578
2021-07-12,,20.85629653930664,169.0,352.11126708984375,93.77487182617188,409.5608215332031,124.27897644042969,4384.6298828125,16.170000076293945
2021-07-13,,20.748931884765625,169.22000122070312,352.11126708984375,93.78337860107422,408.16461181640625,123.32783508300781,4369.2099609375,17.1200008392334
2021-07-14,,20.77577018737793,171.0399932861328,352.7427673339844,93.78337860107422,408.7736511230469,124.7291030883789,4374.2998046875,16.329999923706055
2021-07-15,,20.65607452392578,171.07000732421875,350.2653503417969,93.77487182617188,407.37750244140625,126.10484313964844,4360.02978515625,17.010000228881836
2021-07-16,,20.616897583007812,169.41000366210938,347.428466796875,93.77487182617188,404.1822509765625,125.86710357666016,4327.16015625,18.450000762939453
2021-07-19,,20.058313369750977,169.61000061035156,344.58172607421875,93.77487182617188,398.2132263183594,128.62716674804688,4258.490234375,22.5
2021-07-20,,20.235321044921875,169.38999938964844,348.58453369140625,93.78337860107422,403.9198913574219,127.3873062133789,4323.06005859375,19.729999542236328
2021-07-21,,20.59876251220703,168.75999450683594,351.27569580078125,93.77487182617188,407.1900939941406,125.77367401123047,4358.68994140625,17.90999984741211
2021-07-22,,20.689443588256836,169.08999633789062,353.5977478027344,93.77487182617188,408.0428466796875,126.96259307861328,4367.47998046875,17.690000534057617
2021-07-23,,20.8018856048584,168.55999755859375,357.7268371582031,93.78337860107422,412.2407531738281,126.11337280273438,4411.7900390625,17.200000762939453
2021-07-26,,20.820026397705078,168.16000366210938,358.0086364746094,93.77487182617188,413.252685546875,125.73973846435547,4422.2998046875,17.579999923706055
2021-07-27,,20.685819625854492,168.44000244140625,354.0639953613281,93.77487182617188,411.3693542480469,127.08154296875,4401.4599609375,19.360000610351562
2021-07-28,,20.78738021850586,169.2899932861328,355.42431640625,93.78337860107422,411.20068359375,127.08998107910156,4400.64013671875,18.309999465942383
2021-07-29,,20.80914306640625,171.1699981689453,356.0557556152344,93.78337860107422,412.906005859375,126.3851547241211,4419.14990234375,17.700000762939453
2021-07-30,,20.822925567626953,169.82000732421875,354.2001037597656,93.78337860107422,410.9007568359375,126.97960662841797,4395.259765625,18.239999771118164
2021-08-02,,20.7910099029541,169.61000061035156,354.2292175292969,93.78337860107422,410.0387268066406,128.11224365234375,4387.16015625,19.459999084472656
2021-08-03,,20.78375244140625,169.49000549316406,356.37640380859375,93.78337860107422,413.3745422363281,128.1802215576172,4423.14990234375,18.040000915527344
2021-08-04,,20.548707962036133,169.52999877929688,356.89129638671875,93.77487182617188,411.3411865234375,128.44381713867188,4402.66015625,17.969999313354492
2021-08-05,,20.61037254333496,168.86000061035156,359.155029296875,93.77487182617188,413.9461669921875,127.78910827636719,4429.10009765625,17.280000686645508
2021-08-06,,20.426841735839844,164.63999938964844,357.58111572265625,93.78337860107422,414.6302185058594,125.65489959716797,4436.52001953125,16.149999618530273
2021-08-09,,20.138113021850586,161.72000122070312,358.2417297363281,93.77487182617188,414.2928466796875,125.20423889160156,4432.35009765625,16.719999313354492
2021-08-10,,20.280298233032227,161.77000427246094,356.4055480957031,93.77487182617188,414.8081970214844,124.62606811523438,4436.75,16.790000915527344
2021-08-11,,20.279571533203125,164.0,355.7934875488281,93.76638793945312,415.8389587402344,124.54948425292969,4442.41015625,16.170000076293945
2021-08-12,,20.34776496887207,164.0399932861328,357.075927734375,93.76638793945312,417.0852355957031,124.3454818725586,4460.830078125,15.59000015258789
2021-08-13,,20.371702194213867,166.38999938964844,358.3292236328125,93.76638793945312,417.8442687988281,126.3095474243164,4468.0,15.449999809265137
2021-08-16,,20.512439727783203,167.22000122070312,358.48468017578125,93.76638793945312,418.828125,126.61569213867188,4479.7099609375,16.1200008392334
2021-08-17,,20.238948822021484,166.97000122070312,355.3271484375,93.77487182617188,416.08258056640625,126.56465148925781,4448.080078125,17.90999984741211
2021-08-18,,19.96183204650879,167.10000610351562,351.9072265625,93.76638793945312,411.5285949707031,126.98978424072266,4400.27001953125,21.56999969482422
2021-08-19,,20.07645034790039,166.61000061035156,353.6074523925781,93.76638793945312,412.1658020019531,127.92509460449219,4405.7998046875,21.670000076293945
2021-08-20,,20.1809139251709,166.6999969482422,357.270263671875,93.77487182617188,415.4454040527344,128.01014709472656,4441.669921875,18.559999465942383
2021-08-23,,20.390565872192383,168.72999572753906,362.6137390136719,93.76638793945312,419.09991455078125,127.92509460449219,4479.52978515625,17.149999618530273
2021-08-24,,20.341236114501953,168.64999389648438,363.7213439941406,93.76638793945312,419.7651672363281,126.93030548095703,4486.22998046875,17.219999313354492
2021-08-25,,20.3970947265625,167.47999572753906,364.1391296386719,93.77487182617188,420.64605712890625,125.8759536743164,4496.18994140625,16.790000915527344
2021-08-26,,20.315845489501953,167.6699981689453,361.8268127441406,93.76638793945312,418.1628723144531,126.2245864868164,4470.0,18.84000015258789
2021-08-27,,20.435544967651367,170.19000244140625,365.3438720703125,93.76638793945312,421.901611328125,127.0833740234375,4509.3701171875,16.389999389648438
2021-08-30,,20.464555740356445,169.35000610351562,369.44384765625,93.76638793945312,423.7569274902344,127.41500091552734,4528.7900390625,16.190000534057617
2021-08-31,,20.27231788635254,169.69000244140625,369.1426696777344,93.76638793945312,423.1291198730469,126.54762268066406,4522.68017578125,16.479999542236328
2021-09-01,,20.759084701538086,169.6999969482422,369.7547912597656,93.76638793945312,423.3540344238281,126.75965118408203,4524.08984375,16.110000610351562
2021-09-02,,20.45077896118164,169.25,369.5798034667969,93.77487182617188,424.6565246582031,127.31306457519531,4536.9501953125,16.40999984741211
2021-09-03,,20.52259635925293,171.05999755859375,370.71661376953125,93.76638793945312,424.5534362792969,126.15516662597656,4535.43017578125,16.40999984741211
2021-09-07,,20.54508399963379,167.7100067138672,371.24114990234375,93.76638793945312,423.0353698730469,125.09103393554688,4520.02978515625,18.139999389648438
2021-09-08,,20.47906494140625,167.2899932861328,369.948974609375,93.77487182617188,422.5200500488281,125.9423828125,4514.06982421875,17.959999084472656
2021-09-09,,20.547260284423828,168.02999877929688,368.67633056640625,93.77487182617188,420.7115783691406,127.46636199951172,4493.27978515625,18.799999237060547
2021-09-10,,20.241851806640625,167.17999267578125,365.8782043457031,93.76638793945312,417.39453125,126.34249114990234,4458.580078125,20.950000762939453
2021-09-13,,20.39419174194336,167.74000549316406,365.6255187988281,93.76638793945312,418.4626159667969,127.10870361328125,4468.72998046875,19.3700008392334
2021-09-14,,20.37460708618164,168.82000732421875,364.5860900878906,93.76638793945312,416.20440673828125,128.6497344970703,4443.0498046875,19.459999084472656
2021-09-15,,20.498655319213867,167.8300018310547,367.2966613769531,93.76638793945312,419.68084716796875,128.19847106933594,4480.7001953125,18.18000030517578
2021-09-16,,20.577726364135742,164.02999877929688,367.54925537109375,93.77487182617188,419.01556396484375,127.61103057861328,4473.75,18.690000534057617
2021-09-17,,20.284652709960938,163.77000427246094,363.1966857910156,93.76638793945312,414.9338684082031,126.99801635742188,4432.990234375,20.809999465942383
2021-09-20,,20.135936737060547,164.94000244140625,355.69189453125,93.76638793945312,408.0152282714844,128.57310485839844,4357.72998046875,25.709999084472656
2021-09-21,,20.105466842651367,166.0399932861328,356.1295471191406,93.76638793945312,407.6297607421875,128.4623565673828,4354.18994140625,24.360000610351562
2021-09-22,,20.278846740722656,165.4199981689453,359.4559326171875,93.76638793945312,411.60614013671875,129.2286376953125,4395.64013671875,20.8700008392334
2021-09-23,,20.304962158203125,163.50999450683594,362.77264404296875,93.76638793945312,416.607177734375,126.30841827392578,4448.97998046875,18.6299991607666
2021-09-24,,20.307140350341797,163.3000030517578,363.11297607421875,93.7579116821289,417.2934265136719,125.07396697998047,4455.47998046875,17.75
2021-09-27,,20.20775604248047,163.63999938964844,360.2146911621094,93.7579116821289,416.09954833984375,124.6142578125,4443.10986328125,18.760000228881836
2021-09-28,,20.01116180419922,162.0500030517578,350.0214538574219,93.7579116821289,407.71435546875,122.67313385009766,4352.6298828125,23.25
2021-09-29,,20.167131423950195,161.32000732421875,349.4476013183594,93.7579116821289,408.400634765625,122.88592529296875,4359.4599609375,22.559999465942383
2021-09-30,,20.244752883911133,164.22000122070312,348.1636657714844,93.76638793945312,403.40899658203125,122.86895751953125,4307.5400390625,23.139999389648438
2021-10-01,,20.188892364501953,164.58999633789062,350.3229675292969,93.7579116821289,408.2032165527344,123.9028549194336,4357.0400390625,21.100000381469727
2021-10-04,,20.061214447021484,165.36000061035156,342.9698791503906,93.74942779541016,402.9389343261719,123.58757019042969,4300.4599609375,22.959999084472656
2021-10-05,,20.182363510131836,164.58999633789062,347.59954833984375,93.7579116821289,407.13165283203125,122.3941650390625,4345.72021484375,21.299999237060547
2021-10-06,,20.17438507080078,165.02999877929688,349.826904296875,93.7579116821289,408.82366943359375,123.08464050292969,4363.5498046875,21.0
2021-10-07,,20.15552520751953,164.16000366210938,353.0365905761719,93.76638793945312,412.35821533203125,121.79742431640625,4399.759765625,19.540000915527344
2021-10-08,,20.290454864501953,164.22999572753906,351.276123046875,93.76638793945312,411.60614013671875,120.94495391845703,4391.33984375,18.770000457763672
2021-10-11,,20.3593692779541,163.9199981689453,348.58197021484375,93.7579116821289,408.6262512207031,120.63804626464844,4361.18994140625,20.0
2021-10-12,,20.270143508911133,164.66000366210938,347.36614990234375,93.76638793945312,407.6203918457031,122.70100402832031,4350.64990234375,19.850000381469727
2021-10-13,,20.326725006103516,167.58999633789062,350.1477966308594,93.76638793945312,409.0867919921875,123.89435577392578,4363.7998046875,18.639999389648438
2021-10-14,,20.492124557495117,168.0,356.5964660644531,93.76638793945312,415.9679260253906,124.35475158691406,4438.259765625,16.860000610351562
2021-10-15,,20.660429000854492,165.3300018310547,358.84326171875,93.74942779541016,419.1358642578125,123.63015747070312,4471.3701171875,16.299999237060547
2021-10-18,,20.529850006103516,164.9199981689453,362.4516906738281,93.74942779541016,420.37677001953125,124.20984649658203,4486.4599609375,16.309999465942383
2021-10-19,,20.6879940032959,165.4499969482422,365.194580078125,93.74942779541016,423.6199645996094,122.4964370727539,4519.6298828125,15.699999809265137
2021-10-20,,20.75981330871582,166.89999389648438,364.71795654296875,93.7579116821289,425.28375244140625,121.66947937011719,4536.18994140625,15.489999771118164
2021-10-21,,20.83525848388672,166.75,366.94525146484375,93.74942779541016,426.3929748535156,121.52464294433594,4549.77978515625,15.010000228881836
2021-10-22,,20.806236267089844,167.77000427246094,363.86199951171875,93.7579116821289,425.951171875,122.86297607421875,4544.89990234375,15.430000305175781
2021-10-25,,20.88531494140625,168.92999267578125,367.5871887207031,93.74942779541016,428.2354431152344,122.6754379272461,4566.47998046875,15.239999771118164
2021-10-26,,20.89546775817871,167.67999267578125,368.7445983886719,93.7579116821289,428.6209411621094,123.68988037109375,4574.7900390625,15.979999542236328
2021-10-27,,20.7772216796875,168.1199951171875,369.6004638671875,93.7579116821289,426.7220153808594,125.94026947021484,4551.68017578125,16.979999542236328
2021-10-28,,20.76923942565918,168.0800018310547,373.70501708984375,93.7579116821289,430.83941650390625,125.51409912109375,4596.419921875,16.530000686645508
2021-10-29,,21.08843231201172,166.64999389648438,375.54327392578125,93.74091339111328,431.7136535644531,125.89767456054688,4605.3798828125,16.260000228881836
2021-11-01,,21.121076583862305,167.52000427246094,376.8271789550781,93.74091339111328,432.4562683105469,124.9911880493164,4613.669921875,16.40999984741211
2021-11-02,,21.04418182373047,167.16000366210938,378.40283203125,93.74942779541016,434.2047119140625,125.54598999023438,4630.64990234375,16.030000686645508
2021-11-03,,20.888938903808594,165.77000427246094,382.41986083984375,93.74091339111328,436.8557434082031,124.24871063232422,4660.56982421875,15.100000381469727
2021-11-04,,20.718461990356445,167.64999389648438,387.3218994140625,93.7579116821289,438.9143371582031,125.55450439453125,4680.06005859375,15.4399995803833
2021-11-05,,21.019521713256836,169.83999633789062,387.6915283203125,93.74942779541016,440.43719482421875,127.43233489990234,4697.52978515625,16.479999542236328
2021-11-08,,20.973814010620117,170.4499969482422,387.1662902832031,93.74091339111328,440.813232421875,127.1933364868164,4701.7001953125,17.219999313354492
2021-11-09,,21.124706268310547,171.2899932861328,384.50128173828125,93.74091339111328,439.3561096191406,128.84915161132812,4685.25,17.780000686645508
2021-11-10,,21.06304359436035,173.14999389648438,378.85028076171875,93.74091339111328,435.8215637207031,126.4934310913086,4646.7099609375,18.729999542236328
2021-11-11,,21.059419631958008,174.1199951171875,379.90069580078125,93.74091339111328,435.96258544921875,126.30564880371094,4649.27001953125,17.65999984741211
2021-11-12,,21.095691680908203,174.4499969482422,383.8982238769531,93.74942779541016,439.2527770996094,125.75083923339844,4682.85009765625,16.290000915527344
2021-11-15,,21.175487518310547,174.17999267578125,383.8106994628906,93.74091339111328,439.4031066894531,124.17176818847656,4682.7998046875,16.489999771118164
2021-11-16,,21.280675888061523,172.9199981689453,386.5438232421875,93.74091339111328,441.1421813964844,123.85601806640625,4700.89990234375,16.3700008392334
2021-11-17,,20.98251724243164,174.5,386.74810791015625,93.74942779541016,440.0705871582031,124.83757019042969,4688.669921875,17.110000610351562
2021-11-18,,21.110198974609375,173.94000244140625,390.7552795410156,93.7579116821289,441.5652770996094,125.30701446533203,4704.5400390625,17.59000015258789
2021-11-19,,20.812768936157227,172.61000061035156,392.9339599609375,93.74942779541016,440.775634765625,126.63002014160156,4697.9599609375,17.90999984741211
2021-11-22,,20.998477935791016,168.74000549316406,388.37237548828125,93.74091339111328,439.5347595214844,125.14485168457031,4682.93994140625,19.170000076293945
2021-11-23,,21.229896545410156,167.27999877929688,386.6021423339844,93.74942779541016,440.1175537109375,123.33538818359375,4690.7001953125,19.3799991607666
2021-11-24,,21.171857833862305,167.1199951171875,387.84716796875,93.7324447631836,441.2926330566406,125.3155517578125,4701.4599609375,18.579999923706055
2021-11-26,,20.297704696655273,166.85000610351562,380.4939880371094,93.7324447631836,431.450439453125,128.48216247558594,4594.6201171875,28.6200008392334
2021-11-29,,20.228792190551758,166.6199951171875,388.7516784667969,93.74091339111328,436.7427673339844,127.44940185546875,4655.27001953125,22.959999084472656
2021-11-30,,20.587881088256836,165.5,383.04229736328125,93.6985092163086,428.2449035644531,129.3868408203125,4567.0,27.190000534057617
2021-12-01,,19.967634201049805,166.16000366210938,376.5256652832031,93.72395324707031,423.48828125,130.1851043701172,4513.0400390625,31.1200008392334
2021-12-02,,19.966182708740234,165.24000549316406,379.2392883300781,93.7324447631836,429.974609375,130.34744262695312,4577.10009765625,27.950000762939453
2021-12-03,,20.06194496154785,166.6300048828125,372.6448669433594,93.72395324707031,426.23309326171875,131.9027557373047,4538.43017578125,30.670000076293945
2021-12-06,,20.07645034790039,166.22000122070312,375.63092041015625,93.72395324707031,431.2812194824219,130.09103393554688,4591.669921875,27.18000030517578
2021-12-07,,20.377506256103516,166.80999755859375,386.9425354003906,93.71546936035156,440.20220947265625,129.03993225097656,4686.75,21.889999389648438
2021-12-08,,20.439170837402344,166.89999389648438,388.6738586425781,93.70698547363281,441.3677978515625,126.80951690673828,4701.2099609375,19.899999618530273
2021-12-09,,20.341236114501953,165.8800048828125,382.95477294921875,93.72395324707031,438.3879089355469,127.51883697509766,4667.4501953125,21.579999923706055
2021-12-10,,20.344860076904297,166.5800018310547,387.11761474609375,93.71546936035156,442.5146484375,127.21119689941406,4712.02001953125,18.690000534057617
2021-12-13,,20.348487854003906,167.0,381.5250244140625,93.72395324707031,438.5946960449219,129.0911865234375,4668.97021484375,20.309999465942383
2021-12-14,,20.384761810302734,165.44000244140625,377.5760803222656,93.72395324707031,435.57720947265625,128.78359985351562,4634.08984375,21.889999389648438
2021-12-15,,20.493574142456055,166.14999389648438,386.1839599609375,93.71546936035156,442.3830871582031,127.54446411132812,4709.85009765625,19.290000915527344
2021-12-16,,20.500831604003906,168.16000366210938,376.2533874511719,93.7324447631836,438.4818420410156,127.59406280517578,4668.669921875,20.56999969482422
2021-12-17,,20.37242889404297,167.8000030517578,374.37615966796875,93.72395324707031,433.8152160644531,129.0399169921875,4620.64013671875,21.56999969482422
2021-12-20,,20.314390182495117,167.08999633789062,370.7445068359375,93.71546936035156,429.20220947265625,128.0731964111328,4568.02001953125,22.8700008392334
2021-12-21,,20.44642448425293,167.02000427246094,379.0420227050781,93.72395324707031,436.824462890625,127.58553314208984,4649.22998046875,21.010000228881836
2021-12-22,,20.273040771484375,168.58999633789062,383.6581115722656,93.72395324707031,441.19219970703125,128.17581176757812,4696.56005859375,18.6299991607666
2021-12-23,,20.429738998413086,168.97000122070312,386.550537109375,93.72395324707031,443.93731689453125,127.06365203857422,4725.7900390625,17.959999084472656
2021-12-27,,20.617624282836914,169.3699951171875,392.9391784667969,93.72395324707031,450.21990966796875,127.37163543701172,4791.18994140625,17.68000030517578
2021-12-28,,20.9288387298584,168.63999938964844,391.1180419921875,93.71546936035156,449.8520202636719,126.8668441772461,4786.35009765625,17.540000915527344
2021-12-29,,20.493574142456055,168.58999633789062,391.0596008300781,93.72395324707031,450.42755126953125,125.48086547851562,4793.06005859375,16.950000762939453
2021-12-30,,20.707544326782227,169.8000030517578,389.89093017578125,93.72395324707031,449.18231201171875,126.5332260131836,4778.72998046875,17.329999923706055
2021-12-31,,20.673084259033203,170.9600067138672,387.45623779296875,93.72395324707031,448.05023193359375,126.78130340576172,4766.18017578125,17.219999313354492
2022-01-03,,20.859806060791016,168.3300018310547,391.1861572265625,93.70698547363281,450.6444091796875,123.45331573486328,4796.56005859375,16.600000381469727
2022-01-04,,20.701133728027344,169.57000732421875,386.1122741699219,93.70698547363281,450.4934997558594,122.93995666503906,4793.5400390625,16.90999984741211
2022-01-05,,20.659461975097656,169.05999755859375,374.2505187988281,93.68997192382812,441.84307861328125,122.27264404296875,4700.580078125,19.729999542236328
2022-01-06,,20.74761390686035,166.99000549316406,373.9875793457031,93.6985092163086,441.4280090332031,122.5892333984375,4696.0498046875,19.610000610351562
2022-01-07,,20.875831604003906,167.75,369.93621826171875,93.70698547363281,439.6827697753906,121.7080307006836,4677.02978515625,18.760000228881836
2022-01-10,,20.564096450805664,168.25999450683594,370.1797180175781,93.70698547363281,439.13568115234375,122.0074691772461,4670.2900390625,19.399999618530273
2022-01-11,,20.560894012451172,170.2899932861328,375.7406005859375,93.68997192382812,443.1353759765625,122.82022094726562,4713.06982421875,18.40999984741211
2022-01-12,,20.463926315307617,170.74000549316406,377.2305908203125,93.6985092163086,444.3334655761719,122.34967041015625,4726.35009765625,17.6200008392334
2022-01-13,,20.314069747924805,170.16000366210938,367.79376220703125,93.6985092163086,438.211181640625,123.4361801147461,4659.02978515625,20.309999465942383
2022-01-14,,20.598556518554688,169.6699981689453,370.08233642578125,93.68151092529297,438.3905334472656,121.5711669921875,4662.85009765625,19.190000534057617
2022-01-18,,20.915903091430664,169.38999938964844,360.8694763183594,93.63906860351562,430.6267395019531,119.86009216308594,4577.10986328125,22.790000915527344
2022-01-19,,20.859806060791016,172.0800018310547,356.90576171875,93.67301177978516,426.15521240234375,120.68994903564453,4532.759765625,23.850000381469727
2022-01-20,,20.915903091430664,171.64999389648438,352.2701721191406,93.68151092529297,421.4385070800781,121.43424987792969,4482.72998046875,25.59000015258789
2022-01-21,,20.643436431884766,171.08999633789062,342.502197265625,93.68151092529297,413.1654052734375,122.88011169433594,4397.93994140625,28.850000381469727
2022-01-24,,20.54806900024414,172.02999877929688,344.070068359375,93.66450500488281,414.9200744628906,121.87056732177734,4410.1298828125,29.899999618530273
2022-01-25,,20.755626678466797,172.5800018310547,336.0941467285156,93.66450500488281,409.8542785644531,121.67379760742188,4356.4501953125,31.15999984741211
2022-01-26,,20.883848190307617,169.7899932861328,335.56817626953125,93.66450500488281,408.8260192871094,120.20227813720703,4349.93017578125,31.959999084472656
2022-01-27,,20.875831604003906,167.60000610351562,332.1888122558594,93.64757537841797,406.80731201171875,122.4095687866211,4326.509765625,30.489999771118164
2022-01-28,,21.036108016967773,167.10000610351562,342.6092834472656,93.64757537841797,416.9104919433594,122.45232391357422,4431.85009765625,27.65999984741211
2022-01-31,,20.755626678466797,168.08999633789062,353.5653991699219,93.64757537841797,424.4195861816406,121.81924438476562,4515.5498046875,24.829999923706055
2022-02-01,,20.763641357421875,168.22999572753906,355.9708557128906,93.65602111816406,427.2873229980469,121.41487121582031,4546.5400390625,21.959999084472656
2022-02-02,,20.790084838867188,168.83999633789062,358.86328125,93.65602111816406,431.43792724609375,121.82603454589844,4589.3798828125,22.09000015258789
2022-02-03,,20.811723709106445,168.60000610351562,344.3136291503906,93.66450500488281,421.2970886230469,120.8750991821289,4477.43994140625,24.350000381469727
2022-02-04,,21.04412269592285,168.86000061035156,348.6571044921875,93.63060760498047,423.2781066894531,119.0931167602539,4500.52978515625,23.219999313354492
2022-02-07,,20.803707122802734,170.11000061035156,345.852294921875,93.63060760498047,421.919677734375,119.1702651977539,4483.8701171875,22.860000610351562
2022-02-08,,20.731586456298828,170.6300048828125,349.7380676269531,93.63060760498047,425.39111328125,118.37349700927734,4521.5400390625,21.440000534057617
2022-02-09,,20.907888412475586,171.2100067138672,357.1493225097656,93.63060760498047,431.6172180175781,118.59622955322266,4587.18017578125,19.959999084472656
2022-02-10,,20.955968856811523,170.55999755859375,349.06610107421875,93.57115173339844,423.8629150390625,116.71145629882812,4504.080078125,23.90999984741211
2022-02-11,,21.412755966186523,173.80999755859375,337.9931335449219,93.59664154052734,415.5049133300781,118.4420166015625,4418.64013671875,27.360000610351562
2022-02-14,,21.468852996826172,174.74000549316406,338.411865234375,93.57115173339844,414.146484375,116.96844482421875,4401.669921875,28.329999923706055
2022-02-15,,21.140287399291992,173.0800018310547,346.8261413574219,93.57966613769531,420.8253173828125,115.64053344726562,4471.06982421875,25.700000762939453
2022-02-16,,21.11624526977539,174.86000061035156,346.73858642578125,93.58814239501953,421.2970886230469,116.32594299316406,4475.009765625,24.290000915527344
2022-02-17,,20.899871826171875,177.25,336.4252014160156,93.61360168457031,412.297607421875,117.19120025634766,4380.259765625,28.110000610351562
2022-02-18,,20.915903091430664,177.1199951171875,332.58819580078125,93.62213134765625,409.6278991699219,118.42488098144531,4348.8701171875,27.75
2022-02-22,,21.068164825439453,177.49000549316406,329.2476806640625,93.60513305664062,405.2319641113281,118.73331451416016,4304.759765625,28.809999465942383
2022-02-23,,21.19638442993164,178.2899932861328,320.81402587890625,93.61360168457031,398.0436096191406,117.09696960449219,4225.5,31.020000457763672
2022-02-24,,21.50891876220703,177.13999938964844,331.5947570800781,93.61360168457031,404.0338134765625,117.17405700683594,4288.7001953125,30.31999969482422
2022-02-25,,21.476865768432617,176.5500030517578,336.73681640625,93.62213134765625,412.948486328125,117.25972747802734,4384.64990234375,27.59000015258789
2022-02-28,,21.40073585510254,178.3800048828125,337.739990234375,93.61360168457031,411.8918762207031,119.82991790771484,4373.93994140625,30.149999618530273
2022-03-01,,21.845495223999023,181.6199951171875,332.5685729980469,93.63906860351562,405.61865234375,121.21537017822266,4306.259765625,33.31999969482422
2022-03-02,,22.039430618286133,179.72999572753906,338.14898681640625,93.62213134765625,413.0804748535156,117.0718994140625,4386.5400390625,30.739999771118164
2022-03-03,,21.989744186401367,180.8000030517578,333.3184814453125,93.63906860351562,411.02410888671875,118.26434326171875,4363.490234375,30.479999542236328
2022-03-04,,21.861526489257812,183.67999267578125,328.4881286621094,93.62213134765625,407.6846008300781,120.3060531616211,4328.8701171875,31.979999542236328
2022-03-07,,22.527467727661133,186.41000366210938,316.3730773925781,93.63060760498047,395.66644287109375,119.38809204101562,4201.08984375,36.45000076293945
2022-03-08,,22.78310775756836,191.50999450683594,314.9026184082031,93.62213134765625,392.6666564941406,118.18714141845703,4170.7001953125,35.130001068115234
2022-03-09,,22.2862548828125,185.82000732421875,326.2384033203125,93.62213134765625,403.19427490234375,117.02899169921875,4277.8798828125,32.45000076293945
2022-03-10,,22.46656608581543,186.39999389648438,322.6156005859375,93.61360168457031,401.3736267089844,115.34757995605469,4259.52001953125,30.229999542236328
2022-03-11,,22.598791122436523,185.08999633789062,315.9250793457031,93.60513305664062,396.2701110839844,115.733642578125,4204.31005859375,30.75
2022-03-14,,22.49461555480957,182.3000030517578,309.85797119140625,93.58814239501953,393.3741149902344,113.03142547607422,4173.10986328125,31.770000457763672
2022-03-15,,22.262216567993164,178.88999938964844,319.5771484375,93.58814239501953,402.0245666503906,112.8340835571289,4262.4501953125,29.829999923706055
2022-03-16,,21.973718643188477,180.00999450683594,331.4292297363281,93.59664154052734,410.93914794921875,113.94071197509766,4357.85986328125,26.670000076293945
2022-03-17,,22.144412994384766,180.88999938964844,335.44158935546875,93.62213134765625,416.0803527832031,113.09142303466797,4411.669921875,25.670000076293945
2022-03-18,,22.150020599365234,179.3000030517578,342.30743408203125,93.60513305664062,420.6375732421875,114.47260284423828,4463.1201171875,23.8700008392334
2022-03-21,,22.82157325744629,180.6699981689453,341.3557434082031,93.57966613769531,420.5145568847656,111.82181549072266,4461.18017578125,23.530000686645508
2022-03-22,,23.336055755615234,179.36000061035156,348.0643005371094,93.57966613769531,425.4352722167969,110.38919067382812,4511.60986328125,22.940000534057617
2022-03-23,,23.560443878173828,181.80999755859375,343.0621337890625,93.57966613769531,419.9562683105469,112.80838012695312,4456.240234375,23.56999969482422
2022-03-24,,23.279958724975586,183.1300048828125,350.6872253417969,93.57115173339844,426.2868957519531,111.92476654052734,4520.16015625,21.670000076293945
2022-03-25,,23.55803680419922,182.3800048828125,350.3947448730469,93.56269836425781,428.3686218261719,110.37202453613281,4543.06005859375,20.809999465942383
2022-03-28,,23.421003341674805,179.05999755859375,355.8161926269531,93.55420684814453,431.4156799316406,111.31568908691406,4575.52001953125,19.6299991607666
2022-03-29,,23.288776397705078,179.13999938964844,361.939697265625,93.56269836425781,436.7525939941406,112.1563720703125,4631.60009765625,18.899999618530273
2022-03-30,,23.17578125,180.5800018310547,357.94183349609375,93.57115173339844,434.05572509765625,113.03142547607422,4602.4501953125,19.329999923706055
2022-03-31,,22.913732528686523,180.64999389648438,353.5052795410156,93.57966613769531,427.3750915527344,113.30590057373047,4530.41015625,20.559999465942383
2022-04-01,,23.11968421936035,179.5,352.83245849609375,93.56098937988281,428.5863037109375,113.73724365234375,4545.85986328125,19.6299991607666
2022-04-04,,23.38974952697754,180.3699951171875,360.0968017578125,93.55250549316406,432.2578125,112.9467544555664,4582.64013671875,18.56999969482422
2022-04-05,,23.65660858154297,179.24000549316406,352.1011962890625,93.54399108886719,426.7978820800781,110.39505004882812,4525.1201171875,21.030000686645508
2022-04-06,,23.632564544677734,179.66000366210938,344.45654296875,93.53549194335938,422.53009033203125,109.50149536132812,4481.14990234375,22.100000381469727
2022-04-07,,23.729530334472656,180.33999633789062,345.2756042480469,93.56098937988281,424.6592712402344,108.67666625976562,4500.2099609375,21.549999237060547
2022-04-08,,23.921064376831055,181.47000122070312,340.4489440917969,93.55250549316406,423.5237731933594,107.49964904785156,4488.27978515625,21.15999984741211
2022-04-11,,24.073320388793945,182.3699951171875,332.3948059082031,93.54399108886719,416.28472900390625,105.79846954345703,4412.52978515625,24.3700008392334
2022-04-12,,24.20795440673828,183.77000427246094,330.99066162109375,93.5694808959961,414.7423095703125,105.65238189697266,4397.4501953125,24.260000228881836
2022-04-13,,24.401885986328125,184.64999389648438,337.71868896484375,93.57797241210938,419.4925537109375,105.86723327636719,4446.58984375,21.81999969482422
2022-04-14,,24.60222816467285,184.0399932861328,329.99603271484375,93.56098937988281,414.2691955566406,103.74504089355469,4392.58984375,22.700000762939453
2022-04-18,,24.85866928100586,184.61000061035156,330.2496337890625,93.56098937988281,414.4394836425781,103.22953033447266,4391.68994140625,22.170000076293945
2022-04-19,,25.108701705932617,181.82000732421875,337.63092041015625,93.55250549316406,421.129638671875,102.45630645751953,4462.2099609375,21.3700008392334
2022-04-20,,24.6823673248291,182.7100067138672,332.7067565917969,93.56098937988281,420.81732177734375,104.518310546875,4459.4501953125,20.31999969482422
2022-04-21,,25.018945693969727,182.05999755859375,325.82275390625,93.53549194335938,414.524658203125,103.74504089355469,4393.66015625,22.68000030517578
2022-04-22,,24.954833984375,180.2899932861328,317.2907409667969,93.52700805664062,403.1504821777344,103.09207916259766,4271.77978515625,28.209999084472656
2022-04-25,,24.674352645874023,177.0500030517578,321.3666076660156,93.53549194335938,405.4877624511719,104.12306213378906,4296.1201171875,27.020000457763672
2022-04-26,,24.69038200378418,177.32000732421875,309.2366943359375,93.54399108886719,393.7444763183594,105.17127227783203,4175.2001953125,33.52000045776367
2022-04-27,,24.922779083251953,175.97999572753906,308.8660888671875,93.55250549316406,394.8515930175781,103.82234954833984,4183.9599609375,31.600000381469727
2022-04-28,,25.415630340576172,176.92999267578125,319.83575439453125,93.54399108886719,404.8253173828125,103.97699737548828,4287.5,29.989999771118164
2022-04-29,,25.339496612548828,176.91000366210938,305.443603515625,93.55250549316406,389.86480712890625,102.62808990478516,4131.93017578125,33.400001525878906
2022-05-02,,25.892446517944336,173.6300048828125,310.5432434082031,93.53803253173828,392.2115478515625,100.84919738769531,4155.3798828125,32.34000015258789
2022-05-03,,25.42764663696289,174.08999633789062,310.87481689453125,93.52107238769531,394.009521484375,101.52909851074219,4175.47998046875,29.25
2022-05-04,,25.151973724365234,175.8000030517578,321.3861389160156,93.5634994506836,406.0082092285156,102.0885009765625,4300.169921875,25.420000076293945
2022-05-05,,25.579906463623047,175.1300048828125,305.19989013671875,93.5465316772461,391.5774841308594,99.29145050048828,4146.8701171875,31.200000762939453
2022-05-06,,25.956552505493164,175.4199981689453,301.5431823730469,93.57202911376953,389.2402038574219,97.82833099365234,4123.33984375,30.190000534057617
2022-05-09,,25.619970321655273,172.8800048828125,289.7447814941406,93.58901977539062,376.77783203125,98.68898010253906,3991.239990234375,34.75
2022-05-10,,25.3875789642334,171.4199981689453,293.2648620605469,93.58901977539062,377.6484069824219,99.58403778076172,4001.050048828125,32.9900016784668
2022-05-11,,25.529420852661133,172.82000732421875,284.567138671875,93.57202911376953,371.64898681640625,101.5032730102539,3935.179931640625,32.560001373291016
2022-05-12,,25.41802978515625,170.1699981689453,283.89434814453125,93.58901977539062,371.26104736328125,101.31393432617188,3930.080078125,31.770000457763672
2022-05-13,,25.748197555541992,168.7899932861328,294.4154052734375,93.59750366210938,380.1370849609375,99.81642150878906,4023.889892578125,28.8700008392334
2022-05-16,,25.908477783203125,170.39999389648438,291.0025939941406,93.59750366210938,378.5946350097656,99.71315002441406,4008.010009765625,27.469999313354492
2022-05-17,,25.563880920410156,169.3300018310547,298.5400085449219,93.58901977539062,386.3824768066406,98.50826263427734,4088.85009765625,26.100000381469727
2022-05-18,,25.563880920410156,169.4199981689453,283.88458251953125,93.58901977539062,370.8067932128906,100.60819244384766,3923.679931640625,30.959999084472656
2022-05-19,,25.339496612548828,171.91000366210938,282.3634338378906,93.60600280761719,368.5357360839844,100.84919738769531,3900.7900390625,29.350000381469727
2022-05-20,,25.299428939819336,172.02999877929688,281.48583984375,93.60600280761719,368.6966552734375,101.99384307861328,3901.360107421875,29.43000030517578
2022-05-23,,25.195247650146484,172.8300018310547,286.1662292480469,93.60600280761719,375.5950012207031,100.31559753417969,3973.75,28.479999542236328
2022-05-24,,24.970861434936523,174.1300048828125,280.0817565917969,93.63995361328125,372.727783203125,102.29509735107422,3941.47998046875,29.450000762939453
2022-05-25,,25.034971237182617,173.0800018310547,284.0016174316406,93.63995361328125,376.02081298828125,102.69956970214844,3978.72998046875,28.3700008392334
2022-05-26,,25.05901336669922,172.75999450683594,291.8705139160156,93.64845275878906,383.5341796875,102.23478698730469,4057.840087890625,27.5
2022-05-27,,24.946819305419922,172.85000610351562,301.3970642089844,93.63995361328125,392.94964599609375,102.48439025878906,4158.240234375,25.719999313354492
2022-05-31,,25.091064453125,171.13999938964844,300.597412109375,93.61447143554688,390.74481201171875,100.31559753417969,4132.14990234375,26.190000534057617
2022-06-01,,25.523813247680664,172.22999572753906,298.3742980957031,93.60343170166016,387.5841979980469,100.2009048461914,4101.22998046875,25.690000534057617
2022-06-02,,25.435657501220703,174.35000610351562,306.5453796386719,93.60343170166016,394.9651794433594,100.25267028808594,4176.81982421875,24.719999313354492
2022-06-03,,25.756208419799805,172.5800018310547,298.56927490234375,93.62044525146484,388.48321533203125,100.03712463378906,4108.5400390625,24.790000915527344
2022-06-06,,25.948543548583984,171.82000732421875,299.5638427734375,93.60343170166016,389.666015625,98.19210815429688,4121.43017578125,25.06999969482422
2022-06-07,,25.8684024810791,172.94000244140625,302.1477966308594,93.60343170166016,393.40380859375,99.2525634765625,4160.68017578125,24.020000457763672
2022-06-08,,26.20498275756836,172.77999877929688,299.9734191894531,93.59492492675781,389.1267395019531,98.37313079833984,4115.77001953125,23.959999084472656
2022-06-09,,26.3011474609375,172.22999572753906,291.938720703125,93.58646392822266,379.87213134765625,98.70073699951172,4017.820068359375,26.09000015258789
2022-06-10,,26.357240676879883,174.5399932861328,281.6419372558594,93.5439453125,368.8575134277344,98.08860778808594,3900.860107421875,27.75
2022-06-13,,26.709848403930664,169.92999267578125,268.5466613769531,93.46749114990234,354.8526611328125,95.01067352294922,3749.6298828125,34.02000045776367
2022-06-14,,26.69382095336914,168.57000732421875,269.03411865234375,93.42501831054688,353.78338623046875,93.81228637695312,3735.47998046875,32.689998626708984
2022-06-15,,26.212997436523438,170.77000427246094,275.75244140625,93.46749114990234,358.8269958496094,95.5624771118164,3789.989990234375,29.6200008392334
2022-06-16,,26.148883819580078,172.69000244140625,264.6268005371094,93.46749114990234,346.9512634277344,96.3211898803711,3666.77001953125,32.95000076293945
2022-06-17,,26.164913177490234,171.27000427246094,267.8445739746094,93.46749114990234,347.69915771484375,96.6315689086914,3674.840087890625,31.1299991607666
2022-06-21,,26.42135238647461,170.6300048828125,274.6020812988281,93.47595977783203,356.4520568847656,94.99343872070312,3764.7900390625,30.190000534057617
2022-06-22,,25.980592727661133,171.30999755859375,274.20159912109375,93.50995635986328,355.8058776855469,97.60581970214844,3759.889892578125,28.950000762939453
2022-06-23,,25.70011329650879,170.25999450683594,278.28515625,93.51846313476562,359.2936096191406,98.40762329101562,3795.72998046875,29.049999237060547
2022-06-24,,25.644018173217773,170.08999633789062,287.82025146484375,93.50995635986328,370.7169189453125,97.04541015625,3911.739990234375,27.229999542236328
2022-06-27,,25.82032012939453,169.89999389648438,285.7101135253906,93.45901489257812,369.3009338378906,96.21770477294922,3900.110107421875,26.950000762939453
2022-06-28,,26.052719116210938,169.6199951171875,277.00543212890625,93.50149536132812,361.7550354003906,96.66603088378906,3821.550048828125,28.360000610351562
2022-06-29,,26.17292594909668,169.49000549316406,277.2594299316406,93.51846313476562,361.4604187011719,98.17483520507812,3818.830078125,28.15999984741211
2022-06-30,,25.964569091796875,168.4600067138672,273.820556640625,93.5439453125,358.5238342285156,99.03699493408203,3785.3798828125,28.709999084472656
2022-07-01,,25.77223777770996,168.32000732421875,275.6278991699219,93.54139709472656,362.3157653808594,100.05375671386719,3825.330078125,26.700000762939453
2022-07-05,,25.708127975463867,164.75,280.34661865234375,93.54991149902344,363.0000305175781,100.83987426757812,3831.389892578125,27.540000915527344
2022-07-06,,25.73217010498047,162.13999938964844,282.1441955566406,93.55839538574219,364.2259216308594,99.14671325683594,3845.080078125,26.729999542236328
2022-07-07,,25.812305450439453,162.22999572753906,288.1817321777344,93.55839538574219,369.6810607910156,98.27421569824219,3902.6201171875,26.079999923706055
2022-07-08,,25.892446517944336,162.3000030517578,288.54327392578125,93.54139709472656,369.3769226074219,97.18572998046875,3899.3798828125,24.639999389648438
2022-07-11,,26.06874656677246,161.42999267578125,282.3786926269531,93.5244140625,365.1573486328125,98.86164093017578,3854.429931640625,26.170000076293945
2022-07-12,,25.80429458618164,160.8300018310547,279.6432189941406,93.51589965820312,361.92608642578125,99.44906616210938,3818.800048828125,27.290000915527344
2022-07-13,,25.956552505493164,161.60000610351562,279.0668029785156,93.4989013671875,360.02532958984375,100.58940887451172,3801.780029296875,26.81999969482422
2022-07-14,,26.148883819580078,159.3300018310547,280.0632629394531,93.5244140625,359.1510009765625,99.7686996459961,3790.3798828125,26.399999618530273
2022-07-15,,25.948543548583984,159.00999450683594,285.1434020996094,93.53289794921875,366.0126647949219,100.3302230834961,3863.159912109375,24.229999542236328
2022-07-18,,26.11682891845703,159.16000366210938,282.7303466796875,93.5244140625,362.9905700683594,99.28495025634766,3830.85009765625,25.299999237060547
2022-07-19,,25.892446517944336,159.5399932861328,291.4251403808594,93.5244140625,372.7981872558594,98.74932861328125,3936.68994140625,24.5
2022-07-20,,26.012649536132812,158.0399932861328,296.0461730957031,93.53289794921875,375.1741638183594,99.00850677490234,3959.89990234375,23.8799991607666
2022-07-21,,25.636003494262695,160.27000427246094,300.2960205078125,93.55839538574219,378.9945983886719,100.71891784667969,3998.949951171875,23.110000610351562
2022-07-22,,25.379562377929688,160.6699981689453,295.0301513671875,93.57540130615234,375.4782409667969,102.41217803955078,3961.6298828125,23.030000686645508
2022-07-25,,25.49976921081543,160.22999572753906,293.3498840332031,93.55839538574219,375.9344482421875,101.41007995605469,3966.840087890625,23.360000610351562
2022-07-26,,25.73217010498047,160.0399932861328,287.5858459472656,93.57540130615234,371.4867858886719,101.4878158569336,3921.050048828125,24.690000534057617
2022-07-27,,25.459699630737305,161.6699981689453,299.73907470703125,93.59242248535156,381.1329345703125,100.91763305664062,4023.610107421875,23.239999771118164
2022-07-28,,25.179222106933594,163.63999938964844,302.6700134277344,93.61793518066406,385.9131774902344,101.72106170654297,4072.429931640625,22.329999923706055
2022-07-29,,25.034971237182617,164.10000610351562,308.18975830078125,93.62643432617188,391.5393981933594,101.44462585449219,4130.2900390625,21.329999923706055
2022-08-01,,24.738460540771484,165.02999877929688,308.0040283203125,93.61023712158203,390.3799743652344,103.88774108886719,4118.6298828125,22.84000015258789
2022-08-02,,25.034971237182617,164.0500030517578,307.0857849121094,93.60173034667969,387.8044128417969,101.6895523071289,4091.18994140625,23.93000030517578
2022-08-03,,25.179222106933594,164.4499969482422,315.4486389160156,93.62728881835938,393.8772888183594,103.29059600830078,4155.169921875,21.950000762939453
2022-08-04,,24.7945613861084,167.1699981689453,316.92376708984375,93.63581085205078,393.61114501953125,103.2559814453125,4151.93994140625,21.440000534057617
2022-08-05,,25.083053588867188,165.2899932861328,314.3348083496094,93.6187744140625,392.9459228515625,100.7981185913086,4145.18994140625,21.149999618530273
2022-08-08,,25.219289779663086,166.69000244140625,313.3187255859375,93.6187744140625,392.4897155761719,102.42512512207031,4140.06005859375,21.290000915527344
2022-08-09,,25.219289779663086,167.1999969482422,309.7724304199219,93.6187744140625,390.9311218261719,102.02703857421875,4122.47021484375,21.770000457763672
2022-08-10,,24.818601608276367,166.77999877929688,318.41851806640625,93.6443099975586,399.1422424316406,101.36066436767578,4210.240234375,19.739999771118164
2022-08-11,,24.986888885498047,166.33999633789062,316.611083984375,93.6613540649414,399.1422424316406,98.9980239868164,4207.27001953125,20.200000762939453
2022-08-12,,24.85866928100586,167.8699951171875,322.7757568359375,93.66985321044922,405.8993835449219,100.00192260742188,4280.14990234375,19.530000686645508
2022-08-15,,24.962848663330078,165.7100067138672,325.3841857910156,93.66985321044922,407.5718994140625,99.91539001464844,4297.14013671875,19.950000762939453
2022-08-16,,24.986888885498047,165.4199981689453,324.6220703125,93.6783447265625,408.37030029296875,100.33079528808594,4305.2001953125,19.690000534057617
2022-08-17,,25.05901336669922,164.35000610351562,320.9195251464844,93.6783447265625,405.47161865234375,99.28361511230469,4274.0400390625,19.899999618530273
2022-08-18,,25.2753849029541,163.9199981689453,321.6912841796875,93.70391845703125,406.6501770019531,99.43071746826172,4283.740234375,19.559999465942383
2022-08-19,,25.507781982421875,162.72000122070312,315.4192199707031,93.71240997314453,401.1855773925781,97.82966613769531,4228.47998046875,20.600000381469727
2022-08-22,,25.563880920410156,161.63999938964844,307.1152038574219,93.71240997314453,392.8319091796875,97.50080108642578,4137.990234375,23.799999237060547
2022-08-23,,25.587921142578125,162.77000427246094,306.86114501953125,93.72093200683594,391.8815002441406,96.96421813964844,4128.72998046875,24.110000610351562
2022-08-24,,25.563880920410156,163.25,307.7501525878906,93.71240997314453,393.135986328125,96.25454711914062,4140.77001953125,22.81999969482422
2022-08-25,,25.34750747680664,163.75,313.1917419433594,93.72941589355469,398.68609619140625,97.59601593017578,4199.1201171875,21.780000686645508
2022-08-26,,25.467716217041016,161.75999450683594,300.3546447753906,93.73793029785156,385.1909484863281,98.33162689208984,4057.659912109375,25.559999465942383
2022-08-29,,25.579906463623047,161.86000061035156,297.3944396972656,93.72941589355469,382.6440124511719,97.51810455322266,4030.610107421875,26.209999084472656
2022-08-30,40.75972366333008,25.692102432250977,160.50999450683594,294.0825500488281,93.7464370727539,378.4434509277344,97.76042938232422,3986.159912109375,26.209999084472656
2022-08-31,40.771942138671875,25.716142654418945,159.27000427246094,292.3729248046875,93.7464370727539,375.5638122558594,96.82573699951172,3955.0,25.8700008392334
2022-09-01,40.784156799316406,26.124841690063477,157.8699951171875,292.4999084472656,93.747314453125,376.7422790527344,95.05302429199219,3966.85009765625,25.559999465942383
2022-09-02,40.785797119140625,26.100799560546875,159.25999450683594,288.3674011230469,93.747314453125,372.76971435546875,95.59076690673828,3924.260009765625,25.469999313354492
2022-09-06,40.80453872680664,26.4373836517334,158.3300018310547,286.2962341308594,93.75585174560547,371.36322021484375,93.22310638427734,3908.18994140625,26.90999984741211
2022-09-07,40.811065673828125,26.253063201904297,159.94000244140625,292.07989501953125,93.75585174560547,378.03472900390625,94.69744873046875,3979.8701171875,24.639999389648438
2022-09-08,40.8086051940918,26.357240676879883,158.97999572753906,293.5940856933594,93.75585174560547,380.50567626953125,93.72610473632812,4006.179931640625,23.610000610351562
2022-09-09,40.83713912963867,26.269088745117188,159.82000732421875,300.0126953125,93.75585174560547,386.4169006347656,93.93424224853516,4067.360107421875,22.790000915527344
2022-09-12,40.845279693603516,26.02066421508789,160.6300048828125,303.57855224609375,93.75585174560547,390.5699768066406,93.16239929199219,4110.41015625,23.8700008392334
2022-09-13,40.80942916870117,26.42135238647461,158.5399932861328,286.9312744140625,93.70467376708984,373.58709716796875,93.37920379638672,3932.68994140625,27.270000457763672
2022-09-14,40.824920654296875,26.389299392700195,157.92999267578125,289.2076110839844,93.70467376708984,375.01251220703125,93.70008087158203,3946.010009765625,26.15999984741211
2022-09-15,40.824920654296875,26.453405380249023,154.97999572753906,284.3912048339844,93.71321868896484,370.7550048828125,93.63938903808594,3901.35009765625,26.270000457763672
2022-09-16,40.8265495300293,26.373268127441406,155.83999633789062,282.6522521972656,93.73026275634766,367.9264831542969,92.85884094238281,3873.330078125,26.299999237060547
2022-09-19,40.846927642822266,26.4373836517334,155.9600067138672,284.85333251953125,93.71321868896484,370.77978515625,93.07565307617188,3899.889892578125,25.760000228881836
2022-09-20,40.82572937011719,26.62169647216797,155.07000732421875,282.5826721191406,93.73026275634766,366.5237731933594,92.14769744873047,3855.929931640625,27.15999984741211
2022-09-21,40.81182861328125,26.765945434570312,155.7899932861328,277.5228576660156,93.73026275634766,360.13018798828125,93.69141387939453,3789.929931640625,27.989999771118164
2022-09-22,40.82572937011719,26.82204246520996,155.6999969482422,274.10711669921875,93.747314453125,357.1051330566406,91.29774475097656,3757.989990234375,27.350000381469727
2022-09-23,40.80119705200195,27.118545532226562,153.00999450683594,269.64422607421875,93.75585174560547,351.1219177246094,91.67070007324219,3693.22998046875,29.920000076293945
2022-09-26,40.77912139892578,27.503206253051758,151.22999572753906,268.5284729003906,93.75585174560547,347.6484069824219,89.91878509521484,3655.0400390625,32.2599983215332
2022-09-27,40.77340316772461,27.695539474487305,151.5399932861328,268.6361389160156,93.747314453125,346.76092529296875,87.55110168457031,3647.2900390625,32.599998474121094
2022-09-28,40.84125518798828,27.102523803710938,154.69000244140625,273.97991943359375,93.78142547607422,353.5838928222656,90.48251342773438,3719.0400390625,30.18000030517578
2022-09-29,40.815086364746094,27.13457489013672,154.66000366210938,266.08172607421875,93.80696868896484,346.1979064941406,90.01419830322266,3640.469970703125,31.84000015258789
2022-09-30,40.80937194824219,27.198680877685547,154.6699981689453,261.5698547363281,93.77290344238281,340.84442138671875,88.85204315185547,3585.6201171875,31.6200008392334
2022-10-03,40.862518310546875,26.878135681152344,158.42999267578125,267.7063293457031,93.79934692382812,349.8431396484375,90.26385498046875,3678.429931640625,30.100000381469727
2022-10-04,40.87394714355469,26.381282806396484,160.6999969482422,276.1232604980469,93.82498168945312,360.6836853027344,90.0117416381836,3790.929931640625,29.06999969482422
2022-10-05,40.882144927978516,26.63772201538086,159.80999755859375,275.9764404296875,93.83350372314453,359.84393310546875,89.1511001586914,3783.280029296875,28.549999237060547
2022-10-06,40.882144927978516,26.942243576049805,159.6300048828125,273.80364990234375,93.84203338623047,356.1317443847656,88.65555572509766,3744.52001953125,30.520000457763672
2022-10-07,40.865779876708984,27.22273063659668,157.8800048828125,263.3706359863281,93.85060119628906,346.1979064941406,87.79492950439453,3639.659912109375,31.360000610351562
2022-10-10,40.87559509277344,27.43910026550293,155.47999572753906,260.7379150390625,93.85913848876953,343.5545654296875,86.43001556396484,3612.389892578125,32.45000076293945
2022-10-11,40.839622497558594,27.503206253051758,155.16000366210938,257.1558837890625,93.85913848876953,341.3788146972656,86.81255340576172,3588.840087890625,33.630001068115234
2022-10-12,40.833892822265625,27.43910026550293,155.99000549316406,257.0677490234375,93.86770629882812,340.2528076171875,87.23856353759766,3577.030029296875,33.56999969482422
2022-10-13,40.939369201660156,27.415056228637695,154.91000366210938,263.0966491699219,93.86770629882812,349.23248291015625,86.40399932861328,3669.909912109375,31.940000534057617
2022-10-14,40.90909957885742,27.695539474487305,152.97999572753906,255.18865966796875,93.86770629882812,341.2738952636719,85.69111633300781,3583.070068359375,32.02000045776367
2022-10-17,40.97371292114258,27.350950241088867,153.4199981689453,263.6153259277344,93.85913848876953,350.04364013671875,85.27381134033203,3677.949951171875,31.3700008392334
2022-10-18,40.9884147644043,27.24677085876465,153.75,265.70001220703125,93.87621307373047,354.1564636230469,85.4737548828125,3719.97998046875,30.5
2022-10-19,40.9884147644043,27.72759246826172,151.69000244140625,264.73114013671875,93.86770629882812,351.646728515625,83.91767120361328,3695.159912109375,30.760000228881836
2022-10-20,40.99250411987305,27.879858016967773,151.4499969482422,263.3804016113281,93.8847427368164,348.6981201171875,82.48324584960938,3665.780029296875,29.979999542236328
2022-10-21,41.024391174316406,27.591360092163086,154.14999389648438,269.5560607910156,93.90182495117188,357.1719055175781,80.99668884277344,3752.75,29.690000534057617
2022-10-24,41.008853912353516,27.74361801147461,153.64999389648438,272.5216369628906,93.90182495117188,361.54241943359375,80.32727813720703,3797.340087890625,29.850000381469727
2022-10-25,41.01702880859375,27.399030685424805,154.0,278.158935546875,93.9189224243164,367.3157958984375,82.66580200195312,3859.110107421875,28.459999084472656
2022-10-26,41.04657745361328,27.022382736206055,154.97999572753906,272.0126647949219,93.9274673461914,364.54840087890625,83.85679626464844,3830.60009765625,27.280000686645508
2022-10-27,41.05067825317383,27.09450912475586,154.74000549316406,267.0604248046875,93.94456481933594,362.6017150878906,84.73484802246094,3807.300048828125,27.389999389648438
2022-10-28,41.07529830932617,27.262798309326172,153.16000366210938,275.2325439453125,93.93598937988281,371.228271484375,84.15237426757812,3901.06005859375,25.75
2022-10-31,41.07529830932617,27.4631404876709,151.91000366210938,272.0322570800781,93.9189224243164,368.54681396484375,83.55253601074219,3871.97998046875,25.8799991607666
2022-11-01,41.087608337402344,27.29485321044922,153.4600067138672,269.252685546875,93.94632720947266,366.9340515136719,84.33338928222656,3856.10009765625,25.809999465942383
2022-11-02,41.104034423828125,27.53526496887207,152.38999938964844,260.0234680175781,93.94632720947266,357.7254943847656,83.96733856201172,3759.68994140625,25.860000610351562
2022-11-03,41.07941436767578,27.70355224609375,151.80999755859375,254.94398498535156,93.9891128540039,354.0419921875,83.5141830444336,3719.889892578125,25.299999237060547
2022-11-04,41.09993362426758,27.382997512817383,156.47000122070312,259.0448303222656,93.9976806640625,359.13775634765625,82.11106872558594,3770.550048828125,24.549999237060547
2022-11-07,41.12043380737305,27.415056228637695,155.85000610351562,261.892822265625,94.00621795654297,362.5730895996094,81.29190063476562,3806.800048828125,24.350000381469727
2022-11-08,41.12453842163086,27.00635528564453,159.4499969482422,263.8012390136719,94.01477813720703,364.5293273925781,82.18083953857422,3828.110107421875,25.540000915527344
2022-11-09,41.12043380737305,27.102523803710938,158.64999389648438,257.7137756347656,94.04902648925781,357.019287109375,82.45097351074219,3748.570068359375,26.09000015258789
2022-11-10,41.128658294677734,26.04470443725586,163.47999572753906,276.7300109863281,94.09182739257812,376.6389465332031,85.62318420410156,3956.3701171875,23.530000686645508
2022-11-11,41.1491584777832,25.65203094482422,164.55999755859375,281.8291320800781,94.0832748413086,380.2843017578125,85.30943298339844,3992.929931640625,22.520000457763672
2022-11-14,41.1491584777832,25.748197555541992,164.9199981689453,279.3628234863281,94.07469177246094,377.0492858886719,85.10028839111328,3957.25,23.729999542236328
2022-11-15,41.14997863769531,25.491756439208984,165.5,283.22869873046875,94.10037994384766,380.2651062011719,86.47721862792969,3991.72998046875,24.540000915527344
2022-11-16,41.15327453613281,25.30743980407715,165.1199951171875,279.3628234863281,94.10893249511719,377.36419677734375,88.36834716796875,3958.7900390625,24.110000610351562
2022-11-17,41.15737533569336,25.49976921081543,163.9199981689453,278.7461853027344,94.11749267578125,376.20953369140625,87.43587493896484,3946.56005859375,23.93000030517578
2022-11-18,41.16230010986328,25.62799072265625,162.7899932861328,278.7559814453125,94.12605285644531,377.9176940917969,86.83454132080078,3965.340087890625,23.1200008392334
2022-11-21,41.19020080566406,25.764225006103516,161.8800048828125,275.8883972167969,94.12605285644531,376.54351806640625,87.2005615234375,3949.93994140625,22.360000610351562
2022-11-22,41.19840621948242,25.59593391418457,162.07000732421875,279.8618469238281,94.15177154541016,381.6107482910156,88.43807220458984,4003.580078125,21.290000915527344
2022-11-23,41.19099807739258,25.299428939819336,163.0800018310547,282.67083740234375,94.18598175048828,384.0154724121094,89.98058319091797,4027.260009765625,20.350000381469727
2022-11-25,41.199222564697266,25.2753849029541,163.22000122070312,280.8113098144531,94.19454193115234,383.9295959472656,89.67558288574219,4026.1201171875,20.5
2022-11-28,41.20745849609375,25.371549606323242,161.92999267578125,276.69091796875,94.20308685302734,377.80322265625,89.92829132080078,3963.93994140625,22.209999084472656
2022-11-29,41.2157096862793,25.42764663696289,162.72999572753906,274.5964660644531,94.22875213623047,377.1542663574219,88.87380981445312,3957.6298828125,21.889999389648438
2022-11-30,41.22394943237305,25.034971237182617,164.80999755859375,287.1141662597656,94.23731994628906,389.0348815917969,89.52742004394531,4080.110107421875,20.579999923706055
2022-12-01,41.232200622558594,24.77051544189453,167.83999633789062,287.46649169921875,94.28882598876953,388.7485656738281,92.38741302490234,4076.570068359375,19.84000015258789
2022-12-02,41.248680114746094,24.69038200378418,167.25999450683594,286.3214111328125,94.28022003173828,388.3000793457031,93.54927825927734,4071.699951171875,19.059999465942383
2022-12-05,41.24455642700195,24.93880844116211,164.38999938964844,281.5160217285156,94.28882598876953,381.3148498535156,92.23892974853516,3998.840087890625,20.75
2022-12-06,41.176971435546875,24.922779083251953,164.83999633789062,275.68280029296875,94.30599212646484,375.8183288574219,93.4269790649414,3941.260009765625,22.170000076293945
2022-12-07,41.19511413574219,24.71442413330078,166.3300018310547,274.55731201171875,94.34031677246094,375.1788635253906,95.62836456298828,3933.919921875,22.68000030517578
2022-12-08,41.22724151611328,24.69038200378418,166.47000122070312,277.806640625,94.3746337890625,378.1180419921875,95.36626434326172,3963.510009765625,22.290000915527344
2022-12-09,41.22724151611328,24.874698638916016,167.05999755859375,276.0351257324219,94.3746337890625,375.29345703125,92.88536071777344,3934.3798828125,22.829999923706055
2022-12-12,41.248680114746094,24.84264373779297,165.67999267578125,279.499755859375,94.3746337890625,380.70416259765625,93.182373046875,3990.56005859375,25.0
2022-12-13,41.27339172363281,24.64229965209961,168.50999450683594,282.50445556640625,94.4089584350586,383.5859680175781,94.08213806152344,4019.64990234375,22.549999237060547
2022-12-14,41.28162384033203,24.594219207763672,168.10000610351562,280.4100341796875,94.40042114257812,381.13360595703125,94.48397064208984,3995.320068359375,21.139999389648438
2022-12-15,41.27339172363281,24.586200714111328,165.35000610351562,270.99481201171875,94.44601440429688,371.8104248046875,94.85262298583984,3895.75,22.829999923706055
2022-12-16,41.26679611206055,24.76250457763672,166.7899932861328,268.4110412597656,94.46324157714844,367.42071533203125,93.79307556152344,3852.360107421875,22.6200008392334
2022-12-19,41.26515579223633,24.754491806030273,166.32000732421875,264.6388854980469,94.47180938720703,364.3050537109375,92.21685791015625,3817.659912109375,22.420000076293945
2022-12-20,41.289859771728516,24.914766311645508,169.0800018310547,264.43280029296875,94.4890365600586,364.80364990234375,90.57935333251953,3821.6201171875,21.479999542236328
2022-12-21,41.32283401489258,24.810585021972656,168.8000030517578,268.2688293457031,94.50625610351562,370.2583923339844,90.8070297241211,3878.43994140625,20.06999969482422
2022-12-22,41.30387496948242,24.9788761138916,166.75999450683594,261.7054748535156,94.54927062988281,364.9761962890625,90.78953552246094,3822.389892578125,21.969999313354492
2022-12-23,41.337806701660156,24.954833984375,167.25999450683594,262.2941589355469,94.54067993164062,367.0756530761719,89.45852661132812,3844.820068359375,20.8700008392334
2022-12-27,41.33945846557617,24.994905471801758,168.6699981689453,258.5857849121094,94.54067993164062,365.6281433105469,87.6896743774414,3829.25,21.649999618530273
2022-12-28,41.33945846557617,25.208213806152344,167.91000366210938,255.17172241210938,94.55787658691406,361.0840759277344,87.17301177978516,3783.219970703125,22.139999389648438
2022-12-29,41.35186767578125,25.070037841796875,168.85000610351562,261.3916320800781,94.60952758789062,367.58367919921875,88.16251373291016,3849.280029296875,21.440000534057617
2022-12-30,41.35601043701172,25.13912582397461,169.63999938964844,261.2346496582031,94.6009292602539,366.6155090332031,87.1817855834961,3839.5,21.670000076293945
2023-01-03,41.360145568847656,25.078672409057617,171.05999755859375,259.46875,94.61814880371094,365.0720520019531,88.8455581665039,3824.139892578125,22.899999618530273
2023-01-04,41.38081741333008,24.888681411743164,172.6699981689453,260.704833984375,94.62671661376953,367.8905029296875,90.06271362304688,3852.969970703125,22.010000228881836
2023-01-05,41.38496780395508,24.931865692138672,170.52000427246094,256.6236267089844,94.64393615722656,363.6916198730469,90.43924713134766,3808.10009765625,22.459999084472656
2023-01-06,41.42220687866211,24.612333297729492,173.7100067138672,263.70684814453125,94.66116333007812,372.0318298339844,92.10301208496094,3895.080078125,21.1299991607666
2023-01-09,41.430484771728516,24.58642578125,174.10000610351562,265.4139404296875,94.66979217529297,371.8209228515625,92.59341430664062,3892.090087890625,21.969999313354492
2023-01-10,41.459442138671875,24.698694229125977,174.74000549316406,267.6604919433594,94.66116333007812,374.4283752441406,91.06096649169922,3919.25,20.579999923706055
2023-01-11,41.44288635253906,24.543245315551758,174.6199951171875,272.2910461425781,94.6869888305664,379.1641540527344,92.54087829589844,3969.610107421875,21.09000015258789
2023-01-12,41.480125427246094,24.49143409729004,176.63999938964844,273.76263427734375,94.73863220214844,380.54461669921875,94.36228942871094,3983.169921875,18.829999923706055
2023-01-13,41.49254608154297,24.52597427368164,178.75999450683594,275.6463623046875,94.73863220214844,382.0209655761719,93.47782897949219,3999.090087890625,18.350000381469727
2023-01-17,41.46772003173828,24.595062255859375,177.58999633789062,276.2054748535156,94.76441955566406,381.32110595703125,92.87362670898438,3990.969970703125,19.360000610351562
2023-01-18,41.50495147705078,24.43098258972168,177.0800018310547,272.61480712890625,94.7730484008789,375.3008117675781,95.12409973144531,3928.860107421875,20.34000015258789
2023-01-19,41.48178482055664,24.595062255859375,179.88999938964844,269.9365539550781,94.79888916015625,372.56866455078125,94.52865600585938,3898.85009765625,20.520000457763672
2023-01-20,41.538047790527344,24.577787399291992,179.2899932861328,277.3238220214844,94.81607818603516,379.5092468261719,92.9962158203125,3972.610107421875,19.850000381469727
2023-01-23,41.554595947265625,24.577787399291992,179.6300048828125,283.48486328125,94.81607818603516,384.0628662109375,92.5583724975586,4019.81005859375,19.809999465942383
2023-01-24,41.538047790527344,24.569156646728516,180.27999877929688,282.90606689453125,94.82466888427734,383.650634765625,93.88939666748047,4016.949951171875,19.200000762939453
2023-01-25,41.5804557800293,24.551881790161133,181.11000061035156,282.2782287597656,94.85912322998047,383.7944641113281,94.1170883178711,4016.219970703125,19.079999923706055
2023-01-26,41.584598541259766,24.595062255859375,179.47000122070312,287.7818908691406,94.88491821289062,388.0124816894531,93.67925262451172,4060.429931640625,18.729999542236328
2023-01-27,41.59291076660156,24.543245315551758,179.22000122070312,290.6465759277344,94.8935317993164,388.90399169921875,93.44281768798828,4070.56005859375,18.510000228881836
2023-01-30,41.62202072143555,24.543245315551758,178.75999450683594,284.77001953125,94.90213775634766,384.0245666503906,93.10128021240234,4017.77001953125,19.940000534057617
2023-01-31,41.63863754272461,24.327346801757812,179.41000366210938,289.03759765625,94.91072845458984,389.6709899902344,93.8455810546875,4076.60009765625,19.399999618530273
2023-02-01,41.67188262939453,24.422344207763672,181.6699981689453,295.2182922363281,94.93667602539062,393.812255859375,94.9737548828125,4119.2099609375,17.8700008392334
2023-02-02,41.63863754272461,24.284168243408203,177.89999389648438,305.8136291503906,94.97119140625,399.5450439453125,95.0966567993164,4179.759765625,18.729999542236328
2023-02-03,41.6552619934082,24.30143928527832,173.4600067138672,300.3786315917969,94.95391082763672,395.2981872558594,93.67439270019531,4136.47998046875,18.329999923706055
2023-02-06,41.63447952270508,24.38779640197754,173.82000732421875,297.837646484375,94.95391082763672,392.8823547363281,92.98088836669922,4111.080078125,19.43000030517578
2023-02-07,41.69266128540039,24.551881790161133,173.97999572753906,304.0085144042969,94.9625473022461,398.020751953125,92.23462677001953,4164.0,18.65999984741211
2023-02-08,41.65110397338867,24.36189079284668,174.41000366210938,298.60296630859375,94.97982788085938,393.6685485839844,92.67359924316406,4117.85986328125,19.6299991607666
2023-02-09,41.642784118652344,24.50870132446289,173.02999877929688,295.9638671875,95.01435852050781,390.2557373046875,91.79566192626953,4081.5,20.709999084472656
2023-02-10,41.65941619873047,24.413705825805664,173.36000061035156,294.0213623046875,95.01435852050781,391.1664733886719,90.76850128173828,4090.4599609375,20.530000686645508
2023-02-13,41.68436050415039,24.52597427368164,172.47999572753906,298.7304992675781,95.04026794433594,395.7582702636719,91.53231811523438,4137.2900390625,20.34000015258789
2023-02-14,41.70097351074219,24.698694229125977,172.61000061035156,300.9378356933594,95.04026794433594,395.5762023925781,91.32157897949219,4136.1298828125,18.90999984741211
2023-02-15,41.69266128540039,24.655513763427734,170.88999938964844,303.2433166503906,95.04890441894531,396.86083984375,90.47000122070312,4147.60009765625,18.229999542236328
2023-02-16,41.70513916015625,24.715965270996094,170.75,297.55316162109375,95.0920639038086,391.396484375,89.18824005126953,4090.409912109375,20.170000076293945
2023-02-17,41.74253845214844,24.646881103515625,171.25999450683594,295.4537048339844,95.1007080078125,390.4186706542969,89.88179016113281,4079.090087890625,20.020000457763672
2023-02-21,41.709293365478516,24.67278480529785,170.6199951171875,288.4588317871094,95.1007080078125,382.5865173339844,88.13473510742188,3997.340087890625,22.8700008392334
2023-02-22,41.68185043334961,24.58642578125,169.66000366210938,288.6747131347656,95.12665557861328,382.0592956542969,88.94239044189453,3991.050048828125,22.290000915527344
2023-02-23,41.789608001708984,24.46552085876465,169.57000732421875,291.19598388671875,95.16116333007812,384.0916748046875,89.81156921386719,4012.320068359375,21.139999389648438
2023-02-24,41.76454162597656,24.603696823120117,168.35000610351562,286.3201904296875,95.16981506347656,379.9885559082031,88.64393615722656,3970.0400390625,21.670000076293945
2023-02-27,41.81048583984375,24.733234405517578,169.00999450683594,288.37054443359375,95.18707275390625,381.2828063964844,88.8897476196289,3982.239990234375,20.950000762939453
2023-02-28,41.79377746582031,24.50870132446289,169.77999877929688,287.9977111816406,95.18707275390625,379.8736267089844,89.2936019897461,3970.14990234375,20.700000762939453
2023-03-01,41.789608001708984,24.70733070373535,170.75999450683594,285.6824645996094,95.20439147949219,378.41644287109375,88.33428192138672,3951.389892578125,20.579999923706055
2023-03-02,41.80630111694336,24.802322387695312,170.66000366210938,288.0467834472656,95.2476806640625,381.3594665527344,87.55104064941406,3981.35009765625,19.59000015258789
2023-03-03,41.8188362121582,24.655513763427734,172.49000549316406,294.00177001953125,95.25634002685547,387.4756164550781,89.6720199584961,4045.639892578125,18.489999771118164
2023-03-06,41.85225296020508,24.810958862304688,171.6199951171875,294.3353271484375,95.2649917602539,387.74407958984375,88.97674560546875,4048.419921875,18.610000610351562
2023-03-07,41.8397102355957,24.4827938079834,168.6199951171875,290.7250671386719,95.2476806640625,381.8003845214844,89.52239227294922,3986.3701171875,19.59000015258789
2023-03-08,41.848060607910156,24.551881790161133,168.5399932861328,292.1769714355469,95.25634002685547,382.423583984375,89.61041259765625,3992.010009765625,19.110000610351562
2023-03-09,41.86058807373047,24.33598518371582,170.1999969482422,287.1147766113281,95.30827331542969,375.367919921875,89.83045959472656,3918.320068359375,22.610000610351562
2023-03-10,41.79628372192383,23.593297958374023,173.8699951171875,283.0826721191406,95.35157775878906,369.95159912109375,92.92833709716797,3861.590087890625,24.799999237060547
2023-03-13,41.78041076660156,22.876516342163086,177.86000061035156,285.18206787109375,95.4641342163086,369.42431640625,93.13957977294922,3855.760009765625,26.520000457763672
2023-03-14,41.78542709350586,23.368762969970703,176.8300018310547,291.7355651855469,95.41217803955078,375.5308532714844,91.60821533203125,3919.2900390625,23.729999542236328
2023-03-15,41.88565444946289,22.531078338623047,178.2100067138672,293.26593017578125,95.50743103027344,373.1822509765625,93.37718200683594,3891.929931640625,26.139999389648438
2023-03-16,41.8438835144043,22.80742645263672,178.57000732421875,300.9966735839844,95.49874877929688,379.729736328125,92.6467056274414,3960.280029296875,22.989999771118164
2023-03-17,41.86894989013672,22.36699676513672,183.77000427246094,299.5740661621094,95.56802368164062,375.2896423339844,94.03726196289062,3916.639892578125,25.510000228881836
2023-03-20,41.956642150878906,22.64334487915039,183.83999633789062,300.6373291015625,95.55068969726562,378.8983154296875,93.20999145507812,3951.570068359375,24.149999618530273
2023-03-21,42.0025634765625,22.885154724121094,180.3699951171875,304.9311218261719,95.52473449707031,383.8735046386719,92.40908813476562,4002.8701171875,21.3799991607666
2023-03-22,41.981590270996094,22.531078338623047,183.44000244140625,300.7846984863281,95.55936431884766,377.329833984375,93.6412353515625,3936.969970703125,22.260000228881836
2023-03-23,41.989986419677734,22.418813705444336,185.74000549316406,304.3514099121094,95.62000274658203,378.3498229980469,93.6412353515625,3948.719970703125,22.610000610351562
2023-03-24,41.99503707885742,22.19428062438965,183.64999389648438,305.4715881347656,95.6286392211914,380.8326110839844,94.03726196289062,3970.989990234375,21.739999771118164
2023-03-27,42.041194915771484,22.755615234375,181.9499969482422,303.3786926269531,95.6286392211914,381.5447082519531,91.82823944091797,3977.530029296875,20.600000381469727
2023-03-28,42.04957580566406,22.74697494506836,183.44000244140625,301.7673034667969,95.63731384277344,380.688232421875,91.99545288085938,3971.27001953125,19.969999313354492
2023-03-29,42.07056427001953,22.885154724121094,182.52999877929688,307.2696228027344,95.64595031738281,386.2215270996094,91.81063079833984,4027.81005859375,19.1200008392334
2023-03-30,42.06216812133789,22.902421951293945,184.17999267578125,310.1780090332031,95.66326904296875,388.48291015625,92.23307037353516,4050.830078125,19.020000457763672
2023-03-31,42.07895278930664,22.712432861328125,183.22000122070312,315.3365478515625,95.6718978881836,393.95843505859375,93.61479949951172,4109.31005859375,18.700000762939453
2023-04-03,42.099945068359375,22.582895278930664,184.5399932861328,314.5700988769531,95.66411590576172,395.4596252441406,94.05509185791016,4124.509765625,18.549999237060547
2023-04-04,42.099945068359375,22.461992263793945,187.97999572753906,313.50897216796875,95.69886016845703,393.2655944824219,94.52273559570312,4100.60009765625,19.0
2023-04-05,42.099945068359375,22.32381820678711,187.8300018310547,310.41387939453125,95.75099182128906,392.2359313964844,95.51091003417969,4090.3798828125,19.079999923706055
2023-04-06,42.132667541503906,22.315183639526367,186.49000549316406,312.50677490234375,95.75099182128906,393.7659606933594,95.75796508789062,4105.02001953125,18.399999618530273
2023-04-10,42.11673355102539,22.556987762451172,185.11000061035156,312.32989501953125,95.74229431152344,394.17010498046875,94.21391296386719,4109.10986328125,18.969999313354492
2023-04-11,42.146087646484375,22.582895278930664,186.27999877929688,310.325439453125,95.75969696044922,394.2759704589844,94.40802001953125,4108.93994140625,19.100000381469727
2023-04-12,42.15869140625,22.6865291595459,187.19000244140625,307.5840759277344,95.76837921142578,392.6689147949219,94.31095886230469,4091.949951171875,19.09000015258789
2023-04-13,42.08314514160156,22.755615234375,189.72000122070312,313.60723876953125,95.82047271728516,397.8846435546875,93.56980895996094,4146.22021484375,17.799999237060547
2023-04-14,42.16289138793945,22.885154724121094,186.36000061035156,313.01763916015625,95.8031234741211,396.91265869140625,92.7139892578125,4137.64013671875,17.06999969482422
2023-04-17,42.183868408203125,23.014690399169922,185.52999877929688,313.2829895019531,95.81181335449219,398.3369445800781,91.61106872558594,4151.31982421875,16.950000762939453
2023-04-18,42.19813919067383,23.040599822998047,186.25,313.3026428222656,95.82920837402344,398.59674072265625,91.93753814697266,4154.8701171875,16.829999923706055
2023-04-19,42.19813919067383,23.00605583190918,185.36000061035156,313.1552429199219,95.83787536621094,398.5294494628906,91.84927368164062,4154.52001953125,16.459999084472656
2023-04-20,42.19478225708008,22.97150993347168,186.08999633789062,310.76763916015625,95.88999938964844,396.3545227050781,92.63455963134766,4129.7900390625,17.170000076293945
2023-04-21,42.242610931396484,22.97150993347168,184.25,311.0918273925781,95.89871215820312,396.6625061035156,92.1139907836914,4133.52001953125,16.770000457763672
2023-04-24,42.234230041503906,23.00605583190918,184.80999755859375,310.4433288574219,95.90739440917969,397.0762939453125,93.00513458251953,4137.0400390625,16.889999389648438
2023-04-25,42.23003387451172,22.729705810546875,185.75,304.5872802734375,95.9334716796875,390.77313232421875,94.37273406982422,4071.6298828125,18.760000228881836
2023-04-26,42.25702667236328,22.772886276245117,184.74000549316406,306.4344482421875,95.9421615600586,389.11798095703125,93.36687469482422,4055.989990234375,18.84000015258789
2023-04-27,42.26545333862305,22.941286087036133,184.75,314.76666259765625,95.95954132080078,396.8645935058594,92.44046020507812,4135.35009765625,17.030000686645508
2023-04-28,42.26545333862305,22.936967849731445,184.8000030517578,316.9381408691406,95.96820831298828,400.2519226074219,93.93154907226562,4169.47998046875,15.779999732971191
2023-05-01,42.28233337402344,23.161500930786133,183.97000122070312,316.5746154785156,95.957763671875,399.8477478027344,91.22308349609375,4167.8701171875,16.079999923706055
2023-05-02,42.2992057800293,22.988784790039062,187.52000427246094,313.8135681152344,95.98393249511719,395.3537902832031,93.49639892578125,4119.580078125,17.780000686645508
2023-05-03,42.269676208496094,22.902421951293945,189.11000061035156,311.7600402832031,96.00135040283203,392.64007568359375,94.01825714111328,4090.75,18.34000015258789
2023-05-04,42.27389907836914,22.833337783813477,190.44000244140625,310.6595153808594,96.0536880493164,389.8590087890625,93.0894775390625,4061.219970703125,20.09000015258789
2023-05-05,42.23173141479492,22.954242706298828,187.4600067138672,317.2624816894531,96.04496765136719,397.0762939453125,92.7799072265625,4136.25,17.190000534057617
2023-05-08,42.316925048828125,22.97150993347168,187.69000244140625,318.0484924316406,96.0536880493164,397.18218994140625,91.4796142578125,4138.1201171875,16.979999542236328
2023-05-09,42.318603515625,23.07514190673828,189.02000427246094,316.0341796875,96.0536880493164,395.44036865234375,91.15232849121094,4119.169921875,17.709999084472656
2023-05-10,42.32451629638672,22.876516342163086,188.75,319.47320556640625,96.08854675292969,397.28802490234375,92.03687286376953,4137.64013671875,16.940000534057617
2023-05-11,42.33717346191406,22.8247013092041,187.1300048828125,320.5146789550781,96.12344360351562,396.59515380859375,93.00989532470703,4130.6201171875,16.93000030517578
2023-05-12,42.32451629638672,22.954242706298828,186.80999755859375,319.36505126953125,96.12344360351562,396.0755310058594,92.23145294189453,4124.080078125,17.030000686645508
2023-05-15,42.37512969970703,23.10105323791504,187.2100067138672,321.0943908691406,96.13215637207031,397.4420166015625,91.27616882324219,4136.27978515625,17.1200008392334
2023-05-16,42.37512969970703,22.980148315429688,184.8699951171875,321.4580078125,96.13215637207031,394.78607177734375,91.00196838378906,4109.89990234375,17.989999771118164
2023-05-17,42.37596893310547,23.0578670501709,184.22999572753906,325.34893798828125,96.14960479736328,399.5783386230469,90.73661041259766,4158.77001953125,16.8700008392334
2023-05-18,42.39622497558594,23.066503524780273,181.83999633789062,331.3916931152344,96.17577362060547,403.4275207519531,90.06433868408203,4198.0498046875,16.049999237060547
2023-05-19,42.41310501098633,23.118322372436523,183.63999938964844,330.6450500488281,96.17577362060547,402.84051513671875,89.4274673461914,4191.97998046875,16.809999465942383
2023-05-22,42.349822998046875,23.170137405395508,183.2100067138672,331.75537109375,96.17577362060547,403.004150390625,89.10902404785156,4192.6298828125,17.209999084472656
2023-05-23,42.45612335205078,23.118322372436523,183.42999267578125,327.5499267578125,96.19320678710938,398.4812927246094,89.36555480957031,4145.580078125,18.530000686645508
2023-05-24,42.45612335205078,22.97150993347168,181.9499969482422,325.86968994140625,96.19320678710938,395.59429931640625,88.92330169677734,4115.240234375,20.030000686645508
2023-05-25,42.468849182128906,23.066503524780273,180.1999969482422,333.7991027832031,96.23678588867188,399.0201416015625,88.70214080810547,4151.27978515625,19.139999389648438
2023-05-26,42.47308349609375,23.161500930786133,180.9199981689453,342.3277893066406,96.25424194335938,404.187744140625,89.41863250732422,4205.4501953125,17.950000762939453
2023-05-30,42.4985237121582,23.196046829223633,182.0399932861328,343.88031005859375,96.2629623413086,404.3417053222656,90.31201934814453,4205.52001953125,17.459999084472656
2023-05-31,42.468849182128906,23.066503524780273,182.32000732421875,341.9248962402344,96.2804183959961,402.09954833984375,91.09927368164062,4179.830078125,17.940000534057617
2023-06-01,42.50700759887695,23.031963348388672,183.75999450683594,345.8748474121094,96.34349060058594,405.9198913574219,91.45669555664062,4221.02001953125,15.649999618530273
2023-06-02,42.518898010253906,23.09241485595703,181.0500030517578,348.4688720703125,96.35221862792969,411.78997802734375,90.4544906616211,4282.3701171875,14.600000381469727
2023-06-05,42.53245544433594,23.00605583190918,182.13999938964844,348.7145080566406,96.35221862792969,411.0008850097656,90.28597259521484,4273.7900390625,14.729999542236328
2023-06-06,42.53668975830078,23.0578670501709,182.33999633789062,348.65557861328125,96.3697509765625,411.8958435058594,90.818115234375,4283.85009765625,13.960000038146973
2023-06-07,42.541778564453125,23.135591506958008,180.14999389648438,342.740478515625,96.38726043701172,410.47161865234375,89.47004699707031,4267.52001953125,13.9399995803833
2023-06-08,42.53923797607422,23.07514190673828,182.52999877929688,346.9949951171875,96.44857025146484,412.954345703125,90.51659393310547,4293.93017578125,13.649999618530273
2023-06-09,42.557891845703125,23.17877197265625,182.0399932861328,348.3214416503906,96.44857025146484,413.6953430175781,90.39241790771484,4298.85986328125,13.829999923706055
2023-06-12,42.56636428833008,23.316946029663086,181.8800048828125,354.2070617675781,96.4660873413086,417.4482727050781,90.6584701538086,4338.93017578125,15.010000228881836
2023-06-13,42.574859619140625,23.38603401184082,180.5399932861328,356.9288024902344,96.48362731933594,420.2005615234375,89.76268005371094,4369.009765625,14.609999656677246
2023-06-14,42.58334732055664,23.29967498779297,180.63999938964844,359.5227966308594,96.49235534667969,420.7008972167969,90.48109436035156,4372.58984375,13.880000114440918
2023-06-15,42.581634521484375,23.377399444580078,181.91000366210938,363.8067932128906,96.56241607666016,425.9166259765625,91.35025787353516,4425.83984375,14.5
2023-06-16,42.587589263916016,23.6019344329834,181.6300048828125,361.5173645019531,96.57118225097656,424.4658508300781,90.9954833984375,4409.58984375,13.539999961853027
2023-06-20,42.60877990722656,23.52420997619629,179.75,360.9998474121094,96.57118225097656,422.2636413574219,91.62519073486328,4388.7099609375,13.880000114440918
2023-06-21,42.63422393798828,23.567392349243164,179.49000549316406,356.08026123046875,96.57994842529297,420.10003662109375,91.84690856933594,4365.68994140625,13.199999809265137
2023-06-22,42.61802291870117,23.748741149902344,177.7100067138672,360.28167724609375,96.61498260498047,421.61651611328125,90.73829650878906,4381.89013671875,12.90999984741211
2023-06-23,42.63166809082031,23.748741149902344,178.1999969482422,356.71002197265625,96.62374877929688,418.4290466308594,91.64293670654297,4348.330078125,13.4399995803833
2023-06-26,42.66066360473633,23.77465057373047,178.50999450683594,351.9281311035156,96.6412582397461,416.7195129394531,91.74049377441406,4328.81982421875,14.25
2023-06-27,42.65213394165039,23.852373123168945,177.69000244140625,357.9792175292969,96.65875244140625,421.28814697265625,91.50101470947266,4378.41015625,13.739999771118164
2023-06-28,42.635074615478516,23.92146110534668,177.27999877929688,358.6778259277344,96.66753387451172,421.5006103515625,91.89126586914062,4376.85986328125,13.430000305175781
2023-06-29,42.645328521728516,23.930097579956055,177.08999633789062,357.95953369140625,96.68505859375,423.1618957519531,90.23274993896484,4396.43994140625,13.539999961853027
2023-06-30,42.69476318359375,23.86100959777832,178.27000427246094,363.4793395996094,96.73759460449219,428.155517578125,91.29704284667969,4450.3798828125,13.59000015258789
2023-07-03,42.69390869140625,23.895551681518555,178.47000122070312,364.3353271484375,96.73057556152344,428.64813232421875,90.77945709228516,4455.58984375,13.569999694824219
2023-07-05,42.70756530761719,23.904191970825195,177.83999633789062,364.3255310058594,96.7481689453125,428.01068115234375,89.91683197021484,4446.81982421875,14.180000305175781
2023-07-06,42.72034454345703,23.92146110534668,177.30999755859375,361.5508728027344,96.8009033203125,424.6590270996094,88.6451416015625,4411.58984375,15.4399995803833
2023-07-07,42.7305793762207,23.731468200683594,178.63999938964844,360.3504333496094,96.8009033203125,423.5869445800781,88.11158752441406,4398.9501953125,14.829999923706055
2023-07-10,42.73740005493164,23.679655075073242,178.77999877929688,360.4685363769531,96.8185043334961,424.6590270996094,88.22718048095703,4409.52978515625,15.069999694824219
2023-07-11,42.73571014404297,23.662384033203125,179.4499969482422,362.2494201660156,96.8185043334961,427.3634948730469,88.68071746826172,4439.259765625,14.84000015258789
2023-07-12,42.72034454345703,23.44648551940918,181.8800048828125,366.8246154785156,96.84488677978516,430.80206298828125,89.6678695678711,4472.16015625,13.539999961853027
2023-07-13,42.76212692260742,23.377399444580078,182.00999450683594,373.0528564453125,96.89764404296875,434.2212829589844,90.61048126220703,4510.0400390625,13.609999656677246
2023-07-14,42.75445556640625,23.55011558532715,181.42999267578125,372.97418212890625,96.90642547607422,433.95074462890625,90.0769271850586,4505.419921875,13.34000015258789
2023-07-17,42.741661071777344,23.61056900024414,181.55999755859375,376.45721435546875,96.91522216796875,435.45758056640625,90.12139892578125,4522.7900390625,13.479999542236328
2023-07-18,42.780025482177734,23.64510726928711,183.63999938964844,379.536865234375,96.92404174804688,438.69329833984375,90.53047180175781,4554.97998046875,13.300000190734863
2023-07-19,42.797080993652344,23.619205474853516,183.6699981689453,379.4483337402344,96.94161987304688,439.66888427734375,91.55314636230469,4565.72021484375,13.760000228881836
2023-07-20,42.797080993652344,23.705562591552734,182.74000549316406,370.7012939453125,96.98556518554688,436.7518615722656,90.44153594970703,4534.8701171875,13.989999771118164
2023-07-21,42.82267379760742,23.731468200683594,182.17999267578125,369.5894775390625,96.99434661865234,436.7518615722656,90.46820831298828,4536.33984375,13.600000381469727
2023-07-24,42.771507263183594,23.72283363342285,181.39999389648438,370.1798400878906,97.00312805175781,438.70294189453125,90.1391830444336,4554.64013671875,13.90999984741211
2023-07-25,42.814144134521484,23.671018600463867,182.41000366210938,372.6888732910156,97.011962890625,439.900634765625,89.97020721435547,4567.4599609375,13.859999656677246
2023-07-26,42.853572845458984,23.705562591552734,183.3000030517578,371.4490661621094,97.02953338623047,439.9682312011719,90.05913543701172,4566.75,13.1899995803833
2023-07-27,42.84071731567383,23.705562591552734,180.4199981689453,370.5635681152344,97.064697265625,437.0513000488281,88.30720520019531,4537.41015625,14.40999984741211
2023-07-28,42.857872009277344,23.817829132080078,181.86000061035156,377.3132629394531,97.09107208251953,441.3301696777344,88.7607650756836,4582.22998046875,13.329999923706055
2023-07-31,42.857872009277344,23.77465057373047,182.35000610351562,377.5100402832031,97.1086654663086,442.17047119140625,88.97417449951172,4588.9599609375,13.630000114440918
2023-08-01,42.875022888183594,23.938730239868164,180.4600067138672,376.63433837890625,97.1236801147461,440.90521240234375,87.51615905761719,4576.72998046875,13.930000305175781
2023-08-02,42.892154693603516,23.94736671447754,179.60000610351562,368.3694152832031,97.14134216308594,434.7718200683594,86.57981872558594,4513.39013671875,16.09000015258789
2023-08-03,42.875022888183594,24.025094985961914,179.5399932861328,367.7790222167969,97.1766586303711,433.5257873535156,84.58231353759766,4501.89013671875,15.920000076293945
2023-08-04,42.883583068847656,23.78328514099121,180.19000244140625,366.0572204589844,97.20315551757812,431.5650329589844,86.08049011230469,4478.02978515625,17.100000381469727
2023-08-07,42.900733947753906,23.904191970825195,179.77999877929688,369.15655517578125,97.20315551757812,435.3320007324219,85.23332214355469,4518.43994140625,15.770000457763672
2023-08-08,42.9093017578125,23.904191970825195,178.63999938964844,366.0178527832031,97.22080993652344,433.4388732910156,86.22314453125,4499.3798828125,15.989999771118164
2023-08-09,42.9093017578125,23.895551681518555,177.7899932861328,361.9936218261719,97.22964477539062,430.54132080078125,86.66901397705078,4467.7099609375,15.960000038146973
2023-08-10,42.892154693603516,23.981910705566406,177.60000610351562,362.6627197265625,97.2737808227539,430.69573974609375,85.24224853515625,4468.830078125,15.850000381469727
2023-08-11,42.96076202392578,24.12872314453125,177.60000610351562,360.3504333496094,97.29144287109375,430.4446105957031,85.0460205078125,4464.0498046875,14.84000015258789
2023-08-14,42.97789764404297,24.042362213134766,177.05999755859375,364.3943786621094,97.30912017822266,432.82073974609375,84.85877227783203,4489.72021484375,14.819999694824219
2023-08-15,42.97789764404297,24.025094985961914,176.58999633789062,360.527587890625,97.32677459716797,427.77886962890625,84.34154510498047,4437.85986328125,16.459999084472656
2023-08-16,42.96076202392578,24.033727645874023,175.57000732421875,356.71002197265625,97.33563232421875,424.6397399902344,83.68164825439453,4404.330078125,16.780000686645508
2023-08-17,42.969322204589844,24.033727645874023,175.3000030517578,352.81365966796875,97.37975311279297,421.404052734375,83.32495880126953,4370.35986328125,17.889999389648438
2023-08-18,42.95216751098633,24.042362213134766,175.3300018310547,352.3709411621094,97.38858795166016,421.6068420410156,83.6192398071289,4369.7099609375,17.299999237060547
2023-08-21,43.00361251831055,24.180540084838867,175.80999755859375,358.048095703125,97.39741516113281,424.3499450683594,82.50455474853516,4399.77001953125,17.1299991607666
2023-08-22,42.969322204589844,24.1114501953125,176.10000610351562,357.5364990234375,97.41505432128906,423.2005920410156,83.13770294189453,4387.5498046875,16.969999313354492
2023-08-23,43.00897979736328,23.852373123168945,177.88999938964844,363.17431640625,97.43273162841797,427.9140319824219,85.19764709472656,4436.009765625,15.979999542236328
2023-08-24,43.02621078491211,23.904191970825195,177.85000610351562,355.4111633300781,97.47688293457031,421.9835510253906,84.6358413696289,4376.31005859375,17.200000762939453
2023-08-25,43.047760009765625,23.99918556213379,177.6199951171875,358.1661682128906,97.47688293457031,424.95849609375,84.91226196289062,4405.7099609375,15.680000305175781
2023-08-28,43.06069564819336,23.96463966369629,178.1300048828125,360.8620910644531,97.48570251464844,427.6533203125,85.00146484375,4433.31005859375,15.079999923706055
2023-08-29,43.06069564819336,23.83510398864746,179.8699951171875,368.7432861328125,97.5122299194336,433.8349304199219,85.88427734375,4497.6298828125,14.449999809265137
2023-08-30,43.01759719848633,23.95600700378418,180.32000732421875,370.7996826171875,97.52103424072266,435.621826171875,85.79512786865234,4514.8701171875,13.880000114440918
2023-08-31,43.05292892456055,23.852373123168945,180.02000427246094,371.9114990234375,97.57402038574219,434.98431396484375,86.17854309082031,4507.66015625,13.569999694824219
2023-09-01,43.10380172729492,23.938730239868164,180.11000061035156,371.5179443359375,97.60149383544922,435.79559326171875,84.83602142333984,4515.77001953125,13.09000015258789
2023-09-05,43.07793426513672,24.16326904296875,178.63999938964844,371.9902038574219,97.60149383544922,433.9121398925781,83.64645385742188,4496.830078125,14.010000228881836
2023-09-06,43.1124267578125,24.189172744750977,177.8300018310547,368.7137756347656,97.6192398071289,430.9952087402344,83.85216522216797,4465.47998046875,14.449999809265137
2023-09-07,43.10380172729492,24.025094985961914,178.02000427246094,366.0768737792969,97.67242431640625,429.6720275878906,84.08472442626953,4451.14013671875,14.399999618530273
2023-09-08,43.13828659057617,24.137357711791992,178.0800018310547,366.5884704589844,97.68132781982422,430.319091796875,84.40670776367188,4457.490234375,13.84000015258789
2023-09-11,43.13828659057617,24.206443786621094,178.41000366210938,370.90789794921875,97.69905853271484,433.1491394042969,83.79850006103516,4487.4599609375,13.800000190734863
2023-09-12,43.14689636230469,24.266897201538086,177.49000549316406,366.795166015625,97.70791625976562,430.7730407714844,84.281494140625,4461.89990234375,14.229999542236328
2023-09-13,43.12966537475586,24.240991592407227,177.0800018310547,368.1922912597656,97.72563171386719,431.2752990722656,84.26359558105469,4467.43994140625,13.479999542236328
2023-09-14,43.1805305480957,24.396438598632812,177.1699981689453,371.2030944824219,97.76996612548828,434.9939270019531,83.65538024902344,4505.10009765625,12.819999694824219
2023-09-15,43.20725631713867,24.448251724243164,178.33999633789062,364.846923828125,97.77884674072266,429.7530517578125,83.14556884765625,4450.31982421875,13.789999961853027
2023-09-18,43.19862747192383,24.448251724243164,179.38999938964844,365.227294921875,97.79657745361328,430.00506591796875,83.61959838867188,4453.52978515625,14.0
2023-09-19,43.2115592956543,24.52597427368164,179.22000122070312,364.4488830566406,97.79657745361328,429.11328125,83.0024642944336,4443.9501953125,14.109999656677246
2023-09-20,43.22282028198242,24.422344207763672,179.35000610351562,359.1970520019531,97.81431579589844,425.1683044433594,83.26184844970703,4402.2001953125,15.140000343322754
2023-09-21,43.188175201416016,24.577787399291992,178.0500030517578,352.61492919921875,97.85865020751953,418.1409912109375,81.1241683959961,4330.0,17.540000915527344
2023-09-22,43.20549392700195,24.50006866455078,178.6199951171875,352.6642150878906,97.87638854980469,417.20074462890625,81.77709197998047,4320.06005859375,17.200000762939453
2023-09-25,43.20549392700195,24.664148330688477,177.6999969482422,354.3392639160156,97.88526153564453,418.9552001953125,79.7646255493164,4337.43994140625,16.899999618530273
2023-09-26,43.17950439453125,24.76778221130371,176.27999877929688,349.0184020996094,97.89411163330078,412.8001708984375,79.48737335205078,4273.52978515625,18.940000534057617
2023-09-27,43.17082977294922,24.98367691040039,174.10000610351562,349.83624267578125,97.91184997558594,412.9649658203125,79.07594299316406,4274.509765625,18.219999313354492
2023-09-28,43.21849060058594,24.95777130126953,173.22999572753906,352.7626953125,97.95619201660156,415.3590393066406,79.31745147705078,4299.7001953125,17.34000015258789
2023-09-29,43.231502532958984,24.95777130126953,171.4499969482422,353.01885986328125,97.95619201660156,414.35101318359375,79.32637786865234,4288.0498046875,17.520000457763672
2023-10-02,43.27482604980469,25.018218994140625,169.64999389648438,355.965087890625,97.97846221923828,414.186279296875,77.99844360351562,4288.39013671875,17.610000610351562
2023-10-03,43.27482604980469,25.15639305114746,169.16000366210938,349.7180480957031,97.98738861083984,408.64190673828125,76.32060241699219,4229.4501953125,19.780000686645508
2023-10-04,43.26615524291992,24.828227996826172,169.13999938964844,354.4772033691406,98.02298736572266,411.6177062988281,77.39727020263672,4263.75,18.579999923706055
2023-10-05,43.27482604980469,24.802322387695312,168.8300018310547,353.4327697753906,98.07640075683594,411.4625244140625,77.01148223876953,4258.18994140625,18.489999771118164
2023-10-06,43.300819396972656,24.98367691040039,169.6999969482422,359.3547058105469,98.08529663085938,416.3477478027344,76.07830047607422,4308.5,17.450000762939453
2023-10-09,43.33547592163086,24.750507354736328,172.82000732421875,361.1874084472656,98.09423828125,419.01336669921875,77.86387634277344,4335.66015625,17.700000762939453
2023-10-10,43.35280990600586,24.785051345825195,172.52999877929688,363.1877136230469,98.10311889648438,421.1941833496094,77.75617980957031,4358.240234375,17.030000686645508
2023-10-11,43.33029556274414,24.612333297729492,173.7899932861328,365.7790832519531,98.1120376586914,422.9195861816406,79.38023376464844,4376.9501953125,16.09000015258789
2023-10-12,43.33547592163086,24.793684005737305,173.25999450683594,364.508056640625,98.16544342041016,420.3412170410156,77.226806640625,4349.60986328125,16.690000534057617
2023-10-13,43.33547592163086,24.698694229125977,178.8300018310547,359.9261474609375,98.18325805664062,418.2475280761719,78.60857391357422,4327.77978515625,19.31999969482422
2023-10-16,43.370140075683594,24.871408462524414,177.9600067138672,363.99566650390625,98.19216918945312,422.6481628417969,77.34345245361328,4373.6298828125,17.209999084472656
2023-10-17,43.378807067871094,25.18230438232422,178.2899932861328,362.8033752441406,98.20106506347656,422.6287841796875,76.4910659790039,4373.2001953125,17.8799991607666
2023-10-18,43.38054275512695,25.070037841796875,180.8699951171875,358.0441589355469,98.20996856689453,416.9972229003906,75.8180923461914,4314.60009765625,19.219999313354492
2023-10-19,43.38313293457031,25.147762298583984,183.08999633789062,354.6940612792969,98.25450897216797,413.3332824707031,74.26583862304688,4278.0,21.399999618530273
2023-10-20,43.38487243652344,24.98367691040039,183.58999633789062,349.4027099609375,98.28121185302734,408.2541809082031,74.68758392333984,4224.16015625,21.709999084472656
2023-10-23,43.378807067871094,24.802322387695312,182.97000122070312,350.45709228515625,98.29902648925781,407.546630859375,75.58482360839844,4217.0400390625,20.3700008392334
2023-10-24,43.38746643066406,24.715965270996094,182.9499969482422,353.8663024902344,98.30792236328125,410.6192321777344,76.58076477050781,4247.68017578125,18.969999313354492
2023-10-25,43.40925216674805,24.94913101196289,183.72000122070312,345.20513916015625,98.30792236328125,404.72601318359375,74.8759994506836,4186.77001953125,20.190000534057617
2023-10-26,43.41360855102539,24.785051345825195,184.00999450683594,338.623046875,98.37025451660156,399.8795471191406,76.02448272705078,4137.22998046875,20.68000030517578
2023-10-27,43.396183013916016,24.785051345825195,186.14999389648438,340.24884033203125,98.38807678222656,398.06695556640625,75.70146942138672,4117.3701171875,21.270000457763672
2023-10-30,43.48675537109375,24.715965270996094,185.10000610351562,344.08184814453125,98.39698028564453,402.826171875,75.36051177978516,4166.81982421875,19.75
2023-10-31,43.496334075927734,24.862775802612305,184.08999633789062,345.7273864746094,98.39698028564453,405.3560485839844,74.99261474609375,4193.7998046875,18.139999389648438
2023-11-01,43.53118133544922,24.603696823120117,183.50999450683594,351.7281494140625,98.43093872070312,409.6790771484375,76.61864471435547,4237.85986328125,16.8700008392334
2023-11-02,43.54861068725586,24.413705825805664,184.1199951171875,358.11309814453125,98.47566223144531,417.53033447265625,78.36530303955078,4317.77978515625,15.65999984741211
2023-11-03,43.53118133544922,24.10281753540039,184.7899932861328,362.3205261230469,98.50249481201172,421.339599609375,78.89647674560547,4358.33984375,14.90999984741211
2023-11-06,43.59214401245117,24.22371482849121,183.35000610351562,363.7985534667969,98.49356079101562,422.3088684082031,78.1312255859375,4365.97998046875,14.890000343322754
2023-11-07,43.57472229003906,24.154632568359375,182.58999633789062,367.2374572753906,98.5203857421875,423.51080322265625,79.28363037109375,4378.3798828125,14.8100004196167
2023-11-08,43.59651184082031,24.10281753540039,180.77000427246094,367.473876953125,98.52934265136719,423.8210144042969,80.6341552734375,4382.77978515625,14.449999809265137
2023-11-09,43.60520553588867,24.327346801757812,181.49000549316406,364.64593505859375,98.56510162353516,420.5157470703125,78.77946472167969,4347.35009765625,15.289999961853027
2023-11-10,43.626983642578125,24.36189079284668,179.50999450683594,372.8440246582031,98.59192657470703,427.0777893066406,79.22061157226562,4415.240234375,14.170000076293945
2023-11-13,43.6182746887207,24.38779640197754,180.50999450683594,371.6813049316406,98.60086059570312,426.6706848144531,79.04055786132812,4411.5498046875,14.760000228881836
2023-11-14,43.62263107299805,23.826467514038086,182.1199951171875,379.6822814941406,98.63662719726562,434.9484558105469,80.83221435546875,4495.7001953125,14.15999984741211
2023-11-15,43.63569641113281,24.00782012939453,181.63999938964844,379.9680480957031,98.64557647705078,435.8691711425781,79.69781494140625,4502.8798828125,14.180000305175781
2023-11-16,43.64439392089844,23.800554275512695,183.69000244140625,380.29327392578125,98.69923400878906,436.4023132324219,80.68814849853516,4508.240234375,14.319999694824219
2023-11-17,43.63569641113281,23.74010467529297,183.6699981689453,380.38189697265625,98.70817565917969,436.94512939453125,81.0662841796875,4514.02001953125,13.800000190734863
2023-11-20,43.670536041259766,23.662384033203125,183.3699951171875,385.01300048828125,98.71711730957031,440.30853271484375,81.5615005493164,4547.3798828125,13.40999984741211
2023-11-21,43.740230560302734,23.671018600463867,185.35000610351562,382.77630615234375,98.75289154052734,439.34893798828125,81.5254898071289,4538.18994140625,13.350000381469727
2023-11-22,43.70170211791992,23.869646072387695,184.55999755859375,384.3429870605469,98.78865051269531,441.0451965332031,81.81359100341797,4556.6201171875,12.850000381469727
2023-11-24,43.7104377746582,23.83510398864746,185.52000427246094,383.80108642578125,98.79759979248047,441.3165588378906,80.85022735595703,4559.33984375,12.460000038146973
2023-11-27,43.727962493896484,23.679655075073242,186.77000427246094,383.4660339355469,98.81549835205078,440.52178955078125,82.20072937011719,4550.43017578125,12.6899995803833
2023-11-28,43.71919631958008,23.541481018066406,189.25999450683594,384.47113037109375,98.84231567382812,440.95794677734375,82.36280059814453,4554.89013671875,12.6899995803833
2023-11-29,43.736724853515625,23.420581817626953,189.5399932861328,384.0966796875,98.86019134521484,440.6477966308594,83.3981704711914,4550.580078125,12.979999542236328
2023-11-30,43.736724853515625,23.567392349243164,188.75,383.13104248046875,98.89595031738281,442.3828125,82.434814453125,4567.7998046875,12.920000076293945
2023-12-01,43.749839782714844,23.23922348022461,192.00999450683594,384.2247619628906,98.92742156982422,444.9998779296875,83.98741149902344,4594.6298828125,12.630000114440918
2023-12-04,43.76298141479492,23.411941528320312,187.86000061035156,380.6578063964844,98.93637084960938,442.6639404296875,83.65322875976562,4569.77978515625,13.079999923706055
2023-12-05,43.7454719543457,23.221952438354492,187.14999389648438,381.61358642578125,98.954345703125,442.5766906738281,85.4505615234375,4567.18017578125,12.850000381469727
2023-12-06,43.776100158691406,23.23922348022461,187.83999633789062,379.40643310546875,98.97232055664062,440.7932434082031,86.58859252929688,4549.33984375,12.970000267028809
2023-12-07,43.78047561645508,23.031963348388672,188.14999389648438,384.70751953125,99.01721954345703,444.1565856933594,86.09182739257812,4585.58984375,13.0600004196167
2023-12-08,43.77173614501953,23.28240394592285,185.63999938964844,386.4220886230469,99.01721954345703,446.0661315917969,85.38736724853516,4604.3701171875,12.350000381469727
2023-12-11,43.802364349365234,23.394670486450195,183.58999633789062,389.72296142578125,99.01721954345703,447.80108642578125,85.2066879272461,4622.43994140625,12.630000114440918
2023-12-12,43.804996490478516,23.265132904052734,183.49000549316406,392.8267822265625,99.0441665649414,449.8463134765625,85.45960235595703,4643.7001953125,12.069999694824219
2023-12-13,43.81987762451172,23.10105323791504,187.6300048828125,397.82244873046875,99.0801010131836,456.04974365234375,87.46468353271484,4707.08984375,12.1899995803833
2023-12-14,43.825130462646484,22.86787986755371,188.72999572753906,397.4776306152344,99.12882232666016,457.5133972167969,89.7398910522461,4719.5498046875,12.479999542236328
2023-12-15,43.8382682800293,23.00605583190918,187.0,399.3990173339844,99.13786315917969,456.7601013183594,89.83954620361328,4719.18994140625,12.279999732971191
2023-12-18,43.841766357421875,22.988784790039062,187.85000610351562,401.9147033691406,99.15589141845703,459.3294372558594,89.1237564086914,4740.56005859375,12.5600004196167
2023-12-19,43.82862854003906,22.988784790039062,189.1300048828125,403.96832275390625,99.15589141845703,462.1225280761719,89.60396575927734,4768.3701171875,12.529999732971191
2023-12-20,43.86822509765625,22.962875366210938,188.10000610351562,397.9654846191406,99.18296813964844,455.7187805175781,90.2110595703125,4698.35009765625,13.670000076293945
2023-12-21,43.87702560424805,22.902421951293945,189.42999267578125,402.5959777832031,99.2461166381836,460.03985595703125,89.64021301269531,4746.75,13.649999618530273
2023-12-22,43.87261962890625,22.97150993347168,190.27000427246094,403.1982116699219,99.26419067382812,460.96441650390625,89.23246765136719,4754.6298828125,13.029999732971191
2023-12-26,43.89902114868164,22.928333282470703,191.72000122070312,405.6665344238281,99.28221893310547,462.91082763671875,89.48617553710938,4774.75,12.989999771118164
2023-12-27,43.89902114868164,22.946107864379883,192.58999633789062,406.4922790527344,99.28221893310547,463.7478332519531,91.0718765258789,4781.580078125,12.430000305175781
2023-12-28,43.929813385009766,22.91944694519043,191.47000122070312,406.29473876953125,99.34538269042969,463.9230041503906,90.410400390625,4783.35009765625,12.470000267028809
2023-12-29,43.925418853759766,22.892784118652344,191.1699981689453,404.5364074707031,99.37245178222656,462.5799255371094,89.59489440917969,4769.830078125,12.449999809265137
2024-01-02,43.93421936035156,22.946107864379883,190.72000122070312,397.6907958984375,99.3634262084961,459.9911804199219,89.07843780517578,4742.830078125,13.199999809265137
2024-01-03,43.94301223754883,22.892784118652344,189.1300048828125,393.4825744628906,99.37245178222656,456.234619140625,89.44994354248047,4704.81005859375,14.039999961853027
2024-01-04,43.95620346069336,23.070526123046875,189.32000732421875,391.45751953125,99.41758728027344,454.7649841308594,88.0907974243164,4688.68017578125,14.130000114440918
2024-01-05,43.93860626220703,22.990541458129883,189.35000610351562,391.92181396484375,99.42659759521484,455.3879089355469,87.24810791015625,4697.240234375,13.350000381469727
2024-01-08,43.978206634521484,23.132732391357422,187.8699951171875,400.02203369140625,99.44463348388672,461.88897705078125,88.1089096069336,4763.5400390625,13.079999923706055
2024-01-09,43.98699951171875,23.15938949584961,187.92999267578125,400.8122863769531,99.45366668701172,461.1882629394531,87.54712677001953,4756.5,12.760000228881836
2024-01-10,43.99140548706055,23.372678756713867,187.5,403.52886962890625,99.47168731689453,463.7964782714844,87.13939666748047,4783.4501953125,12.6899995803833
2024-01-11,43.99140548706055,23.177167892456055,187.8699951171875,404.3684997558594,99.53486633300781,463.59210205078125,87.6286849975586,4780.240234375,12.4399995803833
2024-01-12,44.00019836425781,23.186050415039062,189.7100067138672,404.575927734375,99.56192779541016,463.91326904296875,87.45650482177734,4783.830078125,12.699999809265137
2024-01-16,44.00899887084961,23.328243255615234,187.91000366210938,404.5364074707031,99.56192779541016,462.2101135253906,85.91617584228516,4765.97998046875,13.84000015258789
2024-01-17,44.034515380859375,23.372678756713867,185.83999633789062,402.2545471191406,99.5799789428711,459.640869140625,85.78023529052734,4739.2099609375,14.789999961853027
2024-01-18,44.048587799072266,23.408226013183594,187.3699951171875,407.9642028808594,99.6070556640625,463.7283630371094,84.98287963867188,4780.93994140625,14.130000114440918
2024-01-19,44.060909271240234,23.44377326965332,187.92999267578125,416.0545349121094,99.6341323852539,469.5093078613281,85.25469207763672,4839.81005859375,13.300000190734863
2024-01-22,44.07498550415039,23.532644271850586,187.22000122070312,416.5978088378906,99.65216827392578,470.50201416015625,85.76211547851562,4850.43017578125,13.1899995803833
2024-01-23,44.03539276123047,23.532644271850586,187.9499969482422,418.3265686035156,99.65216827392578,471.8741760253906,85.08253479003906,4864.60009765625,12.550000190734863
2024-01-24,44.08844757080078,23.45266342163086,186.39999389648438,420.64794921875,99.66118621826172,472.3900146484375,84.58418273925781,4868.5498046875,13.140000343322754
2024-01-25,44.11497497558594,23.470434188842773,187.13999938964844,421.1615905761719,99.71533966064453,474.9593200683594,85.13690185546875,4894.16015625,13.449999809265137
2024-01-26,44.124698638916016,23.594852447509766,187.00999450683594,418.6524963378906,99.7243423461914,474.3559265136719,84.97381591796875,4890.97021484375,13.260000228881836
2024-01-29,44.1193962097168,23.621517181396484,188.3300018310547,422.9396667480469,99.73336791992188,478.1125183105469,85.95238494873047,4927.93017578125,13.600000381469727
2024-01-30,44.12824630737305,23.630403518676758,188.58999633789062,420.1243896484375,99.74240112304688,477.74273681640625,86.73164367675781,4924.97021484375,13.3100004196167
2024-01-31,44.1370849609375,23.45266342163086,188.4499969482422,411.8957214355469,99.76947784423828,469.947265625,87.58338928222656,4845.64990234375,14.350000381469727
2024-02-01,44.13885498046875,23.674837112426758,190.41000366210938,416.74603271484375,99.83561706542969,476.0979919433594,89.30139923095703,4906.18994140625,13.880000114440918
2024-02-02,44.133541107177734,23.81702423095703,188.61000061035156,423.7892761230469,99.80844116210938,481.110107421875,87.32884216308594,4958.60986328125,13.850000381469727
2024-02-05,44.168033599853516,23.71038246154785,187.57000732421875,423.2360534667969,99.81749725341797,479.3582458496094,85.56537628173828,4942.81005859375,13.670000076293945
2024-02-06,44.1547737121582,23.719270706176758,188.5500030517578,422.3865051269531,99.84469604492188,480.7499694824219,86.40167236328125,4954.22998046875,13.0600004196167
2024-02-07,44.16360855102539,23.737043380737305,188.5,426.7329406738281,99.86280822753906,484.75958251953125,85.9835205078125,4995.06005859375,12.829999923706055
2024-02-08,44.17775344848633,23.825912475585938,188.3300018310547,427.5233154296875,99.90812683105469,484.97369384765625,85.48355102539062,4997.91015625,12.789999961853027
2024-02-09,44.18306350708008,23.897008895874023,187.60000610351562,431.73138427734375,99.91717529296875,487.7765197753906,85.31085205078125,5026.60986328125,12.930000305175781
2024-02-12,44.2166633605957,23.85257339477539,187.11000061035156,430.0422058105469,99.92623901367188,487.5624694824219,85.41083526611328,5021.83984375,13.930000305175781
2024-02-13,44.22992706298828,23.719270706176758,184.52999877929688,423.33477783203125,99.90812683105469,480.84722900390625,83.94731140136719,4953.169921875,15.850000381469727
2024-02-14,44.2210807800293,23.85257339477539,184.4199981689453,427.9480285644531,99.94438934326172,485.21697998046875,84.37454986572266,5000.6201171875,14.380000114440918
2024-02-15,44.22992706298828,24.00365447998047,185.66000366210938,429.22235107421875,99.99874877929688,488.5649108886719,84.81087493896484,5029.72998046875,14.010000228881836
2024-02-16,44.22550964355469,23.95033073425293,186.33999633789062,425.3302917480469,99.99874877929688,486.1318359375,84.32002258300781,5005.56982421875,14.239999771118164
2024-02-20,44.2210807800293,23.772592544555664,187.47000122070312,422.1198425292969,100.0168685913086,483.4554748535156,84.39273071289062,4975.509765625,15.420000076293945
2024-02-21,44.264617919921875,23.905899047851562,187.47999572753906,420.4305419921875,100.02592468261719,483.8934631347656,83.79277801513672,4981.7998046875,15.34000015258789
2024-02-22,44.26995086669922,24.1369571685791,187.55999755859375,432.739013671875,100.06216430664062,493.9078369140625,84.20185089111328,5087.02978515625,14.539999961853027
2024-02-23,44.2655143737793,24.19916534423828,188.6199951171875,431.4646911621094,100.08029174804688,494.2484436035156,85.32904052734375,5088.7998046875,13.75
2024-02-26,44.28328323364258,24.181392669677734,188.1999969482422,431.2374267578125,100.08029174804688,492.43829345703125,85.07450103759766,5069.52978515625,13.739999771118164
2024-02-27,44.296630859375,24.261371612548828,188.0,432.2746887207031,100.09841918945312,493.3531188964844,84.47455596923828,5078.18017578125,13.430000305175781
2024-02-28,44.29217529296875,24.208051681518555,188.33999633789062,429.97308349609375,100.10747528076172,492.7010498046875,85.01087951660156,5069.759765625,13.84000015258789
2024-02-29,44.301055908203125,24.305809020996094,189.30999755859375,433.6576843261719,100.16183471679688,494.4722595214844,85.61083221435547,5096.27001953125,13.399999618530273
2024-03-01,44.336605072021484,24.50132179260254,192.88999938964844,440.1872253417969,100.18733215332031,499.114501953125,86.14424133300781,5137.080078125,13.109999656677246
2024-03-04,44.34549331665039,24.554643630981445,196.00999450683594,438.6165466308594,100.19641876220703,498.5793151855469,85.79774475097656,5130.9501953125,13.489999771118164
2024-03-05,44.327728271484375,24.33246612548828,197.19000244140625,430.7435302734375,100.2146224975586,493.59637451171875,87.0196762084961,5078.64990234375,14.460000038146973
2024-03-06,44.34549331665039,24.430225372314453,198.80999755859375,433.4501647949219,100.23283386230469,496.0975646972656,87.53030395507812,5104.759765625,14.5
2024-03-07,44.36326599121094,24.510210037231445,199.94000244140625,440.0292053222656,100.26921844482422,501.02203369140625,87.44823455810547,5157.35986328125,14.4399995803833
2024-03-08,44.3543815612793,24.21693992614746,201.6300048828125,433.67742919921875,100.27831268310547,498.0148010253906,87.293212890625,5123.68994140625,14.739999771118164
2024-03-11,44.381046295166016,24.101411819458008,202.0,432.0672912597656,100.28742980957031,497.58660888671875,87.24763488769531,5117.93994140625,15.220000267028809
2024-03-12,44.39437484741211,24.181392669677734,199.7899932861328,438.2609558105469,100.30561065673828,502.9393005371094,86.51811981201172,5175.27001953125,13.84000015258789
2024-03-13,44.3988151550293,24.483549118041992,201.19000244140625,434.8924865722656,100.31472778320312,502.15093994140625,86.09867095947266,5165.31005859375,13.75
2024-03-14,44.38993835449219,24.572418212890625,200.35000610351562,433.7959899902344,100.36019134521484,501.15838623046875,84.7764663696289,5150.47998046875,14.399999618530273
2024-03-15,44.40771484375,24.687950134277344,199.7100067138672,428.63946533203125,100.37842559814453,497.71710205078125,84.74909210205078,5117.08984375,14.40999984741211
2024-03-18,44.43436813354492,24.83902931213379,200.02999877929688,432.72760009765625,100.38750457763672,500.675048828125,84.49378967285156,5149.419921875,14.329999923706055
2024-03-19,44.45214080810547,25.034536361694336,199.8000030517578,433.8058166503906,100.39659881591797,503.4573669433594,84.73086547851562,5178.509765625,13.819999694824219
2024-03-20,44.461082458496094,25.22116470336914,202.17999267578125,438.9493103027344,100.42391204833984,508.114013671875,84.70352172851562,5224.6201171875,13.039999961853027
2024-03-21,44.43428039550781,25.37224578857422,201.97000122070312,441.0264587402344,100.46031188964844,509.793212890625,84.88587951660156,5241.52978515625,12.920000076293945
2024-03-22,44.4521484375,25.274490356445312,200.35000610351562,441.5309143066406,100.48759460449219,508.82672119140625,85.69744873046875,5234.18017578125,13.0600004196167
2024-03-25,44.50572967529297,25.301149368286133,200.99000549316406,439.92852783203125,100.48759460449219,507.4208984375,85.26889038085938,5218.18994140625,13.1899995803833
2024-03-26,44.48786163330078,25.235912322998047,201.63999938964844,438.504150390625,100.50577545166016,506.48370361328125,85.50595092773438,5203.580078125,13.239999771118164
2024-03-27,44.48786163330078,25.271657943725586,203.10000610351562,439.99774169921875,100.56946563720703,510.7401428222656,86.35398864746094,5248.490234375,12.779999732971191
2024-03-28,44.478939056396484,25.629108428955078,205.72000122070312,439.18670654296875,100.57858276367188,510.6424560546875,86.28105163574219,5254.35009765625,13.010000228881836
2024-04-01,44.51466369628906,25.88825798034668,207.82000732421875,440.1164245605469,100.58956146240234,509.75408935546875,84.67267608642578,5243.77001953125,13.649999618530273
2024-04-02,44.523590087890625,25.798898696899414,210.88999938964844,436.318115234375,100.59867858886719,506.5130615234375,84.20609283447266,5205.81005859375,14.609999656677246
2024-04-03,44.50572967529297,25.8167667388916,212.74000549316406,437.2973937988281,100.60782623291016,507.0694274902344,84.18779754638672,5211.490234375,14.329999923706055
2024-04-04,44.528053283691406,25.512937545776367,211.52000427246094,430.61083984375,100.67180633544922,500.880126953125,84.7916030883789,5147.2099609375,16.350000381469727
2024-04-05,44.54145812988281,25.87932014465332,215.13999938964844,435.6851806640625,100.6809310913086,506.11273193359375,83.61139678955078,5204.33984375,16.030000686645508
2024-04-08,44.56824493408203,26.022302627563477,216.47999572753906,435.813720703125,100.6900863647461,506.395751953125,83.60224151611328,5202.39013671875,15.1899995803833
2024-04-09,44.56824493408203,25.870386123657227,217.6699981689453,437.42596435546875,100.69920349121094,506.9815979003906,84.3799057006836,5209.91015625,14.979999542236328
2024-04-10,44.576290130615234,26.36187744140625,215.61000061035156,433.6078796386719,100.6900863647461,501.9051513671875,82.54098510742188,5160.64013671875,15.800000190734863
2024-04-11,44.58522033691406,26.522729873657227,219.8000030517578,440.5318908691406,100.73577117919922,505.69293212890625,82.1658706665039,5199.06005859375,14.90999984741211
2024-04-12,44.550384521484375,26.156347274780273,216.88999938964844,433.509033203125,100.74491882324219,498.7128601074219,82.60503387451172,5123.41015625,17.309999465942383
2024-04-15,44.595054626464844,26.486984252929688,220.9499969482422,426.3773193359375,100.75406646728516,492.4649353027344,81.3241958618164,5061.81982421875,19.229999542236328
2024-04-16,44.58611297607422,26.4244327545166,221.22000122070312,426.4169006347656,100.76316833496094,491.5667724609375,80.78439331054688,5051.41015625,18.399999618530273
2024-04-17,44.58611297607422,26.022302627563477,219.58999633789062,421.21405029296875,100.78144836425781,488.6575622558594,81.68099212646484,5022.2099609375,18.209999084472656
2024-04-18,44.60308074951172,26.111665725708008,220.33999633789062,418.8104553222656,100.82716369628906,487.6520080566406,81.2693099975586,5011.1201171875,18.0
2024-04-19,44.57718276977539,26.14740753173828,221.02999877929688,410.1456298828125,100.84545135498047,483.3955993652344,81.56206512451172,4967.22998046875,18.709999084472656
2024-04-22,44.630775451660156,26.1205997467041,215.57000732421875,414.27032470703125,100.85456848144531,487.84722900390625,81.42481231689453,5010.60009765625,16.940000534057617
2024-04-23,44.65756607055664,26.32613182067871,215.0399932861328,420.452392578125,100.87285614013672,493.6363525390625,81.45226287841797,5070.5498046875,15.6899995803833
2024-04-24,44.657569885253906,26.34400177001953,214.63999938964844,421.87677001953125,100.89112091064453,493.4020690917969,80.87588500976562,5071.6298828125,15.970000267028809
2024-04-25,44.666542053222656,26.352941513061523,215.9199981689453,419.8391418457031,100.9185562133789,491.5276794433594,80.30867004394531,5048.419921875,15.369999885559082
2024-04-26,44.684505462646484,26.996347427368164,216.6199951171875,426.3180236816406,100.93681335449219,496.1844177246094,80.72952270507812,5099.9599609375,15.029999732971191
2024-04-29,44.6934814453125,26.621028900146484,216.17999267578125,428.0489501953125,100.94596099853516,497.9416198730469,81.40652465820312,5116.169921875,14.670000076293945
2024-04-30,44.6934814453125,26.74613380432129,211.8699951171875,419.97760009765625,100.9551010131836,490.0536193847656,80.71121978759766,5035.68994140625,15.649999618530273
2024-05-01,44.702449798583984,26.495920181274414,213.7899932861328,416.94097900390625,100.98631286621094,488.4622802734375,81.3061294555664,5018.39013671875,15.390000343322754
2024-05-02,44.702449798583984,25.977617263793945,213.1300048828125,422.2625427246094,101.03218078613281,493.0310974121094,81.6550064086914,5064.2001953125,14.680000305175781
2024-05-03,44.702449798583984,25.897193908691406,212.9600067138672,430.7493591308594,101.05054473876953,499.1424255371094,82.4813003540039,5127.7900390625,13.489999771118164
2024-05-06,44.71141815185547,26.058046340942383,215.1999969482422,435.467529296875,101.05970764160156,504.2969055175781,82.80265045166016,5180.740234375,13.489999771118164
2024-05-07,44.7473258972168,26.209962844848633,214.2100067138672,435.5367431640625,101.06890106201172,504.8534240722656,83.30756378173828,5187.7001953125,13.229999542236328
2024-05-08,44.72937774658203,26.317197799682617,213.5800018310547,435.27960205078125,101.08724212646484,504.90216064453125,82.80265045166016,5187.669921875,13.0
2024-05-09,44.774253845214844,26.45124053955078,216.9499969482422,436.2291564941406,101.12394714355469,507.8114013671875,83.20658874511719,5214.080078125,12.6899995803833
2024-05-10,44.78322982788086,26.433368682861328,218.7100067138672,437.2578125,101.1423110961914,508.4655456542969,82.73835754394531,5222.68017578125,12.550000190734863
2024-05-13,44.80118942260742,26.540605545043945,216.25999450683594,438.26678466796875,101.16065979003906,508.5337829589844,82.94952392578125,5221.419921875,13.600000381469727
2024-05-14,44.80118942260742,26.478046417236328,218.08999633789062,441.0857849121094,101.16984558105469,510.8670654296875,83.4177474975586,5246.68017578125,13.420000076293945
2024-05-15,44.774253845214844,26.236772537231445,220.88999938964844,447.98004150390625,101.19737243652344,517.193115234375,84.55619049072266,5308.14990234375,12.449999809265137
2024-05-16,44.80118942260742,26.308258056640625,220.02999877929688,447.0700988769531,101.22489929199219,516.1289672851562,84.47355651855469,5297.10009765625,12.420000076293945
2024-05-17,44.819149017333984,26.549537658691406,223.66000366210938,446.8524475097656,101.24327087402344,516.8709106445312,83.90433502197266,5303.27001953125,11.989999771118164
2024-05-20,44.84157943725586,26.71932601928711,224.55999755859375,449.96826171875,101.2616195678711,517.4664916992188,83.65644836425781,5308.1298828125,12.149999618530273
2024-05-21,44.84696960449219,26.66571044921875,224.22999572753906,450.84857177734375,101.27081298828125,518.7354736328125,84.08795928955078,5321.41015625,11.859999656677246
2024-05-22,44.8550910949707,26.531665802001953,220.11000061035156,450.7595520019531,101.28915405273438,517.241943359375,84.18893432617188,5307.009765625,12.289999961853027
2024-05-23,44.8550910949707,26.469114303588867,215.72000122070312,448.7318115234375,101.34422302246094,513.4638671875,83.64727020263672,5267.83984375,12.770000457763672
2024-05-24,44.86410903930664,26.522729873657227,215.9199981689453,452.9752502441406,101.3533935546875,516.8612060546875,83.89515686035156,5304.72021484375,11.930000305175781
2024-05-28,44.88214874267578,26.808691024780273,218.19000244140625,454.68646240234375,101.34422302246094,517.2222900390625,82.69243621826172,5306.0400390625,12.920000076293945
2024-05-29,44.89115524291992,26.72826385498047,216.16000366210938,451.4816589355469,101.3533935546875,513.6004638671875,81.69174194335938,5266.9501953125,14.279999732971191
2024-05-30,44.89115524291992,26.531665802001953,216.57000732421875,446.6447448730469,101.38092803955078,510.1935119628906,82.4813003540039,5235.47998046875,14.470000267028809
2024-05-31,44.90919494628906,26.486984252929688,215.3000030517578,445.81390380859375,101.41761779785156,514.84033203125,83.04131317138672,5277.509765625,12.920000076293945
2024-06-03,44.93624496459961,26.24570655822754,217.22000122070312,448.2076110839844,101.43789672851562,515.2601318359375,84.3844985961914,5283.39990234375,13.109999656677246
2024-06-04,44.94525909423828,25.8167667388916,215.27000427246094,449.4341125488281,101.45631408691406,515.8361206054688,85.37019348144531,5291.33984375,13.15999984741211
2024-06-05,44.949771881103516,26.102725982666016,217.82000732421875,458.49456787109375,101.46553802490234,521.9668579101562,85.99662017822266,5354.02978515625,12.630000114440918
2024-06-06,44.93624496459961,26.165283203125,219.42999267578125,458.33636474609375,101.49320220947266,521.9571533203125,85.86764526367188,5352.9599609375,12.579999923706055
2024-06-07,44.972328186035156,26.37975311279297,211.60000610351562,457.9308166503906,101.52084350585938,521.3226318359375,84.29235076904297,5346.990234375,12.220000267028809
2024-06-10,44.94525909423828,26.612092971801758,213.5399932861328,459.7804870605469,101.5392837524414,522.9332885742188,83.73040008544922,5360.7900390625,12.739999771118164
2024-06-11,44.95427322387695,26.540605545043945,214.14999389648438,462.935791015625,101.54849243164062,524.1926879882812,84.59634399414062,5375.31982421875,12.850000381469727
2024-06-12,44.95427322387695,26.45124053955078,214.72000122070312,468.999267578125,101.58537292480469,528.4979248046875,85.23201751708984,5421.02978515625,12.039999961853027
2024-06-13,44.96329879760742,26.27251625061035,212.97000122070312,471.5413513183594,101.59458923339844,529.5620727539062,86.48490142822266,5433.740234375,11.9399995803833
2024-06-14,44.981327056884766,26.27251625061035,215.72999572753906,473.9844970703125,101.64067077636719,529.8843383789062,87.212646484375,5431.60009765625,12.65999984741211
2024-06-17,44.9903564453125,26.522729873657227,214.61000061035156,479.790771484375,101.64989471435547,534.1016235351562,86.3467025756836,5473.22998046875,12.75
2024-06-18,45.01740646362305,26.522729873657227,215.47000122070312,479.9391174316406,101.67753601074219,535.45849609375,87.13896942138672,5487.02978515625,12.300000190734863
2024-06-20,45.026424407958984,26.85337257385254,218.16000366210938,476.2397155761719,101.69596099853516,534.0039672851562,86.5585708618164,5473.169921875,13.279999732971191
2024-06-21,45.03543472290039,26.772945404052734,214.77999877929688,474.9637756347656,101.74203491210938,533.2880249023438,86.5585708618164,5464.6201171875,13.199999809265137
2024-06-24,45.0534782409668,26.880178451538086,215.6300048828125,469.55645751953125,101.75127410888672,531.5545043945312,86.90863037109375,5447.8701171875,13.329999923706055
2024-06-25,45.080528259277344,26.817625045776367,214.55999755859375,474.92608642578125,101.76969909667969,533.6015014648438,87.0560531616211,5469.2998046875,12.84000015258789
2024-06-26,45.08053970336914,26.969541549682617,212.5800018310547,475.90692138671875,101.76969909667969,534.2673950195312,85.81239318847656,5477.89990234375,12.550000190734863
2024-06-27,45.08053970336914,27.00018310546875,214.99000549316406,477.1353759765625,101.79732513427734,535.1096801757812,86.15325164794922,5482.8701171875,12.239999771118164
2024-06-28,45.08053970336914,27.090303421020508,215.00999450683594,474.6585388183594,101.84344482421875,533.0039672851562,84.55027770996094,5460.47998046875,12.4399995803833
2024-07-01,45.12583923339844,27.53189468383789,215.57000732421875,477.4425048828125,101.85826110839844,534.1009521484375,83.09104919433594,5475.08984375,12.220000267028809
2024-07-02,45.12583923339844,27.441774368286133,215.55999755859375,482.4554748535156,101.87673950195312,537.6953125,83.73796844482422,5509.009765625,12.029999732971191
2024-07-03,45.11677932739258,27.450786590576172,217.99000549316406,486.4778137207031,101.90452575683594,540.0949096679688,84.83772277832031,5537.02001953125,12.09000015258789
2024-07-05,45.1348876953125,27.41473960876465,220.92999267578125,491.5502014160156,101.9415512084961,543.209228515625,85.54006958007812,5567.18994140625,12.479999542236328
2024-07-08,45.18019485473633,27.279558181762695,218.19000244140625,492.71923828125,101.96931457519531,543.8360595703125,85.72489929199219,5572.85009765625,12.369999885559082
2024-07-09,45.1711311340332,27.396717071533203,218.55999755859375,493.1452331542969,101.96931457519531,544.364990234375,85.34597778320312,5576.97998046875,12.510000228881836
2024-07-10,45.188331604003906,27.558931350708008,219.36000061035156,498.2870178222656,101.97859191894531,549.7515869140625,85.6139907836914,5633.91015625,12.850000381469727
2024-07-11,45.189239501953125,27.1804256439209,223.25,487.3595275878906,102.00631713867188,545.0112915039062,86.44574737548828,5584.5400390625,12.920000076293945
2024-07-12,45.18019485473633,27.126352310180664,223.11000061035156,490.22265625,102.0618667602539,548.4489135742188,86.81542205810547,5615.35009765625,12.460000038146973
2024-07-15,45.225486755371094,27.144376754760742,223.8300018310547,491.5403137207031,102.08036804199219,549.9573364257812,85.81731414794922,5631.22021484375,13.119999885559082
2024-07-16,45.198307037353516,27.30659294128418,228.2899932861328,491.7285461425781,102.08964538574219,553.2185668945312,87.02798461914062,5667.2001953125,13.1899995803833
2024-07-17,45.216434478759766,26.82895278930664,227.22999572753906,477.2939147949219,102.09888458251953,545.4617919921875,87.04644775390625,5588.27001953125,14.479999542236328
2024-07-18,45.243595123291016,26.84697914123535,225.77999877929688,475.0350646972656,102.1174087524414,541.2699584960938,86.38105010986328,5544.58984375,15.930000305175781
2024-07-19,45.25267028808594,26.73883056640625,221.72999572753906,470.8245849609375,102.17292022705078,537.6757202148438,85.87276458740234,5505.0,16.520000457763672
2024-07-22,45.26172637939453,26.892038345336914,221.8000030517578,477.83880615234375,102.18218994140625,543.2191162109375,85.62326049804688,5564.41015625,14.90999984741211
2024-07-23,45.26172637939453,26.666736602783203,222.5800018310547,476.1545715332031,102.20069122314453,542.3670654296875,85.50310516357422,5555.740234375,14.720000267028809
2024-07-24,45.26172637939453,26.342300415039062,221.8000030517578,459.07476806640625,102.2099609375,530.0755004882812,84.57893371582031,5427.1298828125,18.040000915527344
2024-07-25,45.23442077636719,26.180084228515625,218.3300018310547,454.01220703125,102.21922302246094,527.3137817382812,85.2720718383789,5399.22021484375,18.459999084472656
2024-07-26,45.27992630004883,26.252180099487305,220.6300048828125,458.6685791015625,102.27474212646484,533.2194213867188,85.93746948242188,5459.10009765625,16.389999389648438
2024-07-29,45.27992630004883,26.171072006225586,220.32000732421875,459.5899658203125,102.2932357788086,533.5328979492188,86.3995361328125,5463.5400390625,16.600000381469727
2024-07-30,45.30723571777344,26.06292724609375,222.52000427246094,453.2790832519531,102.30252075195312,530.8296508789062,86.73221588134766,5436.43994140625,17.690000534057617
2024-07-31,45.297218322753906,26.080951690673828,226.5500030517578,466.693359375,102.31178283691406,539.4581909179688,87.61943817138672,5522.2998046875,16.360000610351562
2024-08-01,45.30723571777344,25.612321853637695,225.77000427246094,455.3892822265625,102.3377914428711,531.8189086914062,88.3751220703125,5446.68017578125,18.59000015258789
2024-08-02,45.298126220703125,24.765188217163086,225.33999633789062,444.5806579589844,102.43077850341797,521.9173583984375,91.1290283203125,5346.56005859375,23.389999389648438
2024-08-05,45.12519836425781,24.170391082763672,222.47999572753906,431.3249816894531,102.43077850341797,506.7171630859375,91.6111831665039,5186.330078125,38.56999969482422
2024-08-06,45.27992630004883,24.233474731445312,220.6999969482422,435.44635009765625,102.43077850341797,511.3888854980469,89.56200408935547,5240.02978515625,27.709999084472656
2024-08-07,45.207115173339844,24.29656219482422,220.5500030517578,430.7305908203125,102.44935607910156,507.97076416015625,88.93148040771484,5199.5,27.850000381469727
2024-08-08,45.325435638427734,24.602970123291016,224.00999450683594,443.906982421875,102.4586410522461,519.7136840820312,88.38441467285156,5319.31005859375,23.790000915527344
2024-08-09,45.26172637939453,24.620994567871094,224.55999755859375,446.2253112792969,102.49583435058594,522.0054321289062,89.25601196289062,5344.16015625,20.3700008392334
2024-08-12,45.38914489746094,24.756175994873047,228.41000366210938,447.186279296875,102.52373504638672,522.2797241210938,89.58055114746094,5344.39013671875,20.709999084472656
2024-08-13,45.43465805053711,24.873334884643555,228.05999755859375,458.2821960449219,102.55160522460938,530.8688354492188,90.2017822265625,5434.43017578125,18.1200008392334
2024-08-14,45.398250579833984,24.891357421875,226.1999969482422,458.4308166503906,102.55160522460938,532.5438232421875,90.76739501953125,5455.2099609375,16.190000534057617
2024-08-15,45.398250579833984,25.152708053588867,226.91000366210938,470.01220703125,102.56092071533203,541.6716918945312,90.03486633300781,5543.22021484375,15.229999542236328
2024-08-16,45.480167388916016,25.242826461791992,231.99000549316406,470.6165466308594,102.6073989868164,542.8860473632812,90.35013580322266,5554.25,14.800000190734863
2024-08-19,45.43465805053711,25.323936462402344,231.61000061035156,476.79852294921875,102.61669921875,548.0768432617188,90.76739501953125,5608.25,14.649999618530273
2024-08-20,45.47105407714844,25.188758850097656,232.4600067138672,475.7979736328125,102.64459228515625,547.1856079101562,91.49065399169922,5597.1201171875,15.880000114440918
2024-08-21,45.482025146484375,25.170730590820312,232.14999389648438,478.01708984375,102.6632080078125,549.0659790039062,91.5462875366211,5620.85009765625,16.270000457763672
2024-08-22,45.49117660522461,25.19776725769043,229.3699951171875,470.43817138671875,102.68177795410156,544.7566528320312,90.6375961303711,5570.64013671875,17.549999237060547
2024-08-23,45.49117660522461,25.161718368530273,232.02000427246094,475.5403137207031,102.72825622558594,550.544921875,91.23102569580078,5634.60986328125,15.859999656677246
2024-08-26,45.53691101074219,25.188758850097656,232.75999450683594,470.9236755371094,102.73755645751953,549.2325439453125,90.99921417236328,5616.83984375,16.149999618530273
2024-08-27,45.53691101074219,25.134681701660156,233.38999938964844,472.3304138183594,102.75614929199219,549.9866333007812,90.84158325195312,5625.7998046875,15.430000305175781
2024-08-28,45.57349395751953,25.125673294067383,231.75,466.970703125,102.77474212646484,546.7937622070312,90.73031616210938,5592.18017578125,17.110000610351562
2024-08-29,45.50946807861328,25.20677947998047,232.9499969482422,466.287109375,102.78401947021484,546.8427734375,90.43360900878906,5591.9599609375,15.649999618530273
2024-08-30,45.54606628417969,25.278873443603516,231.2899932861328,471.844970703125,102.82120513916016,552.0629272460938,89.4692611694336,5648.39990234375,15.0
2024-09-03,45.50032424926758,25.098636627197266,230.2899932861328,457.5193176269531,102.85388946533203,540.7020263671875,90.93256378173828,5528.93017578125,20.719999313354492
2024-09-04,45.54606628417969,25.044565200805664,230.42999267578125,456.33050537109375,102.88191986083984,539.5953369140625,92.1047134399414,5520.06982421875,21.31999969482422
2024-09-05,45.58537673950195,25.071598052978516,232.35000610351562,456.7565002441406,102.90057373046875,538.2828979492188,92.62562561035156,5503.41015625,19.899999618530273
2024-09-06,45.52775955200195,24.86431884765625,230.6300048828125,444.5212707519531,102.947265625,529.2234497070312,92.61632537841797,5408.419921875,22.3799991607666
2024-09-09,45.5826416015625,24.97246551513672,231.60000610351562,450.23760986328125,102.947265625,535.1488647460938,93.01632690429688,5471.0498046875,19.450000762939453
2024-09-10,45.63751983642578,25.062585830688477,232.6199951171875,454.3985595703125,102.9846420288086,537.4797973632812,93.66752624511719,5495.52001953125,19.079999923706055
2024-09-11,45.63751983642578,25.089622497558594,232.25,464.26605224609375,102.97528076171875,542.9937744140625,93.59309387207031,5554.1298828125,17.690000534057617
2024-09-12,45.664955139160156,25.152708053588867,236.3300018310547,468.8233337402344,102.99394226074219,547.5675659179688,93.1558837890625,5595.759765625,17.06999969482422
2024-09-13,45.63751983642578,25.224803924560547,238.67999267578125,470.9236755371094,103.04997253417969,550.4273071289062,93.40703582763672,5626.02001953125,16.559999465942383
2024-09-16,45.655799865722656,25.305910110473633,238.66000366210938,468.8431396484375,103.08732604980469,551.2403564453125,94.26288604736328,5633.08984375,17.139999389648438
2024-09-17,45.68324661254883,25.260852813720703,237.33999633789062,469.0908508300781,103.09666442871094,551.4655151367188,93.80703735351562,5634.580078125,17.610000610351562
2024-09-18,45.665870666503906,25.143693923950195,235.50999450683594,467.0599060058594,103.13399505615234,549.8300170898438,92.64423370361328,5618.259765625,18.229999542236328
2024-09-19,45.68324661254883,25.396034240722656,239.1699981689453,478.8691101074219,103.15266418457031,559.2124633789062,92.3372573852539,5713.64013671875,16.329999923706055
2024-09-20,45.701534271240234,25.48615264892578,242.2100067138672,477.95770263671875,103.19935607910156,558.245849609375,91.9837646484375,5702.5498046875,16.149999618530273
2024-09-23,45.73628616333008,25.48615264892578,242.67999267578125,479.2245788574219,103.21803283691406,559.6408081054688,91.78838348388672,5718.56982421875,15.890000343322754
2024-09-24,45.71982955932617,25.630348205566406,246.07000732421875,481.5361328125,103.22738647460938,561.2420654296875,91.7697982788086,5732.93017578125,15.390000343322754
2024-09-25,45.7565803527832,25.59429931640625,245.72999572753906,481.9826354980469,103.24604797363281,560.0042724609375,91.0069808959961,5722.259765625,15.40999984741211
2024-09-26,45.765769958496094,25.711458206176758,246.97999572753906,485.60382080078125,103.2553939819336,562.2244873046875,91.22093200683594,5745.3701171875,15.369999885559082
2024-09-27,45.79332733154297,25.612354278564453,245.02000427246094,482.9052734375,103.29273223876953,561.4091186523438,91.69535827636719,5738.169921875,16.959999084472656
2024-09-30,45.7565803527832,25.575984954833984,243.05999755859375,484.2148132324219,103.29273223876953,563.6588134765625,91.2581558227539,5762.47998046875,16.729999542236328
2024-10-01,45.774959564208984,25.603260040283203,245.61000061035156,477.468505859375,103.31523132324219,558.6093139648438,91.91704559326172,5708.75,19.260000228881836
2024-10-02,45.80251693725586,25.630535125732422,245.66000366210938,478.1432189941406,103.31523132324219,558.8450927734375,91.14244079589844,5709.5400390625,18.899999618530273
2024-10-03,45.820899963378906,25.348684310913086,245.49000549316406,477.7860412597656,103.31523132324219,557.8234252929688,90.28382110595703,5699.93994140625,20.489999771118164
2024-10-04,45.8300895690918,25.257762908935547,245.0,483.47076416015625,103.35272216796875,562.892578125,89.17324829101562,5751.06982421875,19.209999084472656
2024-10-07,45.8300895690918,25.06682777404785,244.1699981689453,478.2920227050781,103.3433609008789,557.8038330078125,88.50130462646484,5695.93994140625,22.639999389648438
2024-10-08,45.820899963378906,25.0577335357666,242.3699951171875,485.43511962890625,103.3714828491211,563.0792236328125,88.65062713623047,5751.1298828125,21.420000076293945
2024-10-09,45.84846115112305,25.0577335357666,241.0500030517578,489.2547302246094,103.38084411621094,566.9793701171875,88.14665222167969,5792.0400390625,20.860000610351562
2024-10-10,45.839263916015625,24.98499870300293,242.82000732421875,488.6991271972656,103.39024353027344,565.987060546875,87.80135345458984,5780.0498046875,20.93000030517578
2024-10-11,45.885215759277344,25.112289428710938,245.47000122070312,489.4630432128906,103.43711853027344,569.3763427734375,87.44668579101562,5815.02978515625,20.459999084472656
2024-10-14,45.885215759277344,25.121381759643555,245.07000732421875,493.5703430175781,103.44647216796875,574.032958984375,87.51203155517578,5859.85009765625,19.700000762939453
2024-10-15,45.90359115600586,25.048643112182617,245.9199981689453,486.972900390625,103.45587158203125,569.5729370117188,88.57596588134766,5815.259765625,20.639999389648438
2024-10-16,45.90359115600586,25.13047218322754,247.14999389648438,487.03240966796875,103.47462463378906,572.0485229492188,88.94925689697266,5842.47021484375,19.579999923706055
2024-10-17,45.91277313232422,25.02136993408203,248.6300048828125,487.3697204589844,103.47462463378906,572.0975952148438,87.54004669189453,5841.47021484375,19.110000610351562
2024-10-18,45.90359115600586,25.139564514160156,251.27000427246094,490.56427001953125,103.5215072631836,574.2981567382812,87.6053695678711,5864.669921875,18.030000686645508
2024-10-21,45.921958923339844,24.939538955688477,251.22000122070312,491.5068054199219,103.53086853027344,573.3550415039062,86.07483673095703,5853.97998046875,18.3700008392334
2024-10-22,45.921958923339844,24.930450439453125,253.92999267578125,492.0425109863281,103.53086853027344,573.050537109375,86.15879821777344,5851.2001953125,18.200000762939453
2024-10-23,45.94965362548828,24.694053649902344,250.8699951171875,484.5025634765625,103.53086853027344,567.8142700195312,85.92548370361328,5797.419921875,19.239999771118164
2024-10-24,45.95889663696289,24.784975051879883,252.8000030517578,488.4312438964844,103.54960632324219,569.0423583984375,86.47611999511719,5809.85986328125,19.079999923706055
2024-10-25,45.9635009765625,24.73951530456543,253.32000732421875,491.4075927734375,103.58711242675781,568.8458862304688,85.9908218383789,5808.1201171875,20.329999923706055
2024-10-28,45.95889663696289,24.830434799194336,253.3300018310547,491.4869689941406,103.61522674560547,570.6043701171875,85.75751495361328,5823.52001953125,19.799999237060547
2024-10-29,45.96812057495117,24.90317153930664,256.0899963378906,496.2093505859375,103.61522674560547,571.52783203125,85.88816833496094,5832.919921875,19.34000015258789
2024-10-30,46.00041961669922,24.721328735351562,257.5,492.459228515625,103.64337921142578,569.798828125,86.14013671875,5813.669921875,20.350000381469727
2024-10-31,45.98657989501953,24.484935760498047,253.50999450683594,480.0281982421875,103.66212463378906,558.6289672851562,86.28012084960938,5705.4501953125,23.15999984741211
2024-11-01,46.00872802734375,24.521303176879883,252.47000122070312,483.5799255371094,103.70636749267578,560.9866333007812,85.06373596191406,5728.7998046875,21.8799991607666
2024-11-04,46.041038513183594,24.43038558959961,252.8300018310547,482.1711120605469,103.7252197265625,559.7782592773438,86.38407135009766,5712.68994140625,21.979999542236328
2024-11-05,46.051185607910156,24.503122329711914,253.39999389648438,488.3221435546875,103.7252197265625,566.547119140625,86.84290313720703,5782.759765625,20.489999771118164
2024-11-06,46.07887649536133,24.584951400756836,245.6999969482422,501.5865173339844,103.7252197265625,580.6345825195312,84.46444702148438,5929.0400390625,16.270000457763672
2024-11-07,46.0899658203125,24.82134246826172,249.64999389648438,509.483642578125,103.7534408569336,585.1240844726562,85.5225601196289,5973.10009765625,15.199999809265137
2024-11-08,46.092735290527344,24.748605728149414,247.9600067138672,510.0789489746094,103.80992889404297,587.65869140625,86.60881042480469,5995.5400390625,14.9399995803833
2024-11-11,46.101966857910156,24.67586898803711,242.13999938964844,509.7813720703125,103.80052947998047,588.2186889648438,86.18743133544922,6001.35009765625,14.970000267028809
2024-11-12,46.11212158203125,24.639501571655273,240.0500030517578,508.85858154296875,103.80992889404297,586.3914184570312,84.89517211914062,5983.990234375,14.710000038146973
2024-11-13,46.12503433227539,24.64859390258789,237.6300048828125,508.2038879394531,103.8287582397461,586.6763916015625,84.0898666381836,5985.3798828125,14.020000457763672
2024-11-14,46.113956451416016,24.521303176879883,237.00999450683594,504.6719970703125,103.83818817138672,582.9039306640625,84.5768051147461,5949.169921875,14.3100004196167
2024-11-15,46.13242721557617,24.503122329711914,236.58999633789062,492.647705078125,103.85700988769531,575.4376831054688,84.35205841064453,5870.6201171875,16.139999389648438
2024-11-18,46.14349365234375,24.51221466064453,241.08999633789062,496.0704650878906,103.87583923339844,577.7955322265625,84.50188446044922,5893.6201171875,15.579999923706055
2024-11-19,46.16195297241211,24.503122329711914,243.25,499.48321533203125,103.89466857910156,579.9075927734375,84.9326400756836,5916.97998046875,16.350000381469727
2024-11-20,46.15268325805664,24.603130340576172,244.6199951171875,499.195556640625,103.91350555419922,580.1040649414062,84.66106414794922,5917.10986328125,17.15999984741211
2024-11-21,46.16195297241211,24.666776657104492,246.66000366210938,500.9913024902344,103.91350555419922,583.21826171875,84.59552764892578,5948.7099609375,16.8700008392334
2024-11-22,46.17958068847656,24.775882720947266,249.83999633789062,501.79486083984375,103.9511489868164,585.02587890625,84.6423568725586,5969.33984375,15.239999771118164
2024-11-25,46.20646667480469,24.666776657104492,242.47999572753906,502.58856201171875,103.97000885009766,587.0103759765625,86.83354187011719,5987.3701171875,14.600000381469727
2024-11-26,46.222232818603516,24.748605728149414,242.9499969482422,505.28704833984375,103.97940826416016,590.075439453125,86.4964370727539,6021.6298828125,14.100000381469727
2024-11-27,46.224090576171875,24.594039916992188,243.49000549316406,501.3087463378906,103.99822998046875,588.2874145507812,87.09575653076172,5998.740234375,14.100000381469727
2024-11-29,46.23243713378906,24.73951530456543,245.58999633789062,505.71368408203125,104.04531860351562,591.94189453125,87.99470520019531,6032.3798828125,13.510000228881836
2024-12-02,46.2444953918457,24.839527130126953,243.44000244140625,511.21978759765625,104.06043243408203,593.0029907226562,88.20614624023438,6047.14990234375,13.34000015258789
2024-12-03,46.236148834228516,24.82134246826172,243.92999267578125,512.787353515625,104.08877563476562,593.2778930664062,87.44498443603516,6049.8798828125,13.300000190734863
2024-12-04,46.25932312011719,24.90317153930664,244.6699981689453,519.126953125,104.08877563476562,596.9619750976562,88.38465118408203,6086.490234375,13.449999809265137
2024-12-05,46.236148834228516,24.73951530456543,242.86000061035156,517.6883544921875,104.11714172363281,595.9796142578125,88.56321716308594,6075.10986328125,13.539999961853027
2024-12-06,46.26396179199219,24.866802215576172,242.9499969482422,522.3214721679688,104.16439056396484,597.1094360351562,88.69474029541016,6090.27001953125,12.770000457763672
2024-12-09,46.27323913574219,24.875896453857422,245.36000061035156,518.25390625,104.18330383300781,594.034423828125,87.87723541259766,6052.85009765625,14.1899995803833
2024-12-10,46.282501220703125,24.857711791992188,248.58999633789062,516.4878540039062,104.18330383300781,592.1875610351562,87.46379852294922,6034.91015625,14.180000305175781
2024-12-11,46.291778564453125,25.003185272216797,250.9600067138672,525.7342529296875,104.20218658447266,596.7655639648438,86.63690185546875,6084.18994140625,13.579999923706055
2024-12-12,46.301055908203125,24.89407730102539,247.27999877929688,522.34130859375,104.21163177490234,593.690673828125,85.58448028564453,6051.25,13.920000076293945
2024-12-13,46.319602966308594,24.68496322631836,244.2899932861328,526.3395385742188,104.2400131225586,593.57275390625,84.71057891845703,6051.08984375,13.8100004196167
2024-12-16,46.32887649536133,24.67586898803711,244.8800048828125,533.9190673828125,104.26834869384766,596.1072998046875,84.96427154541016,6074.080078125,14.6899995803833
2024-12-17,46.3427848815918,24.68496322631836,243.94000244140625,531.5677490234375,104.26834869384766,593.6513671875,85.17101287841797,6050.60986328125,15.869999885559082
2024-12-18,46.31404113769531,24.466751098632812,239.25999450683594,512.3905029296875,104.28446960449219,575.9584350585938,84.10601043701172,5872.16015625,27.6200008392334
2024-12-19,46.31032943725586,24.403108596801758,239.60000610351562,510.10870361328125,104.31293487548828,575.7815551757812,82.83255004882812,5867.080078125,24.09000015258789
2024-12-20,46.352054595947266,24.421293258666992,242.10000610351562,514.563232421875,104.3414077758789,582.6973266601562,83.30419158935547,5930.85009765625,18.360000610351562
2024-12-23,46.365962982177734,24.484935760498047,240.9600067138672,519.5764770507812,104.35087585449219,586.1865844726562,82.54011535644531,5974.06982421875,16.780000686645508
2024-12-24,46.3985710144043,24.575855255126953,241.44000244140625,526.621826171875,104.37934875488281,592.7020874023438,82.88912963867188,6040.0400390625,14.270000457763672
2024-12-26,46.40323257446289,24.51221466064453,243.07000732421875,526.2640380859375,104.39830017089844,592.7415771484375,82.84198760986328,6037.58984375,14.729999542236328
2024-12-27,46.4218635559082,24.484994888305664,241.39999389648438,519.2684326171875,104.4267807006836,586.5020141601562,82.16278839111328,5970.83984375,15.949999809265137
2024-12-30,46.4218635559082,24.4099178314209,240.6300048828125,512.3621826171875,104.45524597167969,579.80908203125,82.82311248779297,5906.93994140625,17.399999618530273
2024-12-31,46.41254806518555,24.550691604614258,242.1300048828125,508.0097961425781,104.46473693847656,577.6997680664062,82.37974548339844,5881.6298828125,17.350000381469727
2025-01-02,46.43117904663086,24.72900390625,245.4199981689453,507.0160827636719,104.48370361328125,576.2803344726562,82.60612487792969,5868.5498046875,17.93000030517578
2025-01-03,46.459129333496094,24.71961784362793,243.49000549316406,515.3134765625,104.51216888427734,583.48583984375,82.34201049804688,5942.47021484375,16.1299991607666
2025-01-06,46.459129333496094,24.635154724121094,243.19000244140625,521.2359008789062,104.53114318847656,586.8469848632812,81.97413635253906,5975.3798828125,16.040000915527344
2025-01-07,46.459129333496094,24.71023178100586,244.55999755859375,511.934814453125,104.55010986328125,580.2132568359375,81.0496826171875,5909.02978515625,17.81999969482422
2025-01-08,46.46844482421875,24.860387802124023,245.86000061035156,512.0243530273438,104.55010986328125,581.0609741210938,81.15342712402344,5918.25,17.700000762939453
2025-01-10,46.477760314941406,25.123167037963867,248.2100067138672,503.99517822265625,104.57856750488281,572.189697265625,80.6157455444336,5827.0400390625,19.540000915527344
2025-01-13,46.459129333496094,25.1982421875,245.74000549316406,502.37548828125,104.59757995605469,573.0768432617188,80.58744812011719,5836.22021484375,19.190000534057617
2025-01-14,46.48707580566406,25.001161575317383,247.02999877929688,501.89849853515625,104.60704040527344,573.8653564453125,80.45537567138672,5842.91015625,18.709999084472656
2025-01-15,46.5150260925293,25.029315948486328,248.8800048828125,513.4453125,104.62602233886719,584.303955078125,81.84205627441406,5949.91015625,16.1200008392334
2025-01-16,46.49638748168945,25.001161575317383,250.60000610351562,509.84814453125,104.63550567626953,583.1802368164062,82.10618591308594,5937.33984375,16.600000381469727
2025-01-17,46.53365707397461,25.08562469482422,249.27000427246094,518.45361328125,104.68292999267578,589.0353393554688,82.2476806640625,5996.66015625,15.970000267028809
2025-01-21,46.52434158325195,24.822851181030273,253.1300048828125,521.4942016601562,104.70191955566406,594.4271240234375,82.98346710205078,6049.240234375,15.0600004196167
2025-01-22,46.557098388671875,24.879159927368164,254.42999267578125,528.1619262695312,104.70191955566406,597.7686157226562,82.54954528808594,6086.3701171875,15.100000381469727
2025-01-23,46.56644821166992,24.944852828979492,254.07000732421875,529.284912109375,104.72088623046875,601.03125,81.90807342529297,6118.7099609375,15.020000457763672
2025-01-24,46.58049392700195,24.757156372070312,255.64999389648438,526.2938842773438,104.75884246826172,599.2766723632812,82.2759780883789,6101.240234375,14.850000381469727
2025-01-27,46.557098388671875,24.58823013305664,252.99000549316406,510.97100830078125,104.77782440185547,590.7997436523438,83.24759674072266,6012.27978515625,17.899999618530273
2025-01-28,46.56644821166992,24.76654052734375,255.17999267578125,518.5231323242188,104.78730010986328,595.8760375976562,83.19100189208984,6067.7001953125,16.40999984741211
2025-01-29,46.56644821166992,24.747774124145508,254.1999969482422,517.54931640625,104.79678344726562,593.2048950195312,83.02120208740234,6039.31005859375,16.559999465942383
2025-01-30,46.58516311645508,24.813465118408203,258.04998779296875,519.7553100585938,104.80628967285156,596.3886108398438,83.33247375488281,6071.169921875,15.84000015258789
2025-01-31,46.58423614501953,24.84161949157715,258.55999755859375,519.0000610351562,104.84422302246094,593.2146606445312,82.7853775024414,6040.52978515625,16.43000030517578
2025-02-03,46.608558654785156,24.8885440826416,259.94000244140625,514.846435546875,104.85660552978516,589.2225952148438,83.45940399169922,5994.56982421875,18.6200008392334
2025-02-04,46.631954193115234,24.775924682617188,262.5,521.1663208007812,104.86611938476562,593.1752319335938,83.71503448486328,6037.8798828125,17.209999084472656
2025-02-05,46.631954193115234,24.71023178100586,264.1300048828125,523.5314331054688,104.8756332397461,595.580322265625,85.0971908569336,6061.47998046875,15.770000457763672
2025-02-06,46.62260437011719,24.747774124145508,263.42999267578125,526.2640380859375,104.89469146728516,597.6503295898438,85.0593032836914,6083.56982421875,15.5
2025-02-07,46.64038848876953,24.84161949157715,263.8999938964844,519.6261596679688,104.92326354980469,592.1797485351562,84.51022338867188,6025.990234375,16.540000915527344
2025-02-10,46.660037994384766,25.06685447692871,268.3699951171875,525.916259765625,104.93277740478516,596.2012939453125,84.25462341308594,6066.43994140625,15.8100004196167
2025-02-11,46.67875289916992,25.07624053955078,267.3900146484375,524.6641845703125,104.93277740478516,596.65478515625,83.71503448486328,6068.5,16.020000457763672
2025-02-12,46.669395446777344,25.132551193237305,267.6700134277344,524.9722290039062,104.93277740478516,594.7327270507812,82.57898712158203,6051.97021484375,15.890000343322754
2025-02-13,46.67875289916992,25.057472229003906,270.30999755859375,532.5244140625,104.96134185791016,601.0115356445312,83.9516830444336,6115.06982421875,15.100000381469727
2025-02-14,46.688114166259766,24.804080963134766,266.2900085449219,534.7601928710938,105.00895690917969,600.9820556640625,84.39664459228516,6114.6298828125,14.770000457763672
2025-02-18,46.71524429321289,25.179473876953125,270.70001220703125,535.9725341796875,105.00895690917969,602.746337890625,83.4026107788086,6129.580078125,15.350000381469727
2025-02-19,46.71524429321289,25.057472229003906,270.8500061035156,536.12158203125,105.03752136230469,604.165771484375,83.50674438476562,6144.14990234375,15.270000457763672
2025-02-20,46.716182708740234,24.916698455810547,270.989990234375,533.845947265625,105.04703521728516,601.6522827148438,83.81914520263672,6117.52001953125,15.65999984741211
2025-02-21,46.72554397583008,24.65392303466797,270.739990234375,522.7661743164062,105.08513641357422,591.361572265625,84.83210754394531,6013.1298828125,18.209999084472656
2025-02-24,46.72554397583008,24.606998443603516,272.2099914550781,516.5953979492188,105.10416412353516,588.6705932617188,85.07823181152344,5983.25,18.979999542236328
2025-02-25,46.70682144165039,24.35361099243164,268.6199951171875,510.08660888671875,105.12321472167969,585.7430419921875,86.54560852050781,5955.25,19.43000030517578
2025-02-26,46.73972702026367,24.362995147705078,269.0299987792969,511.3187255859375,105.12321472167969,586.0387573242188,87.05680084228516,5956.06005859375,19.100000381469727
2025-02-27,46.71622848510742,24.3348388671875,264.92999267578125,497.1187744140625,105.13275146484375,576.6844482421875,86.44145965576172,5861.56982421875,21.1299991607666
2025-02-28,46.752872467041016,24.269147872924805,263.2699890136719,504.9690246582031,105.17082977294922,585.6838989257812,87.5017318725586,5954.5,19.6299991607666
2025-03-03,46.73502731323242,24.10960578918457,266.739990234375,493.9190673828125,105.18803405761719,575.4227294921875,87.91009521484375,5849.72021484375,22.780000686645508
2025-03-04,46.69742202758789,23.921907424926758,269.05999755859375,492.42852783203125,105.19757843017578,568.6116333007812,86.82746887207031,5778.14990234375,23.510000228881836
2025-03-05,46.73502731323242,23.893753051757812,269.6199951171875,498.8478088378906,105.21669006347656,574.7228393554688,86.13423919677734,5842.6298828125,21.93000030517578
2025-03-06,46.71622848510742,23.771751403808594,268.25,485.12481689453125,105.22624969482422,564.52099609375,85.8493423461914,5738.52001953125,24.8700008392334
2025-03-07,46.73502731323242,23.80929183959961,268.3900146484375,488.6922302246094,105.27400207519531,567.6849975585938,85.57392883300781,5770.2001953125,23.3700008392334
2025-03-10,46.673927307128906,23.35881996154785,266.0400085449219,469.7522888183594,105.28356170654297,552.5643920898438,86.46661376953125,5614.56005859375,27.860000610351562
2025-03-11,46.688026428222656,23.34943199157715,269.1600036621094,468.62939453125,105.30266571044922,547.970947265625,85.8493423461914,5572.06982421875,26.920000076293945
2025-03-12,46.78202438354492,23.5465145111084,270.3299865722656,473.9159240722656,105.30266571044922,550.8788452148438,85.33653259277344,5599.2998046875,24.229999542236328
2025-03-13,46.702125549316406,23.565284729003906,275.1300048828125,465.38995361328125,105.31221771240234,543.5352783203125,86.08675384521484,5521.52001953125,24.65999984741211
2025-03-14,46.77261734008789,23.7905216217041,275.239990234375,476.6386413574219,105.35997772216797,554.762451171875,85.63088989257812,5638.93994140625,21.770000457763672
2025-03-17,46.77261734008789,23.884370803833008,276.7300109863281,479.7290344238281,105.35997772216797,559.0404663085938,86.05826568603516,5675.1201171875,20.510000228881836
2025-03-18,46.81023025512695,23.950061798095703,279.9599914550781,471.5508728027344,105.3695297241211,552.9981079101562,86.14372253417969,5614.66015625,21.700000762939453
2025-03-19,46.80082321166992,23.959449768066406,281.1099853515625,477.86090087890625,105.37908172607422,559.020751953125,86.59005737304688,5675.2900390625,19.899999618530273
2025-03-20,46.85721969604492,23.893753051757812,280.75,476.2411804199219,105.39820861816406,557.4041748046875,86.64704132080078,5662.89013671875,19.799999237060547
2025-03-21,46.86662292480469,23.884370803833008,278.489990234375,477.8111877441406,105.4364013671875,557.5880126953125,86.13423919677734,5667.56005859375,19.280000686645508
2025-03-24,46.88541793823242,23.912521362304688,277.25,488.29644775390625,105.44593811035156,567.5736083984375,85.25103759765625,5767.56982421875,17.479999542236328
2025-03-25,46.90422058105469,23.950061798095703,278.4700012207031,491.0829162597656,105.45550537109375,568.93798828125,85.2415542602539,5776.64990234375,17.149999618530273
2025-03-26,46.89666748046875,23.959449768066406,278.239990234375,482.0467224121094,105.46507263183594,562.1458740234375,84.6812515258789,5712.2001953125,18.329999923706055
2025-03-27,46.89666748046875,24.03411102294922,281.9700012207031,479.29998779296875,105.48416900634766,560.6529541015625,84.43434143066406,5693.31005859375,18.690000534057617
2025-03-28,46.84947204589844,23.939599990844727,284.05999755859375,466.6810607910156,105.51282501220703,549.3623657226562,85.6024169921875,5580.93994140625,21.649999618530273
2025-03-31,46.84947204589844,23.873443603515625,288.1400146484375,466.6611633300781,105.52238464355469,553.0501098632812,86.44762420654297,5611.85009765625,22.280000686645508
2025-04-01,46.90610122680664,23.920696258544922,287.57000732421875,470.4230041503906,105.54537963867188,554.6121215820312,87.19673156738281,5633.06982421875,21.770000457763672
2025-04-02,46.92498779296875,23.85453987121582,288.1600036621094,473.8563232421875,105.55496978759766,558.1220092773438,87.1395492553711,5670.97021484375,21.510000228881836
2025-04-03,46.802276611328125,23.627714157104492,286.4200134277344,448.4891357421875,105.56456756591797,530.6171875,87.53984069824219,5396.52001953125,30.020000457763672
2025-04-04,46.26420593261719,23.34418296813965,279.7200012207031,420.63397216796875,105.61248779296875,499.5533447265625,88.49291229248047,5074.080078125,45.310001373291016
2025-04-07,46.254764556884766,23.296926498413086,273.7099914550781,421.6490478515625,105.62207794189453,498.6635437011719,85.82430267333984,5062.25,46.97999954223633
2025-04-08,46.132041931152344,23.25912094116211,275.20001220703125,414.0557861328125,105.6412582397461,490.8531188964844,84.2040786743164,4982.77001953125,52.33000183105469
2025-04-09,46.69842529296875,23.722227096557617,285.3800048828125,463.7552185058594,105.6412582397461,542.4022216796875,84.6996841430664,5456.89990234375,33.619998931884766
2025-04-10,46.604034423828125,23.589908599853516,292.3500061035156,444.03070068359375,105.6412582397461,518.6345825195312,82.36465454101562,5268.0498046875,40.720001220703125
2025-04-11,46.67011260986328,23.674968719482422,297.92999267578125,452.2110900878906,105.68919372558594,527.8884887695312,82.81260681152344,5363.35986328125,37.560001373291016
2025-04-14,46.73619079589844,23.571008682250977,296.2300109863281,455.2762756347656,105.69876861572266,533.009765625,83.40351104736328,5405.97021484375,30.889999389648438
2025-04-15,46.74563217163086,23.684419631958008,297.7799987792969,455.7838439941406,105.70836639404297,531.5169067382812,83.6989517211914,5396.6298828125,30.1200008392334
2025-04-16,46.75506591796875,23.769479751586914,307.4700012207031,442.04034423828125,105.7275390625,519.7023315429688,84.16596221923828,5275.7001953125,32.63999938964844
2025-04-17,46.811702728271484,23.750579833984375,306.1199951171875,441.9607238769531,105.77545166015625,520.44384765625,83.42253875732422,5282.7001953125,29.649999618530273
2025-04-21,46.74563217163086,23.73167610168457,315.5899963378906,431.02362060546875,105.78504943847656,508.0558776855469,81.96434783935547,5158.2001953125,33.81999969482422
2025-04-22,46.84947204589844,23.892343521118164,311.1099853515625,442.3388977050781,105.79463958740234,521.2743530273438,82.42182922363281,5287.759765625,30.56999969482422
2025-04-23,46.9139289855957,23.863990783691406,303.6499938964844,452.370361328125,105.80421447753906,529.3516845703125,83.2224349975586,5375.85986328125,28.450000762939453
2025-04-24,46.95184326171875,23.939599990844727,308.07000732421875,465.0987243652344,105.81379699707031,540.4940185546875,84.09923553466797,5484.77001953125,26.469999313354492
2025-04-25,46.98976516723633,24.053014755249023,304.7300109863281,470.28363037109375,105.8521499633789,544.3992919921875,84.71875,5525.2099609375,24.84000015258789
2025-04-28,47.01820373535156,23.930150985717773,309.07000732421875,470.1343688964844,105.86173248291016,544.6068725585938,85.2524642944336,5528.75,25.149999618530273
2025-04-29,47.00872039794922,23.863990783691406,306.05999755859375,473.2393493652344,105.86173248291016,548.03759765625,85.96727752685547,5560.830078125,24.170000076293945
2025-04-30,47.00872039794922,23.873443603515625,303.7699890136719,473.1795959472656,105.89049530029297,548.2550659179688,85.27153015136719,5569.06005859375,24.700000762939453
2025-05-01,47.03716278076172,23.712772369384766,297.4599914550781,479.35968017578125,105.90203094482422,552.1405029296875,84.83914947509766,5604.14013671875,24.600000381469727
2025-05-02,47.0750846862793,23.684419631958008,297.9800109863281,486.4752197265625,105.92127990722656,560.3365478515625,83.92082977294922,5686.669921875,22.68000030517578
2025-05-05,47.112998962402344,23.741125106811523,306.8800048828125,483.5892333984375,105.9308853149414,557.1233520507812,83.45210266113281,5650.3798828125,23.639999389648438
2025-05-06,47.108253479003906,23.986852645874023,315.4800109863281,479.09100341796875,105.94051361083984,552.4667358398438,83.72949981689453,5606.91015625,24.760000228881836
2025-05-07,47.09403991699219,23.901796340942383,310.75,480.97186279296875,105.95975494384766,554.7901611328125,84.08345031738281,5631.27978515625,23.549999237060547
2025-05-08,47.14617156982422,23.816736221313477,304.6300048828125,485.9378356933594,105.9693603515625,558.6558227539062,83.14599609375,5663.93994140625,22.479999542236328
2025-05-09,47.16986846923828,23.920696258544922,306.8399963378906,485.6194152832031,105.99822998046875,557.9439697265625,83.2703628540039,5659.91015625,21.899999618530273
2025-05-12,47.17935562133789,23.797834396362305,298.19000244140625,505.40362548828125,106.0078353881836,576.3826904296875,82.49552917480469,5844.18994140625,18.389999389648438
2025-05-13,47.22675323486328,23.816736221313477,299.4599914550781,513.1063842773438,106.01747131347656,580.1890258789062,82.16072845458984,5886.5498046875,18.219999313354492
2025-05-14,47.23623275756836,23.750579833984375,293.1600036621094,516.1814575195312,106.01747131347656,580.9305419921875,81.61546325683594,5892.580078125,18.6200008392334
2025-05-15,47.23623275756836,23.845088958740234,297.8399963378906,516.7486572265625,106.03669738769531,583.7679443359375,82.3329086303711,5916.93017578125,17.829999923706055
2025-05-16,47.14143371582031,23.807283401489258,294.239990234375,518.9978637695312,106.07518005371094,587.4655151367188,82.55293273925781,5958.3798828125,17.239999771118164
2025-05-19,47.250450134277344,23.83563804626465,298.0299987792969,519.4954223632812,106.07518005371094,588.108154296875,82.31376647949219,5963.60009765625,18.139999389648438
2025-05-20,47.29310989379883,23.88289451599121,303.5799865722656,517.7637939453125,106.09441375732422,586.130859375,81.720703125,5940.4599609375,18.09000015258789
2025-05-21,47.249324798583984,23.85453987121582,305.82000732421875,510.56866455078125,106.1040267944336,576.2540893554688,80.3240966796875,5844.60986328125,20.8700008392334
2025-05-22,47.27787780761719,23.807283401489258,303.1099853515625,511.5240478515625,106.12327575683594,576.4815063476562,80.74497985839844,5842.009765625,20.280000686645508
2025-05-23,47.25883865356445,23.939599990844727,309.75,506.78692626953125,106.17135620117188,572.5465698242188,80.87891387939453,5802.81982421875,22.290000915527344
2025-05-27,47.315956115722656,23.873443603515625,304.5,518.7091674804688,106.17135620117188,584.4501953125,82.00767517089844,5921.5400390625,18.959999084472656
2025-05-28,47.325477600097656,23.83563804626465,303.80999755859375,516.4103393554688,106.18098449707031,581.0689086914062,81.65372467041016,5888.5498046875,19.309999465942383
2025-05-29,47.29691696166992,23.873443603515625,305.6099853515625,517.4254760742188,106.2098388671875,583.3626098632812,82.40943145751953,5912.169921875,19.18000030517578
2025-05-30,47.334999084472656,23.83563804626465,303.6000061035156,516.609375,106.22906494140625,582.7101440429688,82.5337905883789,5911.68994140625,18.56999969482422
2025-06-02,47.34451675415039,23.977405548095703,311.6700134277344,520.689697265625,106.2454833984375,585.992431640625,81.76567840576172,5935.93994140625,18.360000610351562
2025-06-03,47.37307357788086,23.911245346069336,308.9100036621094,524.7598876953125,106.2647933959961,589.3341064453125,81.62165069580078,5970.3701171875,17.690000534057617
2025-06-04,47.37307357788086,24.03411102294922,310.8999938964844,526.222900390625,106.2744369506836,589.1759033203125,82.9466552734375,5970.81005859375,17.610000610351562
2025-06-05,47.392112731933594,23.986852645874023,309.3299865722656,522.2620239257812,106.30340576171875,586.3285522460938,83.00425720214844,5939.2998046875,18.479999542236328
2025-06-06,47.40544509887695,23.920696258544922,305.17999267578125,527.3672485351562,106.31305694580078,592.3495483398438,81.9480972290039,6000.35986328125,16.770000457763672
2025-06-09,47.382598876953125,23.930150985717773,306.6199951171875,528.1435546875,106.34202575683594,592.8834838867188,82.0345230102539,6005.8798828125,17.15999984741211
2025-06-10,47.392112731933594,23.939599990844727,306.7099914550781,531.63671875,106.35166931152344,596.244873046875,82.45697021484375,6038.81005859375,16.950000762939453
2025-06-11,47.37307357788086,24.08136558532715,308.3699951171875,529.8452758789062,106.36133575439453,594.54443359375,82.70661926269531,6022.240234375,17.260000228881836
2025-06-12,47.43020248413086,24.204233169555664,312.20001220703125,531.0892944335938,106.38063049316406,596.9073486328125,83.69554901123047,6045.259765625,18.020000457763672
2025-06-13,47.43020248413086,24.27984046936035,316.2900085449219,524.4215698242188,106.41924285888672,590.2338256835938,82.88904571533203,5976.97021484375,20.81999969482422
2025-06-16,47.47780990600586,24.22313117980957,311.7799987792969,531.7162475585938,106.41924285888672,595.8494262695312,82.05372619628906,6033.10986328125,19.110000610351562
2025-06-17,47.47780990600586,24.242034912109375,311.94000244140625,526.5313720703125,106.42889404296875,590.7578735351562,83.0522689819336,5982.72021484375,21.600000381469727
2025-06-18,47.49684524536133,24.242034912109375,310.260009765625,526.4417114257812,106.4578628540039,590.6688232421875,83.19629669189453,5980.8701171875,20.139999389648438
2025-06-20,47.47780990600586,24.260934829711914,310.1300048828125,524.292236328125,106.49647521972656,589.2816162109375,83.04265594482422,5967.83984375,20.6200008392334
2025-06-23,47.49684524536133,24.242034912109375,311.0799865722656,529.6832275390625,106.51578521728516,595.1022338867188,83.3115005493164,6025.169921875,19.829999923706055
2025-06-24,47.54445266723633,24.32709312438965,306.19000244140625,537.7831420898438,106.52543640136719,601.6764526367188,83.91639709472656,6092.18017578125,17.479999542236328
2025-06-25,47.57790756225586,24.34599494934082,307.1199951171875,539.157958984375,106.53509521484375,602.0136108398438,84.02201843261719,6092.16015625,16.760000228881836
2025-06-26,47.53010559082031,24.468860626220703,306.7799987792969,544.19921875,106.55438232421875,606.7236938476562,84.44447326660156,6141.02001953125,16.59000015258789
2025-06-27,47.57790756225586,24.45078468322754,301.2200012207031,546.0623779296875,106.59300994873047,609.7380981445312,83.90678405761719,6173.06982421875,16.31999969482422
2025-06-30,47.549224853515625,24.479324340820312,304.8299865722656,549.5992431640625,106.59300994873047,612.6533813476562,84.73251342773438,6204.9501953125,16.729999542236328
2025-07-01,47.549224853515625,24.49835205078125,307.54998779296875,544.9664306640625,106.60366821289062,612.455078125,84.94259643554688,6198.009765625,16.829999923706055
2025-07-02,47.59703063964844,24.56494903564453,309.25,548.7623291015625,106.61335754394531,615.2315063476562,84.40293884277344,6227.419921875,16.639999389648438
2025-07-03,47.57790756225586,24.51738166809082,307.1400146484375,554.1622924804688,106.65209197998047,620.0803833007812,83.8150405883789,6279.35009765625,16.3799991607666
2025-07-07,47.61616134643555,24.44127082824707,307.3699951171875,549.98779296875,106.67146301269531,615.4595947265625,83.0151596069336,6229.97998046875,17.790000915527344
2025-07-08,47.67353057861328,24.460296630859375,304.1600036621094,550.2966918945312,106.69084167480469,615.1224365234375,82.9091567993164,6225.52001953125,16.809999465942383
2025-07-09,47.63528060913086,24.50786781311035,305.5199890136719,554.192138671875,106.70053100585938,618.8110961914062,83.77649688720703,6263.259765625,15.9399995803833
2025-07-10,47.61616134643555,24.469812393188477,306.20001220703125,553.3951416015625,106.710205078125,620.5563354492188,83.83432006835938,6280.4599609375,15.779999732971191
2025-07-11,47.62858200073242,24.49835205078125,309.1400146484375,552.1497802734375,106.73926544189453,618.3748168945312,82.6778564453125,6259.75,16.399999618530273
2025-07-14,47.6544075012207,24.460296630859375,308.010009765625,554.15234375,106.7586441040039,619.5547485351562,82.50438690185547,6268.56005859375,17.200000762939453
2025-07-15,47.6544075012207,24.35564422607422,306.7300109863281,554.660400390625,106.7586441040039,616.9072875976562,81.92615509033203,6243.759765625,17.3799991607666
2025-07-16,47.692649841308594,24.460296630859375,308.260009765625,555.2283935546875,106.78768920898438,618.9697265625,82.04180145263672,6263.7001953125,17.15999984741211
2025-07-17,47.659183502197266,24.460296630859375,307.5899963378906,559.7216186523438,106.7973861694336,622.757568359375,82.02251434326172,6297.35986328125,16.520000457763672
2025-07-18,47.67353057861328,24.52689552307129,308.3900146484375,559.1836547851562,106.83612823486328,622.301513671875,82.1478042602539,6296.7900390625,16.40999984741211
2025-07-21,47.6830940246582,24.622034072875977,313.1300048828125,562.0828857421875,106.8458023071289,623.4815063476562,82.8802490234375,6305.60009765625,16.649999618530273
2025-07-22,47.71177291870117,24.679119110107422,316.1000061035156,559.1737060546875,106.85549926757812,623.5707397460938,83.38135528564453,6309.6201171875,16.5
2025-07-23,47.70600128173828,24.736202239990234,312.17999267578125,561.7241821289062,106.86519622802734,628.8757934570312,82.91878509521484,6358.91015625,15.369999885559082
2025-07-24,47.71849060058594,24.68863296508789,310.2699890136719,562.9197387695312,106.8748779296875,629.083984375,82.77422332763672,6363.35009765625,15.390000343322754
2025-07-25,47.752098083496094,24.669605255126953,307.3999938964844,564.2747802734375,106.91360473632812,631.7413940429688,83.29461669921875,6388.64013671875,14.930000305175781
2025-07-28,47.76170349121094,24.56494903564453,305.4100036621094,566.0382080078125,106.92330169677734,631.582763671875,82.75494384765625,6389.77001953125,15.029999732971191
2025-07-29,47.76170349121094,24.545923233032227,306.25,565.1614990234375,106.94268798828125,629.9169311523438,84.15234375,6370.85986328125,15.979999542236328
2025-07-30,47.771305084228516,24.384185791015625,300.9599914550781,565.9186401367188,106.93299865722656,629.1236572265625,83.71867370605469,6362.89990234375,15.479999542236328
2025-07-31,47.78090286254883,24.365158081054688,302.9599914550781,562.9197387695312,106.94268798828125,626.763671875,83.76685333251953,6339.39013671875,16.719999313354492
2025-08-01,47.7328987121582,24.193906784057617,309.1099853515625,551.8309326171875,107.0350112915039,616.4907836914062,84.9577407836914,6238.009765625,20.3799991607666
2025-08-04,47.809722900390625,24.37467384338379,310.9100036621094,562.0131225585938,107.05445861816406,625.8612670898438,85.1899185180664,6329.93994140625,17.520000457763672
2025-08-05,47.79051208496094,24.365158081054688,311.1600036621094,558.1973266601562,107.04472351074219,622.688232421875,85.45112609863281,6299.18994140625,17.850000381469727
2025-08-06,47.81932830810547,24.393699645996094,310.5,565.2213134765625,107.07389068603516,627.457763671875,84.9577407836914,6345.06005859375,16.770000457763672
2025-08-07,47.80299377441406,24.49835205078125,313.1199951171875,567.1340942382812,107.08360290527344,626.9321899414062,84.8126220703125,6340.0,16.56999969482422
2025-08-08,47.848121643066406,24.49835205078125,313.04998779296875,572.4244995117188,107.12248229980469,631.82080078125,84.44502258300781,6389.4501953125,15.149999618530273
2025-08-11,47.841400146484375,24.469812393188477,308.54998779296875,570.730712890625,107.13221740722656,630.5713500976562,84.54175567626953,6373.4501953125,16.25
2025-08-12,47.83852005004883,24.66008949279785,308.2699890136719,577.9041137695312,107.15164184570312,637.2844848632812,84.11610412597656,6445.759765625,14.729999542236328
2025-08-13,47.83852005004883,24.793283462524414,309.2099914550781,578.193115234375,107.17108917236328,639.4659423828125,84.8126220703125,6466.580078125,14.489999771118164
2025-08-14,47.848121643066406,24.707658767700195,307.25,577.7446899414062,107.17108917236328,639.5254516601562,84.18382263183594,6468.5400390625,14.829999923706055
2025-08-15,47.86732482910156,24.66008949279785,307.42999267578125,575.2042236328125,107.20025634765625,638.0281372070312,83.58401489257812,6449.7998046875,15.09000015258789
2025-08-18,47.905738830566406,24.698144912719727,306.95001220703125,574.9750366210938,107.20996856689453,637.8892822265625,83.34217834472656,6449.14990234375,14.989999771118164
2025-08-19,47.905738830566406,24.56494903564453,305.2699890136719,567.1739501953125,107.2391357421875,634.4286499023438,83.82587432861328,6411.3701171875,15.569999694824219
2025-08-20,47.91730880737305,24.53641128540039,308.3599853515625,563.8064575195312,107.24884796142578,632.742919921875,84.00967407226562,6395.77978515625,15.6899995803833
2025-08-21,47.90766525268555,24.53641128540039,307.2900085449219,561.1962280273438,107.2391357421875,630.2044677734375,83.59369659423828,6370.169921875,16.600000381469727
2025-08-22,47.94624328613281,24.888423919677734,310.5799865722656,569.85400390625,107.30717468261719,639.8823852539062,84.21284484863281,6466.91015625,14.220000267028809
2025-08-25,47.95587921142578,24.774259567260742,309.8299865722656,568.210205078125,107.30717468261719,637.0662231445312,83.97098541259766,6439.31982421875,14.789999961853027
2025-08-26,47.92695236206055,24.745716094970703,312.0799865722656,570.4915771484375,107.31690216064453,639.733642578125,83.92261505126953,6465.93994140625,14.619999885559082
2025-08-27,47.90766525268555,24.736202239990234,312.7099914550781,571.368408203125,107.33631896972656,641.1912841796875,83.82587432861328,6481.39990234375,14.850000381469727
2025-08-28,47.93659591674805,24.821826934814453,315.0299987792969,574.9451293945312,107.34603881835938,643.4619750976562,84.3772964477539,6501.85986328125,14.430000305175781
2025-08-29,47.94624328613281,24.68863296508789,318.07000732421875,568.2898559570312,107.39463806152344,639.6245727539062,83.77749633789062,6460.259765625,15.359999656677246
2025-09-02,47.92695236206055,24.755229949951172,325.5899963378906,563.5275268554688,107.42195129394531,634.884765625,83.15406799316406,6415.5400390625,17.170000076293945
2025-09-03,47.99445724487305,24.85036849975586,328.1400146484375,567.9610595703125,107.44146728515625,638.3256225585938,84.06688690185547,6448.259765625,16.350000381469727
2025-09-04,47.973243713378906,25.002592086791992,326.69000244140625,573.1019287109375,107.46096801757812,643.6602783203125,84.70780181884766,6502.080078125,15.300000190734863
2025-09-05,47.98480987548828,25.08821678161621,331.04998779296875,573.9288940429688,107.51950073242188,641.796142578125,85.99934387207031,6481.5,15.180000305175781
2025-09-08,47.97517013549805,25.297523498535156,334.82000732421875,576.728515625,107.53899383544922,643.3727416992188,87.14522552490234,6495.14990234375,15.109999656677246
2025-09-09,48.01374816894531,25.326065063476562,334.05999755859375,578.3624267578125,107.52924346923828,644.8601684570312,86.64997863769531,6512.60986328125,15.039999961853027
2025-09-10,48.02339172363281,25.449745178222656,335.260009765625,578.5517578125,107.54875946044922,646.724365234375,87.14522552490234,6532.0400390625,15.350000381469727
2025-09-11,48.03303146362305,25.640026092529297,334.760009765625,581.9192504882812,107.56826782226562,652.0988159179688,87.7278823852539,6587.47021484375,14.710000038146973
2025-09-12,48.03977966308594,25.630512237548828,335.4200134277344,584.4896850585938,107.58777618408203,651.8805541992188,87.34915161132812,6584.2900390625,14.760000228881836
2025-09-15,48.04267501831055,25.83981704711914,338.9100036621094,589.4910888671875,107.60729217529297,655.3511352539062,87.55308532714844,6615.27978515625,15.6899995803833
2025-09-16,48.071598052978516,25.792247772216797,339.5899963378906,588.992919921875,107.62679290771484,654.4487915039062,87.73759460449219,6606.759765625,16.360000610351562
2025-09-17,48.06195831298828,25.75419044494629,336.9700012207031,587.8173828125,107.63654327392578,653.6357421875,87.51425170898438,6600.35009765625,15.720000267028809
2025-09-18,48.07835006713867,25.830303192138672,335.6199951171875,593.11767578125,107.64629364013672,656.6898803710938,86.61112976074219,6631.9599609375,15.699999809265137
2025-09-19,48.08124923706055,25.83981704711914,339.17999267578125,597.1327514648438,107.6853256225586,659.9423217773438,86.446044921875,6664.35986328125,15.449999809265137
2025-09-22,48.09089279174805,25.94447135925293,345.04998779296875,600.667724609375,107.69507598876953,663.0645751953125,86.13529205322266,6693.75,16.100000381469727
2025-09-23,48.10246276855469,25.973011016845703,346.4599914550781,596.6779174804688,107.69507598876953,659.4551391601562,86.73736572265625,6656.919921875,16.639999389648438
2025-09-24,48.121829986572266,25.93495750427246,343.32000732421875,594.583251953125,107.70482635498047,657.3569946289062,86.40721130371094,6637.97021484375,16.18000030517578
2025-09-25,48.11214828491211,25.92544174194336,344.75,592.0198364257812,107.7145767211914,654.3242797851562,86.40721130371094,6604.72021484375,16.739999771118164
2025-09-26,48.11214828491211,25.982524871826172,346.739990234375,594.4535522460938,107.75360107421875,658.072998046875,86.32952117919922,6643.7001953125,15.289999961853027
2025-09-29,48.15766525268555,26.08867835998535,352.4599914550781,597.20654296875,107.76335906982422,659.9224243164062,87.03840637207031,6661.2099609375,16.1200008392334
2025-09-30,48.15378952026367,26.117368698120117,355.4700012207031,598.8424072265625,107.77310180664062,662.4082641601562,86.78592681884766,6688.4599609375,16.280000686645508
2025-10-01,48.14120101928711,26.213001251220703,356.0299987792969,601.7150268554688,107.79953002929688,664.6654052734375,87.01006317138672,6711.2001953125,16.290000915527344
2025-10-02,48.15088653564453,26.25125503540039,354.7900085449219,604.188720703125,107.80931091308594,665.4309692382812,87.263427734375,6715.35009765625,16.6299991607666
2025-10-03,48.170249938964844,26.356449127197266,357.6400146484375,601.645263671875,107.84845733642578,665.421142578125,87.0977554321289,6715.7900390625,16.649999618530273
2025-10-06,48.179935455322266,26.872867584228516,364.3800048828125,606.1636962890625,107.83867645263672,667.8074951171875,86.40589141845703,6740.27978515625,16.3700008392334
2025-10-07,48.228363037109375,26.93025016784668,366.260009765625,602.9718627929688,107.84845733642578,665.3316040039062,86.9028549194336,6714.58984375,17.239999771118164
2025-10-08,48.20899200439453,27.274526596069336,372.29998779296875,609.8842163085938,107.86803436279297,669.2990112304688,86.9710693359375,6753.72021484375,16.299999237060547
2025-10-09,48.18961715698242,26.958938598632812,365.42999267578125,609.1461181640625,107.8778305053711,667.3600463867188,86.9028549194336,6735.10986328125,16.43000030517578
2025-10-10,48.16056442260742,25.993045806884766,369.1199951171875,588.0000610351562,107.9267578125,649.32275390625,88.30609893798828,6552.509765625,21.65999984741211
2025-10-13,48.228363037109375,26.748544692993164,378.0899963378906,600.4782104492188,107.91696166992188,659.2860107421875,88.25736236572266,6654.72021484375,19.030000686645508
2025-10-14,48.228363037109375,26.786800384521484,380.7900085449219,596.4784545898438,107.94631958007812,658.4805908203125,88.53997039794922,6644.31005859375,20.809999465942383
2025-10-15,48.14120101928711,26.968502044677734,387.3900146484375,600.6876831054688,107.93653869628906,661.4039306640625,88.3450698852539,6671.06005859375,20.639999389648438
2025-10-16,48.20899200439453,27.140640258789062,396.45001220703125,598.46337890625,107.95610809326172,656.8995971679688,89.00770568847656,6629.06982421875,25.309999465942383
2025-10-17,48.267093658447266,26.987628936767578,388.989990234375,602.393310546875,108.00504302978516,660.62841796875,88.87128448486328,6664.009765625,20.780000686645508
2025-10-20,48.30583572387695,27.44666862487793,403.1499938964844,609.9839477539062,108.01482391357422,667.499267578125,89.21234893798828,6735.1298828125,18.229999542236328
2025-10-21,48.27677536010742,27.188459396362305,377.239990234375,609.8244018554688,108.02461242675781,667.4893188476562,89.6508560180664,6735.35009765625,17.8700008392334
2025-10-22,48.26608657836914,27.11195182800293,377.2799987792969,603.9493408203125,108.04419708251953,664.0191040039062,89.7093276977539,6699.39990234375,18.600000381469727
2025-10-23,48.31470489501953,27.140640258789062,378.7900085449219,609.0264282226562,108.05398559570312,667.9566650390625,89.09540557861328,6738.43994140625,17.299999237060547
2025-10-24,48.30498504638672,27.255401611328125,377.5199890136719,615.52978515625,108.07354736328125,673.4155883789062,89.1343994140625,6791.68994140625,16.3700008392334
2025-10-27,48.334163665771484,27.322343826293945,367.010009765625,626.4918823242188,108.1029052734375,681.3603515625,89.43647003173828,6875.16015625,15.789999961853027
2025-10-28,48.334163665771484,27.23627281188965,364.3800048828125,631.3095703125,108.11270141601562,683.1700439453125,89.67034149169922,6890.89013671875,16.420000076293945
2025-10-29,48.27580261230469,27.140640258789062,363.0,634.15234375,108.1029052734375,683.4982299804688,88.76409912109375,6890.58984375,16.920000076293945
2025-10-30,48.37306213378906,27.169330596923828,370.1300048828125,624.45703125,108.11270141601562,675.9810180664062,88.24762725830078,6822.33984375,16.90999984741211
2025-10-31,48.382781982421875,27.131078720092773,368.1199951171875,627.4694213867188,108.13227081298828,678.1983032226562,87.9845199584961,6840.2001953125,17.440000534057617
2025-11-03,48.39250946044922,27.17889404296875,368.7799987792969,630.4716796875,108.16272735595703,679.4711303710938,87.76447296142578,6851.97021484375,17.170000076293945
2025-11-04,48.4022331237793,26.815488815307617,362.32000732421875,617.67431640625,108.17253875732422,671.4169921875,87.96006774902344,6771.5498046875,19.0
2025-11-05,48.39250946044922,26.958938598632812,366.510009765625,621.6941528320312,108.18234252929688,673.7437133789062,87.00164031982422,6796.2900390625,18.010000228881836
2025-11-06,48.411956787109375,26.844179153442383,366.07000732421875,610.1136474609375,108.20199584960938,666.514892578125,87.78404998779297,6720.31982421875,19.5
2025-11-07,48.382781982421875,26.920684814453125,368.30999755859375,608.1885375976562,108.24127197265625,667.1710815429688,87.59822082519531,6728.7998046875,19.079999923706055
2025-11-10,48.421688079833984,27.226709365844727,378.3800048828125,621.6442260742188,108.25109100341797,677.5818481445312,87.57866668701172,6832.43017578125,17.600000381469727
2025-11-11,48.44113540649414,27.39885139465332,379.8699951171875,619.9884643554688,108.25109100341797,679.1329956054688,87.97962951660156,6846.60986328125,17.280000686645508
2025-11-12,48.45085906982422,27.64749526977539,385.989990234375,619.4996948242188,108.26091003417969,679.5109252929688,88.13611602783203,6850.919921875,17.510000228881836
2025-11-13,48.43141555786133,27.35103416442871,382.8699951171875,606.8519897460938,108.27073669433594,668.235107421875,87.41239929199219,6737.490234375,20.0
2025-11-14,48.46058654785156,27.169330596923828,375.9599914550781,607.310791015625,108.3001937866211,668.1256713867188,86.91362762451172,6734.10986328125,19.829999923706055
2025-11-17,48.43141555786133,27.11195182800293,371.6499938964844,602.1240234375,108.31000518798828,661.901123046875,87.12877655029297,6672.41015625,22.3799991607666
2025-11-18,48.45085906982422,27.092824935913086,374.3500061035156,594.7926635742188,108.32965087890625,656.3427734375,87.09944915771484,6617.31982421875,24.690000534057617
2025-11-19,48.45572280883789,27.255401611328125,374.9599914550781,598.3436279296875,108.3394775390625,658.8783569335938,86.92340087890625,6642.16015625,23.65999984741211
2025-11-20,48.42654800415039,27.264965057373047,374.8500061035156,584.1797485351562,108.34928894042969,648.8355712890625,87.26570129394531,6538.759765625,26.420000076293945
2025-11-21,48.470314025878906,27.226709365844727,374.2699890136719,588.568603515625,108.38855743408203,655.2987670898438,87.5297622680664,6602.990234375,23.43000030517578
2025-11-24,48.48489761352539,27.44666862487793,380.20001220703125,603.6201782226562,108.39838409423828,664.9437866210938,88.02853393554688,6705.1201171875,20.520000457763672
2025-11-25,48.5189323425293,27.51361083984375,380.0799865722656,607.3407592773438,108.40821838378906,671.1982421875,88.25346374511719,6765.8798828125,18.559999465942383
2025-11-26,48.5531120300293,27.666624069213867,383.1199951171875,612.70703125,108.42784881591797,675.8318481445312,88.64466094970703,6812.60986328125,17.190000534057617
2025-11-28,48.55799102783203,27.64749526977539,387.8800048828125,617.67431640625,108.45730590820312,679.5208129882812,88.22412109375,6849.08984375,16.350000381469727
2025-12-01,48.54335403442383,27.41797637939453,389.75,615.599609375,108.47896575927734,676.41845703125,87.1258544921875,6812.6298828125,17.239999771118164
2025-12-02,48.57264709472656,27.494482040405273,387.239990234375,620.4172973632812,108.4986801147461,677.67138671875,87.16510772705078,6829.3701171875,16.59000015258789
2025-12-03,48.6019401550293,27.51361083984375,386.8800048828125,621.9334716796875,108.51838684082031,680.0180053710938,87.41047668457031,6849.72021484375,16.079999923706055
2025-12-04,48.5921745300293,27.40841293334961,387.1300048828125,621.35498046875,108.51838684082031,680.51513671875,86.93936920166016,6857.1201171875,15.779999732971191
2025-12-05,48.5921745300293,27.427539825439453,386.44000244140625,623.8884887695312,108.55777740478516,681.8078002929688,86.5369644165039,6870.39990234375,15.40999984741211
2025-12-08,48.62147521972656,27.40841293334961,385.4200134277344,622.6915283203125,108.567626953125,679.7594604492188,86.25233459472656,6846.509765625,16.65999984741211
2025-12-09,48.60682678222656,27.57098960876465,387.3999938964844,623.4595336914062,108.57746887207031,679.1727905273438,86.34066772460938,6840.509765625,16.93000030517578
2025-12-10,48.62147521972656,27.676185607910156,389.04998779296875,626.0130615234375,108.6070327758789,683.6771850585938,86.67436218261719,6886.68017578125,15.770000457763672
2025-12-11,48.64099884033203,27.762256622314453,393.239990234375,623.98828125,108.6267318725586,685.26806640625,86.55658721923828,6901.0,14.850000381469727
2025-12-12,48.64099884033203,27.70487403869629,395.44000244140625,612.0586547851562,108.65628814697266,677.9000854492188,85.72232818603516,6827.41015625,15.739999771118164
2025-12-15,48.64392852783203,27.666624069213867,395.79998779296875,608.9865112304688,108.67599487304688,676.8758544921875,85.78123474121094,6816.509765625,16.5
2025-12-16,48.6702995300293,27.58055305480957,395.8900146484375,610.1934204101562,108.68584442138672,675.0264282226562,86.25233459472656,6800.259765625,16.479999542236328
2025-12-17,48.6507682800293,27.63793182373047,399.2900085449219,598.8822631835938,108.69569396972656,667.5986938476562,86.17382049560547,6721.43017578125,17.6200008392334
2025-12-18,48.67224884033203,27.676185607910156,398.57000732421875,607.5601196289062,108.71538543701172,672.6399536132812,86.5860366821289,6774.759765625,16.8700008392334
2025-12-19,48.6800651550293,28.020463943481445,399.0199890136719,615.47998046875,108.73218536376953,678.7363891601562,86.26287078857422,6834.5,14.90999984741211
2025-12-22,48.6995964050293,28.125661849975586,408.2300109863281,618.4302368164062,108.751953125,682.96484375,86.07565307617188,6878.490234375,14.079999923706055
2025-12-23,48.6702995300293,28.183040618896484,413.6400146484375,621.3265380859375,108.751953125,686.0863037109375,86.21359252929688,6909.7900390625,14.0
2025-12-24,48.71834182739258,28.15435028076172,411.92999267578125,623.144287109375,108.7816162109375,688.4996948242188,86.73580169677734,6932.0498046875,13.470000267028809
2025-12-26,48.708534240722656,28.3360538482666,416.739990234375,623.1043090820312,108.82113647460938,688.4298706054688,86.45005798339844,6929.93994140625,13.600000381469727
2025-12-29,48.728145599365234,28.001338958740234,398.6000061035156,620.088134765625,108.82113647460938,685.9765625,86.77521514892578,6905.740234375,14.199999809265137
2025-12-30,48.73794937133789,28.029226303100586,398.8900146484375,618.64990234375,108.83102416992188,685.138916015625,86.56830596923828,6896.240234375,14.329999923706055
2025-12-31,48.7575569152832,27.949542999267578,396.30999755859375,613.536376953125,108.86067962646484,680.062744140625,85.87860107421875,6845.5,14.949999809265137
2026-01-02,48.742855072021484,28.039188385009766,398.2799987792969,612.347900390625,108.88043975830078,681.309326171875,85.7505111694336,6858.47021484375,14.510000228881836
2026-01-05,48.74775695800781,28.248361587524414,408.760009765625,617.2117309570312,108.90021514892578,685.846923828125,86.17418670654297,6902.0498046875,14.899999618530273
2026-01-06,48.77717208862305,28.328046798706055,413.17999267578125,622.6348876953125,108.90021514892578,689.92578125,85.996826171875,6944.81982421875,14.75
2026-01-07,48.796775817871094,28.21847915649414,409.2300109863281,623.2341918945312,108.91996765136719,687.701904296875,86.49932861328125,6920.93017578125,15.380000114440918
2026-01-08,48.782073974609375,28.168676376342773,411.489990234375,619.6885986328125,108.92985534667969,687.632080078125,86.06580352783203,6921.4599609375,15.449999809265137
2026-01-09,48.796775817871094,28.38780975341797,414.4700012207031,625.86083984375,108.9594955444336,692.1796264648438,86.63728332519531,6966.27978515625,14.489999771118164
2026-01-12,48.796775817871094,28.736433029174805,422.2300109863281,626.3801879882812,108.96939086914062,693.2666625976562,86.38109588623047,6977.27001953125,15.119999885559082
2026-01-13,48.796775817871094,28.696590423583984,421.6300048828125,625.4513549804688,108.96939086914062,691.8804931640625,86.52889251708984,6963.740234375,15.979999542236328
2026-01-14,48.81547927856445,28.79619598388672,425.94000244140625,618.769775390625,108.97926330566406,688.479736328125,87.03140258789062,6926.60009765625,16.75
2026-01-15,48.820404052734375,28.74639320373535,423.3299865722656,620.9970092773438,108.98914337158203,690.3546142578125,87.01168823242188,6944.47021484375,15.84000015258789
2026-01-16,48.81547927856445,28.596982955932617,421.2900085449219,620.4776611328125,109.018798828125,689.7761840820312,86.50919342041016,6940.009765625,15.859999656677246
2026-01-20,48.79579162597656,28.646787643432617,437.2300109863281,607.2942504882812,109.0286865234375,675.7345581054688,85.3760986328125,6796.85986328125,20.09000015258789
2026-01-21,48.851898193359375,29.07509422302246,443.6000061035156,615.50390625,109.04844665527344,683.5332641601562,86.0263900756836,6875.6201171875,16.899999618530273
2026-01-22,48.8843879699707,29.373912811279297,451.7900085449219,619.978271484375,109.04844665527344,687.103515625,86.40080261230469,6913.35009765625,15.640000343322754
2026-01-23,48.854854583740234,29.244426727294922,458.0,621.935791015625,109.07809448242188,687.352783203125,86.63728332519531,6915.60986328125,16.09000015258789
2026-01-26,48.86470031738281,29.184659957885742,464.70001220703125,624.67236328125,109.08797454833984,690.84326171875,87.05109405517578,6950.22998046875,16.149999618530273
2026-01-27,48.87454605102539,29.752418518066406,476.1000061035156,630.335205078125,109.10774993896484,693.5957641601562,86.50919342041016,6978.60009765625,16.350000381469727
2026-01-28,48.87454605102539,29.951629638671875,494.55999755859375,632.4225463867188,109.10774993896484,693.5259399414062,86.3121337890625,6978.02978515625,16.350000381469727
2026-01-29,48.8843879699707,30.07115936279297,495.8999938964844,628.6373291015625,109.11763763427734,692.1497192382812,86.33183288574219,6969.009765625,16.8799991607666
2026-01-30,48.913917541503906,29.07509422302246,444.95001220703125,621.0868530273438,109.14727783203125,690.0853271484375,85.84903717041016,6939.02978515625,17.440000534057617
2026-02-02,48.9336051940918,28.95556640625,427.1300048828125,625.3515014648438,109.16908264160156,693.5159912109375,85.60375213623047,6976.43994140625,16.34000015258789
2026-02-03,48.913917541503906,29.48348045349121,454.2900085449219,615.7435913085938,109.17900085449219,687.6520385742188,85.81145477294922,6917.81005859375,18.0
2026-02-04,48.943450927734375,29.56316566467285,453.9700012207031,604.9871826171875,109.17900085449219,684.3211059570312,85.59385681152344,6882.72021484375,18.639999389648438
2026-02-05,48.9336051940918,29.08505630493164,441.8800048828125,596.2781982421875,109.20874786376953,675.7744750976562,86.5235824584961,6798.39990234375,21.770000457763672
2026-02-06,48.963138580322266,30.041275024414062,455.4599914550781,608.8822631835938,109.22856903076172,688.739013671875,86.58292388916016,6932.2998046875,20.3700008392334
2026-02-09,48.95821762084961,30.499465942382812,467.0299987792969,613.54638671875,109.24839782714844,692.0599975585938,86.56314086914062,6964.81982421875,17.360000610351562
2026-02-10,48.99266815185547,30.399858474731445,462.3999938964844,610.699951171875,109.24839782714844,690.2349243164062,87.56210327148438,6941.81005859375,17.790000915527344
2026-02-11,49.00156784057617,30.509424209594727,467.6300048828125,612.337890625,109.25830841064453,690.075439453125,87.09723663330078,6941.47021484375,17.649999618530273
2026-02-12,49.00156784057617,30.041275024414062,451.3900146484375,599.8836059570312,109.26821899414062,679.41455078125,88.25444793701172,6832.759765625,20.81999969482422
2026-02-13,48.98179626464844,30.260408401489258,462.6199951171875,601.1619873046875,109.31778717041016,679.8931884765625,88.73909759521484,6836.169921875,20.600000381469727
2026-02-17,49.01144790649414,30.06119728088379,448.20001220703125,600.542724609375,109.32770538330078,680.9901733398438,88.88745880126953,6843.22021484375,20.290000915527344
2026-02-18,49.04109573364258,30.42974090576172,458.2799987792969,605.027099609375,109.32770538330078,684.4208374023438,88.5511703491211,6881.31005859375,19.6200008392334
2026-02-19,49.05097961425781,30.489505767822266,459.55999755859375,602.7100219726562,109.3475341796875,682.61572265625,88.64019012451172,6861.89013671875,20.229999542236328
2026-02-20,49.06086349487305,30.848087310791016,468.6199951171875,608.0433349609375,109.36736297607422,687.5523071289062,88.43248748779297,6909.509765625,19.09000015258789
2026-02-23,49.07075119018555,30.828166961669922,481.2799987792969,600.652587890625,109.37728118896484,680.531494140625,88.75886535644531,6837.75,21.010000228881836
2026-02-24,49.080631256103516,30.987537384033203,474.6099853515625,607.1044921875,109.3871841430664,685.4779052734375,88.91712188720703,6890.06982421875,19.549999237060547
2026-02-25,49.11027908325195,31.19670867919922,473.4200134277344,615.9033813476562,109.39710235595703,691.26220703125,88.92701721191406,6946.1298828125,17.93000030517578
2026-02-26,49.10533905029297,31.11702537536621,477.4800109863281,608.4727783203125,109.40701293945312,687.422607421875,89.28307342529297,6908.85986328125,18.6299991607666
2026-02-27,49.11027908325195,31.346118927001953,483.75,606.5252075195312,109.43675231933594,684.1216430664062,89.82706451416016,6878.8798828125,19.860000610351562
2026-03-02,49.11027908325195,31.166828155517578,490.0,607.32421875,109.45066833496094,684.5106201171875,88.92501068115234,6881.6201171875,21.440000534057617
2026-03-03,49.12016677856445,30.200645446777344,468.1400146484375,600.8224487304688,109.46060943603516,678.4771118164062,88.74639129638672,6816.6298828125,23.56999969482422
2026-03-04,49.14981460571289,30.489505767822266,471.79998779296875,609.9808959960938,109.46060943603516,683.2639770507812,88.4685287475586,6869.5,21.149999618530273
2026-03-05,49.14487075805664,30.130922317504883,466.1300048828125,608.1431274414062,109.4804916381836,679.4544067382812,88.11128234863281,6830.7099609375,23.75
2026-03-06,49.11027908325195,30.688716888427734,473.510009765625,598.9946899414062,109.51032257080078,670.5487060546875,87.78380584716797,6740.02001953125,29.489999771118164
2026-03-09,49.159698486328125,30.74848175048828,472.5299987792969,606.99462890625,109.52025604248047,676.4227294921875,88.54792785644531,6795.990234375,25.5
2026-03-10,49.159698486328125,30.808244705200195,477.8599853515625,607.004638671875,109.53019714355469,675.3356323242188,87.60517883300781,6781.47998046875,24.93000030517578
2026-03-11,49.19343566894531,30.768402099609375,476.239990234375,606.9247436523438,109.54014587402344,674.4879760742188,86.47389221191406,6775.7998046875,24.229999542236328
2026-03-12,49.183509826660156,30.778362274169922,466.8800048828125,596.5078735351562,109.54014587402344,664.2459106445312,86.30519104003906,6672.6201171875,27.290000915527344
2026-03-13,49.18053436279297,30.539308547973633,460.8399963378906,592.9722900390625,109.57991027832031,660.4862060546875,85.87848663330078,6632.18994140625,27.190000534057617
2026-03-16,49.252967834472656,30.69867706298828,460.42999267578125,599.6239013671875,109.58984375,667.2078857421875,86.5433578491211,6699.3798828125,23.510000228881836
2026-03-17,49.27280807495117,30.94769287109375,459.2699890136719,602.5502319335938,109.59978485107422,668.9630126953125,86.78152465820312,6716.08984375,22.3700008392334
2026-03-18,49.243045806884766,30.688716888427734,444.739990234375,594.15087890625,109.59978485107422,659.6285400390625,86.2952651977539,6624.7001953125,25.09000015258789
2026-03-19,49.26288604736328,30.120960235595703,426.4100036621094,592.273193359375,109.59978485107422,658.0029907226562,86.82122039794922,6606.490234375,24.059999465942383
2026-03-20,49.2033576965332,29.69265365600586,413.3800048828125,581.3269653320312,109.62960815429688,648.5700073242188,85.17391204833984,6506.47998046875,26.780000686645508
2026-03-23,49.29265594482422,29.43367576599121,404.0400085449219,588.0,109.64949035644531,655.3800048828125,85.72962951660156,6581.0,26.149999618530273
2026-03-24,49.28273010253906,29.593046188354492,404.1300048828125,583.97998046875,109.65943145751953,653.1799926757812,85.35253143310547,6556.3701171875,26.950000762939453
2026-03-25,49.31745910644531,29.792259216308594,416.2900085449219,587.8200073242188,109.66938018798828,656.8200073242188,86.17618560791016,6591.89990234375,25.329999923706055
2026-03-26,49.29265594482422,29.74245834350586,400.6400146484375,573.7899780273438,109.66938018798828,645.0900268554688,85.45176696777344,6477.16015625,27.440000534057617
2026-03-27,49.25098419189453,30.111000061035156,414.70001220703125,562.5800170898438,109.70913696289062,634.0900268554688,84.98535919189453,6368.85009765625,31.049999237060547
2026-03-30,49.302574157714844,30.209999084472656,414.5799865722656,558.280029296875,109.72901153564453,631.969970703125,86.11664581298828,6343.72021484375,30.610000610351562
2026-03-31,49.39187240600586,30.149999618530273,430.2900085449219,577.1799926757812,109.73896026611328,650.3400268554688,86.02733612060547,6528.52001953125,25.25
2026-04-01,49.39187240600586,30.209999084472656,437.82000732421875,584.3099975585938,109.75292205810547,655.239990234375,85.9426498413086,6575.31982421875,24.540000915527344
2026-04-02,49.40675735473633,30.309999465942383,429.4100036621094,584.97998046875,109.79280090332031,655.8300170898438,86.47069549560547,6582.68994140625,23.8700008392334
2026-04-06,49.45140838623047,30.440000534057617,427.6499938964844,588.5,109.80277252197266,658.9299926757812,86.33121490478516,6611.830078125,24.170000076293945
2026-04-07,49.4365234375,30.43000030517578,431.80999755859375,588.5900268554688,109.812744140625,659.219970703125,86.32125091552734,6616.85009765625,25.780000686645508
2026-04-08,49.471248626708984,30.18000030517578,434.5299987792969,606.0900268554688,109.82271575927734,676.010009765625,86.6002197265625,6782.81005859375,21.040000915527344
2026-04-09,49.471248626708984,30.270000457763672,437.9100036621094,610.1900024414062,109.8426513671875,679.9099731445312,86.38102722167969,6824.66015625,19.489999771118164
2026-04-10,49.50101852416992,30.329999923706055,437.1300048828125,611.0700073242188,109.87255859375,679.4600219726562,86.17179870605469,6816.89013671875,19.229999542236328
2026-04-13,49.51093673706055,30.440000534057617,435.3599853515625,617.3900146484375,109.87255859375,686.0999755859375,86.43084716796875,6886.240234375,19.1200008392334
2026-04-14,49.53078079223633,30.299999237060547,445.0899963378906,628.5999755859375,109.89250183105469,694.4600219726562,86.88915252685547,6967.3798828125,18.360000610351562
2026-04-15,49.54572677612305,30.260000228881836,440.4599914550781,637.4000244140625,109.89250183105469,699.9400024414062,86.51055145263672,7022.9501953125,18.170000076293945
2026-04-16,49.54572677612305,30.420000076293945,440.0799865722656,640.469970703125,109.90248107910156,701.6599731445312,85.96257019042969,7041.27978515625,17.940000534057617
2026-04-17,49.565643310546875,29.969999313354492,445.92999267578125,648.8499755859375,109.95232391357422,710.1400146484375,86.74966430664062,7126.06005859375,17.479999542236328
2026-04-20,49.57560729980469,30.170000076293945,442.0899963378906,646.7899780273438,109.95232391357422,708.719970703125,86.72974395751953,7109.14013671875,18.8700008392334
2026-04-21,49.55568313598633,30.329999923706055,429.57000732421875,644.3300170898438,109.96229553222656,704.0800170898438,86.25150299072266,7064.009765625,19.5
2026-04-22,49.59552764892578,30.40999984741211,435.260009765625,655.1099853515625,109.98223114013672,711.2100219726562,86.4208755493164,7137.89990234375,18.920000076293945
2026-04-23,49.59552764892578,30.469999313354492,431.0400085449219,651.4199829101562,109.9922103881836,708.4500122070312,86.23158264160156,7108.39990234375,19.309999465942383
2026-04-24,49.60548782348633,30.510000228881836,433.25,663.8800048828125,110.0221176147461,713.9400024414062,86.3909912109375,7165.080078125,18.709999084472656
2026-04-27,49.630393981933594,30.6200008392334,429.8900146484375,664.22998046875,110.03208923339844,715.1699829101562,85.96257019042969,7173.91015625,18.020000457763672
2026-04-28,49.64533233642578,30.719999313354492,421.9100036621094,657.5499877929688,110.04206085205078,711.6900024414062,86.05224609375,7138.7998046875,17.829999923706055
2026-04-29,49.62541198730469,31.1200008392334,417.4100036621094,661.5700073242188,110.04206085205078,711.5800170898438,85.38470458984375,7135.9501953125,18.809999465942383
2026-04-30,49.65529251098633,30.559999465942383,423.6600036621094,667.739990234375,110.06199645996094,718.6599731445312,85.30500030517578,7209.009765625,16.889999389648438
2026-05-01,49.66525650024414,30.530000686645508,423.17999267578125,674.1500244140625,110.08999633789062,720.6500244140625,85.61000061035156,7230.1201171875,16.989999771118164
2026-05-04,49.67521667480469,30.700000762939453,414.7099914550781,672.8800048828125,110.11000061035156,718.010009765625,84.95999908447266,7200.75,18.290000915527344
2026-05-05,49.690155029296875,30.739999771118164,418.2699890136719,681.6099853515625,110.11000061035156,723.77001953125,85.43000030517578,7259.22021484375,17.3799991607666
2026-05-06,49.69513702392578,30.450000762939453,430.9599914550781,695.77001953125,110.12999725341797,733.8300170898438,86.08000183105469,7365.1201171875,17.389999389648438
2026-05-07,49.69513702392578,30.549999237060547,431.67999267578125,694.9400024414062,110.13999938964844,731.5800170898438,85.6500015258789,7337.10986328125,17.079999923706055
2026-05-08,49.72501754760742,30.690000534057617,433.7699890136719,711.22998046875,110.18000030517578,737.6199951171875,86.08000183105469,7398.93017578125,17.190000534057617
2026-05-11,49.72501754760742,31.020000457763672,434.6499938964844,713.2899780273438,110.18000030517578,739.2999877929688,85.55999755859375,7412.83984375,18.3799991607666
2026-05-12,49.72999954223633,31.020000457763672,432.92999267578125,707.239990234375,110.19000244140625,738.1799926757812,84.98999786376953,7400.9599609375,17.989999771118164
2026-05-13,49.72999954223633,31.1200008392334,430.5,714.7100219726562,110.19000244140625,742.3099975585938,84.80000305175781,7444.25,17.8700008392334
2026-05-14,49.75,31.239999771118164,427.2099914550781,719.7899780273438,110.19999694824219,748.1699829101562,84.91999816894531,7501.240234375,17.260000228881836
2026-05-15,49.7400016784668,31.229999542236328,417.2900085449219,708.9299926757812,110.23999786376953,739.1699829101562,83.66000366210938,7408.5,18.43000030517578
2026-05-18,49.7599983215332,31.309999465942383,418.42999267578125,705.8800048828125,110.25,738.6500244140625,83.55999755859375,7403.0498046875,17.81999969482422
2026-05-19,49.7599983215332,31.31999969482422,411.5,701.530029296875,110.26000213623047,733.72998046875,83.0199966430664,7353.60986328125,18.059999465942383
2026-05-20,49.790000915527344,31.110000610351562,417.3999938964844,713.1500244140625,110.27999877929688,741.25,83.91000366210938,7432.97021484375,17.440000534057617
2026-05-21,49.79999923706055,31.110000610351562,416.989990234375,714.510009765625,110.29000091552734,742.719970703125,84.22000122070312,7445.72021484375,16.760000228881836
2026-05-22,49.790000915527344,31.09000015258789,413.82000732421875,717.5399780273438,110.30999755859375,745.6400146484375,84.68000030517578,7473.47021484375,16.700000762939453
2026-05-25,49.790000915527344,31.09000015258789,413.82000732421875,717.5399780273438,110.30999755859375,745.6400146484375,84.68000030517578,7473.47021484375,16.59000015258789
2026-05-26,49.810001373291016,31.170000076293945,414.0,730.280029296875,110.31999969482422,750.5900268554688,85.0999984741211,7519.1201171875,17.010000228881836
